tolerance,config,who,code,quadrant,PCR,order_churn
absolute,Per requirement,Both,22554,smooth,0.5338057620817844,0.816598542740359
absolute,Per period 7d,Both,22554,smooth,0.13638475836431227,0.9678483099752679
absolute,Per period 14d,Both,22554,smooth,0.08178438661710037,0.9805013927576601
absolute,Per period 28d,Both,22554,smooth,0.04937267657992565,0.9953161592505855
absolute,Per period 56d,Both,22554,smooth,0.023350371747211895,1.0
absolute,Min/Max,Both,22554,smooth,0.052276951672862455,0.995575221238938
absolute,SP Part Period Balancing,SAP only,22554,smooth,0.11837825278810409,0.9951171875
absolute,WI Sliding Economic Lot Size,SAP only,22554,smooth,0.12511617100371747,0.9953789279112755
absolute,DY Dynamic Planning Calculation,SAP only,22554,smooth,0.05855018587360595,0.998019801980198
absolute,GR Groff Reorder Procedure,SAP only,22554,smooth,0.12825278810408922,0.9936993699369937
absolute,Calendar bucket 7d,SAP only,22554,smooth,0.12616171003717472,0.9661921708185054
absolute,Calendar bucket 28d,SAP only,22554,smooth,0.04170539033457249,0.9972222222222222
absolute,Short 7d / long 28d,SAP only,22554,smooth,0.07190985130111524,1.0
absolute,Short 7d / long 56d,SAP only,22554,smooth,0.04217007434944238,1.0
absolute,Per requirement,Both,22627,smooth,0.26359200743494426,0.5438638542665388
absolute,Per period 7d,Both,22627,smooth,0.1016496282527881,0.872382851445663
absolute,Per period 14d,Both,22627,smooth,0.05982806691449814,0.9098939929328622
absolute,Per period 28d,Both,22627,smooth,0.034502788104089216,0.9488817891373802
absolute,Per period 56d,Both,22627,smooth,0.021491635687732342,0.9788359788359788
absolute,Min/Max,Both,22627,smooth,0.0504182156133829,0.9863636363636363
absolute,SP Part Period Balancing,SAP only,22627,smooth,0.09142657992565056,0.974009900990099
absolute,WI Sliding Economic Lot Size,SAP only,22627,smooth,0.09340148698884758,0.9698431845597105
absolute,DY Dynamic Planning Calculation,SAP only,22627,smooth,0.04368029739776952,0.9766233766233766
absolute,GR Groff Reorder Procedure,SAP only,22627,smooth,0.09421468401486989,0.9386574074074074
absolute,Calendar bucket 7d,SAP only,22627,smooth,0.09038104089219332,0.7971311475409836
absolute,Calendar bucket 28d,SAP only,22627,smooth,0.031947026022304835,0.8814102564102564
absolute,Short 7d / long 28d,SAP only,22627,smooth,0.06331319702602231,0.9963436928702011
absolute,Short 7d / long 56d,SAP only,22627,smooth,0.03763940520446097,1.0
absolute,Per requirement,Both,20724,smooth,0.6970260223048327,0.903750564844103
absolute,Per period 7d,Both,20724,smooth,0.14556226765799257,0.9952343129467831
absolute,Per period 14d,Both,20724,smooth,0.09491171003717472,1.0
absolute,Per period 28d,Both,20724,smooth,0.05401951672862453,1.0
absolute,Per period 56d,Both,20724,smooth,0.029158921933085502,1.0
absolute,Min/Max,Both,20724,smooth,0.05843401486988847,1.0
absolute,SP Part Period Balancing,SAP only,20724,smooth,0.15055762081784388,0.9984591679506933
absolute,WI Sliding Economic Lot Size,SAP only,20724,smooth,0.14951208178438663,0.9992236024844721
absolute,DY Dynamic Planning Calculation,SAP only,20724,smooth,0.06854089219330856,1.0
absolute,GR Groff Reorder Procedure,SAP only,20724,smooth,0.15230018587360594,0.996958174904943
absolute,Calendar bucket 7d,SAP only,20724,smooth,0.1412639405204461,0.9838187702265372
absolute,Calendar bucket 28d,SAP only,20724,smooth,0.04495817843866171,1.0
absolute,Short 7d / long 28d,SAP only,20724,smooth,0.07783457249070631,1.0
absolute,Short 7d / long 56d,SAP only,20724,smooth,0.04495817843866171,1.0
absolute,Per requirement,Both,22741,smooth,0.24268122676579926,0.8481526593585059
absolute,Per period 7d,Both,22741,smooth,0.0800418215613383,0.955617198335645
absolute,Per period 14d,Both,22741,smooth,0.05204460966542751,1.0
absolute,Per period 28d,Both,22741,smooth,0.02950743494423792,1.0
absolute,Per period 56d,Both,22741,smooth,0.015102230483271376,1.0
absolute,Min/Max,Both,22741,smooth,0.048327137546468404,0.9976019184652278
absolute,SP Part Period Balancing,SAP only,22741,smooth,0.06656598513011153,0.9982578397212544
absolute,WI Sliding Economic Lot Size,SAP only,22741,smooth,0.06342936802973978,0.9963503649635036
absolute,DY Dynamic Planning Calculation,SAP only,22741,smooth,0.03322490706319703,0.9965156794425087
absolute,GR Groff Reorder Procedure,SAP only,22741,smooth,0.08387546468401487,0.9931224209078404
absolute,Calendar bucket 7d,SAP only,22741,smooth,0.0874767657992565,0.9365671641791045
absolute,Calendar bucket 28d,SAP only,22741,smooth,0.028810408921933085,0.9841269841269841
absolute,Short 7d / long 28d,SAP only,22741,smooth,0.051231412639405206,1.0
absolute,Short 7d / long 56d,SAP only,22741,smooth,0.029972118959107806,1.0
absolute,Per requirement,Both,22027,smooth,0.49151951672862454,0.8142802155504234
absolute,Per period 7d,Both,22027,smooth,0.13766263940520446,0.9587378640776699
absolute,Per period 14d,Both,22027,smooth,0.0845724907063197,0.9891304347826086
absolute,Per period 28d,Both,22027,smooth,0.048327137546468404,0.9976019184652278
absolute,Per period 56d,Both,22027,smooth,0.025557620817843865,1.0
absolute,Min/Max,Both,22027,smooth,0.049837360594795536,0.9976744186046511
absolute,SP Part Period Balancing,SAP only,22027,smooth,0.06064126394052045,0.9980879541108987
absolute,WI Sliding Economic Lot Size,SAP only,22027,smooth,0.06064126394052045,0.9942857142857143
absolute,DY Dynamic Planning Calculation,SAP only,22027,smooth,0.023698884758364312,1.0
absolute,GR Groff Reorder Procedure,SAP only,22027,smooth,0.07736988847583644,0.9910714285714286
absolute,Calendar bucket 7d,SAP only,22027,smooth,0.13719795539033458,0.9672399672399672
absolute,Calendar bucket 28d,SAP only,22027,smooth,0.04379646840148699,0.989501312335958
absolute,Short 7d / long 28d,SAP only,22027,smooth,0.07736988847583644,1.0
absolute,Short 7d / long 56d,SAP only,22027,smooth,0.04472583643122677,1.0
absolute,Per requirement,Both,23000,smooth,0.1654275092936803,0.678741658722593
absolute,Per period 7d,Both,23000,smooth,0.057272304832713755,0.9591439688715954
absolute,Per period 14d,Both,23000,smooth,0.037058550185873604,0.9876160990712074
absolute,Per period 28d,Both,23000,smooth,0.020678438661710038,0.994413407821229
absolute,Per period 56d,Both,23000,smooth,0.013011152416356878,1.0
absolute,Min/Max,Both,23000,smooth,0.04611988847583643,1.0
absolute,SP Part Period Balancing,SAP only,23000,smooth,0.026719330855018587,1.0
absolute,WI Sliding Economic Lot Size,SAP only,23000,smooth,0.026022304832713755,1.0
absolute,DY Dynamic Planning Calculation,SAP only,23000,smooth,0.00871282527881041,1.0
absolute,GR Groff Reorder Procedure,SAP only,23000,smooth,0.03229553903345725,0.9928571428571429
absolute,Calendar bucket 7d,SAP only,23000,smooth,0.06273234200743494,0.9557522123893806
absolute,Calendar bucket 28d,SAP only,23000,smooth,0.021259293680297397,0.9838709677419355
absolute,Short 7d / long 28d,SAP only,23000,smooth,0.036013011152416355,1.0
absolute,Short 7d / long 56d,SAP only,23000,smooth,0.021723977695167287,1.0
absolute,Per requirement,Both,23109,smooth,0.13673327137546468,0.7574002574002574
absolute,Per period 7d,Both,23109,smooth,0.042518587360594794,0.9104477611940298
absolute,Per period 14d,Both,23109,smooth,0.02683550185873606,0.9625
absolute,Per period 28d,Both,23109,smooth,0.016612453531598514,1.0
absolute,Per period 56d,Both,23109,smooth,0.009758364312267658,0.9882352941176471
absolute,Min/Max,Both,23109,smooth,0.04077602230483272,0.9971590909090909
absolute,SP Part Period Balancing,SAP only,23109,smooth,0.04275092936802974,0.9945945945945946
absolute,WI Sliding Economic Lot Size,SAP only,23109,smooth,0.037523234200743494,0.99079754601227
absolute,DY Dynamic Planning Calculation,SAP only,23109,smooth,0.01974907063197026,0.9941520467836257
absolute,GR Groff Reorder Procedure,SAP only,23109,smooth,0.04112453531598513,0.9915966386554622
absolute,Calendar bucket 7d,SAP only,23109,smooth,0.04077602230483272,0.9
absolute,Calendar bucket 28d,SAP only,23109,smooth,0.014986059479553903,0.9847328244274809
absolute,Short 7d / long 28d,SAP only,23109,smooth,0.025441449814126393,1.0
absolute,Short 7d / long 56d,SAP only,23109,smooth,0.015102230483271376,0.9923664122137404
absolute,Per requirement,Both,21224,smooth,0.19934944237918215,0.6325101363803907
absolute,Per period 7d,Both,21224,smooth,0.1008364312267658,0.875
absolute,Per period 14d,Both,21224,smooth,0.06854089219330856,0.9175738724727839
absolute,Per period 28d,Both,21224,smooth,0.04031133828996283,0.961218836565097
absolute,Per period 56d,Both,21224,smooth,0.02184014869888476,0.9894736842105263
absolute,Min/Max,Both,21224,smooth,0.04774628252788104,0.9951573849878934
absolute,SP Part Period Balancing,SAP only,21224,smooth,0.04065985130111524,0.9887005649717514
absolute,WI Sliding Economic Lot Size,SAP only,21224,smooth,0.04507434944237918,0.9897959183673469
absolute,DY Dynamic Planning Calculation,SAP only,21224,smooth,0.01696096654275093,0.9931972789115646
absolute,GR Groff Reorder Procedure,SAP only,21224,smooth,0.062151486988847586,0.9605026929982047
absolute,Calendar bucket 7d,SAP only,21224,smooth,0.1112918215613383,0.8352223190932868
absolute,Calendar bucket 28d,SAP only,21224,smooth,0.03891728624535316,0.9571428571428572
absolute,Short 7d / long 28d,SAP only,21224,smooth,0.07423327137546469,0.9968798751950078
absolute,Short 7d / long 56d,SAP only,21224,smooth,0.043447955390334574,0.9973333333333333
absolute,Per requirement,Both,22411,smooth,0.6818076208178439,0.8733630952380952
absolute,Per period 7d,Both,22411,smooth,0.14614312267657992,0.9874411302982732
absolute,Per period 14d,Both,22411,smooth,0.09096189591078067,0.9987244897959183
absolute,Per period 28d,Both,22411,smooth,0.05343866171003717,1.0
absolute,Per period 56d,Both,22411,smooth,0.02683550185873606,0.9956896551724138
absolute,Min/Max,Both,22411,smooth,0.05611059479553903,1.0
absolute,SP Part Period Balancing,SAP only,22411,smooth,0.18134293680297398,0.9968071519795658
absolute,WI Sliding Economic Lot Size,SAP only,22411,smooth,0.1829693308550186,0.9936908517350158
absolute,DY Dynamic Planning Calculation,SAP only,22411,smooth,0.10838754646840149,0.9989293361884368
absolute,GR Groff Reorder Procedure,SAP only,22411,smooth,0.18657063197026022,0.9919703520691785
absolute,Calendar bucket 7d,SAP only,22411,smooth,0.1399860594795539,0.986088379705401
absolute,Calendar bucket 28d,SAP only,22411,smooth,0.04368029739776952,0.9973474801061007
absolute,Short 7d / long 28d,SAP only,22411,smooth,0.07736988847583644,1.0
absolute,Short 7d / long 56d,SAP only,22411,smooth,0.04495817843866171,1.0
absolute,Per requirement,Both,23322,smooth,0.17774163568773235,0.8346972176759411
absolute,Per period 7d,Both,23322,smooth,0.04611988847583643,0.9851116625310173
absolute,Per period 14d,Both,23322,smooth,0.025673791821561338,0.9866071428571429
absolute,Per period 28d,Both,23322,smooth,0.015799256505576207,0.9927007299270073
absolute,Per period 56d,Both,23322,smooth,0.009061338289962825,1.0
absolute,Min/Max,Both,23322,smooth,0.04716542750929368,0.9926650366748166
absolute,SP Part Period Balancing,SAP only,23322,smooth,0.04553903345724907,0.9924050632911392
absolute,WI Sliding Economic Lot Size,SAP only,23322,smooth,0.04879182156133829,0.9813084112149533
absolute,DY Dynamic Planning Calculation,SAP only,23322,smooth,0.01963289962825279,1.0
absolute,GR Groff Reorder Procedure,SAP only,23322,smooth,0.047281598513011155,1.0
absolute,Calendar bucket 7d,SAP only,23322,smooth,0.03822026022304833,0.9619883040935673
absolute,Calendar bucket 28d,SAP only,23322,smooth,0.013475836431226766,0.9830508474576272
absolute,Short 7d / long 28d,SAP only,23322,smooth,0.022653345724907063,1.0
absolute,Short 7d / long 56d,SAP only,23322,smooth,0.013475836431226766,1.0
absolute,Per requirement,Both,21652,smooth,0.06401022304832714,0.7621023513139695
absolute,Per period 7d,Both,21652,smooth,0.02753252788104089,0.9294117647058824
absolute,Per period 14d,Both,21652,smooth,0.01742565055762082,0.9803921568627451
absolute,Per period 28d,Both,21652,smooth,0.01266263940520446,0.9819819819819819
absolute,Per period 56d,Both,21652,smooth,0.006970260223048327,1.0
absolute,Min/Max,Both,21652,smooth,0.03055297397769517,0.9924528301886792
absolute,SP Part Period Balancing,SAP only,21652,smooth,0.020097583643122675,0.9942528735632183
absolute,WI Sliding Economic Lot Size,SAP only,21652,smooth,0.016612453531598514,0.9794520547945206
absolute,DY Dynamic Planning Calculation,SAP only,21652,smooth,0.009061338289962825,0.9873417721518988
absolute,GR Groff Reorder Procedure,SAP only,21652,smooth,0.02462825278810409,0.9724770642201835
absolute,Calendar bucket 7d,SAP only,21652,smooth,0.03403810408921933,0.9331210191082803
absolute,Calendar bucket 28d,SAP only,21652,smooth,0.011152416356877323,0.9696969696969697
absolute,Short 7d / long 28d,SAP only,21652,smooth,0.020446096654275093,0.9943502824858758
absolute,Short 7d / long 56d,SAP only,21652,smooth,0.012197955390334572,1.0
absolute,Per requirement,Both,22993,smooth,0.3215613382899628,0.8981181051265412
absolute,Per period 7d,Both,22993,smooth,0.06191914498141264,0.9925512104283054
absolute,Per period 14d,Both,22993,smooth,0.04019516728624535,0.9914040114613181
absolute,Per period 28d,Both,22993,smooth,0.021143122676579924,0.994535519125683
absolute,Per period 56d,Both,22993,smooth,0.012430297397769517,1.0
absolute,Min/Max,Both,22993,smooth,0.05552973977695167,0.9958333333333333
absolute,SP Part Period Balancing,SAP only,22993,smooth,0.07725371747211895,1.0
absolute,WI Sliding Economic Lot Size,SAP only,22993,smooth,0.0745817843866171,0.9984447900466563
absolute,DY Dynamic Planning Calculation,SAP only,22993,smooth,0.036942379182156135,0.9968652037617555
absolute,GR Groff Reorder Procedure,SAP only,22993,smooth,0.07260687732342007,0.9968102073365231
absolute,Calendar bucket 7d,SAP only,22993,smooth,0.06366171003717472,0.982078853046595
absolute,Calendar bucket 28d,SAP only,22993,smooth,0.020910780669144983,0.994475138121547
absolute,Short 7d / long 28d,SAP only,22993,smooth,0.03554832713754647,1.0
absolute,Short 7d / long 56d,SAP only,22993,smooth,0.021143122676579924,1.0
absolute,Per requirement,Both,21274,smooth,0.03078531598513011,0.31698564593301437
absolute,Per period 7d,Both,21274,smooth,0.022653345724907063,0.5619596541786743
absolute,Per period 14d,Both,21274,smooth,0.0191682156133829,0.7205240174672489
absolute,Per period 28d,Both,21274,smooth,0.014986059479553903,0.8657718120805369
absolute,Per period 56d,Both,21274,smooth,0.008596654275092937,0.8809523809523809
absolute,Min/Max,Both,21274,smooth,0.031598513011152414,0.9251700680272109
absolute,SP Part Period Balancing,SAP only,21274,smooth,0.018006505576208177,0.8611111111111112
absolute,WI Sliding Economic Lot Size,SAP only,21274,smooth,0.018006505576208177,0.8659217877094972
absolute,DY Dynamic Planning Calculation,SAP only,21274,smooth,0.00987453531598513,0.9444444444444444
absolute,GR Groff Reorder Procedure,SAP only,21274,smooth,0.026719330855018587,0.8273381294964028
absolute,Calendar bucket 7d,SAP only,21274,smooth,0.022304832713754646,0.463768115942029
absolute,Calendar bucket 28d,SAP only,21274,smooth,0.012778810408921933,0.7189542483660131
absolute,Short 7d / long 28d,SAP only,21274,smooth,0.027881040892193308,0.9795918367346939
absolute,Short 7d / long 56d,SAP only,21274,smooth,0.016612453531598514,0.9794520547945206
absolute,Per requirement,Both,22382,smooth,0.6868029739776952,0.8847650404070637
absolute,Per period 7d,Both,22382,smooth,0.14300650557620817,0.9800955414012739
absolute,Per period 14d,Both,22382,smooth,0.09223977695167286,0.9900249376558603
absolute,Per period 28d,Both,22382,smooth,0.050766728624535316,0.9931818181818182
absolute,Per period 56d,Both,22382,smooth,0.02474442379182156,1.0
absolute,Min/Max,Both,22382,smooth,0.05808550185873606,1.0
absolute,SP Part Period Balancing,SAP only,22382,smooth,0.164614312267658,0.9950842696629213
absolute,WI Sliding Economic Lot Size,SAP only,22382,smooth,0.1570631970260223,0.9970501474926253
absolute,DY Dynamic Planning Calculation,SAP only,22382,smooth,0.07655669144981413,0.9939668174962293
absolute,GR Groff Reorder Procedure,SAP only,22382,smooth,0.16507899628252787,0.9937062937062937
absolute,Calendar bucket 7d,SAP only,22382,smooth,0.14010223048327136,0.9860997547015535
absolute,Calendar bucket 28d,SAP only,22382,smooth,0.04414498141263941,0.9895833333333334
absolute,Short 7d / long 28d,SAP only,22382,smooth,0.07760223048327138,1.0
absolute,Short 7d / long 56d,SAP only,22382,smooth,0.04484200743494424,1.0
absolute,Per requirement,Both,23202,smooth,0.24477230483271376,0.8992744344857021
absolute,Per period 7d,Both,23202,smooth,0.05425185873605948,0.9957356076759062
absolute,Per period 14d,Both,23202,smooth,0.03287639405204461,1.0
absolute,Per period 28d,Both,23202,smooth,0.017890334572490705,0.9935483870967742
absolute,Per period 56d,Both,23202,smooth,0.009990706319702601,1.0
absolute,Min/Max,Both,23202,smooth,0.049837360594795536,0.9976744186046511
absolute,SP Part Period Balancing,SAP only,23202,smooth,0.0674953531598513,0.9982817869415808
absolute,WI Sliding Economic Lot Size,SAP only,23202,smooth,0.07074814126394052,0.9934747145187602
absolute,DY Dynamic Planning Calculation,SAP only,23202,smooth,0.04519052044609666,0.9974358974358974
absolute,GR Groff Reorder Procedure,SAP only,23202,smooth,0.06726301115241635,0.9931389365351629
absolute,Calendar bucket 7d,SAP only,23202,smooth,0.04890799256505576,0.9905882352941177
absolute,Calendar bucket 28d,SAP only,23202,smooth,0.01696096654275093,0.9931972789115646
absolute,Short 7d / long 28d,SAP only,23202,smooth,0.02730018587360595,1.0
absolute,Short 7d / long 56d,SAP only,23202,smooth,0.016728624535315983,1.0
absolute,Per requirement,Both,23204,smooth,0.2379182156133829,0.8707482993197279
absolute,Per period 7d,Both,23204,smooth,0.05483271375464684,0.989517819706499
absolute,Per period 14d,Both,23204,smooth,0.031482342007434945,0.9963235294117647
absolute,Per period 28d,Both,23204,smooth,0.018238847583643122,0.9936708860759493
absolute,Per period 56d,Both,23204,smooth,0.010339219330855019,1.0
absolute,Min/Max,Both,23204,smooth,0.04995353159851301,0.9976798143851509
absolute,SP Part Period Balancing,SAP only,23204,smooth,0.046236059479553906,1.0
absolute,WI Sliding Economic Lot Size,SAP only,23204,smooth,0.04611988847583643,0.9974874371859297
absolute,DY Dynamic Planning Calculation,SAP only,23204,smooth,0.019981412639405203,0.9942196531791907
absolute,GR Groff Reorder Procedure,SAP only,23204,smooth,0.047397769516728624,0.9902912621359223
absolute,Calendar bucket 7d,SAP only,23204,smooth,0.05204460966542751,0.9846153846153847
absolute,Calendar bucket 28d,SAP only,23204,smooth,0.016728624535315983,0.9863013698630136
absolute,Short 7d / long 28d,SAP only,23204,smooth,0.029158921933085502,1.0
absolute,Short 7d / long 56d,SAP only,23204,smooth,0.017309479553903346,1.0
absolute,Per requirement,Both,47568,smooth,0.15694702602230484,0.8173018753781004
absolute,Per period 7d,Both,47568,smooth,0.03787174721189591,0.9588235294117647
absolute,Per period 14d,Both,47568,smooth,0.022653345724907063,0.9898477157360406
absolute,Per period 28d,Both,47568,smooth,0.013011152416356878,0.9824561403508771
absolute,Per period 56d,Both,47568,smooth,0.005692379182156134,0.9423076923076923
absolute,Min/Max,Both,47568,smooth,0.037058550185873604,0.9785276073619632
absolute,SP Part Period Balancing,SAP only,47568,smooth,0.030436802973977696,0.9886792452830189
absolute,WI Sliding Economic Lot Size,SAP only,47568,smooth,0.03136617100371747,0.9818181818181818
absolute,DY Dynamic Planning Calculation,SAP only,47568,smooth,0.014056691449814127,0.9918032786885246
absolute,GR Groff Reorder Procedure,SAP only,47568,smooth,0.03136617100371747,0.9926470588235294
absolute,Calendar bucket 7d,SAP only,47568,smooth,0.03787174721189591,0.9394812680115274
absolute,Calendar bucket 28d,SAP only,47568,smooth,0.01266263940520446,0.9819819819819819
absolute,Short 7d / long 28d,SAP only,47568,smooth,0.021956319702602232,0.9947368421052631
absolute,Short 7d / long 56d,SAP only,47568,smooth,0.01312732342007435,1.0
absolute,Per requirement,Both,16161P,smooth,0.3680297397769517,0.942296252230815
absolute,Per period 7d,Both,16161P,smooth,0.11036245353159851,0.979381443298969
absolute,Per period 14d,Both,16161P,smooth,0.06528810408921933,0.9894366197183099
absolute,Per period 28d,Both,16161P,smooth,0.03984665427509294,0.997093023255814
absolute,Per period 56d,Both,16161P,smooth,0.02462825278810409,1.0
absolute,Min/Max,Both,16161P,smooth,0.0504182156133829,1.0
absolute,SP Part Period Balancing,SAP only,16161P,smooth,0.0595957249070632,1.0
absolute,WI Sliding Economic Lot Size,SAP only,16161P,smooth,0.05703996282527881,0.9959432048681541
absolute,DY Dynamic Planning Calculation,SAP only,16161P,smooth,0.02358271375464684,1.0
absolute,GR Groff Reorder Procedure,SAP only,16161P,smooth,0.07969330855018587,0.9927641099855282
absolute,Calendar bucket 7d,SAP only,16161P,smooth,0.12151486988847583,0.9812382739212008
absolute,Calendar bucket 28d,SAP only,16161P,smooth,0.03775557620817844,0.9969325153374233
absolute,Short 7d / long 28d,SAP only,16161P,smooth,0.06888940520446096,1.0
absolute,Short 7d / long 56d,SAP only,16161P,smooth,0.04077602230483272,1.0
absolute,Per requirement,Both,23201,smooth,0.2599907063197026,0.88844779674474
absolute,Per period 7d,Both,23201,smooth,0.0546003717472119,0.9873949579831933
absolute,Per period 14d,Both,23201,smooth,0.0383364312267658,1.0
absolute,Per period 28d,Both,23201,smooth,0.01812267657992565,1.0
absolute,Per period 56d,Both,23201,smooth,0.011733271375464684,1.0
absolute,Min/Max,Both,23201,smooth,0.04530669144981413,1.0
absolute,SP Part Period Balancing,SAP only,23201,smooth,0.07574349442379182,0.9954198473282443
absolute,WI Sliding Economic Lot Size,SAP only,23201,smooth,0.07307156133828996,0.9936808846761453
absolute,DY Dynamic Planning Calculation,SAP only,23201,smooth,0.045887546468401486,0.9974747474747475
absolute,GR Groff Reorder Procedure,SAP only,23201,smooth,0.07574349442379182,0.9923896499238964
absolute,Calendar bucket 7d,SAP only,23201,smooth,0.05297397769516728,0.9978118161925602
absolute,Calendar bucket 28d,SAP only,23201,smooth,0.017657992565055763,0.9934640522875817
absolute,Short 7d / long 28d,SAP only,23201,smooth,0.029391263940520447,1.0
absolute,Short 7d / long 56d,SAP only,23201,smooth,0.017774163568773236,1.0
absolute,Per requirement,Both,23307,smooth,0.20608736059479554,0.9088114754098361
absolute,Per period 7d,Both,23307,smooth,0.047978624535315983,0.9951807228915662
absolute,Per period 14d,Both,23307,smooth,0.024512081784386616,0.9952830188679245
absolute,Per period 28d,Both,23307,smooth,0.013011152416356878,1.0
absolute,Per period 56d,Both,23307,smooth,0.00871282527881041,1.0
absolute,Min/Max,Both,23307,smooth,0.04704925650557621,0.9926470588235294
absolute,SP Part Period Balancing,SAP only,23307,smooth,0.03822026022304833,0.9939577039274925
absolute,WI Sliding Economic Lot Size,SAP only,23307,smooth,0.03903345724907063,1.0
absolute,DY Dynamic Planning Calculation,SAP only,23307,smooth,0.01696096654275093,1.0
absolute,GR Groff Reorder Procedure,SAP only,23307,smooth,0.040427509293680296,0.997134670487106
absolute,Calendar bucket 7d,SAP only,23307,smooth,0.04054368029739777,0.9943019943019943
absolute,Calendar bucket 28d,SAP only,23307,smooth,0.013940520446096654,1.0
absolute,Short 7d / long 28d,SAP only,23307,smooth,0.022653345724907063,1.0
absolute,Short 7d / long 56d,SAP only,23307,smooth,0.013592007434944238,1.0
absolute,Per requirement,Both,23004,smooth,0.12604553903345725,0.6129943502824858
absolute,Per period 7d,Both,23004,smooth,0.05390334572490706,0.9027237354085603
absolute,Per period 14d,Both,23004,smooth,0.03938197026022305,0.9854651162790697
absolute,Per period 28d,Both,23004,smooth,0.019052044609665426,0.9879518072289156
absolute,Per period 56d,Both,23004,smooth,0.01266263940520446,1.0
absolute,Min/Max,Both,23004,smooth,0.042983271375464684,0.9919571045576407
absolute,SP Part Period Balancing,SAP only,23004,smooth,0.01963289962825279,1.0
absolute,WI Sliding Economic Lot Size,SAP only,23004,smooth,0.021143122676579924,0.994535519125683
absolute,DY Dynamic Planning Calculation,SAP only,23004,smooth,0.005808550185873606,0.9803921568627451
absolute,GR Groff Reorder Procedure,SAP only,23004,smooth,0.027764869888475836,0.9835390946502057
absolute,Calendar bucket 7d,SAP only,23004,smooth,0.056807620817843865,0.8794964028776978
absolute,Calendar bucket 28d,SAP only,23004,smooth,0.020213754646840148,0.9720670391061452
absolute,Short 7d / long 28d,SAP only,23004,smooth,0.035896840148698886,1.0
absolute,Short 7d / long 56d,SAP only,23004,smooth,0.021723977695167287,1.0
absolute,Per requirement,Both,22614,smooth,0.2659154275092937,0.7759322033898305
absolute,Per period 7d,Both,22614,smooth,0.09595724907063197,0.944
absolute,Per period 14d,Both,22614,smooth,0.0625,0.9799635701275046
absolute,Per period 28d,Both,22614,smooth,0.038452602230483274,0.9851190476190477
absolute,Per period 56d,Both,22614,smooth,0.021723977695167287,0.9894179894179894
absolute,Min/Max,Both,22614,smooth,0.05204460966542751,1.0
absolute,SP Part Period Balancing,SAP only,22614,smooth,0.03380576208178439,0.9965753424657534
absolute,WI Sliding Economic Lot Size,SAP only,22614,smooth,0.03566449814126394,0.9967532467532467
absolute,DY Dynamic Planning Calculation,SAP only,22614,smooth,0.011965613382899629,0.9903846153846154
absolute,GR Groff Reorder Procedure,SAP only,22614,smooth,0.055762081784386616,1.0
absolute,Calendar bucket 7d,SAP only,22614,smooth,0.11059479553903345,0.9435084241823588
absolute,Calendar bucket 28d,SAP only,22614,smooth,0.03880111524163569,0.9852507374631269
absolute,Short 7d / long 28d,SAP only,22614,smooth,0.06575278810408922,0.9982363315696648
absolute,Short 7d / long 56d,SAP only,22614,smooth,0.03891728624535316,0.9970238095238095
absolute,Per requirement,Both,22120,smooth,0.15671468401486988,0.4730014025245442
absolute,Per period 7d,Both,22120,smooth,0.07365241635687732,0.7675544794188862
absolute,Per period 14d,Both,22120,smooth,0.05506505576208178,0.9080459770114943
absolute,Per period 28d,Both,22120,smooth,0.03531598513011153,0.9529780564263323
absolute,Per period 56d,Both,22120,smooth,0.020213754646840148,0.9942857142857143
absolute,Min/Max,Both,22120,smooth,0.043912639405204464,0.984375
absolute,SP Part Period Balancing,SAP only,22120,smooth,0.06145446096654275,0.9480286738351255
absolute,WI Sliding Economic Lot Size,SAP only,22120,smooth,0.0662174721189591,0.95
absolute,DY Dynamic Planning Calculation,SAP only,22120,smooth,0.03368959107806691,0.9797297297297297
absolute,GR Groff Reorder Procedure,SAP only,22120,smooth,0.07156133828996282,0.8979591836734694
absolute,Calendar bucket 7d,SAP only,22120,smooth,0.07423327137546469,0.6923076923076923
absolute,Calendar bucket 28d,SAP only,22120,smooth,0.031598513011152414,0.8918032786885246
absolute,Short 7d / long 28d,SAP only,22120,smooth,0.05971189591078067,0.9961240310077519
absolute,Short 7d / long 56d,SAP only,22120,smooth,0.035432156133828996,0.9967320261437909
absolute,Per requirement,Both,23078,smooth,0.19319237918215612,0.8998917748917749
absolute,Per period 7d,Both,23078,smooth,0.057853159851301114,0.9822485207100592
absolute,Per period 14d,Both,23078,smooth,0.03287639405204461,0.9929824561403509
absolute,Per period 28d,Both,23078,smooth,0.01754182156133829,0.9869281045751634
absolute,Per period 56d,Both,23078,smooth,0.010223048327137546,1.0
absolute,Min/Max,Both,23078,smooth,0.046933085501858735,0.9950738916256158
absolute,SP Part Period Balancing,SAP only,23078,smooth,0.05309014869888476,0.9978165938864629
absolute,WI Sliding Economic Lot Size,SAP only,23078,smooth,0.05436802973977695,0.997867803837953
absolute,DY Dynamic Planning Calculation,SAP only,23078,smooth,0.02648698884758364,0.9956331877729258
absolute,GR Groff Reorder Procedure,SAP only,23078,smooth,0.06017657992565056,0.9942418426103646
absolute,Calendar bucket 7d,SAP only,23078,smooth,0.05715613382899628,0.9820359281437125
absolute,Calendar bucket 28d,SAP only,23078,smooth,0.0191682156133829,0.9880239520958084
absolute,Short 7d / long 28d,SAP only,23078,smooth,0.03264405204460966,1.0
absolute,Short 7d / long 56d,SAP only,23078,smooth,0.01928438661710037,1.0
absolute,Per requirement,Both,22487,smooth,0.28694237918215615,0.4768339768339768
absolute,Per period 7d,Both,22487,smooth,0.11988847583643122,0.8369829683698297
absolute,Per period 14d,Both,22487,smooth,0.08259758364312268,0.9379947229551451
absolute,Per period 28d,Both,22487,smooth,0.045422862453531596,0.9654320987654321
absolute,Per period 56d,Both,22487,smooth,0.02695167286245353,0.9957081545064378
absolute,Min/Max,Both,22487,smooth,0.05518122676579926,0.9937238493723849
absolute,SP Part Period Balancing,SAP only,22487,smooth,0.12267657992565056,0.9823255813953489
absolute,WI Sliding Economic Lot Size,SAP only,22487,smooth,0.11466078066914498,0.9638671875
absolute,DY Dynamic Planning Calculation,SAP only,22487,smooth,0.04809479553903346,0.9741176470588235
absolute,GR Groff Reorder Procedure,SAP only,22487,smooth,0.11721654275092937,0.9333950046253469
absolute,Calendar bucket 7d,SAP only,22487,smooth,0.1092007434944238,0.8124459809853068
absolute,Calendar bucket 28d,SAP only,22487,smooth,0.03973048327137547,0.926829268292683
absolute,Short 7d / long 28d,SAP only,22487,smooth,0.07411710037174721,1.0
absolute,Short 7d / long 56d,SAP only,22487,smooth,0.043447955390334574,0.9946808510638298
absolute,Per requirement,Both,21495,smooth,0.3524628252788104,0.9448769853628153
absolute,Per period 7d,Both,21495,smooth,0.11512546468401487,0.97252208047105
absolute,Per period 14d,Both,21495,smooth,0.07527881040892194,0.9938650306748467
absolute,Per period 28d,Both,21495,smooth,0.04368029739776952,0.9947089947089947
absolute,Per period 56d,Both,21495,smooth,0.02358271375464684,0.9950980392156863
absolute,Min/Max,Both,21495,smooth,0.05006970260223048,1.0
absolute,SP Part Period Balancing,SAP only,21495,smooth,0.05889869888475836,0.9941176470588236
absolute,WI Sliding Economic Lot Size,SAP only,21495,smooth,0.06110594795539034,0.994328922495274
absolute,DY Dynamic Planning Calculation,SAP only,21495,smooth,0.02730018587360595,1.0
absolute,GR Groff Reorder Procedure,SAP only,21495,smooth,0.0866635687732342,0.9973262032085561
absolute,Calendar bucket 7d,SAP only,21495,smooth,0.13324814126394052,0.96875
absolute,Calendar bucket 28d,SAP only,21495,smooth,0.04228624535315985,0.9918256130790191
absolute,Short 7d / long 28d,SAP only,21495,smooth,0.07574349442379182,0.998468606431853
absolute,Short 7d / long 56d,SAP only,21495,smooth,0.04402881040892193,1.0
absolute,Per requirement,Both,21519,smooth,0.3841775092936803,0.8046228710462288
absolute,Per period 7d,Both,21519,smooth,0.12244423791821561,0.9469901168014375
absolute,Per period 14d,Both,21519,smooth,0.08062267657992565,0.9857954545454546
absolute,Per period 28d,Both,21519,smooth,0.047281598513011155,0.9951100244498777
absolute,Per period 56d,Both,21519,smooth,0.02532527881040892,0.9864253393665159
absolute,Min/Max,Both,21519,smooth,0.05413568773234201,0.9978586723768736
absolute,SP Part Period Balancing,SAP only,21519,smooth,0.05111524163568773,0.995475113122172
absolute,WI Sliding Economic Lot Size,SAP only,21519,smooth,0.047513940520446094,0.9879227053140096
absolute,DY Dynamic Planning Calculation,SAP only,21519,smooth,0.017657992565055763,0.9934640522875817
absolute,GR Groff Reorder Procedure,SAP only,21519,smooth,0.06540427509293681,0.9929453262786596
absolute,Calendar bucket 7d,SAP only,21519,smooth,0.1309247211895911,0.9438860971524288
absolute,Calendar bucket 28d,SAP only,21519,smooth,0.041937732342007435,0.978319783197832
absolute,Short 7d / long 28d,SAP only,21519,smooth,0.07632434944237919,1.0
absolute,Short 7d / long 56d,SAP only,21519,smooth,0.04437732342007435,1.0
absolute,Per requirement,Both,84970S,smooth,0.6382434944237918,0.8884217335058214
absolute,Per period 7d,Both,84970S,smooth,0.14567843866171004,0.9812206572769953
absolute,Per period 14d,Both,84970S,smooth,0.08887081784386618,0.9909326424870466
absolute,Per period 28d,Both,84970S,smooth,0.04879182156133829,1.0
absolute,Per period 56d,Both,84970S,smooth,0.030320631970260224,1.0
absolute,Min/Max,Both,84970S,smooth,0.05355483271375465,1.0
absolute,SP Part Period Balancing,SAP only,84970S,smooth,0.12755576208178437,0.9981818181818182
absolute,WI Sliding Economic Lot Size,SAP only,84970S,smooth,0.12848513011152415,0.9954995499549955
absolute,DY Dynamic Planning Calculation,SAP only,84970S,smooth,0.05947955390334572,1.0
absolute,GR Groff Reorder Procedure,SAP only,84970S,smooth,0.13011152416356878,0.99644128113879
absolute,Calendar bucket 7d,SAP only,84970S,smooth,0.1412639405204461,0.9854132901134521
absolute,Calendar bucket 28d,SAP only,84970S,smooth,0.04321561338289963,0.992
absolute,Short 7d / long 28d,SAP only,84970S,smooth,0.0779507434944238,1.0
absolute,Short 7d / long 56d,SAP only,84970S,smooth,0.04507434944237918,1.0
absolute,Per requirement,Both,23145,smooth,0.12987918215613384,0.7829131652661064
absolute,Per period 7d,Both,23145,smooth,0.04414498141263941,0.9620253164556962
absolute,Per period 14d,Both,23145,smooth,0.031947026022304835,1.0
absolute,Per period 28d,Both,23145,smooth,0.017193308550185873,0.9932885906040269
absolute,Per period 56d,Both,23145,smooth,0.010687732342007435,1.0
absolute,Min/Max,Both,23145,smooth,0.04309944237918216,0.9867021276595744
absolute,SP Part Period Balancing,SAP only,23145,smooth,0.022304832713754646,0.9948186528497409
absolute,WI Sliding Economic Lot Size,SAP only,23145,smooth,0.023234200743494422,0.9950248756218906
absolute,DY Dynamic Planning Calculation,SAP only,23145,smooth,0.010223048327137546,1.0
absolute,GR Groff Reorder Procedure,SAP only,23145,smooth,0.03322490706319703,0.9862068965517241
absolute,Calendar bucket 7d,SAP only,23145,smooth,0.04658457249070632,0.9347319347319347
absolute,Calendar bucket 28d,SAP only,23145,smooth,0.01475371747211896,0.9844961240310077
absolute,Short 7d / long 28d,SAP only,23145,smooth,0.027881040892193308,1.0
absolute,Short 7d / long 56d,SAP only,23145,smooth,0.016728624535315983,1.0
absolute,Per requirement,Both,23240,smooth,0.18285315985130113,0.8227914270778881
absolute,Per period 7d,Both,23240,smooth,0.037987918215613384,0.993920972644377
absolute,Per period 14d,Both,23240,smooth,0.02532527881040892,1.0
absolute,Per period 28d,Both,23240,smooth,0.012778810408921933,1.0
absolute,Per period 56d,Both,23240,smooth,0.007551115241635688,0.9701492537313433
absolute,Min/Max,Both,23240,smooth,0.047862453531598514,0.9951690821256038
absolute,SP Part Period Balancing,SAP only,23240,smooth,0.04867565055762082,0.9812646370023419
absolute,WI Sliding Economic Lot Size,SAP only,23240,smooth,0.05390334572490706,0.9893390191897654
absolute,DY Dynamic Planning Calculation,SAP only,23240,smooth,0.03055297397769517,0.9887218045112782
absolute,GR Groff Reorder Procedure,SAP only,23240,smooth,0.050302044609665426,0.9885844748858448
absolute,Calendar bucket 7d,SAP only,23240,smooth,0.04019516728624535,0.9885714285714285
absolute,Calendar bucket 28d,SAP only,23240,smooth,0.013824349442379182,0.9834710743801653
absolute,Short 7d / long 28d,SAP only,23240,smooth,0.022653345724907063,1.0
absolute,Short 7d / long 56d,SAP only,23240,smooth,0.013475836431226766,1.0
absolute,Per requirement,Both,21930,smooth,0.5622676579925651,0.7978898780085724
absolute,Per period 7d,Both,21930,smooth,0.14567843866171004,0.9713400464756003
absolute,Per period 14d,Both,21930,smooth,0.09235594795539033,0.9925093632958801
absolute,Per period 28d,Both,21930,smooth,0.046468401486988845,1.0
absolute,Per period 56d,Both,21930,smooth,0.025557620817843865,1.0
absolute,Min/Max,Both,21930,smooth,0.05309014869888476,1.0
absolute,SP Part Period Balancing,SAP only,21930,smooth,0.1341775092936803,0.9974093264248705
absolute,WI Sliding Economic Lot Size,SAP only,21930,smooth,0.13487453531598512,0.9931565440547476
absolute,DY Dynamic Planning Calculation,SAP only,21930,smooth,0.06540427509293681,0.99822695035461
absolute,GR Groff Reorder Procedure,SAP only,21930,smooth,0.14068308550185873,0.9893790849673203
absolute,Calendar bucket 7d,SAP only,21930,smooth,0.13812732342007436,0.9619741100323624
absolute,Calendar bucket 28d,SAP only,21930,smooth,0.04449349442379182,0.9948051948051948
absolute,Short 7d / long 28d,SAP only,21930,smooth,0.0779507434944238,1.0
absolute,Short 7d / long 56d,SAP only,21930,smooth,0.04507434944237918,1.0
absolute,Per requirement,Both,23147,smooth,0.16380111524163568,0.7997731140102099
absolute,Per period 7d,Both,23147,smooth,0.04879182156133829,0.9722222222222222
absolute,Per period 14d,Both,23147,smooth,0.032527881040892194,0.9824561403508771
absolute,Per period 28d,Both,23147,smooth,0.01533457249070632,1.0
absolute,Per period 56d,Both,23147,smooth,0.010687732342007435,0.9787234042553191
absolute,Min/Max,Both,23147,smooth,0.051812267657992565,0.9977628635346756
absolute,SP Part Period Balancing,SAP only,23147,smooth,0.026719330855018587,0.9704641350210971
absolute,WI Sliding Economic Lot Size,SAP only,23147,smooth,0.027648698884758363,0.9794238683127572
absolute,DY Dynamic Planning Calculation,SAP only,23147,smooth,0.011849442379182156,0.9807692307692307
absolute,GR Groff Reorder Procedure,SAP only,23147,smooth,0.037058550185873604,0.9937694704049844
absolute,Calendar bucket 7d,SAP only,23147,smooth,0.04704925650557621,0.9331797235023042
absolute,Calendar bucket 28d,SAP only,23147,smooth,0.015799256505576207,0.9855072463768116
absolute,Short 7d / long 28d,SAP only,23147,smooth,0.027881040892193308,1.0
absolute,Short 7d / long 56d,SAP only,23147,smooth,0.01696096654275093,0.9931972789115646
absolute,Per requirement,Both,21756,smooth,0.22978624535315986,0.5606575963718821
absolute,Per period 7d,Both,21756,smooth,0.08817379182156133,0.826797385620915
absolute,Per period 14d,Both,21756,smooth,0.057853159851301114,0.9087591240875912
absolute,Per period 28d,Both,21756,smooth,0.03508364312267658,0.9587301587301588
absolute,Per period 56d,Both,21756,smooth,0.020562267657992565,0.9725274725274725
absolute,Min/Max,Both,21756,smooth,0.04426115241635688,0.9844961240310077
absolute,SP Part Period Balancing,SAP only,21756,smooth,0.0716775092936803,0.9778129952456418
absolute,WI Sliding Economic Lot Size,SAP only,21756,smooth,0.0695864312267658,0.9661290322580646
absolute,DY Dynamic Planning Calculation,SAP only,21756,smooth,0.03171468401486989,0.9646643109540636
absolute,GR Groff Reorder Procedure,SAP only,21756,smooth,0.08933550185873607,0.96125
absolute,Calendar bucket 7d,SAP only,21756,smooth,0.09107806691449814,0.8218029350104822
absolute,Calendar bucket 28d,SAP only,21756,smooth,0.031947026022304835,0.9290540540540541
absolute,Short 7d / long 28d,SAP only,21756,smooth,0.06110594795539034,0.9981024667931688
absolute,Short 7d / long 56d,SAP only,21756,smooth,0.035896840148698886,0.9967741935483871
absolute,Per requirement,Both,23231,smooth,0.22572026022304834,0.9409200968523003
absolute,Per period 7d,Both,23231,smooth,0.06493959107806692,0.9876325088339223
absolute,Per period 14d,Both,23231,smooth,0.04368029739776952,0.9973474801061007
absolute,Per period 28d,Both,23231,smooth,0.02079460966542751,1.0
absolute,Per period 56d,Both,23231,smooth,0.013475836431226766,1.0
absolute,Min/Max,Both,23231,smooth,0.051231412639405206,1.0
absolute,SP Part Period Balancing,SAP only,23231,smooth,0.03787174721189591,0.9969418960244648
absolute,WI Sliding Economic Lot Size,SAP only,23231,smooth,0.03438661710037175,0.9966329966329966
absolute,DY Dynamic Planning Calculation,SAP only,23231,smooth,0.01428903345724907,1.0
absolute,GR Groff Reorder Procedure,SAP only,23231,smooth,0.04670074349442379,0.995049504950495
absolute,Calendar bucket 7d,SAP only,23231,smooth,0.06935408921933085,0.978688524590164
absolute,Calendar bucket 28d,SAP only,23231,smooth,0.02300185873605948,1.0
absolute,Short 7d / long 28d,SAP only,23231,smooth,0.0391496282527881,1.0
absolute,Short 7d / long 56d,SAP only,23231,smooth,0.023350371747211895,1.0
absolute,Per requirement,Both,22771,smooth,0.3367797397769517,0.8493993554058014
absolute,Per period 7d,Both,22771,smooth,0.09479553903345725,0.9679715302491103
absolute,Per period 14d,Both,22771,smooth,0.051696096654275096,0.9888888888888889
absolute,Per period 28d,Both,22771,smooth,0.0333410780669145,0.9896551724137931
absolute,Per period 56d,Both,22771,smooth,0.017774163568773236,1.0
absolute,Min/Max,Both,22771,smooth,0.051696096654275096,0.9955257270693513
absolute,SP Part Period Balancing,SAP only,22771,smooth,0.0662174721189591,0.9965034965034965
absolute,WI Sliding Economic Lot Size,SAP only,22771,smooth,0.06761152416356878,0.9982847341337907
absolute,DY Dynamic Planning Calculation,SAP only,22771,smooth,0.031017657992565055,0.996268656716418
absolute,GR Groff Reorder Procedure,SAP only,22771,smooth,0.08329460966542751,0.9944521497919556
absolute,Calendar bucket 7d,SAP only,22771,smooth,0.0874767657992565,0.970360824742268
absolute,Calendar bucket 28d,SAP only,22771,smooth,0.029391263940520447,0.98828125
absolute,Short 7d / long 28d,SAP only,22771,smooth,0.05006970260223048,1.0
absolute,Short 7d / long 56d,SAP only,22771,smooth,0.02950743494423792,1.0
absolute,Per requirement,Both,82482,smooth,0.61442843866171,0.8667649950835792
absolute,Per period 7d,Both,82482,smooth,0.14021840148698886,0.9909688013136289
absolute,Per period 14d,Both,82482,smooth,0.08190055762081784,0.9929577464788732
absolute,Per period 28d,Both,82482,smooth,0.045422862453531596,1.0
absolute,Per period 56d,Both,82482,smooth,0.023466542750929367,1.0
absolute,Min/Max,Both,82482,smooth,0.05099907063197026,1.0
absolute,SP Part Period Balancing,SAP only,82482,smooth,0.16473048327137546,0.9957865168539326
absolute,WI Sliding Economic Lot Size,SAP only,82482,smooth,0.1586895910780669,0.9927325581395349
absolute,DY Dynamic Planning Calculation,SAP only,82482,smooth,0.08306226765799256,0.9958217270194986
absolute,GR Groff Reorder Procedure,SAP only,82482,smooth,0.15741171003717472,0.9890510948905109
absolute,Calendar bucket 7d,SAP only,82482,smooth,0.12802044609665428,0.9726390114739629
absolute,Calendar bucket 28d,SAP only,82482,smooth,0.041821561338289966,0.989010989010989
absolute,Short 7d / long 28d,SAP only,82482,smooth,0.07190985130111524,1.0
absolute,Short 7d / long 56d,SAP only,82482,smooth,0.041937732342007435,0.9972375690607734
absolute,Per requirement,Both,22077,smooth,0.6179135687732342,0.8503597122302158
absolute,Per period 7d,Both,22077,smooth,0.1341775092936803,0.9813084112149533
absolute,Per period 14d,Both,22077,smooth,0.08352695167286245,0.9972260748959778
absolute,Per period 28d,Both,22077,smooth,0.04867565055762082,1.0
absolute,Per period 56d,Both,22077,smooth,0.026719330855018587,1.0
absolute,Min/Max,Both,22077,smooth,0.05703996282527881,1.0
absolute,SP Part Period Balancing,SAP only,22077,smooth,0.13986988847583642,0.9958643507030603
absolute,WI Sliding Economic Lot Size,SAP only,22077,smooth,0.14161245353159851,0.9910569105691057
absolute,DY Dynamic Planning Calculation,SAP only,22077,smooth,0.06888940520446096,0.9983164983164983
absolute,GR Groff Reorder Procedure,SAP only,22077,smooth,0.14986059479553904,0.9930715935334873
absolute,Calendar bucket 7d,SAP only,22077,smooth,0.13150557620817843,0.9775474956822107
absolute,Calendar bucket 28d,SAP only,22077,smooth,0.0412407063197026,0.9916201117318436
absolute,Short 7d / long 28d,SAP only,22077,smooth,0.07353624535315985,0.998422712933754
absolute,Short 7d / long 56d,SAP only,22077,smooth,0.042402416356877325,0.9945504087193461
absolute,Per requirement,Both,22705,smooth,0.1704228624535316,0.9220615964802011
absolute,Per period 7d,Both,22705,smooth,0.07702137546468402,0.9539568345323741
absolute,Per period 14d,Both,22705,smooth,0.05297397769516728,0.9806451612903225
absolute,Per period 28d,Both,22705,smooth,0.03276022304832714,0.9825783972125436
absolute,Per period 56d,Both,22705,smooth,0.01974907063197026,0.9941520467836257
absolute,Min/Max,Both,22705,smooth,0.04879182156133829,0.9882352941176471
absolute,SP Part Period Balancing,SAP only,22705,smooth,0.032063197026022304,0.9928057553956835
absolute,WI Sliding Economic Lot Size,SAP only,22705,smooth,0.029972118959107806,0.9923076923076923
absolute,DY Dynamic Planning Calculation,SAP only,22705,smooth,0.015799256505576207,0.9927007299270073
absolute,GR Groff Reorder Procedure,SAP only,22705,smooth,0.0604089219330855,0.9961685823754789
absolute,Calendar bucket 7d,SAP only,22705,smooth,0.08701208178438662,0.950507614213198
absolute,Calendar bucket 28d,SAP only,22705,smooth,0.03554832713754647,0.9776357827476039
absolute,Short 7d / long 28d,SAP only,22705,smooth,0.05552973977695167,0.9958333333333333
absolute,Short 7d / long 56d,SAP only,22705,smooth,0.03392193308550186,0.9931972789115646
absolute,Per requirement,Both,85099B,smooth,0.7494191449814126,0.942715183399094
absolute,Per period 7d,Both,85099B,smooth,0.1421933085501859,0.9823434991974318
absolute,Per period 14d,Both,85099B,smooth,0.09421468401486989,1.0
absolute,Per period 28d,Both,85099B,smooth,0.05065055762081784,0.9977116704805492
absolute,Per period 56d,Both,85099B,smooth,0.02520910780669145,1.0
absolute,Min/Max,Both,85099B,smooth,0.057388475836431224,1.0
absolute,SP Part Period Balancing,SAP only,85099B,smooth,0.29530669144981414,0.9988212180746562
absolute,WI Sliding Economic Lot Size,SAP only,85099B,smooth,0.2936802973977695,0.9984202211690363
absolute,DY Dynamic Planning Calculation,SAP only,85099B,smooth,0.19725836431226765,0.9988235294117647
absolute,GR Groff Reorder Procedure,SAP only,85099B,smooth,0.2846189591078067,0.9983700081499592
absolute,Calendar bucket 7d,SAP only,85099B,smooth,0.14068308550185873,0.985353946297803
absolute,Calendar bucket 28d,SAP only,85099B,smooth,0.04402881040892193,0.994750656167979
absolute,Short 7d / long 28d,SAP only,85099B,smooth,0.07760223048327138,1.0
absolute,Short 7d / long 56d,SAP only,85099B,smooth,0.04472583643122677,1.0
absolute,Per requirement,Both,21212,smooth,0.7537174721189591,0.9419279907084785
absolute,Per period 7d,Both,21212,smooth,0.1449814126394052,0.9968051118210862
absolute,Per period 14d,Both,21212,smooth,0.09386617100371747,0.9987639060568603
absolute,Per period 28d,Both,21212,smooth,0.050302044609665426,1.0
absolute,Per period 56d,Both,21212,smooth,0.02857806691449814,1.0
absolute,Min/Max,Both,21212,smooth,0.051231412639405206,1.0
absolute,SP Part Period Balancing,SAP only,21212,smooth,0.1787871747211896,0.9987021414665801
absolute,WI Sliding Economic Lot Size,SAP only,21212,smooth,0.18796468401486988,1.0
absolute,DY Dynamic Planning Calculation,SAP only,21212,smooth,0.09433085501858736,0.998769987699877
absolute,GR Groff Reorder Procedure,SAP only,21212,smooth,0.1758828996282528,0.998022412656559
absolute,Calendar bucket 7d,SAP only,21212,smooth,0.1412639405204461,0.9950900163666121
absolute,Calendar bucket 28d,SAP only,21212,smooth,0.045422862453531596,0.9974489795918368
absolute,Short 7d / long 28d,SAP only,21212,smooth,0.0774860594795539,1.0
absolute,Short 7d / long 56d,SAP only,21212,smooth,0.04507434944237918,1.0
absolute,Per requirement,Both,22355,smooth,0.6589219330855018,0.8687394700566703
absolute,Per period 7d,Both,22355,smooth,0.15055762081784388,0.9908256880733946
absolute,Per period 14d,Both,22355,smooth,0.09688661710037175,0.9952267303102625
absolute,Per period 28d,Both,22355,smooth,0.05262546468401487,1.0
absolute,Per period 56d,Both,22355,smooth,0.026603159851301114,1.0
absolute,Min/Max,Both,22355,smooth,0.05715613382899628,0.9979716024340771
absolute,SP Part Period Balancing,SAP only,22355,smooth,0.14196096654275092,0.9991823385118561
absolute,WI Sliding Economic Lot Size,SAP only,22355,smooth,0.15137081784386616,0.9984674329501916
absolute,DY Dynamic Planning Calculation,SAP only,22355,smooth,0.0782992565055762,0.9970414201183432
absolute,GR Groff Reorder Procedure,SAP only,22355,smooth,0.14509758364312267,0.9952191235059761
absolute,Calendar bucket 7d,SAP only,22355,smooth,0.1407992565055762,0.9853658536585366
absolute,Calendar bucket 28d,SAP only,22355,smooth,0.04379646840148699,0.9973544973544973
absolute,Short 7d / long 28d,SAP only,22355,smooth,0.0779507434944238,1.0
absolute,Short 7d / long 56d,SAP only,22355,smooth,0.04484200743494424,1.0
absolute,Per requirement,Both,21931,smooth,0.6945864312267658,0.881858407079646
absolute,Per period 7d,Both,21931,smooth,0.1467239776951673,0.9874902267396404
absolute,Per period 14d,Both,21931,smooth,0.09839684014869889,0.9964705882352941
absolute,Per period 28d,Both,21931,smooth,0.05611059479553903,0.9979338842975206
absolute,Per period 56d,Both,21931,smooth,0.02730018587360595,1.0
absolute,Min/Max,Both,21931,smooth,0.05587825278810409,0.9979253112033195
absolute,SP Part Period Balancing,SAP only,21931,smooth,0.1866868029739777,0.9968982630272953
absolute,WI Sliding Economic Lot Size,SAP only,21931,smooth,0.18424721189591078,0.9949811794228356
absolute,DY Dynamic Planning Calculation,SAP only,21931,smooth,0.10629646840148699,0.9945652173913043
absolute,GR Groff Reorder Procedure,SAP only,21931,smooth,0.18169144981412638,0.991128010139417
absolute,Calendar bucket 7d,SAP only,21931,smooth,0.1404507434944238,0.9813311688311688
absolute,Calendar bucket 28d,SAP only,21931,smooth,0.04507434944237918,0.9897959183673469
absolute,Short 7d / long 28d,SAP only,21931,smooth,0.07771840148698884,1.0
absolute,Short 7d / long 56d,SAP only,21931,smooth,0.04507434944237918,1.0
absolute,Per requirement,Both,23077,smooth,0.21050185873605948,0.9091821374811841
absolute,Per period 7d,Both,23077,smooth,0.057388475836431224,0.9899799599198397
absolute,Per period 14d,Both,23077,smooth,0.037523234200743494,0.9938461538461538
absolute,Per period 28d,Both,23077,smooth,0.01742565055762082,0.9933774834437086
absolute,Per period 56d,Both,23077,smooth,0.011965613382899629,1.0
absolute,Min/Max,Both,23077,smooth,0.042402416356877325,1.0
absolute,SP Part Period Balancing,SAP only,23077,smooth,0.056226765799256506,1.0
absolute,WI Sliding Economic Lot Size,SAP only,23077,smooth,0.057736988847583645,0.9920159680638723
absolute,DY Dynamic Planning Calculation,SAP only,23077,smooth,0.030436802973977696,1.0
absolute,GR Groff Reorder Procedure,SAP only,23077,smooth,0.05971189591078067,0.9980582524271845
absolute,Calendar bucket 7d,SAP only,23077,smooth,0.05692379182156134,0.9780439121756487
absolute,Calendar bucket 28d,SAP only,23077,smooth,0.018935873605947954,0.9939024390243902
absolute,Short 7d / long 28d,SAP only,23077,smooth,0.03264405204460966,1.0
absolute,Short 7d / long 56d,SAP only,23077,smooth,0.019516728624535316,1.0
absolute,Per requirement,Both,22037,smooth,0.3802276951672863,0.8170244633050424
absolute,Per period 7d,Both,22037,smooth,0.11617100371747212,0.916590284142988
absolute,Per period 14d,Both,22037,smooth,0.07156133828996282,0.9520865533230294
absolute,Per period 28d,Both,22037,smooth,0.04158921933085502,0.9916897506925207
absolute,Per period 56d,Both,22037,smooth,0.02404739776951673,0.9951923076923077
absolute,Min/Max,Both,22037,smooth,0.05355483271375465,0.9978354978354979
absolute,SP Part Period Balancing,SAP only,22037,smooth,0.04402881040892193,0.9973684210526316
absolute,WI Sliding Economic Lot Size,SAP only,22037,smooth,0.04495817843866171,0.9872448979591837
absolute,DY Dynamic Planning Calculation,SAP only,22037,smooth,0.016147769516728624,1.0
absolute,GR Groff Reorder Procedure,SAP only,22037,smooth,0.06064126394052045,0.9886363636363636
absolute,Calendar bucket 7d,SAP only,22037,smooth,0.11826208178438662,0.9212669683257918
absolute,Calendar bucket 28d,SAP only,22037,smooth,0.03984665427509294,0.985632183908046
absolute,Short 7d / long 28d,SAP only,22037,smooth,0.0716775092936803,1.0
absolute,Short 7d / long 56d,SAP only,22037,smooth,0.04228624535315985,1.0
absolute,Per requirement,Both,23245,smooth,0.20341542750929367,0.9002570694087404
absolute,Per period 7d,Both,23245,smooth,0.041356877323420076,0.9916434540389972
absolute,Per period 14d,Both,23245,smooth,0.02904275092936803,0.9960159362549801
absolute,Per period 28d,Both,23245,smooth,0.01486988847583643,1.0
absolute,Per period 56d,Both,23245,smooth,0.009061338289962825,1.0
absolute,Min/Max,Both,23245,smooth,0.04019516728624535,0.9942528735632183
absolute,SP Part Period Balancing,SAP only,23245,smooth,0.07074814126394052,0.9950980392156863
absolute,WI Sliding Economic Lot Size,SAP only,23245,smooth,0.07028345724907063,0.9967051070840197
absolute,DY Dynamic Planning Calculation,SAP only,23245,smooth,0.046236059479553906,0.9974937343358395
absolute,GR Groff Reorder Procedure,SAP only,23245,smooth,0.06633364312267657,0.9861830742659758
absolute,Calendar bucket 7d,SAP only,23245,smooth,0.03903345724907063,0.9853372434017595
absolute,Calendar bucket 28d,SAP only,23245,smooth,0.01312732342007435,0.9912280701754386
absolute,Short 7d / long 28d,SAP only,23245,smooth,0.022072490706319704,1.0
absolute,Short 7d / long 56d,SAP only,23245,smooth,0.013592007434944238,1.0
absolute,Per requirement,Both,23192,smooth,0.16449814126394052,0.735966735966736
absolute,Per period 7d,Both,23192,smooth,0.05494888475836431,0.9752577319587629
absolute,Per period 14d,Both,23192,smooth,0.03078531598513011,0.9962406015037594
absolute,Per period 28d,Both,23192,smooth,0.01638011152416357,0.9929577464788732
absolute,Per period 56d,Both,23192,smooth,0.008480483271375464,1.0
absolute,Min/Max,Both,23192,smooth,0.041356877323420076,0.9971988795518207
absolute,SP Part Period Balancing,SAP only,23192,smooth,0.03903345724907063,0.9911504424778761
absolute,WI Sliding Economic Lot Size,SAP only,23192,smooth,0.03868494423791822,0.9970059880239521
absolute,DY Dynamic Planning Calculation,SAP only,23192,smooth,0.018238847583643122,1.0
absolute,GR Groff Reorder Procedure,SAP only,23192,smooth,0.04217007434944238,0.9945205479452055
absolute,Calendar bucket 7d,SAP only,23192,smooth,0.04519052044609666,0.958128078817734
absolute,Calendar bucket 28d,SAP only,23192,smooth,0.016612453531598514,0.9930555555555556
absolute,Short 7d / long 28d,SAP only,23192,smooth,0.02695167286245353,1.0
absolute,Short 7d / long 56d,SAP only,23192,smooth,0.016147769516728624,1.0
absolute,Per requirement,Both,20725,smooth,0.7502323420074349,0.9236270022883295
absolute,Per period 7d,Both,20725,smooth,0.14637546468401488,0.9929078014184397
absolute,Per period 14d,Both,20725,smooth,0.09618959107806692,0.9939975990396158
absolute,Per period 28d,Both,20725,smooth,0.052741635687732345,0.9956140350877193
absolute,Per period 56d,Both,20725,smooth,0.02695167286245353,1.0
absolute,Min/Max,Both,20725,smooth,0.05889869888475836,1.0
absolute,SP Part Period Balancing,SAP only,20725,smooth,0.21514869888475838,0.9973074851911685
absolute,WI Sliding Economic Lot Size,SAP only,20725,smooth,0.21108271375464685,0.9978034047226798
absolute,DY Dynamic Planning Calculation,SAP only,20725,smooth,0.12221189591078067,0.9990503323836657
absolute,GR Groff Reorder Procedure,SAP only,20725,smooth,0.20016263940520446,0.9948036951501155
absolute,Calendar bucket 7d,SAP only,20725,smooth,0.14196096654275092,0.9870759289176091
absolute,Calendar bucket 28d,SAP only,20725,smooth,0.043447955390334574,1.0
absolute,Short 7d / long 28d,SAP only,20725,smooth,0.07818308550185873,1.0
absolute,Short 7d / long 56d,SAP only,20725,smooth,0.04530669144981413,1.0
absolute,Per requirement,Both,23203,smooth,0.2540659851301115,0.9500434404865334
absolute,Per period 7d,Both,23203,smooth,0.04995353159851301,0.9930715935334873
absolute,Per period 14d,Both,23203,smooth,0.030320631970260224,1.0
absolute,Per period 28d,Both,23203,smooth,0.01742565055762082,0.9933774834437086
absolute,Per period 56d,Both,23203,smooth,0.009526022304832713,0.9879518072289156
absolute,Min/Max,Both,23203,smooth,0.05053438661710037,1.0
absolute,SP Part Period Balancing,SAP only,23203,smooth,0.08515334572490706,0.9972789115646259
absolute,WI Sliding Economic Lot Size,SAP only,23203,smooth,0.08654739776951673,0.9986595174262735
absolute,DY Dynamic Planning Calculation,SAP only,23203,smooth,0.0546003717472119,0.9936575052854123
absolute,GR Groff Reorder Procedure,SAP only,23203,smooth,0.07481412639405205,0.9953632148377125
absolute,Calendar bucket 7d,SAP only,23203,smooth,0.04716542750929368,0.9975429975429976
absolute,Calendar bucket 28d,SAP only,23203,smooth,0.01696096654275093,1.0
absolute,Short 7d / long 28d,SAP only,23203,smooth,0.025906133828996283,1.0
absolute,Short 7d / long 56d,SAP only,23203,smooth,0.01591542750929368,1.0
absolute,Per requirement,Both,23076,smooth,0.2032992565055762,0.9220231822971549
absolute,Per period 7d,Both,23076,smooth,0.05436802973977695,0.9915254237288136
absolute,Per period 14d,Both,23076,smooth,0.03403810408921933,0.9965986394557823
absolute,Per period 28d,Both,23076,smooth,0.018238847583643122,1.0
absolute,Per period 56d,Both,23076,smooth,0.012081784386617101,1.0
absolute,Min/Max,Both,23076,smooth,0.04844330855018587,0.9976076555023924
absolute,SP Part Period Balancing,SAP only,23076,smooth,0.0554135687732342,0.997907949790795
absolute,WI Sliding Economic Lot Size,SAP only,23076,smooth,0.055762081784386616,0.9876543209876543
absolute,DY Dynamic Planning Calculation,SAP only,23076,smooth,0.027067843866171004,0.9914893617021276
absolute,GR Groff Reorder Procedure,SAP only,23076,smooth,0.061686802973977696,0.9851576994434137
absolute,Calendar bucket 7d,SAP only,23076,smooth,0.05494888475836431,0.9813278008298755
absolute,Calendar bucket 28d,SAP only,23076,smooth,0.017890334572490705,0.9746835443037974
absolute,Short 7d / long 28d,SAP only,23076,smooth,0.03136617100371747,1.0
absolute,Short 7d / long 56d,SAP only,23076,smooth,0.019052044609665426,1.0
absolute,Per requirement,Both,22386,smooth,0.7030669144981413,0.909664812866376
absolute,Per period 7d,Both,22386,smooth,0.14649163568773235,0.99213217938631
absolute,Per period 14d,Both,22386,smooth,0.09618959107806692,0.9975903614457832
absolute,Per period 28d,Both,22386,smooth,0.05204460966542751,1.0
absolute,Per period 56d,Both,22386,smooth,0.027764869888475836,1.0
absolute,Min/Max,Both,22386,smooth,0.05552973977695167,0.9979123173277662
absolute,SP Part Period Balancing,SAP only,22386,smooth,0.20260223048327136,0.9977116704805492
absolute,WI Sliding Economic Lot Size,SAP only,22386,smooth,0.21445167286245354,0.9962223421478683
absolute,DY Dynamic Planning Calculation,SAP only,22386,smooth,0.12720724907063197,0.9963603275705186
absolute,GR Groff Reorder Procedure,SAP only,22386,smooth,0.19319237918215612,0.9946172248803827
absolute,Calendar bucket 7d,SAP only,22386,smooth,0.14033457249070633,0.9917898193760263
absolute,Calendar bucket 28d,SAP only,22386,smooth,0.043912639405204464,0.9947368421052631
absolute,Short 7d / long 28d,SAP only,22386,smooth,0.07713754646840149,1.0
absolute,Short 7d / long 56d,SAP only,22386,smooth,0.04484200743494424,1.0
absolute,Per requirement,Both,84881,intermittent,0.01266263940520446,0.36824324324324326
absolute,Per period 7d,Both,84881,intermittent,0.01266263940520446,0.4678111587982833
absolute,Per period 14d,Both,84881,intermittent,0.00987453531598513,0.5029585798816568
absolute,Per period 28d,Both,84881,intermittent,0.008364312267657992,0.5373134328358209
absolute,Per period 56d,Both,84881,intermittent,0.008828996282527882,0.672566371681416
absolute,Min/Max,Both,84881,intermittent,0.018355018587360595,0.7860696517412935
absolute,SP Part Period Balancing,SAP only,84881,intermittent,0.009526022304832713,0.7961165048543689
absolute,WI Sliding Economic Lot Size,SAP only,84881,intermittent,0.008480483271375464,0.7448979591836735
absolute,DY Dynamic Planning Calculation,SAP only,84881,intermittent,0.0070864312267657995,0.8472222222222222
absolute,GR Groff Reorder Procedure,SAP only,84881,intermittent,0.011152416356877323,0.5393258426966292
absolute,Calendar bucket 7d,SAP only,84881,intermittent,0.011384758364312268,0.4
absolute,Calendar bucket 28d,SAP only,84881,intermittent,0.009409851301115242,0.5094339622641509
absolute,Short 7d / long 28d,SAP only,84881,intermittent,0.015566914498141264,0.6568627450980392
absolute,Short 7d / long 56d,SAP only,84881,intermittent,0.014637546468401487,0.7974683544303798
absolute,Per requirement,Both,47505,intermittent,0.0546003717472119,0.6647807637906648
absolute,Per period 7d,Both,47505,intermittent,0.019516728624535316,0.9710982658959537
absolute,Per period 14d,Both,47505,intermittent,0.012430297397769517,0.981651376146789
absolute,Per period 28d,Both,47505,intermittent,0.008596654275092937,0.961038961038961
absolute,Per period 56d,Both,47505,intermittent,0.005111524163568773,0.9777777777777777
absolute,Min/Max,Both,47505,intermittent,0.023350371747211895,0.9663461538461539
absolute,SP Part Period Balancing,SAP only,47505,intermittent,0.016031598513011152,0.971830985915493
absolute,WI Sliding Economic Lot Size,SAP only,47505,intermittent,0.01638011152416357,0.9929577464788732
absolute,DY Dynamic Planning Calculation,SAP only,47505,intermittent,0.009061338289962825,0.9873417721518988
absolute,GR Groff Reorder Procedure,SAP only,47505,intermittent,0.016844795539033456,0.9666666666666667
absolute,Calendar bucket 7d,SAP only,47505,intermittent,0.017657992565055763,0.9047619047619048
absolute,Calendar bucket 28d,SAP only,47505,intermittent,0.007783457249070632,0.9571428571428572
absolute,Short 7d / long 28d,SAP only,47505,intermittent,0.011849442379182156,0.9902912621359223
absolute,Short 7d / long 56d,SAP only,47505,intermittent,0.007783457249070632,0.9710144927536232
absolute,Per requirement,Both,22172,intermittent,0.06029275092936803,0.4505208333333333
absolute,Per period 7d,Both,22172,intermittent,0.028345724907063198,0.7795527156549521
absolute,Per period 14d,Both,22172,intermittent,0.021259293680297397,0.8840579710144928
absolute,Per period 28d,Both,22172,intermittent,0.012430297397769517,0.9553571428571429
absolute,Per period 56d,Both,22172,intermittent,0.007434944237918215,0.8205128205128205
absolute,Min/Max,Both,22172,intermittent,0.03763940520446097,0.972972972972973
absolute,SP Part Period Balancing,SAP only,22172,intermittent,0.01974907063197026,0.918918918918919
absolute,WI Sliding Economic Lot Size,SAP only,22172,intermittent,0.024860594795539034,0.9596412556053812
absolute,DY Dynamic Planning Calculation,SAP only,22172,intermittent,0.008015799256505576,0.9857142857142858
absolute,GR Groff Reorder Procedure,SAP only,22172,intermittent,0.02648698884758364,0.8735632183908046
absolute,Calendar bucket 7d,SAP only,22172,intermittent,0.02683550185873606,0.7241379310344828
absolute,Calendar bucket 28d,SAP only,22172,intermittent,0.010223048327137546,0.8888888888888888
absolute,Short 7d / long 28d,SAP only,22172,intermittent,0.01963289962825279,0.9285714285714286
absolute,Short 7d / long 56d,SAP only,22172,intermittent,0.01266263940520446,0.923728813559322
absolute,Per requirement,Both,35603C,intermittent,0.0016263940520446097,0.9333333333333333
absolute,Per period 7d,Both,35603C,intermittent,0.0017425650557620818,0.8333333333333334
absolute,Per period 14d,Both,35603C,intermittent,0.0013940520446096654,0.9230769230769231
absolute,Per period 28d,Both,35603C,intermittent,0.0013940520446096654,0.9230769230769231
absolute,Per period 56d,Both,35603C,intermittent,0.0011617100371747212,0.7142857142857143
absolute,Min/Max,Both,35603C,intermittent,0.0026719330855018587,0.7666666666666667
absolute,SP Part Period Balancing,SAP only,35603C,intermittent,0.0,0.0
absolute,WI Sliding Economic Lot Size,SAP only,35603C,intermittent,0.0,0.0
absolute,DY Dynamic Planning Calculation,SAP only,35603C,intermittent,0.0,0.0
absolute,GR Groff Reorder Procedure,SAP only,35603C,intermittent,0.0013940520446096654,0.8
absolute,Calendar bucket 7d,SAP only,35603C,intermittent,0.0016263940520446097,0.875
absolute,Calendar bucket 28d,SAP only,35603C,intermittent,0.0011617100371747212,0.8333333333333334
absolute,Short 7d / long 28d,SAP only,35603C,intermittent,0.0017425650557620818,0.8333333333333334
absolute,Short 7d / long 56d,SAP only,35603C,intermittent,0.0016263940520446097,0.9333333333333333
absolute,Per requirement,Both,90175D,intermittent,0.009758364312267658,0.20537897310513448
absolute,Per period 7d,Both,90175D,intermittent,0.006854089219330855,0.17771084337349397
absolute,Per period 14d,Both,90175D,intermittent,0.008015799256505576,0.2816326530612245
absolute,Per period 28d,Both,90175D,intermittent,0.006157063197026022,0.27461139896373055
absolute,Per period 56d,Both,90175D,intermittent,0.009177509293680297,0.632
absolute,Min/Max,Both,90175D,intermittent,0.01324349442379182,0.7755102040816326
absolute,SP Part Period Balancing,SAP only,90175D,intermittent,0.011036245353159852,0.7251908396946565
absolute,WI Sliding Economic Lot Size,SAP only,90175D,intermittent,0.009990706319702601,0.7962962962962963
absolute,DY Dynamic Planning Calculation,SAP only,90175D,intermittent,0.00546003717472119,0.7833333333333333
absolute,GR Groff Reorder Procedure,SAP only,90175D,intermittent,0.009990706319702601,0.38392857142857145
absolute,Calendar bucket 7d,SAP only,90175D,intermittent,0.009177509293680297,0.22701149425287356
absolute,Calendar bucket 28d,SAP only,90175D,intermittent,0.0070864312267657995,0.27601809954751133
absolute,Short 7d / long 28d,SAP only,90175D,intermittent,0.01928438661710037,0.5928571428571429
absolute,Short 7d / long 56d,SAP only,90175D,intermittent,0.017890334572490705,0.7298578199052133
absolute,Per requirement,Both,84906,intermittent,0.015683085501858735,0.5018587360594795
absolute,Per period 7d,Both,84906,intermittent,0.01150092936802974,0.515625
absolute,Per period 14d,Both,84906,intermittent,0.009642193308550186,0.4853801169590643
absolute,Per period 28d,Both,84906,intermittent,0.00929368029739777,0.6611570247933884
absolute,Per period 56d,Both,84906,intermittent,0.006389405204460966,0.6395348837209303
absolute,Min/Max,Both,84906,intermittent,0.013592007434944238,0.7905405405405406
absolute,SP Part Period Balancing,SAP only,84906,intermittent,0.008248141263940521,0.8452380952380952
absolute,WI Sliding Economic Lot Size,SAP only,84906,intermittent,0.007783457249070632,0.8170731707317073
absolute,DY Dynamic Planning Calculation,SAP only,84906,intermittent,0.00766728624535316,0.8461538461538461
absolute,GR Groff Reorder Procedure,SAP only,84906,intermittent,0.011617100371747211,0.6369426751592356
absolute,Calendar bucket 7d,SAP only,84906,intermittent,0.012778810408921933,0.4489795918367347
absolute,Calendar bucket 28d,SAP only,84906,intermittent,0.009409851301115242,0.5664335664335665
absolute,Short 7d / long 28d,SAP only,84906,intermittent,0.018471189591078067,0.8368421052631579
absolute,Short 7d / long 56d,SAP only,84906,intermittent,0.013475836431226766,0.8
absolute,Per requirement,Both,90014C,intermittent,0.0055762081784386614,0.22966507177033493
absolute,Per period 7d,Both,90014C,intermittent,0.00383364312267658,0.21019108280254778
absolute,Per period 14d,Both,90014C,intermittent,0.004646840148698885,0.30303030303030304
absolute,Per period 28d,Both,90014C,intermittent,0.005343866171003717,0.40707964601769914
absolute,Per period 56d,Both,90014C,intermittent,0.0034851301115241635,0.32967032967032966
absolute,Min/Max,Both,90014C,intermittent,0.008828996282527882,0.59375
absolute,SP Part Period Balancing,SAP only,90014C,intermittent,0.006505576208178439,0.6292134831460674
absolute,WI Sliding Economic Lot Size,SAP only,90014C,intermittent,0.004879182156133829,0.6666666666666666
absolute,DY Dynamic Planning Calculation,SAP only,90014C,intermittent,0.004414498141263941,0.6909090909090909
absolute,GR Groff Reorder Procedure,SAP only,90014C,intermittent,0.007202602230483271,0.43356643356643354
absolute,Calendar bucket 7d,SAP only,90014C,intermittent,0.00383364312267658,0.19298245614035087
absolute,Calendar bucket 28d,SAP only,90014C,intermittent,0.005111524163568773,0.3333333333333333
absolute,Short 7d / long 28d,SAP only,90014C,intermittent,0.009990706319702601,0.5620915032679739
absolute,Short 7d / long 56d,SAP only,90014C,intermittent,0.008015799256505576,0.5390625
absolute,Per requirement,Both,90139,intermittent,0.00034851301115241634,1.0
absolute,Per period 7d,Both,90139,intermittent,0.00023234200743494423,1.0
absolute,Per period 14d,Both,90139,intermittent,0.00023234200743494423,1.0
absolute,Per period 28d,Both,90139,intermittent,0.00023234200743494423,1.0
absolute,Per period 56d,Both,90139,intermittent,0.00011617100371747211,1.0
absolute,Min/Max,Both,90139,intermittent,0.00034851301115241634,1.0
absolute,SP Part Period Balancing,SAP only,90139,intermittent,0.00011617100371747211,1.0
absolute,WI Sliding Economic Lot Size,SAP only,90139,intermittent,0.00011617100371747211,1.0
absolute,DY Dynamic Planning Calculation,SAP only,90139,intermittent,0.0,0.0
absolute,GR Groff Reorder Procedure,SAP only,90139,intermittent,0.00023234200743494423,1.0
absolute,Calendar bucket 7d,SAP only,90139,intermittent,0.00023234200743494423,1.0
absolute,Calendar bucket 28d,SAP only,90139,intermittent,0.00023234200743494423,1.0
absolute,Short 7d / long 28d,SAP only,90139,intermittent,0.00023234200743494423,1.0
absolute,Short 7d / long 56d,SAP only,90139,intermittent,0.00023234200743494423,1.0
absolute,Per requirement,Both,90027C,intermittent,0.0025557620817843866,0.16541353383458646
absolute,Per period 7d,Both,90027C,intermittent,0.0017425650557620818,0.1171875
absolute,Per period 14d,Both,90027C,intermittent,0.002904275092936803,0.2336448598130841
absolute,Per period 28d,Both,90027C,intermittent,0.0022072490706319704,0.22093023255813954
absolute,Per period 56d,Both,90027C,intermittent,0.002091078066914498,0.24
absolute,Min/Max,Both,90027C,intermittent,0.004763011152416357,0.43157894736842106
absolute,SP Part Period Balancing,SAP only,90027C,intermittent,0.0026719330855018587,0.5348837209302325
absolute,WI Sliding Economic Lot Size,SAP only,90027C,intermittent,0.0008131970260223048,0.5833333333333334
absolute,DY Dynamic Planning Calculation,SAP only,90027C,intermittent,0.00011617100371747211,0.06666666666666667
absolute,GR Groff Reorder Procedure,SAP only,90027C,intermittent,0.0018587360594795538,0.1927710843373494
absolute,Calendar bucket 7d,SAP only,90027C,intermittent,0.0017425650557620818,0.1171875
absolute,Calendar bucket 28d,SAP only,90027C,intermittent,0.0030204460966542753,0.2653061224489796
absolute,Short 7d / long 28d,SAP only,90027C,intermittent,0.006505576208178439,0.4666666666666667
absolute,Short 7d / long 56d,SAP only,90027C,intermittent,0.004182156133828996,0.34285714285714286
absolute,Per requirement,Both,22957,intermittent,0.09526022304832714,0.7992202729044834
absolute,Per period 7d,Both,22957,intermittent,0.0262546468401487,0.9377593360995851
absolute,Per period 14d,Both,22957,intermittent,0.015683085501858735,0.9121621621621622
absolute,Per period 28d,Both,22957,intermittent,0.010223048327137546,0.9361702127659575
absolute,Per period 56d,Both,22957,intermittent,0.00662174721189591,0.8636363636363636
absolute,Min/Max,Both,22957,intermittent,0.03612918215613383,0.9967948717948718
absolute,SP Part Period Balancing,SAP only,22957,intermittent,0.024860594795539034,0.9683257918552036
absolute,WI Sliding Economic Lot Size,SAP only,22957,intermittent,0.027881040892193308,0.9795918367346939
absolute,DY Dynamic Planning Calculation,SAP only,22957,intermittent,0.014986059479553903,0.9699248120300752
absolute,GR Groff Reorder Procedure,SAP only,22957,intermittent,0.024163568773234202,0.9541284403669725
absolute,Calendar bucket 7d,SAP only,22957,intermittent,0.02474442379182156,0.9638009049773756
absolute,Calendar bucket 28d,SAP only,22957,intermittent,0.010455390334572491,0.8823529411764706
absolute,Short 7d / long 28d,SAP only,22957,intermittent,0.015683085501858735,0.9854014598540146
absolute,Short 7d / long 56d,SAP only,22957,intermittent,0.009758364312267658,0.8842105263157894
absolute,Per requirement,Both,90065B,intermittent,0.0018587360594795538,0.26229508196721313
absolute,Per period 7d,Both,90065B,intermittent,0.0015102230483271376,0.21666666666666667
absolute,Per period 14d,Both,90065B,intermittent,0.0017425650557620818,0.2459016393442623
absolute,Per period 28d,Both,90065B,intermittent,0.002091078066914498,0.2903225806451613
absolute,Per period 56d,Both,90065B,intermittent,0.00011617100371747211,1.0
absolute,Min/Max,Both,90065B,intermittent,0.0026719330855018587,0.6216216216216216
absolute,SP Part Period Balancing,SAP only,90065B,intermittent,0.00011617100371747211,1.0
absolute,WI Sliding Economic Lot Size,SAP only,90065B,intermittent,0.00011617100371747211,1.0
absolute,DY Dynamic Planning Calculation,SAP only,90065B,intermittent,0.0,0.0
absolute,GR Groff Reorder Procedure,SAP only,90065B,intermittent,0.0018587360594795538,0.2807017543859649
absolute,Calendar bucket 7d,SAP only,90065B,intermittent,0.0015102230483271376,0.21666666666666667
absolute,Calendar bucket 28d,SAP only,90065B,intermittent,0.0018587360594795538,0.26666666666666666
absolute,Short 7d / long 28d,SAP only,90065B,intermittent,0.0013940520446096654,0.2033898305084746
absolute,Short 7d / long 56d,SAP only,90065B,intermittent,0.0027881040892193307,0.4067796610169492
absolute,Per requirement,Both,23047,intermittent,0.013592007434944238,0.3952702702702703
absolute,Per period 7d,Both,23047,intermittent,0.011617100371747211,0.5128205128205128
absolute,Per period 14d,Both,23047,intermittent,0.009409851301115242,0.6328125
absolute,Per period 28d,Both,23047,intermittent,0.0070864312267657995,0.7011494252873564
absolute,Per period 56d,Both,23047,intermittent,0.006389405204460966,0.8870967741935484
absolute,Min/Max,Both,23047,intermittent,0.01974907063197026,0.821256038647343
absolute,SP Part Period Balancing,SAP only,23047,intermittent,0.008131970260223048,0.9090909090909091
absolute,WI Sliding Economic Lot Size,SAP only,23047,intermittent,0.006389405204460966,0.7333333333333333
absolute,DY Dynamic Planning Calculation,SAP only,23047,intermittent,0.004298327137546468,0.9736842105263158
absolute,GR Groff Reorder Procedure,SAP only,23047,intermittent,0.010803903345724907,0.8378378378378378
absolute,Calendar bucket 7d,SAP only,23047,intermittent,0.01150092936802974,0.4248927038626609
absolute,Calendar bucket 28d,SAP only,23047,intermittent,0.007434944237918215,0.64
absolute,Short 7d / long 28d,SAP only,23047,intermittent,0.017193308550185873,0.9192546583850931
absolute,Short 7d / long 56d,SAP only,23047,intermittent,0.011152416356877323,0.9142857142857143
absolute,Per requirement,Both,90003C,intermittent,0.008364312267657992,0.1951219512195122
absolute,Per period 7d,Both,90003C,intermittent,0.00766728624535316,0.22602739726027396
absolute,Per period 14d,Both,90003C,intermittent,0.008828996282527882,0.3333333333333333
absolute,Per period 28d,Both,90003C,intermittent,0.00766728624535316,0.4125
absolute,Per period 56d,Both,90003C,intermittent,0.008364312267657992,0.5179856115107914
absolute,Min/Max,Both,90003C,intermittent,0.015683085501858735,0.7336956521739131
absolute,SP Part Period Balancing,SAP only,90003C,intermittent,0.008945167286245352,0.8369565217391305
absolute,WI Sliding Economic Lot Size,SAP only,90003C,intermittent,0.007202602230483271,0.8611111111111112
absolute,DY Dynamic Planning Calculation,SAP only,90003C,intermittent,0.0037174721189591076,0.6808510638297872
absolute,GR Groff Reorder Procedure,SAP only,90003C,intermittent,0.011152416356877323,0.5783132530120482
absolute,Calendar bucket 7d,SAP only,90003C,intermittent,0.009061338289962825,0.2653061224489796
absolute,Calendar bucket 28d,SAP only,90003C,intermittent,0.007783457249070632,0.3059360730593607
absolute,Short 7d / long 28d,SAP only,90003C,intermittent,0.017657992565055763,0.5914396887159533
absolute,Short 7d / long 56d,SAP only,90003C,intermittent,0.015450743494423791,0.6927083333333334
absolute,Per requirement,Both,17084A,intermittent,0.022885687732342008,0.9248826291079812
absolute,Per period 7d,Both,17084A,intermittent,0.020910780669144983,0.9375
absolute,Per period 14d,Both,17084A,intermittent,0.019865241635687734,0.9293478260869565
absolute,Per period 28d,Both,17084A,intermittent,0.015102230483271376,0.935251798561151
absolute,Per period 56d,Both,17084A,intermittent,0.012430297397769517,0.963963963963964
absolute,Min/Max,Both,17084A,intermittent,0.01475371747211896,0.9338235294117647
absolute,SP Part Period Balancing,SAP only,17084A,intermittent,0.00929368029739777,0.975609756097561
absolute,WI Sliding Economic Lot Size,SAP only,17084A,intermittent,0.007783457249070632,0.9571428571428572
absolute,DY Dynamic Planning Calculation,SAP only,17084A,intermittent,0.0034851301115241635,0.9375
absolute,GR Groff Reorder Procedure,SAP only,17084A,intermittent,0.016496282527881042,0.9726027397260274
absolute,Calendar bucket 7d,SAP only,17084A,intermittent,0.021491635687732342,0.9024390243902439
absolute,Calendar bucket 28d,SAP only,17084A,intermittent,0.017890334572490705,0.9390243902439024
absolute,Short 7d / long 28d,SAP only,17084A,intermittent,0.020562267657992565,0.9414893617021277
absolute,Short 7d / long 56d,SAP only,17084A,intermittent,0.01638011152416357,0.9215686274509803
absolute,Per requirement,Both,90123A,intermittent,0.007318773234200744,0.3181818181818182
absolute,Per period 7d,Both,90123A,intermittent,0.008131970260223048,0.43209876543209874
absolute,Per period 14d,Both,90123A,intermittent,0.006854089219330855,0.46825396825396826
absolute,Per period 28d,Both,90123A,intermittent,0.006389405204460966,0.4824561403508772
absolute,Per period 56d,Both,90123A,intermittent,0.00662174721189591,0.5533980582524272
absolute,Min/Max,Both,90123A,intermittent,0.007783457249070632,0.6090909090909091
absolute,SP Part Period Balancing,SAP only,90123A,intermittent,0.006273234200743495,0.84375
absolute,WI Sliding Economic Lot Size,SAP only,90123A,intermittent,0.006389405204460966,0.7971014492753623
absolute,DY Dynamic Planning Calculation,SAP only,90123A,intermittent,0.005343866171003717,0.9387755102040817
absolute,GR Groff Reorder Procedure,SAP only,90123A,intermittent,0.009177509293680297,0.5851851851851851
absolute,Calendar bucket 7d,SAP only,90123A,intermittent,0.007434944237918215,0.4
absolute,Calendar bucket 28d,SAP only,90123A,intermittent,0.006389405204460966,0.40145985401459855
absolute,Short 7d / long 28d,SAP only,90123A,intermittent,0.009758364312267658,0.5714285714285714
absolute,Short 7d / long 56d,SAP only,90123A,intermittent,0.009177509293680297,0.6076923076923076
absolute,Per requirement,Both,90124A,intermittent,0.0045306691449814125,0.18571428571428572
absolute,Per period 7d,Both,90124A,intermittent,0.0070864312267657995,0.32620320855614976
absolute,Per period 14d,Both,90124A,intermittent,0.004763011152416357,0.2733333333333333
absolute,Per period 28d,Both,90124A,intermittent,0.005808550185873606,0.4807692307692308
absolute,Per period 56d,Both,90124A,intermittent,0.005343866171003717,0.5542168674698795
absolute,Min/Max,Both,90124A,intermittent,0.007318773234200744,0.5478260869565217
absolute,SP Part Period Balancing,SAP only,90124A,intermittent,0.0055762081784386614,0.5393258426966292
absolute,WI Sliding Economic Lot Size,SAP only,90124A,intermittent,0.0055762081784386614,0.6075949367088608
absolute,DY Dynamic Planning Calculation,SAP only,90124A,intermittent,0.004298327137546468,0.5692307692307692
absolute,GR Groff Reorder Procedure,SAP only,90124A,intermittent,0.007783457249070632,0.46206896551724136
absolute,Calendar bucket 7d,SAP only,90124A,intermittent,0.006273234200743495,0.2727272727272727
absolute,Calendar bucket 28d,SAP only,90124A,intermittent,0.0045306691449814125,0.325
absolute,Short 7d / long 28d,SAP only,90124A,intermittent,0.012197955390334572,0.6287425149700598
absolute,Short 7d / long 56d,SAP only,90124A,intermittent,0.010106877323420074,0.6492537313432836
absolute,Per requirement,Both,37506,intermittent,0.004414498141263941,0.15833333333333333
absolute,Per period 7d,Both,37506,intermittent,0.0055762081784386614,0.26373626373626374
absolute,Per period 14d,Both,37506,intermittent,0.004646840148698885,0.3389830508474576
absolute,Per period 28d,Both,37506,intermittent,0.004879182156133829,0.5526315789473685
absolute,Per period 56d,Both,37506,intermittent,0.004763011152416357,0.8367346938775511
absolute,Min/Max,Both,37506,intermittent,0.009061338289962825,0.5777777777777777
absolute,SP Part Period Balancing,SAP only,37506,intermittent,0.004182156133828996,0.7058823529411765
absolute,WI Sliding Economic Lot Size,SAP only,37506,intermittent,0.004414498141263941,0.7916666666666666
absolute,DY Dynamic Planning Calculation,SAP only,37506,intermittent,0.0015102230483271376,0.9285714285714286
absolute,GR Groff Reorder Procedure,SAP only,37506,intermittent,0.007899628252788104,0.6868686868686869
absolute,Calendar bucket 7d,SAP only,37506,intermittent,0.004763011152416357,0.1889400921658986
absolute,Calendar bucket 28d,SAP only,37506,intermittent,0.004995353159851301,0.5119047619047619
absolute,Short 7d / long 28d,SAP only,37506,intermittent,0.01486988847583643,0.8648648648648649
absolute,Short 7d / long 56d,SAP only,37506,intermittent,0.009409851301115242,0.8617021276595744
absolute,Per requirement,Both,90024D,intermittent,0.0024395910780669145,0.19626168224299065
absolute,Per period 7d,Both,90024D,intermittent,0.0022072490706319704,0.1792452830188679
absolute,Per period 14d,Both,90024D,intermittent,0.002091078066914498,0.1956521739130435
absolute,Per period 28d,Both,90024D,intermittent,0.0025557620817843866,0.26506024096385544
absolute,Per period 56d,Both,90024D,intermittent,0.001974907063197026,0.24285714285714285
absolute,Min/Max,Both,90024D,intermittent,0.004065985130111524,0.5833333333333334
absolute,SP Part Period Balancing,SAP only,90024D,intermittent,0.002091078066914498,0.32142857142857145
absolute,WI Sliding Economic Lot Size,SAP only,90024D,intermittent,0.0022072490706319704,0.4634146341463415
absolute,DY Dynamic Planning Calculation,SAP only,90024D,intermittent,0.002091078066914498,0.5454545454545454
absolute,GR Groff Reorder Procedure,SAP only,90024D,intermittent,0.0034851301115241635,0.3157894736842105
absolute,Calendar bucket 7d,SAP only,90024D,intermittent,0.0025557620817843866,0.20754716981132076
absolute,Calendar bucket 28d,SAP only,90024D,intermittent,0.0026719330855018587,0.25
absolute,Short 7d / long 28d,SAP only,90024D,intermittent,0.004182156133828996,0.3673469387755102
absolute,Short 7d / long 56d,SAP only,90024D,intermittent,0.004763011152416357,0.47126436781609193
absolute,Per requirement,Both,90064B,intermittent,0.0037174721189591076,0.24806201550387597
absolute,Per period 7d,Both,90064B,intermittent,0.004995353159851301,0.3706896551724138
absolute,Per period 14d,Both,90064B,intermittent,0.004646840148698885,0.3883495145631068
absolute,Per period 28d,Both,90064B,intermittent,0.004763011152416357,0.39805825242718446
absolute,Per period 56d,Both,90064B,intermittent,0.004879182156133829,0.6363636363636364
absolute,Min/Max,Both,90064B,intermittent,0.006970260223048327,0.5555555555555556
absolute,SP Part Period Balancing,SAP only,90064B,intermittent,0.005343866171003717,0.8518518518518519
absolute,WI Sliding Economic Lot Size,SAP only,90064B,intermittent,0.0013940520446096654,0.8571428571428571
absolute,DY Dynamic Planning Calculation,SAP only,90064B,intermittent,0.0024395910780669145,0.7
absolute,GR Groff Reorder Procedure,SAP only,90064B,intermittent,0.004065985130111524,0.33980582524271846
absolute,Calendar bucket 7d,SAP only,90064B,intermittent,0.0031366171003717473,0.20930232558139536
absolute,Calendar bucket 28d,SAP only,90064B,intermittent,0.004414498141263941,0.3275862068965517
absolute,Short 7d / long 28d,SAP only,90064B,intermittent,0.006157063197026022,0.452991452991453
absolute,Short 7d / long 56d,SAP only,90064B,intermittent,0.006854089219330855,0.5619047619047619
absolute,Per requirement,Both,90035A,intermittent,0.0036013011152416356,0.30392156862745096
absolute,Per period 7d,Both,90035A,intermittent,0.0036013011152416356,0.3333333333333333
absolute,Per period 14d,Both,90035A,intermittent,0.004065985130111524,0.38461538461538464
absolute,Per period 28d,Both,90035A,intermittent,0.0032527881040892194,0.4057971014492754
absolute,Per period 56d,Both,90035A,intermittent,0.0031366171003717473,0.6428571428571429
absolute,Min/Max,Both,90035A,intermittent,0.006157063197026022,0.6883116883116883
absolute,SP Part Period Balancing,SAP only,90035A,intermittent,0.004298327137546468,0.7708333333333334
absolute,WI Sliding Economic Lot Size,SAP only,90035A,intermittent,0.0022072490706319704,0.5588235294117647
absolute,DY Dynamic Planning Calculation,SAP only,90035A,intermittent,0.0025557620817843866,0.7333333333333333
absolute,GR Groff Reorder Procedure,SAP only,90035A,intermittent,0.0045306691449814125,0.527027027027027
absolute,Calendar bucket 7d,SAP only,90035A,intermittent,0.0033689591078066915,0.32222222222222224
absolute,Calendar bucket 28d,SAP only,90035A,intermittent,0.0030204460966542753,0.3466666666666667
absolute,Short 7d / long 28d,SAP only,90035A,intermittent,0.0060408921933085506,0.5652173913043478
absolute,Short 7d / long 56d,SAP only,90035A,intermittent,0.004763011152416357,0.5466666666666666
absolute,Per requirement,Both,22157,intermittent,0.07016728624535316,0.84593837535014
absolute,Per period 7d,Both,22157,intermittent,0.02730018587360595,0.9915611814345991
absolute,Per period 14d,Both,22157,intermittent,0.015450743494423791,0.9925373134328358
absolute,Per period 28d,Both,22157,intermittent,0.010106877323420074,1.0
absolute,Per period 56d,Both,22157,intermittent,0.006157063197026022,0.9636363636363636
absolute,Min/Max,Both,22157,intermittent,0.03171468401486989,0.9963503649635036
absolute,SP Part Period Balancing,SAP only,22157,intermittent,0.01475371747211896,0.9769230769230769
absolute,WI Sliding Economic Lot Size,SAP only,22157,intermittent,0.013359665427509293,1.0
absolute,DY Dynamic Planning Calculation,SAP only,22157,intermittent,0.007783457249070632,0.9710144927536232
absolute,GR Groff Reorder Procedure,SAP only,22157,intermittent,0.019981412639405203,0.9942196531791907
absolute,Calendar bucket 7d,SAP only,22157,intermittent,0.025441449814126393,0.9776785714285714
absolute,Calendar bucket 28d,SAP only,22157,intermittent,0.011152416356877323,0.9896907216494846
absolute,Short 7d / long 28d,SAP only,22157,intermittent,0.016263940520446097,0.9859154929577465
absolute,Short 7d / long 56d,SAP only,22157,intermittent,0.011268587360594795,0.9897959183673469
absolute,Per requirement,Both,20837,intermittent,0.018471189591078067,0.8368421052631579
absolute,Per period 7d,Both,20837,intermittent,0.01428903345724907,0.8661971830985915
absolute,Per period 14d,Both,20837,intermittent,0.01312732342007435,0.8828125
absolute,Per period 28d,Both,20837,intermittent,0.009758364312267658,0.8316831683168316
absolute,Per period 56d,Both,20837,intermittent,0.00766728624535316,0.8918918918918919
absolute,Min/Max,Both,20837,intermittent,0.015566914498141264,0.9305555555555556
absolute,SP Part Period Balancing,SAP only,20837,intermittent,0.0060408921933085506,0.9629629629629629
absolute,WI Sliding Economic Lot Size,SAP only,20837,intermittent,0.006854089219330855,0.9516129032258065
absolute,DY Dynamic Planning Calculation,SAP only,20837,intermittent,0.004879182156133829,0.9767441860465116
absolute,GR Groff Reorder Procedure,SAP only,20837,intermittent,0.011965613382899629,0.8879310344827587
absolute,Calendar bucket 7d,SAP only,20837,intermittent,0.01486988847583643,0.8366013071895425
absolute,Calendar bucket 28d,SAP only,20837,intermittent,0.013011152416356878,0.8818897637795275
absolute,Short 7d / long 28d,SAP only,20837,intermittent,0.013824349442379182,0.9015151515151515
absolute,Short 7d / long 56d,SAP only,20837,intermittent,0.011152416356877323,0.8571428571428571
absolute,Per requirement,Both,90187B,intermittent,0.005227695167286246,0.29411764705882354
absolute,Per period 7d,Both,90187B,intermittent,0.0027881040892193307,0.17142857142857143
absolute,Per period 14d,Both,90187B,intermittent,0.0037174721189591076,0.25
absolute,Per period 28d,Both,90187B,intermittent,0.004995353159851301,0.5375
absolute,Per period 56d,Both,90187B,intermittent,0.004065985130111524,0.5
absolute,Min/Max,Both,90187B,intermittent,0.00546003717472119,0.5053763440860215
absolute,SP Part Period Balancing,SAP only,90187B,intermittent,0.0032527881040892194,0.6222222222222222
absolute,WI Sliding Economic Lot Size,SAP only,90187B,intermittent,0.0055762081784386614,0.8421052631578947
absolute,DY Dynamic Planning Calculation,SAP only,90187B,intermittent,0.0037174721189591076,0.8888888888888888
absolute,GR Groff Reorder Procedure,SAP only,90187B,intermittent,0.006273234200743495,0.4954128440366973
absolute,Calendar bucket 7d,SAP only,90187B,intermittent,0.004298327137546468,0.2642857142857143
absolute,Calendar bucket 28d,SAP only,90187B,intermittent,0.004182156133828996,0.28125
absolute,Short 7d / long 28d,SAP only,90187B,intermittent,0.007202602230483271,0.4732824427480916
absolute,Short 7d / long 56d,SAP only,90187B,intermittent,0.006389405204460966,0.49107142857142855
absolute,Per requirement,Both,21277,intermittent,0.009061338289962825,0.14634146341463414
absolute,Per period 7d,Both,21277,intermittent,0.006970260223048327,0.16483516483516483
absolute,Per period 14d,Both,21277,intermittent,0.009177509293680297,0.265993265993266
absolute,Per period 28d,Both,21277,intermittent,0.013940520446096654,0.5633802816901409
absolute,Per period 56d,Both,21277,intermittent,0.012314126394052044,0.7162162162162162
absolute,Min/Max,Both,21277,intermittent,0.02300185873605948,0.7644787644787645
absolute,SP Part Period Balancing,SAP only,21277,intermittent,0.01428903345724907,0.6542553191489362
absolute,WI Sliding Economic Lot Size,SAP only,21277,intermittent,0.015566914498141264,0.7282608695652174
absolute,DY Dynamic Planning Calculation,SAP only,21277,intermittent,0.01370817843866171,0.7612903225806451
absolute,GR Groff Reorder Procedure,SAP only,21277,intermittent,0.016031598513011152,0.3942857142857143
absolute,Calendar bucket 7d,SAP only,21277,intermittent,0.008131970260223048,0.14583333333333334
absolute,Calendar bucket 28d,SAP only,21277,intermittent,0.011152416356877323,0.36363636363636365
absolute,Short 7d / long 28d,SAP only,21277,intermittent,0.03380576208178439,0.8151260504201681
absolute,Short 7d / long 56d,SAP only,21277,intermittent,0.02404739776951673,0.8214285714285714
absolute,Per requirement,Both,90197B,intermittent,0.008248141263940521,0.18251928020565553
absolute,Per period 7d,Both,90197B,intermittent,0.008480483271375464,0.29554655870445345
absolute,Per period 14d,Both,90197B,intermittent,0.008248141263940521,0.36787564766839376
absolute,Per period 28d,Both,90197B,intermittent,0.008015799256505576,0.5348837209302325
absolute,Per period 56d,Both,90197B,intermittent,0.006273234200743495,0.5869565217391305
absolute,Min/Max,Both,90197B,intermittent,0.016844795539033456,0.8055555555555556
absolute,SP Part Period Balancing,SAP only,90197B,intermittent,0.006389405204460966,0.7432432432432432
absolute,WI Sliding Economic Lot Size,SAP only,90197B,intermittent,0.007783457249070632,0.8072289156626506
absolute,DY Dynamic Planning Calculation,SAP only,90197B,intermittent,0.0033689591078066915,0.8055555555555556
absolute,GR Groff Reorder Procedure,SAP only,90197B,intermittent,0.010106877323420074,0.554140127388535
absolute,Calendar bucket 7d,SAP only,90197B,intermittent,0.00871282527881041,0.25252525252525254
absolute,Calendar bucket 28d,SAP only,90197B,intermittent,0.008828996282527882,0.4175824175824176
absolute,Short 7d / long 28d,SAP only,90197B,intermittent,0.02242100371747212,0.8318965517241379
absolute,Short 7d / long 56d,SAP only,90197B,intermittent,0.016263940520446097,0.8433734939759037
absolute,Per requirement,Both,84563B,intermittent,0.02358271375464684,0.32689210950080516
absolute,Per period 7d,Both,84563B,intermittent,0.021026951672862452,0.5098591549295775
absolute,Per period 14d,Both,84563B,intermittent,0.017309479553903346,0.5068027210884354
absolute,Per period 28d,Both,84563B,intermittent,0.014986059479553903,0.6789473684210526
absolute,Per period 56d,Both,84563B,intermittent,0.011965613382899629,0.8174603174603174
absolute,Min/Max,Both,84563B,intermittent,0.02474442379182156,0.8223938223938224
absolute,SP Part Period Balancing,SAP only,84563B,intermittent,0.012778810408921933,0.8461538461538461
absolute,WI Sliding Economic Lot Size,SAP only,84563B,intermittent,0.012430297397769517,0.8916666666666667
absolute,DY Dynamic Planning Calculation,SAP only,84563B,intermittent,0.007202602230483271,0.9253731343283582
absolute,GR Groff Reorder Procedure,SAP only,84563B,intermittent,0.024163568773234202,0.7938931297709924
absolute,Calendar bucket 7d,SAP only,84563B,intermittent,0.02253717472118959,0.5257452574525745
absolute,Calendar bucket 28d,SAP only,84563B,intermittent,0.015566914498141264,0.5775862068965517
absolute,Short 7d / long 28d,SAP only,84563B,intermittent,0.029855947955390334,0.8831615120274914
absolute,Short 7d / long 56d,SAP only,84563B,intermittent,0.019981412639405203,0.8911917098445595
absolute,Per requirement,Both,90016B,intermittent,0.005924721189591078,0.14782608695652175
absolute,Per period 7d,Both,90016B,intermittent,0.005692379182156134,0.175
absolute,Per period 14d,Both,90016B,intermittent,0.00766728624535316,0.25680933852140075
absolute,Per period 28d,Both,90016B,intermittent,0.0070864312267657995,0.3765432098765432
absolute,Per period 56d,Both,90016B,intermittent,0.008015799256505576,0.5476190476190477
absolute,Min/Max,Both,90016B,intermittent,0.014521375464684015,0.6906077348066298
absolute,SP Part Period Balancing,SAP only,90016B,intermittent,0.009526022304832713,0.7454545454545455
absolute,WI Sliding Economic Lot Size,SAP only,90016B,intermittent,0.005692379182156134,0.6901408450704225
absolute,DY Dynamic Planning Calculation,SAP only,90016B,intermittent,0.004763011152416357,0.8367346938775511
absolute,GR Groff Reorder Procedure,SAP only,90016B,intermittent,0.010455390334572491,0.379746835443038
absolute,Calendar bucket 7d,SAP only,90016B,intermittent,0.004879182156133829,0.13166144200626959
absolute,Calendar bucket 28d,SAP only,90016B,intermittent,0.006157063197026022,0.25
absolute,Short 7d / long 28d,SAP only,90016B,intermittent,0.021723977695167287,0.7110266159695817
absolute,Short 7d / long 56d,SAP only,90016B,intermittent,0.01533457249070632,0.6666666666666666
absolute,Per requirement,Both,90023,intermittent,0.004646840148698885,0.20618556701030927
absolute,Per period 7d,Both,90023,intermittent,0.005227695167286246,0.26627218934911245
absolute,Per period 14d,Both,90023,intermittent,0.006157063197026022,0.3464052287581699
absolute,Per period 28d,Both,90023,intermittent,0.005227695167286246,0.3543307086614173
absolute,Per period 56d,Both,90023,intermittent,0.005924721189591078,0.53125
absolute,Min/Max,Both,90023,intermittent,0.00929368029739777,0.6779661016949152
absolute,SP Part Period Balancing,SAP only,90023,intermittent,0.004646840148698885,0.6896551724137931
absolute,WI Sliding Economic Lot Size,SAP only,90023,intermittent,0.007318773234200744,0.8289473684210527
absolute,DY Dynamic Planning Calculation,SAP only,90023,intermittent,0.0027881040892193307,0.6486486486486487
absolute,GR Groff Reorder Procedure,SAP only,90023,intermittent,0.0060408921933085506,0.4094488188976378
absolute,Calendar bucket 7d,SAP only,90023,intermittent,0.005692379182156134,0.28994082840236685
absolute,Calendar bucket 28d,SAP only,90023,intermittent,0.004065985130111524,0.24647887323943662
absolute,Short 7d / long 28d,SAP only,90023,intermittent,0.009990706319702601,0.5512820512820513
absolute,Short 7d / long 56d,SAP only,90023,intermittent,0.009642193308550186,0.6434108527131783
absolute,Per requirement,Both,84711A,intermittent,0.009061338289962825,0.28888888888888886
absolute,Per period 7d,Both,84711A,intermittent,0.00929368029739777,0.36363636363636365
absolute,Per period 14d,Both,84711A,intermittent,0.006854089219330855,0.28502415458937197
absolute,Per period 28d,Both,84711A,intermittent,0.008596654275092937,0.4805194805194805
absolute,Per period 56d,Both,84711A,intermittent,0.008364312267657992,0.6545454545454545
absolute,Min/Max,Both,84711A,intermittent,0.01312732342007435,0.710691823899371
absolute,SP Part Period Balancing,SAP only,84711A,intermittent,0.010339219330855019,0.8018018018018018
absolute,WI Sliding Economic Lot Size,SAP only,84711A,intermittent,0.007551115241635688,0.7471264367816092
absolute,DY Dynamic Planning Calculation,SAP only,84711A,intermittent,0.007551115241635688,0.7065217391304348
absolute,GR Groff Reorder Procedure,SAP only,84711A,intermittent,0.011036245353159852,0.47029702970297027
absolute,Calendar bucket 7d,SAP only,84711A,intermittent,0.008364312267657992,0.32727272727272727
absolute,Calendar bucket 28d,SAP only,84711A,intermittent,0.008480483271375464,0.3945945945945946
absolute,Short 7d / long 28d,SAP only,84711A,intermittent,0.013940520446096654,0.594059405940594
absolute,Short 7d / long 56d,SAP only,84711A,intermittent,0.01266263940520446,0.6646341463414634
absolute,Per requirement,Both,16156L,intermittent,0.04356412639405204,0.9375
absolute,Per period 7d,Both,16156L,intermittent,0.03763940520446097,0.9501466275659824
absolute,Per period 14d,Both,16156L,intermittent,0.028694237918215612,0.96484375
absolute,Per period 28d,Both,16156L,intermittent,0.02427973977695167,0.9720930232558139
absolute,Per period 56d,Both,16156L,intermittent,0.018006505576208177,0.9748427672955975
absolute,Min/Max,Both,16156L,intermittent,0.025557620817843865,0.9865470852017937
absolute,SP Part Period Balancing,SAP only,16156L,intermittent,0.015102230483271376,0.9848484848484849
absolute,WI Sliding Economic Lot Size,SAP only,16156L,intermittent,0.012778810408921933,0.990990990990991
absolute,DY Dynamic Planning Calculation,SAP only,16156L,intermittent,0.009177509293680297,0.9875
absolute,GR Groff Reorder Procedure,SAP only,16156L,intermittent,0.026370817843866173,0.9497907949790795
absolute,Calendar bucket 7d,SAP only,16156L,intermittent,0.04112453531598513,0.9365079365079365
absolute,Calendar bucket 28d,SAP only,16156L,intermittent,0.028345724907063198,0.9494163424124513
absolute,Short 7d / long 28d,SAP only,16156L,intermittent,0.03519981412639405,0.9742765273311897
absolute,Short 7d / long 56d,SAP only,16156L,intermittent,0.026138475836431228,0.995575221238938
absolute,Per requirement,Both,22033,intermittent,0.10304368029739777,0.8115279048490394
absolute,Per period 7d,Both,22033,intermittent,0.05401951672862453,0.8925143953934741
absolute,Per period 14d,Both,22033,intermittent,0.03868494423791822,0.9123287671232877
absolute,Per period 28d,Both,22033,intermittent,0.026719330855018587,0.8914728682170543
absolute,Per period 56d,Both,22033,intermittent,0.017657992565055763,1.0
absolute,Min/Max,Both,22033,intermittent,0.035896840148698886,1.0
absolute,SP Part Period Balancing,SAP only,22033,intermittent,0.016728624535315983,0.9863013698630136
absolute,WI Sliding Economic Lot Size,SAP only,22033,intermittent,0.015799256505576207,0.9855072463768116
absolute,DY Dynamic Planning Calculation,SAP only,22033,intermittent,0.00546003717472119,0.9791666666666666
absolute,GR Groff Reorder Procedure,SAP only,22033,intermittent,0.030901486988847583,0.9300699300699301
absolute,Calendar bucket 7d,SAP only,22033,intermittent,0.062267657992565055,0.8830313014827018
absolute,Calendar bucket 28d,SAP only,22033,intermittent,0.02753252788104089,0.9221789883268483
absolute,Short 7d / long 28d,SAP only,22033,intermittent,0.04426115241635688,0.9621212121212122
absolute,Short 7d / long 56d,SAP only,22033,intermittent,0.02846189591078067,0.9496124031007752
absolute,Per requirement,Both,79534,intermittent,0.011036245353159852,0.7142857142857143
absolute,Per period 7d,Both,79534,intermittent,0.008828996282527882,0.7835051546391752
absolute,Per period 14d,Both,79534,intermittent,0.00987453531598513,0.8673469387755102
absolute,Per period 28d,Both,79534,intermittent,0.0070864312267657995,0.8591549295774648
absolute,Per period 56d,Both,79534,intermittent,0.0060408921933085506,0.9454545454545454
absolute,Min/Max,Both,79534,intermittent,0.009642193308550186,0.8469387755102041
absolute,SP Part Period Balancing,SAP only,79534,intermittent,0.0018587360594795538,0.9411764705882353
absolute,WI Sliding Economic Lot Size,SAP only,79534,intermittent,0.0,0.0
absolute,DY Dynamic Planning Calculation,SAP only,79534,intermittent,0.0,0.0
absolute,GR Groff Reorder Procedure,SAP only,79534,intermittent,0.008248141263940521,0.9102564102564102
absolute,Calendar bucket 7d,SAP only,79534,intermittent,0.009990706319702601,0.6935483870967742
absolute,Calendar bucket 28d,SAP only,79534,intermittent,0.009061338289962825,0.8041237113402062
absolute,Short 7d / long 28d,SAP only,79534,intermittent,0.011384758364312268,0.9074074074074074
absolute,Short 7d / long 56d,SAP only,79534,intermittent,0.009177509293680297,0.9186046511627907
absolute,Per requirement,Both,84816,intermittent,0.005924721189591078,0.21610169491525424
absolute,Per period 7d,Both,84816,intermittent,0.007551115241635688,0.3532608695652174
absolute,Per period 14d,Both,84816,intermittent,0.006505576208178439,0.32748538011695905
absolute,Per period 28d,Both,84816,intermittent,0.006273234200743495,0.39416058394160586
absolute,Per period 56d,Both,84816,intermittent,0.008015799256505576,0.6764705882352942
absolute,Min/Max,Both,84816,intermittent,0.00929368029739777,0.547945205479452
absolute,SP Part Period Balancing,SAP only,84816,intermittent,0.010455390334572491,0.5769230769230769
absolute,WI Sliding Economic Lot Size,SAP only,84816,intermittent,0.011152416356877323,0.732824427480916
absolute,DY Dynamic Planning Calculation,SAP only,84816,intermittent,0.010106877323420074,0.6041666666666666
absolute,GR Groff Reorder Procedure,SAP only,84816,intermittent,0.006157063197026022,0.28804347826086957
absolute,Calendar bucket 7d,SAP only,84816,intermittent,0.006273234200743495,0.2571428571428571
absolute,Calendar bucket 28d,SAP only,84816,intermittent,0.006970260223048327,0.32608695652173914
absolute,Short 7d / long 28d,SAP only,84816,intermittent,0.012081784386617101,0.5416666666666666
absolute,Short 7d / long 56d,SAP only,84816,intermittent,0.010687732342007435,0.6052631578947368
absolute,Per requirement,Both,22827,intermittent,0.010803903345724907,0.22518159806295399
absolute,Per period 7d,Both,22827,intermittent,0.009177509293680297,0.30739299610894943
absolute,Per period 14d,Both,22827,intermittent,0.011849442379182156,0.4322033898305085
absolute,Per period 28d,Both,22827,intermittent,0.010571561338289962,0.5870967741935483
absolute,Per period 56d,Both,22827,intermittent,0.008480483271375464,0.6952380952380952
absolute,Min/Max,Both,22827,intermittent,0.019865241635687734,0.7276595744680852
absolute,SP Part Period Balancing,SAP only,22827,intermittent,0.01475371747211896,0.450354609929078
absolute,WI Sliding Economic Lot Size,SAP only,22827,intermittent,0.017193308550185873,0.48366013071895425
absolute,DY Dynamic Planning Calculation,SAP only,22827,intermittent,0.013011152416356878,0.4226415094339623
absolute,GR Groff Reorder Procedure,SAP only,22827,intermittent,0.011268587360594795,0.3211920529801324
absolute,Calendar bucket 7d,SAP only,22827,intermittent,0.010106877323420074,0.25970149253731345
absolute,Calendar bucket 28d,SAP only,22827,intermittent,0.008596654275092937,0.40437158469945356
absolute,Short 7d / long 28d,SAP only,22827,intermittent,0.02404739776951673,0.8346774193548387
absolute,Short 7d / long 56d,SAP only,22827,intermittent,0.016496282527881042,0.8502994011976048
absolute,Per requirement,Both,90011A,intermittent,0.0006970260223048327,0.04477611940298507
absolute,Per period 7d,Both,90011A,intermittent,0.0005808550185873606,0.038461538461538464
absolute,Per period 14d,Both,90011A,intermittent,0.0012778810408921933,0.12359550561797752
absolute,Per period 28d,Both,90011A,intermittent,0.0032527881040892194,0.32558139534883723
absolute,Per period 56d,Both,90011A,intermittent,0.004298327137546468,0.4625
absolute,Min/Max,Both,90011A,intermittent,0.0026719330855018587,0.22115384615384615
absolute,SP Part Period Balancing,SAP only,90011A,intermittent,0.0017425650557620818,0.5
absolute,WI Sliding Economic Lot Size,SAP only,90011A,intermittent,0.0015102230483271376,0.5652173913043478
absolute,DY Dynamic Planning Calculation,SAP only,90011A,intermittent,0.0,0.0
absolute,GR Groff Reorder Procedure,SAP only,90011A,intermittent,0.001974907063197026,0.24285714285714285
absolute,Calendar bucket 7d,SAP only,90011A,intermittent,0.0022072490706319704,0.1484375
absolute,Calendar bucket 28d,SAP only,90011A,intermittent,0.0023234200743494425,0.21505376344086022
absolute,Short 7d / long 28d,SAP only,90011A,intermittent,0.006273234200743495,0.4864864864864865
absolute,Short 7d / long 56d,SAP only,90011A,intermittent,0.005692379182156134,0.5157894736842106
absolute,Per requirement,Both,90162D,intermittent,0.0055762081784386614,0.2926829268292683
absolute,Per period 7d,Both,90162D,intermittent,0.004879182156133829,0.328125
absolute,Per period 14d,Both,90162D,intermittent,0.004879182156133829,0.3620689655172414
absolute,Per period 28d,Both,90162D,intermittent,0.004414498141263941,0.4222222222222222
absolute,Per period 56d,Both,90162D,intermittent,0.005924721189591078,0.6538461538461539
absolute,Min/Max,Both,90162D,intermittent,0.008248141263940521,0.568
absolute,SP Part Period Balancing,SAP only,90162D,intermittent,0.006505576208178439,0.8484848484848485
absolute,WI Sliding Economic Lot Size,SAP only,90162D,intermittent,0.0037174721189591076,0.8
absolute,DY Dynamic Planning Calculation,SAP only,90162D,intermittent,0.004646840148698885,0.8695652173913043
absolute,GR Groff Reorder Procedure,SAP only,90162D,intermittent,0.0055762081784386614,0.5517241379310345
absolute,Calendar bucket 7d,SAP only,90162D,intermittent,0.005692379182156134,0.32450331125827814
absolute,Calendar bucket 28d,SAP only,90162D,intermittent,0.004879182156133829,0.45652173913043476
absolute,Short 7d / long 28d,SAP only,90162D,intermittent,0.008828996282527882,0.5757575757575758
absolute,Short 7d / long 56d,SAP only,90162D,intermittent,0.007551115241635688,0.5855855855855856
absolute,Per requirement,Both,90054,intermittent,0.0023234200743494425,0.11428571428571428
absolute,Per period 7d,Both,90054,intermittent,0.002091078066914498,0.12162162162162163
absolute,Per period 14d,Both,90054,intermittent,0.0026719330855018587,0.16666666666666666
absolute,Per period 28d,Both,90054,intermittent,0.0026719330855018587,0.2169811320754717
absolute,Per period 56d,Both,90054,intermittent,0.0026719330855018587,0.2911392405063291
absolute,Min/Max,Both,90054,intermittent,0.008131970260223048,0.5072463768115942
absolute,SP Part Period Balancing,SAP only,90054,intermittent,0.0018587360594795538,0.5714285714285714
absolute,WI Sliding Economic Lot Size,SAP only,90054,intermittent,0.0011617100371747212,0.43478260869565216
absolute,DY Dynamic Planning Calculation,SAP only,90054,intermittent,0.0013940520446096654,0.7058823529411765
absolute,GR Groff Reorder Procedure,SAP only,90054,intermittent,0.0032527881040892194,0.2978723404255319
absolute,Calendar bucket 7d,SAP only,90054,intermittent,0.0024395910780669145,0.12962962962962962
absolute,Calendar bucket 28d,SAP only,90054,intermittent,0.0023234200743494425,0.16129032258064516
absolute,Short 7d / long 28d,SAP only,90054,intermittent,0.007202602230483271,0.4305555555555556
absolute,Short 7d / long 56d,SAP only,90054,intermittent,0.007551115241635688,0.5284552845528455
absolute,Per requirement,Both,22049,intermittent,0.0782992565055762,0.9533239038189534
absolute,Per period 7d,Both,22049,intermittent,0.025441449814126393,0.9733333333333334
absolute,Per period 14d,Both,22049,intermittent,0.015218401486988848,0.9357142857142857
absolute,Per period 28d,Both,22049,intermittent,0.009990706319702601,0.9885057471264368
absolute,Per period 56d,Both,22049,intermittent,0.006157063197026022,1.0
absolute,Min/Max,Both,22049,intermittent,0.029855947955390334,0.9922779922779923
absolute,SP Part Period Balancing,SAP only,22049,intermittent,0.011268587360594795,0.9897959183673469
absolute,WI Sliding Economic Lot Size,SAP only,22049,intermittent,0.010223048327137546,0.9777777777777777
absolute,DY Dynamic Planning Calculation,SAP only,22049,intermittent,0.005111524163568773,1.0
absolute,GR Groff Reorder Procedure,SAP only,22049,intermittent,0.016147769516728624,0.9652777777777778
absolute,Calendar bucket 7d,SAP only,22049,intermittent,0.028345724907063198,0.9799196787148594
absolute,Calendar bucket 28d,SAP only,22049,intermittent,0.010339219330855019,0.978021978021978
absolute,Short 7d / long 28d,SAP only,22049,intermittent,0.01754182156133829,0.9805194805194806
absolute,Short 7d / long 56d,SAP only,22049,intermittent,0.012430297397769517,0.981651376146789
absolute,Per requirement,Both,90019C,intermittent,0.006505576208178439,0.21052631578947367
absolute,Per period 7d,Both,90019C,intermittent,0.004879182156133829,0.18584070796460178
absolute,Per period 14d,Both,90019C,intermittent,0.005808550185873606,0.25380710659898476
absolute,Per period 28d,Both,90019C,intermittent,0.0070864312267657995,0.4485294117647059
absolute,Per period 56d,Both,90019C,intermittent,0.00662174721189591,0.6063829787234043
absolute,Min/Max,Both,90019C,intermittent,0.009409851301115242,0.5869565217391305
absolute,SP Part Period Balancing,SAP only,90019C,intermittent,0.0060408921933085506,0.7761194029850746
absolute,WI Sliding Economic Lot Size,SAP only,90019C,intermittent,0.006970260223048327,0.821917808219178
absolute,DY Dynamic Planning Calculation,SAP only,90019C,intermittent,0.004995353159851301,0.86
absolute,GR Groff Reorder Procedure,SAP only,90019C,intermittent,0.005808550185873606,0.32679738562091504
absolute,Calendar bucket 7d,SAP only,90019C,intermittent,0.004879182156133829,0.17573221757322174
absolute,Calendar bucket 28d,SAP only,90019C,intermittent,0.005343866171003717,0.25
absolute,Short 7d / long 28d,SAP only,90019C,intermittent,0.014172862453531599,0.5648148148148148
absolute,Short 7d / long 56d,SAP only,90019C,intermittent,0.014056691449814127,0.711764705882353
absolute,Per requirement,Both,22824,intermittent,0.011036245353159852,0.17272727272727273
absolute,Per period 7d,Both,22824,intermittent,0.01266263940520446,0.3132183908045977
absolute,Per period 14d,Both,22824,intermittent,0.01266263940520446,0.43253968253968256
absolute,Per period 28d,Both,22824,intermittent,0.013824349442379182,0.6839080459770115
absolute,Per period 56d,Both,22824,intermittent,0.009177509293680297,0.7383177570093458
absolute,Min/Max,Both,22824,intermittent,0.01974907063197026,0.7024793388429752
absolute,SP Part Period Balancing,SAP only,22824,intermittent,0.023931226765799257,0.7984496124031008
absolute,WI Sliding Economic Lot Size,SAP only,22824,intermittent,0.014637546468401487,0.6395939086294417
absolute,DY Dynamic Planning Calculation,SAP only,22824,intermittent,0.012894981412639405,0.7816901408450704
absolute,GR Groff Reorder Procedure,SAP only,22824,intermittent,0.01312732342007435,0.3542319749216301
absolute,Calendar bucket 7d,SAP only,22824,intermittent,0.01092007434944238,0.25895316804407714
absolute,Calendar bucket 28d,SAP only,22824,intermittent,0.009642193308550186,0.4368421052631579
absolute,Short 7d / long 28d,SAP only,22824,intermittent,0.026022304832713755,0.8549618320610687
absolute,Short 7d / long 56d,SAP only,22824,intermittent,0.017890334572490705,0.8700564971751412
absolute,Per requirement,Both,84313A,intermittent,0.007202602230483271,0.31155778894472363
absolute,Per period 7d,Both,84313A,intermittent,0.007783457249070632,0.475177304964539
absolute,Per period 14d,Both,84313A,intermittent,0.005692379182156134,0.48514851485148514
absolute,Per period 28d,Both,84313A,intermittent,0.0055762081784386614,0.6575342465753424
absolute,Per period 56d,Both,84313A,intermittent,0.004298327137546468,0.7115384615384616
absolute,Min/Max,Both,84313A,intermittent,0.009758364312267658,0.5957446808510638
absolute,SP Part Period Balancing,SAP only,84313A,intermittent,0.0033689591078066915,0.90625
absolute,WI Sliding Economic Lot Size,SAP only,84313A,intermittent,0.0012778810408921933,0.8461538461538461
absolute,DY Dynamic Planning Calculation,SAP only,84313A,intermittent,0.0022072490706319704,0.7307692307692307
absolute,GR Groff Reorder Procedure,SAP only,84313A,intermittent,0.006737918215613383,0.5742574257425742
absolute,Calendar bucket 7d,SAP only,84313A,intermittent,0.007899628252788104,0.37777777777777777
absolute,Calendar bucket 28d,SAP only,84313A,intermittent,0.007434944237918215,0.7441860465116279
absolute,Short 7d / long 28d,SAP only,84313A,intermittent,0.01370817843866171,0.9076923076923077
absolute,Short 7d / long 56d,SAP only,84313A,intermittent,0.008596654275092937,0.8222222222222222
absolute,Per requirement,Both,90003D,intermittent,0.007899628252788104,0.27530364372469635
absolute,Per period 7d,Both,90003D,intermittent,0.008480483271375464,0.37055837563451777
absolute,Per period 14d,Both,90003D,intermittent,0.006854089219330855,0.3782051282051282
absolute,Per period 28d,Both,90003D,intermittent,0.007318773234200744,0.4632352941176471
absolute,Per period 56d,Both,90003D,intermittent,0.005692379182156134,0.6447368421052632
absolute,Min/Max,Both,90003D,intermittent,0.00871282527881041,0.6880733944954128
absolute,SP Part Period Balancing,SAP only,90003D,intermittent,0.005692379182156134,0.8448275862068966
absolute,WI Sliding Economic Lot Size,SAP only,90003D,intermittent,0.005111524163568773,0.8301886792452831
absolute,DY Dynamic Planning Calculation,SAP only,90003D,intermittent,0.0034851301115241635,0.967741935483871
absolute,GR Groff Reorder Procedure,SAP only,90003D,intermittent,0.008364312267657992,0.5106382978723404
absolute,Calendar bucket 7d,SAP only,90003D,intermittent,0.008015799256505576,0.32701421800947866
absolute,Calendar bucket 28d,SAP only,90003D,intermittent,0.008015799256505576,0.40588235294117647
absolute,Short 7d / long 28d,SAP only,90003D,intermittent,0.014172862453531599,0.6421052631578947
absolute,Short 7d / long 56d,SAP only,90003D,intermittent,0.010803903345724907,0.6078431372549019
absolute,Per requirement,Both,90122A,intermittent,0.009061338289962825,0.21787709497206703
absolute,Per period 7d,Both,90122A,intermittent,0.00929368029739777,0.2888086642599278
absolute,Per period 14d,Both,90122A,intermittent,0.010687732342007435,0.423963133640553
absolute,Per period 28d,Both,90122A,intermittent,0.008945167286245352,0.5422535211267606
absolute,Per period 56d,Both,90122A,intermittent,0.007783457249070632,0.6203703703703703
absolute,Min/Max,Both,90122A,intermittent,0.014986059479553903,0.7633136094674556
absolute,SP Part Period Balancing,SAP only,90122A,intermittent,0.009758364312267658,0.8484848484848485
absolute,WI Sliding Economic Lot Size,SAP only,90122A,intermittent,0.010106877323420074,0.8529411764705882
absolute,DY Dynamic Planning Calculation,SAP only,90122A,intermittent,0.005227695167286246,0.75
absolute,GR Groff Reorder Procedure,SAP only,90122A,intermittent,0.008828996282527882,0.4393063583815029
absolute,Calendar bucket 7d,SAP only,90122A,intermittent,0.008480483271375464,0.24745762711864408
absolute,Calendar bucket 28d,SAP only,90122A,intermittent,0.009409851301115242,0.43548387096774194
absolute,Short 7d / long 28d,SAP only,90122A,intermittent,0.019516728624535316,0.7148936170212766
absolute,Short 7d / long 56d,SAP only,90122A,intermittent,0.015566914498141264,0.7403314917127072
absolute,Per requirement,Both,35265,intermittent,0.004065985130111524,0.17326732673267325
absolute,Per period 7d,Both,35265,intermittent,0.00383364312267658,0.23404255319148937
absolute,Per period 14d,Both,35265,intermittent,0.0033689591078066915,0.20422535211267606
absolute,Per period 28d,Both,35265,intermittent,0.0045306691449814125,0.38613861386138615
absolute,Per period 56d,Both,35265,intermittent,0.004182156133828996,0.5
absolute,Min/Max,Both,35265,intermittent,0.007899628252788104,0.4533333333333333
absolute,SP Part Period Balancing,SAP only,35265,intermittent,0.004182156133828996,0.8181818181818182
absolute,WI Sliding Economic Lot Size,SAP only,35265,intermittent,0.004298327137546468,0.6851851851851852
absolute,DY Dynamic Planning Calculation,SAP only,35265,intermittent,0.0033689591078066915,0.8285714285714286
absolute,GR Groff Reorder Procedure,SAP only,35265,intermittent,0.0060408921933085506,0.5
absolute,Calendar bucket 7d,SAP only,35265,intermittent,0.003949814126394052,0.20238095238095238
absolute,Calendar bucket 28d,SAP only,35265,intermittent,0.0033689591078066915,0.2248062015503876
absolute,Short 7d / long 28d,SAP only,35265,intermittent,0.00987453531598513,0.5944055944055944
absolute,Short 7d / long 56d,SAP only,35265,intermittent,0.00987453531598513,0.7391304347826086
absolute,Per requirement,Both,90000B,intermittent,0.005111524163568773,0.2543352601156069
absolute,Per period 7d,Both,90000B,intermittent,0.004763011152416357,0.271523178807947
absolute,Per period 14d,Both,90000B,intermittent,0.005808550185873606,0.3597122302158273
absolute,Per period 28d,Both,90000B,intermittent,0.005343866171003717,0.4380952380952381
absolute,Per period 56d,Both,90000B,intermittent,0.006157063197026022,0.6463414634146342
absolute,Min/Max,Both,90000B,intermittent,0.009409851301115242,0.6639344262295082
absolute,SP Part Period Balancing,SAP only,90000B,intermittent,0.007202602230483271,0.8732394366197183
absolute,WI Sliding Economic Lot Size,SAP only,90000B,intermittent,0.005808550185873606,0.7936507936507936
absolute,DY Dynamic Planning Calculation,SAP only,90000B,intermittent,0.004182156133828996,0.8571428571428571
absolute,GR Groff Reorder Procedure,SAP only,90000B,intermittent,0.006273234200743495,0.4153846153846154
absolute,Calendar bucket 7d,SAP only,90000B,intermittent,0.004298327137546468,0.22699386503067484
absolute,Calendar bucket 28d,SAP only,90000B,intermittent,0.005343866171003717,0.32857142857142857
absolute,Short 7d / long 28d,SAP only,90000B,intermittent,0.009061338289962825,0.5306122448979592
absolute,Short 7d / long 56d,SAP only,90000B,intermittent,0.010455390334572491,0.7627118644067796
absolute,Per requirement,Both,90194,intermittent,0.006737918215613383,0.26605504587155965
absolute,Per period 7d,Both,90194,intermittent,0.006157063197026022,0.2760416666666667
absolute,Per period 14d,Both,90194,intermittent,0.006854089219330855,0.31382978723404253
absolute,Per period 28d,Both,90194,intermittent,0.005924721189591078,0.3493150684931507
absolute,Per period 56d,Both,90194,intermittent,0.008131970260223048,0.6481481481481481
absolute,Min/Max,Both,90194,intermittent,0.009177509293680297,0.5984848484848485
absolute,SP Part Period Balancing,SAP only,90194,intermittent,0.007202602230483271,0.8157894736842105
absolute,WI Sliding Economic Lot Size,SAP only,90194,intermittent,0.004879182156133829,0.84
absolute,DY Dynamic Planning Calculation,SAP only,90194,intermittent,0.004298327137546468,0.7872340425531915
absolute,GR Groff Reorder Procedure,SAP only,90194,intermittent,0.008480483271375464,0.477124183006536
absolute,Calendar bucket 7d,SAP only,90194,intermittent,0.006505576208178439,0.2916666666666667
absolute,Calendar bucket 28d,SAP only,90194,intermittent,0.004646840148698885,0.26666666666666666
absolute,Short 7d / long 28d,SAP only,90194,intermittent,0.011268587360594795,0.5243243243243243
absolute,Short 7d / long 56d,SAP only,90194,intermittent,0.01092007434944238,0.6225165562913907
absolute,Per requirement,Both,20836,intermittent,0.025673791821561338,0.8371212121212122
absolute,Per period 7d,Both,20836,intermittent,0.020562267657992565,0.8271028037383178
absolute,Per period 14d,Both,20836,intermittent,0.016844795539033456,0.8841463414634146
absolute,Per period 28d,Both,20836,intermittent,0.012778810408921933,0.9401709401709402
absolute,Per period 56d,Both,20836,intermittent,0.00766728624535316,0.9428571428571428
absolute,Min/Max,Both,20836,intermittent,0.017657992565055763,0.9212121212121213
absolute,SP Part Period Balancing,SAP only,20836,intermittent,0.007551115241635688,0.9848484848484849
absolute,WI Sliding Economic Lot Size,SAP only,20836,intermittent,0.008596654275092937,0.9487179487179487
absolute,DY Dynamic Planning Calculation,SAP only,20836,intermittent,0.007551115241635688,0.9558823529411765
absolute,GR Groff Reorder Procedure,SAP only,20836,intermittent,0.01428903345724907,0.9389312977099237
absolute,Calendar bucket 7d,SAP only,20836,intermittent,0.021259293680297397,0.8061674008810573
absolute,Calendar bucket 28d,SAP only,20836,intermittent,0.014172862453531599,0.9312977099236641
absolute,Short 7d / long 28d,SAP only,20836,intermittent,0.019981412639405203,0.9555555555555556
absolute,Short 7d / long 56d,SAP only,20836,intermittent,0.014521375464684015,0.9541984732824428
absolute,Per requirement,Both,37489A,intermittent,0.009990706319702601,0.3115942028985507
absolute,Per period 7d,Both,37489A,intermittent,0.009526022304832713,0.34024896265560167
absolute,Per period 14d,Both,37489A,intermittent,0.010687732342007435,0.5168539325842697
absolute,Per period 28d,Both,37489A,intermittent,0.008480483271375464,0.5367647058823529
absolute,Per period 56d,Both,37489A,intermittent,0.00766728624535316,0.6534653465346535
absolute,Min/Max,Both,37489A,intermittent,0.012081784386617101,0.7123287671232876
absolute,SP Part Period Balancing,SAP only,37489A,intermittent,0.0045306691449814125,0.975
absolute,WI Sliding Economic Lot Size,SAP only,37489A,intermittent,0.0006970260223048327,0.46153846153846156
absolute,DY Dynamic Planning Calculation,SAP only,37489A,intermittent,0.0,0.0
absolute,GR Groff Reorder Procedure,SAP only,37489A,intermittent,0.007551115241635688,0.6565656565656566
absolute,Calendar bucket 7d,SAP only,37489A,intermittent,0.011849442379182156,0.4015748031496063
absolute,Calendar bucket 28d,SAP only,37489A,intermittent,0.008248141263940521,0.43558282208588955
absolute,Short 7d / long 28d,SAP only,37489A,intermittent,0.01754182156133829,0.7122641509433962
absolute,Short 7d / long 56d,SAP only,37489A,intermittent,0.013824349442379182,0.7531645569620253
absolute,Per requirement,Both,90003E,intermittent,0.005808550185873606,0.21645021645021645
absolute,Per period 7d,Both,90003E,intermittent,0.006389405204460966,0.2849740932642487
absolute,Per period 14d,Both,90003E,intermittent,0.005692379182156134,0.35507246376811596
absolute,Per period 28d,Both,90003E,intermittent,0.0060408921933085506,0.4126984126984127
absolute,Per period 56d,Both,90003E,intermittent,0.003949814126394052,0.34
absolute,Min/Max,Both,90003E,intermittent,0.007783457249070632,0.6836734693877551
absolute,SP Part Period Balancing,SAP only,90003E,intermittent,0.0055762081784386614,0.7868852459016393
absolute,WI Sliding Economic Lot Size,SAP only,90003E,intermittent,0.0026719330855018587,0.7931034482758621
absolute,DY Dynamic Planning Calculation,SAP only,90003E,intermittent,0.0034851301115241635,0.8823529411764706
absolute,GR Groff Reorder Procedure,SAP only,90003E,intermittent,0.007202602230483271,0.45588235294117646
absolute,Calendar bucket 7d,SAP only,90003E,intermittent,0.006157063197026022,0.25728155339805825
absolute,Calendar bucket 28d,SAP only,90003E,intermittent,0.005808550185873606,0.33112582781456956
absolute,Short 7d / long 28d,SAP only,90003E,intermittent,0.012430297397769517,0.6114285714285714
absolute,Short 7d / long 56d,SAP only,90003E,intermittent,0.009177509293680297,0.5524475524475524
absolute,Per requirement,Both,22929,intermittent,0.004414498141263941,0.18446601941747573
absolute,Per period 7d,Both,22929,intermittent,0.005227695167286246,0.3515625
absolute,Per period 14d,Both,22929,intermittent,0.004182156133828996,0.3130434782608696
absolute,Per period 28d,Both,22929,intermittent,0.004879182156133829,0.4421052631578947
absolute,Per period 56d,Both,22929,intermittent,0.0045306691449814125,0.609375
absolute,Min/Max,Both,22929,intermittent,0.010106877323420074,0.5209580838323353
absolute,SP Part Period Balancing,SAP only,22929,intermittent,0.006970260223048327,0.5357142857142857
absolute,WI Sliding Economic Lot Size,SAP only,22929,intermittent,0.006273234200743495,0.5
absolute,DY Dynamic Planning Calculation,SAP only,22929,intermittent,0.0060408921933085506,0.5416666666666666
absolute,GR Groff Reorder Procedure,SAP only,22929,intermittent,0.005227695167286246,0.3191489361702128
absolute,Calendar bucket 7d,SAP only,22929,intermittent,0.0045306691449814125,0.2532467532467532
absolute,Calendar bucket 28d,SAP only,22929,intermittent,0.004414498141263941,0.37254901960784315
absolute,Short 7d / long 28d,SAP only,22929,intermittent,0.011384758364312268,0.7538461538461538
absolute,Short 7d / long 56d,SAP only,22929,intermittent,0.008364312267657992,0.7422680412371134
absolute,Per requirement,Both,21672,erratic,0.48071561338289964,0.8241386178052181
absolute,Per period 7d,Both,21672,erratic,0.13359665427509293,0.9599332220367279
absolute,Per period 14d,Both,21672,erratic,0.07632434944237919,0.9776785714285714
absolute,Per period 28d,Both,21672,erratic,0.045771375464684017,0.9924433249370277
absolute,Per period 56d,Both,21672,erratic,0.02427973977695167,0.9952380952380953
absolute,Min/Max,Both,21672,erratic,0.05320631970260223,0.9978213507625272
absolute,SP Part Period Balancing,SAP only,21672,erratic,0.09456319702602231,0.9938949938949939
absolute,WI Sliding Economic Lot Size,SAP only,21672,erratic,0.1016496282527881,0.9920634920634921
absolute,DY Dynamic Planning Calculation,SAP only,21672,erratic,0.03973048327137547,0.991304347826087
absolute,GR Groff Reorder Procedure,SAP only,21672,erratic,0.11198884758364312,0.9856850715746421
absolute,Calendar bucket 7d,SAP only,21672,erratic,0.13197026022304834,0.9506276150627615
absolute,Calendar bucket 28d,SAP only,21672,erratic,0.0412407063197026,0.9861111111111112
absolute,Short 7d / long 28d,SAP only,21672,erratic,0.07597583643122677,0.9984732824427481
absolute,Short 7d / long 56d,SAP only,21672,erratic,0.04426115241635688,1.0
absolute,Per requirement,Both,21578,erratic,0.2046933085501859,0.6007500852369587
absolute,Per period 7d,Both,21578,erratic,0.0916589219330855,0.834920634920635
absolute,Per period 14d,Both,21578,erratic,0.06528810408921933,0.8949044585987261
absolute,Per period 28d,Both,21578,erratic,0.040892193308550186,0.946236559139785
absolute,Per period 56d,Both,21578,erratic,0.021143122676579924,0.994535519125683
absolute,Min/Max,Both,21578,erratic,0.037058550185873604,0.9785276073619632
absolute,SP Part Period Balancing,SAP only,21578,erratic,0.05390334572490706,0.9830508474576272
absolute,WI Sliding Economic Lot Size,SAP only,21578,erratic,0.04972118959107807,0.9727272727272728
absolute,DY Dynamic Planning Calculation,SAP only,21578,erratic,0.029158921933085502,0.9881889763779528
absolute,GR Groff Reorder Procedure,SAP only,21578,erratic,0.06703066914498142,0.956882255389718
absolute,Calendar bucket 7d,SAP only,21578,erratic,0.09723513011152417,0.751346499102334
absolute,Calendar bucket 28d,SAP only,21578,erratic,0.037058550185873604,0.8836565096952909
absolute,Short 7d / long 28d,SAP only,21578,erratic,0.07098048327137546,0.9791666666666666
absolute,Short 7d / long 56d,SAP only,21578,erratic,0.041821561338289966,0.9809264305177112
absolute,Per requirement,Both,22983,erratic,0.32980947955390333,0.8104481872680559
absolute,Per period 7d,Both,22983,erratic,0.08991635687732343,0.9567367119901112
absolute,Per period 14d,Both,22983,erratic,0.051928438661710034,0.9889380530973452
absolute,Per period 28d,Both,22983,erratic,0.03008828996282528,0.9923371647509579
absolute,Per period 56d,Both,22983,erratic,0.016728624535315983,1.0
absolute,Min/Max,Both,22983,erratic,0.04890799256505576,1.0
absolute,SP Part Period Balancing,SAP only,22983,erratic,0.037407063197026025,1.0
absolute,WI Sliding Economic Lot Size,SAP only,22983,erratic,0.04263475836431227,0.9918918918918919
absolute,DY Dynamic Planning Calculation,SAP only,22983,erratic,0.012894981412639405,1.0
absolute,GR Groff Reorder Procedure,SAP only,22983,erratic,0.051928438661710034,0.9955456570155902
absolute,Calendar bucket 7d,SAP only,22983,erratic,0.08910315985130111,0.9516129032258065
absolute,Calendar bucket 28d,SAP only,22983,erratic,0.03008828996282528,0.9961538461538462
absolute,Short 7d / long 28d,SAP only,22983,erratic,0.05146375464684015,1.0
absolute,Short 7d / long 56d,SAP only,22983,erratic,0.03008828996282528,1.0
absolute,Per requirement,Both,21440,erratic,0.03473513011152416,0.5641509433962264
absolute,Per period 7d,Both,21440,erratic,0.020446096654275093,0.8380952380952381
absolute,Per period 14d,Both,21440,erratic,0.01324349442379182,0.8976377952755905
absolute,Per period 28d,Both,21440,erratic,0.00871282527881041,0.9615384615384616
absolute,Per period 56d,Both,21440,erratic,0.0045306691449814125,0.9285714285714286
absolute,Min/Max,Both,21440,erratic,0.01974907063197026,0.9826589595375722
absolute,SP Part Period Balancing,SAP only,21440,erratic,0.006505576208178439,0.9655172413793104
absolute,WI Sliding Economic Lot Size,SAP only,21440,erratic,0.008015799256505576,1.0
absolute,DY Dynamic Planning Calculation,SAP only,21440,erratic,0.0030204460966542753,0.9629629629629629
absolute,GR Groff Reorder Procedure,SAP only,21440,erratic,0.01312732342007435,0.9576271186440678
absolute,Calendar bucket 7d,SAP only,21440,erratic,0.01963289962825279,0.7681818181818182
absolute,Calendar bucket 28d,SAP only,21440,erratic,0.007899628252788104,0.9066666666666666
absolute,Short 7d / long 28d,SAP only,21440,erratic,0.014637546468401487,0.9921259842519685
absolute,Short 7d / long 56d,SAP only,21440,erratic,0.009409851301115242,1.0
absolute,Per requirement,Both,21471,erratic,0.1628717472118959,0.5158204562178073
absolute,Per period 7d,Both,21471,erratic,0.08910315985130111,0.8082191780821918
absolute,Per period 14d,Both,21471,erratic,0.06854089219330856,0.9035222052067381
absolute,Per period 28d,Both,21471,erratic,0.042402416356877325,0.9733333333333334
absolute,Per period 56d,Both,21471,erratic,0.026138475836431228,0.9698275862068966
absolute,Min/Max,Both,21471,erratic,0.041821561338289966,0.9836065573770492
absolute,SP Part Period Balancing,SAP only,21471,erratic,0.05692379182156134,0.9702970297029703
absolute,WI Sliding Economic Lot Size,SAP only,21471,erratic,0.056807620817843865,0.9760479041916168
absolute,DY Dynamic Planning Calculation,SAP only,21471,erratic,0.026370817843866173,0.9742489270386266
absolute,GR Groff Reorder Procedure,SAP only,21471,erratic,0.07283921933085502,0.9234167893961709
absolute,Calendar bucket 7d,SAP only,21471,erratic,0.09340148698884758,0.7217235188509874
absolute,Calendar bucket 28d,SAP only,21471,erratic,0.03763940520446097,0.9310344827586207
absolute,Short 7d / long 28d,SAP only,21471,erratic,0.07307156133828996,0.9968304278922345
absolute,Short 7d / long 56d,SAP only,21471,erratic,0.04275092936802974,0.997289972899729
absolute,Per requirement,Both,22678,erratic,0.15346189591078066,0.5614109647258818
absolute,Per period 7d,Both,22678,erratic,0.07841542750929369,0.8698453608247423
absolute,Per period 14d,Both,22678,erratic,0.051347583643122675,0.9444444444444444
absolute,Per period 28d,Both,22678,erratic,0.03485130111524164,0.9803921568627451
absolute,Per period 56d,Both,22678,erratic,0.019865241635687734,0.9941860465116279
absolute,Min/Max,Both,22678,erratic,0.04704925650557621,0.9759036144578314
absolute,SP Part Period Balancing,SAP only,22678,erratic,0.030436802973977696,0.9812734082397003
absolute,WI Sliding Economic Lot Size,SAP only,22678,erratic,0.032527881040892194,0.9859154929577465
absolute,DY Dynamic Planning Calculation,SAP only,22678,erratic,0.01312732342007435,1.0
absolute,GR Groff Reorder Procedure,SAP only,22678,erratic,0.05018587360594796,0.9621380846325167
absolute,Calendar bucket 7d,SAP only,22678,erratic,0.07655669144981413,0.7689614935822637
absolute,Calendar bucket 28d,SAP only,22678,erratic,0.029855947955390334,0.9589552238805971
absolute,Short 7d / long 28d,SAP only,22678,erratic,0.0554135687732342,0.997907949790795
absolute,Short 7d / long 56d,SAP only,22678,erratic,0.032992565055762084,0.9964912280701754
absolute,Per requirement,Both,22952,erratic,0.2804368029739777,0.8705373241976199
absolute,Per period 7d,Both,22952,erratic,0.06203531598513011,0.8177641653905053
absolute,Per period 14d,Both,22952,erratic,0.03973048327137547,0.8402948402948403
absolute,Per period 28d,Both,22952,erratic,0.02462825278810409,0.8907563025210085
absolute,Per period 56d,Both,22952,erratic,0.010687732342007435,0.968421052631579
absolute,Min/Max,Both,22952,erratic,0.04437732342007435,1.0
absolute,SP Part Period Balancing,SAP only,22952,erratic,0.07400092936802974,0.9937597503900156
absolute,WI Sliding Economic Lot Size,SAP only,22952,erratic,0.07365241635687732,0.9968553459119497
absolute,DY Dynamic Planning Calculation,SAP only,22952,erratic,0.03787174721189591,1.0
absolute,GR Groff Reorder Procedure,SAP only,22952,erratic,0.07225836431226766,0.9795275590551181
absolute,Calendar bucket 7d,SAP only,22952,erratic,0.06145446096654275,0.8151001540832049
absolute,Calendar bucket 28d,SAP only,22952,erratic,0.023698884758364312,0.8464730290456431
absolute,Short 7d / long 28d,SAP only,22952,erratic,0.04402881040892193,0.969309462915601
absolute,Short 7d / long 56d,SAP only,22952,erratic,0.027067843866171004,0.9789915966386554
absolute,Per requirement,Both,21238,erratic,0.46015334572490707,0.7746919616663407
absolute,Per period 7d,Both,21238,erratic,0.13440985130111524,0.9506984387838948
absolute,Per period 14d,Both,21238,erratic,0.08608271375464684,0.9840637450199203
absolute,Per period 28d,Both,21238,erratic,0.047397769516728624,0.9975550122249389
absolute,Per period 56d,Both,21238,erratic,0.026022304832713755,0.9911504424778761
absolute,Min/Max,Both,21238,erratic,0.04914033457249071,0.9976415094339622
absolute,SP Part Period Balancing,SAP only,21238,erratic,0.07214219330855019,0.9888535031847133
absolute,WI Sliding Economic Lot Size,SAP only,21238,erratic,0.07806691449814127,0.9955555555555555
absolute,DY Dynamic Planning Calculation,SAP only,21238,erratic,0.035432156133828996,0.9967320261437909
absolute,GR Groff Reorder Procedure,SAP only,21238,erratic,0.09595724907063197,0.9951807228915662
absolute,Calendar bucket 7d,SAP only,21238,erratic,0.13220260223048327,0.9366255144032922
absolute,Calendar bucket 28d,SAP only,21238,erratic,0.04158921933085502,0.9916897506925207
absolute,Short 7d / long 28d,SAP only,21238,erratic,0.07644052044609666,1.0
absolute,Short 7d / long 56d,SAP only,21238,erratic,0.04472583643122677,1.0
absolute,Per requirement,Both,84510A,erratic,0.26196561338289964,0.5612244897959183
absolute,Per period 7d,Both,84510A,erratic,0.11837825278810409,0.8946444249341527
absolute,Per period 14d,Both,84510A,erratic,0.07736988847583644,0.9527896995708155
absolute,Per period 28d,Both,84510A,erratic,0.04368029739776952,0.9740932642487047
absolute,Per period 56d,Both,84510A,erratic,0.026138475836431228,0.9911894273127754
absolute,Min/Max,Both,84510A,erratic,0.04704925650557621,0.9926470588235294
absolute,SP Part Period Balancing,SAP only,84510A,erratic,0.04821096654275093,0.9810874704491725
absolute,WI Sliding Economic Lot Size,SAP only,84510A,erratic,0.050882899628252785,0.9909502262443439
absolute,DY Dynamic Planning Calculation,SAP only,84510A,erratic,0.020213754646840148,0.9886363636363636
absolute,GR Groff Reorder Procedure,SAP only,84510A,erratic,0.0674953531598513,0.9764705882352941
absolute,Calendar bucket 7d,SAP only,84510A,erratic,0.11559014869888476,0.8236754966887417
absolute,Calendar bucket 28d,SAP only,84510A,erratic,0.0391496282527881,0.9361111111111111
absolute,Short 7d / long 28d,SAP only,84510A,erratic,0.07644052044609666,1.0
absolute,Short 7d / long 56d,SAP only,84510A,erratic,0.04437732342007435,1.0
absolute,Per requirement,Both,20975,erratic,0.4212360594795539,0.8009719461011707
absolute,Per period 7d,Both,20975,erratic,0.11837825278810409,0.9695528068506185
absolute,Per period 14d,Both,20975,erratic,0.06981877323420074,0.9917491749174917
absolute,Per period 28d,Both,20975,erratic,0.03938197026022305,0.9941348973607038
absolute,Per period 56d,Both,20975,erratic,0.021607806691449814,1.0
absolute,Min/Max,Both,20975,erratic,0.0383364312267658,1.0
absolute,SP Part Period Balancing,SAP only,20975,erratic,0.07771840148698884,0.9925816023738873
absolute,WI Sliding Economic Lot Size,SAP only,20975,erratic,0.08097118959107806,0.9928774928774928
absolute,DY Dynamic Planning Calculation,SAP only,20975,erratic,0.035432156133828996,0.9967320261437909
absolute,GR Groff Reorder Procedure,SAP only,20975,erratic,0.09328531598513011,0.992583436341162
absolute,Calendar bucket 7d,SAP only,20975,erratic,0.11524163568773234,0.9575289575289575
absolute,Calendar bucket 28d,SAP only,20975,erratic,0.03961431226765799,0.9742857142857143
absolute,Short 7d / long 28d,SAP only,20975,erratic,0.06656598513011153,0.9965217391304347
absolute,Short 7d / long 56d,SAP only,20975,erratic,0.03961431226765799,0.9970760233918129
absolute,Per requirement,Both,22379,erratic,0.5787639405204461,0.7912960609911055
absolute,Per period 7d,Both,22379,erratic,0.14660780669144982,0.9752704791344667
absolute,Per period 14d,Both,22379,erratic,0.09607342007434944,0.9963855421686747
absolute,Per period 28d,Both,22379,erratic,0.0504182156133829,0.9954128440366973
absolute,Per period 56d,Both,22379,erratic,0.027764869888475836,0.9958333333333333
absolute,Min/Max,Both,22379,erratic,0.04217007434944238,1.0
absolute,SP Part Period Balancing,SAP only,22379,erratic,0.13173791821561337,0.9929947460595446
absolute,WI Sliding Economic Lot Size,SAP only,22379,erratic,0.14138011152416358,0.994281045751634
absolute,DY Dynamic Planning Calculation,SAP only,22379,erratic,0.06656598513011153,0.9930675909878682
absolute,GR Groff Reorder Procedure,SAP only,22379,erratic,0.13882434944237917,0.984349258649094
absolute,Calendar bucket 7d,SAP only,22379,erratic,0.13719795539033458,0.9672399672399672
absolute,Calendar bucket 28d,SAP only,22379,erratic,0.04426115241635688,0.9896103896103896
absolute,Short 7d / long 28d,SAP only,22379,erratic,0.07725371747211895,1.0
absolute,Short 7d / long 56d,SAP only,22379,erratic,0.04495817843866171,1.0
absolute,Per requirement,Both,21259,erratic,0.25720260223048325,0.5226628895184136
absolute,Per period 7d,Both,21259,erratic,0.10908457249070631,0.8229623137598597
absolute,Per period 14d,Both,21259,erratic,0.07330390334572491,0.9348148148148148
absolute,Per period 28d,Both,21259,erratic,0.049837360594795536,0.9976744186046511
absolute,Per period 56d,Both,21259,erratic,0.026370817843866173,0.9742489270386266
absolute,Min/Max,Both,21259,erratic,0.04484200743494424,0.9948453608247423
absolute,SP Part Period Balancing,SAP only,21259,erratic,0.08608271375464684,0.9661016949152542
absolute,WI Sliding Economic Lot Size,SAP only,21259,erratic,0.09223977695167286,0.9671132764920828
absolute,DY Dynamic Planning Calculation,SAP only,21259,erratic,0.04263475836431227,0.9683377308707124
absolute,GR Groff Reorder Procedure,SAP only,21259,erratic,0.09653810408921933,0.9518900343642611
absolute,Calendar bucket 7d,SAP only,21259,erratic,0.11349907063197026,0.8087748344370861
absolute,Calendar bucket 28d,SAP only,21259,erratic,0.039962825278810406,0.9373297002724795
absolute,Short 7d / long 28d,SAP only,21259,erratic,0.07632434944237919,1.0
absolute,Short 7d / long 56d,SAP only,21259,erratic,0.04426115241635688,0.9973821989528796
absolute,Per requirement,Both,22902,erratic,0.12964684014869887,0.6108374384236454
absolute,Per period 7d,Both,22902,erratic,0.06284851301115242,0.8361669242658424
absolute,Per period 14d,Both,22902,erratic,0.04670074349442379,0.95260663507109
absolute,Per period 28d,Both,22902,erratic,0.02950743494423792,0.9844961240310077
absolute,Per period 56d,Both,22902,erratic,0.01638011152416357,0.986013986013986
absolute,Min/Max,Both,22902,erratic,0.03810408921933085,0.9969604863221885
absolute,SP Part Period Balancing,SAP only,22902,erratic,0.0383364312267658,0.9763313609467456
absolute,WI Sliding Economic Lot Size,SAP only,22902,erratic,0.04437732342007435,0.9870801033591732
absolute,DY Dynamic Planning Calculation,SAP only,22902,erratic,0.02184014869888476,0.9947089947089947
absolute,GR Groff Reorder Procedure,SAP only,22902,erratic,0.0554135687732342,0.9714867617107943
absolute,Calendar bucket 7d,SAP only,22902,erratic,0.0703996282527881,0.8047808764940239
absolute,Calendar bucket 28d,SAP only,22902,erratic,0.02857806691449814,0.968503937007874
absolute,Short 7d / long 28d,SAP only,22902,erratic,0.04972118959107807,0.9976689976689976
absolute,Short 7d / long 56d,SAP only,22902,erratic,0.029391263940520447,1.0
absolute,Per requirement,Both,82582,erratic,0.3820864312267658,0.6879313951056264
absolute,Per period 7d,Both,82582,erratic,0.1274395910780669,0.9506065857885615
absolute,Per period 14d,Both,82582,erratic,0.08073884758364312,0.9858156028368794
absolute,Per period 28d,Both,82582,erratic,0.04379646840148699,0.9716494845360825
absolute,Per period 56d,Both,82582,erratic,0.02300185873605948,0.9949748743718593
absolute,Min/Max,Both,82582,erratic,0.04937267657992565,0.9929906542056075
absolute,SP Part Period Balancing,SAP only,82582,erratic,0.10048791821561338,0.9965437788018433
absolute,WI Sliding Economic Lot Size,SAP only,82582,erratic,0.10025557620817843,0.9930955120828538
absolute,DY Dynamic Planning Calculation,SAP only,82582,erratic,0.04867565055762082,0.9928909952606635
absolute,GR Groff Reorder Procedure,SAP only,82582,erratic,0.10478624535315985,0.986870897155361
absolute,Calendar bucket 7d,SAP only,82582,erratic,0.12093401486988847,0.9319606087735004
absolute,Calendar bucket 28d,SAP only,82582,erratic,0.04228624535315985,0.994535519125683
absolute,Short 7d / long 28d,SAP only,82582,erratic,0.07132899628252788,0.9951377633711507
absolute,Short 7d / long 56d,SAP only,82582,erratic,0.04309944237918216,1.0
absolute,Per requirement,Both,22070,erratic,0.1570631970260223,0.5270955165692007
absolute,Per period 7d,Both,22070,erratic,0.08329460966542751,0.7966666666666666
absolute,Per period 14d,Both,22070,erratic,0.06308085501858736,0.8975206611570248
absolute,Per period 28d,Both,22070,erratic,0.03903345724907063,0.9438202247191011
absolute,Per period 56d,Both,22070,erratic,0.021956319702602232,0.9792746113989638
absolute,Min/Max,Both,22070,erratic,0.03066914498141264,0.9887640449438202
absolute,SP Part Period Balancing,SAP only,22070,erratic,0.055297397769516726,0.9734151329243353
absolute,WI Sliding Economic Lot Size,SAP only,22070,erratic,0.04948884758364312,0.9616252821670429
absolute,DY Dynamic Planning Calculation,SAP only,22070,erratic,0.031947026022304835,0.9683098591549296
absolute,GR Groff Reorder Procedure,SAP only,22070,erratic,0.07899628252788105,0.9340659340659341
absolute,Calendar bucket 7d,SAP only,22070,erratic,0.08631505576208179,0.7512639029322548
absolute,Calendar bucket 28d,SAP only,22070,erratic,0.036477695167286245,0.9208211143695014
absolute,Short 7d / long 28d,SAP only,22070,erratic,0.06703066914498142,0.9931153184165232
absolute,Short 7d / long 56d,SAP only,22070,erratic,0.04019516728624535,1.0
absolute,Per requirement,Both,20692,erratic,0.034502788104089216,0.5916334661354582
absolute,Per period 7d,Both,20692,erratic,0.01533457249070632,0.676923076923077
absolute,Per period 14d,Both,20692,erratic,0.011965613382899629,0.8728813559322034
absolute,Per period 28d,Both,20692,erratic,0.0060408921933085506,0.9629629629629629
absolute,Per period 56d,Both,20692,erratic,0.004298327137546468,1.0
absolute,Min/Max,Both,20692,erratic,0.011733271375464684,1.0
absolute,SP Part Period Balancing,SAP only,20692,erratic,0.010339219330855019,0.978021978021978
absolute,WI Sliding Economic Lot Size,SAP only,20692,erratic,0.009642193308550186,0.8829787234042553
absolute,DY Dynamic Planning Calculation,SAP only,20692,erratic,0.00546003717472119,1.0
absolute,GR Groff Reorder Procedure,SAP only,20692,erratic,0.01428903345724907,0.8913043478260869
absolute,Calendar bucket 7d,SAP only,20692,erratic,0.016263940520446097,0.7035175879396985
absolute,Calendar bucket 28d,SAP only,20692,erratic,0.007318773234200744,0.875
absolute,Short 7d / long 28d,SAP only,20692,erratic,0.013359665427509293,0.9426229508196722
absolute,Short 7d / long 56d,SAP only,20692,erratic,0.008480483271375464,0.8902439024390244
absolute,Per requirement,Both,21889,erratic,0.4724674721189591,0.7983902630545741
absolute,Per period 7d,Both,21889,erratic,0.12836895910780668,0.9642233856893543
absolute,Per period 14d,Both,21889,erratic,0.08201672862453531,0.9860335195530726
absolute,Per period 28d,Both,21889,erratic,0.04914033457249071,1.0
absolute,Per period 56d,Both,21889,erratic,0.028345724907063198,1.0
absolute,Min/Max,Both,21889,erratic,0.046933085501858735,0.9975308641975309
absolute,SP Part Period Balancing,SAP only,21889,erratic,0.09723513011152417,0.9905325443786982
absolute,WI Sliding Economic Lot Size,SAP only,21889,erratic,0.10699349442379182,0.9956756756756757
absolute,DY Dynamic Planning Calculation,SAP only,21889,erratic,0.04519052044609666,0.9923469387755102
absolute,GR Groff Reorder Procedure,SAP only,21889,erratic,0.11268587360594795,0.9928352098259979
absolute,Calendar bucket 7d,SAP only,21889,erratic,0.133364312267658,0.9479768786127167
absolute,Calendar bucket 28d,SAP only,21889,erratic,0.042518587360594794,0.9812332439678284
absolute,Short 7d / long 28d,SAP only,21889,erratic,0.07632434944237919,1.0
absolute,Short 7d / long 56d,SAP only,21889,erratic,0.04437732342007435,1.0
absolute,Per requirement,Both,21115,erratic,0.1600836431226766,0.4292834890965732
absolute,Per period 7d,Both,21115,erratic,0.08224907063197026,0.6685552407932012
absolute,Per period 14d,Both,21115,erratic,0.06505576208178439,0.8615384615384616
absolute,Per period 28d,Both,21115,erratic,0.038452602230483274,0.9168975069252078
absolute,Per period 56d,Both,21115,erratic,0.025557620817843865,0.9649122807017544
absolute,Min/Max,Both,21115,erratic,0.03392193308550186,0.9898305084745763
absolute,SP Part Period Balancing,SAP only,21115,erratic,0.06703066914498142,0.9600665557404326
absolute,WI Sliding Economic Lot Size,SAP only,21115,erratic,0.05913104089219331,0.9391143911439115
absolute,DY Dynamic Planning Calculation,SAP only,21115,erratic,0.027881040892193308,0.9836065573770492
absolute,GR Groff Reorder Procedure,SAP only,21115,erratic,0.07260687732342007,0.8903133903133903
absolute,Calendar bucket 7d,SAP only,21115,erratic,0.0837592936802974,0.6079258010118044
absolute,Calendar bucket 28d,SAP only,21115,erratic,0.03578066914498141,0.8676056338028169
absolute,Short 7d / long 28d,SAP only,21115,erratic,0.07539498141263941,0.9969278033794163
absolute,Short 7d / long 56d,SAP only,21115,erratic,0.04402881040892193,1.0
absolute,Per requirement,Both,22365,erratic,0.18378252788104088,0.4618978102189781
absolute,Per period 7d,Both,22365,erratic,0.09433085501858736,0.7546468401486989
absolute,Per period 14d,Both,22365,erratic,0.0695864312267658,0.882179675994109
absolute,Per period 28d,Both,22365,erratic,0.04437732342007435,0.9526184538653366
absolute,Per period 56d,Both,22365,erratic,0.025673791821561338,0.9822222222222222
absolute,Min/Max,Both,22365,erratic,0.023350371747211895,0.9852941176470589
absolute,SP Part Period Balancing,SAP only,22365,erratic,0.0762081784386617,0.9590643274853801
absolute,WI Sliding Economic Lot Size,SAP only,22365,erratic,0.07516263940520446,0.9542772861356932
absolute,DY Dynamic Planning Calculation,SAP only,22365,erratic,0.041821561338289966,0.96
absolute,GR Groff Reorder Procedure,SAP only,22365,erratic,0.09386617100371747,0.9255441008018328
absolute,Calendar bucket 7d,SAP only,22365,erratic,0.09700278810408922,0.700503355704698
absolute,Calendar bucket 28d,SAP only,22365,erratic,0.03880111524163569,0.9329608938547486
absolute,Short 7d / long 28d,SAP only,22365,erratic,0.07609200743494424,0.9984756097560976
absolute,Short 7d / long 56d,SAP only,22365,erratic,0.043912639405204464,0.9973614775725593
absolute,Per requirement,Both,21918,erratic,0.4340148698884758,0.764946764946765
absolute,Per period 7d,Both,21918,erratic,0.1404507434944238,0.9773645917542442
absolute,Per period 14d,Both,21918,erratic,0.0879414498141264,0.9908376963350786
absolute,Per period 28d,Both,21918,erratic,0.05006970260223048,0.9953810623556582
absolute,Per period 56d,Both,21918,erratic,0.0262546468401487,1.0
absolute,Min/Max,Both,21918,erratic,0.041008364312267655,1.0
absolute,SP Part Period Balancing,SAP only,21918,erratic,0.06540427509293681,1.0
absolute,WI Sliding Economic Lot Size,SAP only,21918,erratic,0.06865706319702602,0.9966273187183811
absolute,DY Dynamic Planning Calculation,SAP only,21918,erratic,0.026603159851301114,0.9956521739130435
absolute,GR Groff Reorder Procedure,SAP only,21918,erratic,0.07864776951672862,0.9970544918998527
absolute,Calendar bucket 7d,SAP only,21918,erratic,0.13696561338289961,0.964022894521668
absolute,Calendar bucket 28d,SAP only,21918,erratic,0.04379646840148699,0.989501312335958
absolute,Short 7d / long 28d,SAP only,21918,erratic,0.07713754646840149,1.0
absolute,Short 7d / long 56d,SAP only,21918,erratic,0.04460966542750929,1.0
absolute,Per requirement,Both,20977,erratic,0.26231412639405205,0.6670605612998523
absolute,Per period 7d,Both,20977,erratic,0.10676115241635688,0.9072063178677197
absolute,Per period 14d,Both,20977,erratic,0.0724907063197026,0.9614791987673343
absolute,Per period 28d,Both,20977,erratic,0.04217007434944238,0.9864130434782609
absolute,Per period 56d,Both,20977,erratic,0.023466542750929367,1.0
absolute,Min/Max,Both,20977,erratic,0.042983271375464684,0.9973045822102425
absolute,SP Part Period Balancing,SAP only,20977,erratic,0.05611059479553903,0.9877300613496932
absolute,WI Sliding Economic Lot Size,SAP only,20977,erratic,0.05494888475836431,0.9874739039665971
absolute,DY Dynamic Planning Calculation,SAP only,20977,erratic,0.022188661710037173,0.9947916666666666
absolute,GR Groff Reorder Procedure,SAP only,20977,erratic,0.07446561338289963,0.9741641337386018
absolute,Calendar bucket 7d,SAP only,20977,erratic,0.11047862453531598,0.8677007299270073
absolute,Calendar bucket 28d,SAP only,20977,erratic,0.03868494423791822,0.943342776203966
absolute,Short 7d / long 28d,SAP only,20977,erratic,0.07063197026022305,1.0
absolute,Short 7d / long 56d,SAP only,20977,erratic,0.04158921933085502,1.0
absolute,Per requirement,Both,20718,erratic,0.5475139405204461,0.7879953185086106
absolute,Per period 7d,Both,20718,erratic,0.14927973977695166,0.9705438066465257
absolute,Per period 14d,Both,20718,erratic,0.08991635687732343,0.9923076923076923
absolute,Per period 28d,Both,20718,erratic,0.052741635687732345,0.9978021978021978
absolute,Per period 56d,Both,20718,erratic,0.028345724907063198,1.0
absolute,Min/Max,Both,20718,erratic,0.04925650557620818,1.0
absolute,SP Part Period Balancing,SAP only,20718,erratic,0.10734200743494424,0.9989189189189189
absolute,WI Sliding Economic Lot Size,SAP only,20718,erratic,0.11303438661710037,0.9959058341862845
absolute,DY Dynamic Planning Calculation,SAP only,20718,erratic,0.04879182156133829,0.9882352941176471
absolute,GR Groff Reorder Procedure,SAP only,20718,erratic,0.11628717472118959,0.990108803165183
absolute,Calendar bucket 7d,SAP only,20718,erratic,0.13940520446096655,0.97165991902834
absolute,Calendar bucket 28d,SAP only,20718,erratic,0.04263475836431227,0.9786666666666667
absolute,Short 7d / long 28d,SAP only,20718,erratic,0.0779507434944238,1.0
absolute,Short 7d / long 56d,SAP only,20718,erratic,0.04495817843866171,1.0
absolute,Per requirement,Both,22349,erratic,0.17994888475836432,0.5699043414275202
absolute,Per period 7d,Both,22349,erratic,0.09375,0.8450261780104712
absolute,Per period 14d,Both,22349,erratic,0.0683085501858736,0.930379746835443
absolute,Per period 28d,Both,22349,erratic,0.039962825278810406,0.958217270194986
absolute,Per period 56d,Both,22349,erratic,0.022885687732342008,0.9899497487437185
absolute,Min/Max,Both,22349,erratic,0.021723977695167287,1.0
absolute,SP Part Period Balancing,SAP only,22349,erratic,0.05971189591078067,0.969811320754717
absolute,WI Sliding Economic Lot Size,SAP only,22349,erratic,0.057272304832713755,0.974308300395257
absolute,DY Dynamic Planning Calculation,SAP only,22349,erratic,0.028229553903345726,0.972
absolute,GR Groff Reorder Procedure,SAP only,22349,erratic,0.07655669144981413,0.945480631276901
absolute,Calendar bucket 7d,SAP only,22349,erratic,0.09479553903345725,0.7506899724011039
absolute,Calendar bucket 28d,SAP only,22349,erratic,0.03880111524163569,0.943502824858757
absolute,Short 7d / long 28d,SAP only,22349,erratic,0.07121282527881041,0.9951298701298701
absolute,Short 7d / long 56d,SAP only,22349,erratic,0.04228624535315985,0.9972602739726028
absolute,Per requirement,Both,22107,erratic,0.12418680297397769,0.5276406712734452
absolute,Per period 7d,Both,22107,erratic,0.05448420074349442,0.7149390243902439
absolute,Per period 14d,Both,22107,erratic,0.03671003717472119,0.8144329896907216
absolute,Per period 28d,Both,22107,erratic,0.029972118959107806,0.9084507042253521
absolute,Per period 56d,Both,22107,erratic,0.017774163568773236,0.9444444444444444
absolute,Min/Max,Both,22107,erratic,0.031133828996282528,0.9675090252707581
absolute,SP Part Period Balancing,SAP only,22107,erratic,0.03392193308550186,0.9573770491803278
absolute,WI Sliding Economic Lot Size,SAP only,22107,erratic,0.036361524163568776,0.9750778816199377
absolute,DY Dynamic Planning Calculation,SAP only,22107,erratic,0.015683085501858735,0.9854014598540146
absolute,GR Groff Reorder Procedure,SAP only,22107,erratic,0.04902416356877323,0.9213973799126638
absolute,Calendar bucket 7d,SAP only,22107,erratic,0.05506505576208178,0.6859623733719248
absolute,Calendar bucket 28d,SAP only,22107,erratic,0.02683550185873606,0.875
absolute,Short 7d / long 28d,SAP only,22107,erratic,0.04914033457249071,0.9837209302325581
absolute,Short 7d / long 56d,SAP only,22107,erratic,0.03008828996282528,0.9847908745247148
absolute,Per requirement,Both,22274,erratic,0.2894981412639405,0.6106346483704974
absolute,Per period 7d,Both,22274,erratic,0.12395446096654275,0.8989048020219039
absolute,Per period 14d,Both,22274,erratic,0.07946096654275094,0.9566433566433566
absolute,Per period 28d,Both,22274,erratic,0.046468401486988845,0.9950248756218906
absolute,Per period 56d,Both,22274,erratic,0.02520910780669145,0.9819004524886877
absolute,Min/Max,Both,22274,erratic,0.03961431226765799,0.9970760233918129
absolute,SP Part Period Balancing,SAP only,22274,erratic,0.0766728624535316,0.9821428571428571
absolute,WI Sliding Economic Lot Size,SAP only,22274,erratic,0.07911245353159851,0.9841040462427746
absolute,DY Dynamic Planning Calculation,SAP only,22274,erratic,0.036361524163568776,0.9936507936507937
absolute,GR Groff Reorder Procedure,SAP only,22274,erratic,0.09711895910780668,0.9732246798603027
absolute,Calendar bucket 7d,SAP only,22274,erratic,0.1187267657992565,0.8559463986599665
absolute,Calendar bucket 28d,SAP only,22274,erratic,0.04170539033457249,0.9472295514511874
absolute,Short 7d / long 28d,SAP only,22274,erratic,0.07609200743494424,0.9984756097560976
absolute,Short 7d / long 56d,SAP only,22274,erratic,0.04460966542750929,0.9974025974025974
absolute,Per requirement,Both,47590B,erratic,0.38847583643122674,0.6529974614333138
absolute,Per period 7d,Both,47590B,erratic,0.12941449814126393,0.9267886855241264
absolute,Per period 14d,Both,47590B,erratic,0.0858503717472119,0.9634941329856584
absolute,Per period 28d,Both,47590B,erratic,0.046468401486988845,0.9925558312655087
absolute,Per period 56d,Both,47590B,erratic,0.028810408921933085,1.0
absolute,Min/Max,Both,47590B,erratic,0.04321561338289963,0.9946524064171123
absolute,SP Part Period Balancing,SAP only,47590B,erratic,0.12116635687732343,0.9802631578947368
absolute,WI Sliding Economic Lot Size,SAP only,47590B,erratic,0.13859200743494424,0.9802793755135579
absolute,DY Dynamic Planning Calculation,SAP only,47590B,erratic,0.06912174721189591,0.9867330016583747
absolute,GR Groff Reorder Procedure,SAP only,47590B,erratic,0.13069237918215612,0.974025974025974
absolute,Calendar bucket 7d,SAP only,47590B,erratic,0.1270910780669145,0.8967213114754098
absolute,Calendar bucket 28d,SAP only,47590B,erratic,0.042867100371747215,0.9710526315789474
absolute,Short 7d / long 28d,SAP only,47590B,erratic,0.07736988847583644,1.0
absolute,Short 7d / long 56d,SAP only,47590B,erratic,0.04437732342007435,0.9973890339425587
absolute,Per requirement,Both,23184,erratic,0.12209572490706319,0.5386981035366478
absolute,Per period 7d,Both,23184,erratic,0.04995353159851301,0.8757637474541752
absolute,Per period 14d,Both,23184,erratic,0.03008828996282528,0.9350180505415162
absolute,Per period 28d,Both,23184,erratic,0.018935873605947954,0.9819277108433735
absolute,Per period 56d,Both,23184,erratic,0.011849442379182156,1.0
absolute,Min/Max,Both,23184,erratic,0.03822026022304833,0.9762611275964391
absolute,SP Part Period Balancing,SAP only,23184,erratic,0.036942379182156135,0.9665653495440729
absolute,WI Sliding Economic Lot Size,SAP only,23184,erratic,0.03717472118959108,0.975609756097561
absolute,DY Dynamic Planning Calculation,SAP only,23184,erratic,0.01696096654275093,0.9733333333333334
absolute,GR Groff Reorder Procedure,SAP only,23184,erratic,0.04484200743494424,0.9437652811735942
absolute,Calendar bucket 7d,SAP only,23184,erratic,0.04960501858736059,0.8195777351247601
absolute,Calendar bucket 28d,SAP only,23184,erratic,0.017309479553903346,0.9371069182389937
absolute,Short 7d / long 28d,SAP only,23184,erratic,0.0341542750929368,1.0
absolute,Short 7d / long 56d,SAP only,23184,erratic,0.020213754646840148,1.0
absolute,Per requirement,Both,23174,erratic,0.14811802973977695,0.7067627494456763
absolute,Per period 7d,Both,23174,erratic,0.04890799256505576,0.9546485260770975
absolute,Per period 14d,Both,23174,erratic,0.029855947955390334,0.9884615384615385
absolute,Per period 28d,Both,23174,erratic,0.017890334572490705,0.9871794871794872
absolute,Per period 56d,Both,23174,erratic,0.010803903345724907,1.0
absolute,Min/Max,Both,23174,erratic,0.02648698884758364,0.9827586206896551
absolute,SP Part Period Balancing,SAP only,23174,erratic,0.03810408921933085,0.9820359281437125
absolute,WI Sliding Economic Lot Size,SAP only,23174,erratic,0.038452602230483274,0.9821958456973294
absolute,DY Dynamic Planning Calculation,SAP only,23174,erratic,0.020678438661710038,0.9726775956284153
absolute,GR Groff Reorder Procedure,SAP only,23174,erratic,0.04507434944237918,0.9797979797979798
absolute,Calendar bucket 7d,SAP only,23174,erratic,0.04426115241635688,0.9225181598062954
absolute,Calendar bucket 28d,SAP only,23174,erratic,0.016031598513011152,0.965034965034965
absolute,Short 7d / long 28d,SAP only,23174,erratic,0.02695167286245353,1.0
absolute,Short 7d / long 56d,SAP only,23174,erratic,0.016031598513011152,1.0
absolute,Per requirement,Both,22894,erratic,0.09398234200743494,0.4638761467889908
absolute,Per period 7d,Both,22894,erratic,0.052857806691449814,0.7120500782472613
absolute,Per period 14d,Both,22894,erratic,0.03775557620817844,0.8354755784061697
absolute,Per period 28d,Both,22894,erratic,0.023466542750929367,0.8898678414096917
absolute,Per period 56d,Both,22894,erratic,0.01754182156133829,0.9805194805194806
absolute,Min/Max,Both,22894,erratic,0.04031133828996283,0.9747191011235955
absolute,SP Part Period Balancing,SAP only,22894,erratic,0.04519052044609666,0.9557739557739557
absolute,WI Sliding Economic Lot Size,SAP only,22894,erratic,0.04716542750929368,0.9419953596287703
absolute,DY Dynamic Planning Calculation,SAP only,22894,erratic,0.019981412639405203,0.9347826086956522
absolute,GR Groff Reorder Procedure,SAP only,22894,erratic,0.04890799256505576,0.8522267206477733
absolute,Calendar bucket 7d,SAP only,22894,erratic,0.052857806691449814,0.6509298998569385
absolute,Calendar bucket 28d,SAP only,22894,erratic,0.023698884758364312,0.8192771084337349
absolute,Short 7d / long 28d,SAP only,22894,erratic,0.047397769516728624,0.9927007299270073
absolute,Short 7d / long 56d,SAP only,22894,erratic,0.028113382899628253,0.9877551020408163
absolute,Per requirement,Both,22972,erratic,0.16322026022304834,0.7063851181498241
absolute,Per period 7d,Both,22972,erratic,0.06389405204460967,0.9417808219178082
absolute,Per period 14d,Both,22972,erratic,0.03880111524163569,0.9597701149425287
absolute,Per period 28d,Both,22972,erratic,0.024976765799256506,0.9772727272727273
absolute,Per period 56d,Both,22972,erratic,0.013940520446096654,0.9836065573770492
absolute,Min/Max,Both,22972,erratic,0.041356877323420076,0.994413407821229
absolute,SP Part Period Balancing,SAP only,22972,erratic,0.034967472118959106,0.9836601307189542
absolute,WI Sliding Economic Lot Size,SAP only,22972,erratic,0.037407063197026025,0.972809667673716
absolute,DY Dynamic Planning Calculation,SAP only,22972,erratic,0.017774163568773236,1.0
absolute,GR Groff Reorder Procedure,SAP only,22972,erratic,0.04855947955390334,0.9789227166276346
absolute,Calendar bucket 7d,SAP only,22972,erratic,0.06761152416356878,0.8926380368098159
absolute,Calendar bucket 28d,SAP only,22972,erratic,0.0262546468401487,0.9741379310344828
absolute,Short 7d / long 28d,SAP only,22972,erratic,0.042983271375464684,1.0
absolute,Short 7d / long 56d,SAP only,22972,erratic,0.025906133828996283,1.0
absolute,Per requirement,Both,22694,erratic,0.28357342007434944,0.7215489210759681
absolute,Per period 7d,Both,22694,erratic,0.08434014869888476,0.8551236749116607
absolute,Per period 14d,Both,22694,erratic,0.05599442379182156,0.9488188976377953
absolute,Per period 28d,Both,22694,erratic,0.03264405204460966,0.9756944444444444
absolute,Per period 56d,Both,22694,erratic,0.01858736059479554,0.9937888198757764
absolute,Min/Max,Both,22694,erratic,0.041356877323420076,0.994413407821229
absolute,SP Part Period Balancing,SAP only,22694,erratic,0.06470724907063197,0.9840989399293286
absolute,WI Sliding Economic Lot Size,SAP only,22694,erratic,0.06517193308550186,0.9929203539823008
absolute,DY Dynamic Planning Calculation,SAP only,22694,erratic,0.029623605947955392,1.0
absolute,GR Groff Reorder Procedure,SAP only,22694,erratic,0.07736988847583644,0.9866666666666667
absolute,Calendar bucket 7d,SAP only,22694,erratic,0.0800418215613383,0.8125
absolute,Calendar bucket 28d,SAP only,22694,erratic,0.030320631970260224,0.9525547445255474
absolute,Short 7d / long 28d,SAP only,22694,erratic,0.05564591078066915,0.9979166666666667
absolute,Short 7d / long 56d,SAP only,22694,erratic,0.03287639405204461,1.0
absolute,Per requirement,Both,85199S,erratic,0.18471189591078066,0.706980880391285
absolute,Per period 7d,Both,85199S,erratic,0.06923791821561338,0.9044006069802731
absolute,Per period 14d,Both,85199S,erratic,0.050302044609665426,0.9752252252252253
absolute,Per period 28d,Both,85199S,erratic,0.029275092936802975,0.980544747081712
absolute,Per period 56d,Both,85199S,erratic,0.01742565055762082,0.9933774834437086
absolute,Min/Max,Both,85199S,erratic,0.03217936802973978,1.0
absolute,SP Part Period Balancing,SAP only,85199S,erratic,0.02730018587360595,0.9915611814345991
absolute,WI Sliding Economic Lot Size,SAP only,85199S,erratic,0.026719330855018587,0.9956709956709957
absolute,DY Dynamic Planning Calculation,SAP only,85199S,erratic,0.012081784386617101,0.9904761904761905
absolute,GR Groff Reorder Procedure,SAP only,85199S,erratic,0.037058550185873604,0.9845679012345679
absolute,Calendar bucket 7d,SAP only,85199S,erratic,0.07551115241635688,0.87248322147651
absolute,Calendar bucket 28d,SAP only,85199S,erratic,0.026370817843866173,0.9578059071729957
absolute,Short 7d / long 28d,SAP only,85199S,erratic,0.048327137546468404,1.0
absolute,Short 7d / long 56d,SAP only,85199S,erratic,0.029275092936802975,1.0
absolute,Per requirement,Both,22361,erratic,0.21201208178438663,0.46532381438041814
absolute,Per period 7d,Both,22361,erratic,0.10629646840148699,0.8184257602862254
absolute,Per period 14d,Both,22361,erratic,0.07016728624535316,0.9278033794162827
absolute,Per period 28d,Both,22361,erratic,0.04379646840148699,0.9869109947643979
absolute,Per period 56d,Both,22361,erratic,0.026370817843866173,0.9912663755458515
absolute,Min/Max,Both,22361,erratic,0.0362453531598513,0.9904761904761905
absolute,SP Part Period Balancing,SAP only,22361,erratic,0.05611059479553903,0.9757575757575757
absolute,WI Sliding Economic Lot Size,SAP only,22361,erratic,0.059247211895910784,0.9845559845559846
absolute,DY Dynamic Planning Calculation,SAP only,22361,erratic,0.02753252788104089,0.9875
absolute,GR Groff Reorder Procedure,SAP only,22361,erratic,0.07783457249070631,0.9463276836158192
absolute,Calendar bucket 7d,SAP only,22361,erratic,0.1008364312267658,0.7437874892887746
absolute,Calendar bucket 28d,SAP only,22361,erratic,0.03903345724907063,0.9464788732394366
absolute,Short 7d / long 28d,SAP only,22361,erratic,0.07423327137546469,1.0
absolute,Short 7d / long 56d,SAP only,22361,erratic,0.042983271375464684,0.9973045822102425
absolute,Per requirement,Both,23177,erratic,0.13080855018587362,0.5895287958115183
absolute,Per period 7d,Both,23177,erratic,0.05157992565055762,0.8844621513944223
absolute,Per period 14d,Both,23177,erratic,0.03345724907063197,0.972972972972973
absolute,Per period 28d,Both,23177,erratic,0.020562267657992565,1.0
absolute,Per period 56d,Both,23177,erratic,0.01254646840148699,0.9908256880733946
absolute,Min/Max,Both,23177,erratic,0.022304832713754646,0.9948186528497409
absolute,SP Part Period Balancing,SAP only,23177,erratic,0.03125,0.992619926199262
absolute,WI Sliding Economic Lot Size,SAP only,23177,erratic,0.031947026022304835,0.9821428571428571
absolute,DY Dynamic Planning Calculation,SAP only,23177,erratic,0.018355018587360595,0.9937106918238994
absolute,GR Groff Reorder Procedure,SAP only,23177,erratic,0.03903345724907063,0.9824561403508771
absolute,Calendar bucket 7d,SAP only,23177,erratic,0.05216078066914498,0.8944223107569721
absolute,Calendar bucket 28d,SAP only,23177,erratic,0.018935873605947954,0.9760479041916168
absolute,Short 7d / long 28d,SAP only,23177,erratic,0.03264405204460966,0.9964539007092199
absolute,Short 7d / long 56d,SAP only,23177,erratic,0.01974907063197026,0.9941520467836257
absolute,Per requirement,Both,21910,erratic,0.05506505576208178,0.4669950738916256
absolute,Per period 7d,Both,21910,erratic,0.03671003717472119,0.7470449172576832
absolute,Per period 14d,Both,21910,erratic,0.028345724907063198,0.8215488215488216
absolute,Per period 28d,Both,21910,erratic,0.020562267657992565,0.921875
absolute,Per period 56d,Both,21910,erratic,0.012197955390334572,0.9375
absolute,Min/Max,Both,21910,erratic,0.01533457249070632,0.9924812030075187
absolute,SP Part Period Balancing,SAP only,21910,erratic,0.014172862453531599,0.953125
absolute,WI Sliding Economic Lot Size,SAP only,21910,erratic,0.014986059479553903,0.9699248120300752
absolute,DY Dynamic Planning Calculation,SAP only,21910,erratic,0.008364312267657992,0.972972972972973
absolute,GR Groff Reorder Procedure,SAP only,21910,erratic,0.026719330855018587,0.9387755102040817
absolute,Calendar bucket 7d,SAP only,21910,erratic,0.03891728624535316,0.6158088235294118
absolute,Calendar bucket 28d,SAP only,21910,erratic,0.0170771375464684,0.8802395209580839
absolute,Short 7d / long 28d,SAP only,21910,erratic,0.03659386617100372,0.9905660377358491
absolute,Short 7d / long 56d,SAP only,21910,erratic,0.022653345724907063,1.0
absolute,Per requirement,Both,85015,erratic,0.15927044609665428,0.614247311827957
absolute,Per period 7d,Both,85015,erratic,0.0795771375464684,0.806831566548881
absolute,Per period 14d,Both,85015,erratic,0.056807620817843865,0.8842676311030742
absolute,Per period 28d,Both,85015,erratic,0.04065985130111524,0.9615384615384616
absolute,Per period 56d,Both,85015,erratic,0.023815055762081785,0.9903381642512077
absolute,Min/Max,Both,85015,erratic,0.03519981412639405,0.9901960784313726
absolute,SP Part Period Balancing,SAP only,85015,erratic,0.05309014869888476,0.9913232104121475
absolute,WI Sliding Economic Lot Size,SAP only,85015,erratic,0.052857806691449814,0.974304068522484
absolute,DY Dynamic Planning Calculation,SAP only,85015,erratic,0.032992565055762084,0.9826989619377162
absolute,GR Groff Reorder Procedure,SAP only,85015,erratic,0.07237453531598513,0.967391304347826
absolute,Calendar bucket 7d,SAP only,85015,erratic,0.08573420074349443,0.724950884086444
absolute,Calendar bucket 28d,SAP only,85015,erratic,0.0362453531598513,0.9043478260869565
absolute,Short 7d / long 28d,SAP only,85015,erratic,0.06947026022304832,0.9950083194675541
absolute,Short 7d / long 56d,SAP only,85015,erratic,0.04077602230483272,0.9943342776203966
absolute,Per requirement,Both,23133,erratic,0.07992565055762081,0.5029239766081871
absolute,Per period 7d,Both,23133,erratic,0.04065985130111524,0.819672131147541
absolute,Per period 14d,Both,23133,erratic,0.03055297397769517,0.9326241134751773
absolute,Per period 28d,Both,23133,erratic,0.018355018587360595,0.9937106918238994
absolute,Per period 56d,Both,23133,erratic,0.010687732342007435,1.0
absolute,Min/Max,Both,23133,erratic,0.025557620817843865,0.9691629955947136
absolute,SP Part Period Balancing,SAP only,23133,erratic,0.031482342007434945,0.954225352112676
absolute,WI Sliding Economic Lot Size,SAP only,23133,erratic,0.030901486988847583,0.926829268292683
absolute,DY Dynamic Planning Calculation,SAP only,23133,erratic,0.015450743494423791,0.95
absolute,GR Groff Reorder Procedure,SAP only,23133,erratic,0.0362453531598513,0.9176470588235294
absolute,Calendar bucket 7d,SAP only,23133,erratic,0.03729089219330855,0.7345537757437071
absolute,Calendar bucket 28d,SAP only,23133,erratic,0.016147769516728624,0.972027972027972
absolute,Short 7d / long 28d,SAP only,23133,erratic,0.028113382899628253,0.9958847736625515
absolute,Short 7d / long 56d,SAP only,23133,erratic,0.01754182156133829,1.0
absolute,Per requirement,Both,22745,erratic,0.27857806691449816,0.7128418549346016
absolute,Per period 7d,Both,22745,erratic,0.08015799256505576,0.8789808917197452
absolute,Per period 14d,Both,22745,erratic,0.05436802973977695,0.970954356846473
absolute,Per period 28d,Both,22745,erratic,0.031947026022304835,0.975177304964539
absolute,Per period 56d,Both,22745,erratic,0.017774163568773236,0.9807692307692307
absolute,Min/Max,Both,22745,erratic,0.045422862453531596,0.9949109414758269
absolute,SP Part Period Balancing,SAP only,22745,erratic,0.06389405204460967,1.0
absolute,WI Sliding Economic Lot Size,SAP only,22745,erratic,0.062151486988847586,0.9925788497217068
absolute,DY Dynamic Planning Calculation,SAP only,22745,erratic,0.026370817843866173,0.9956140350877193
absolute,GR Groff Reorder Procedure,SAP only,22745,erratic,0.06854089219330856,0.9768211920529801
absolute,Calendar bucket 7d,SAP only,22745,erratic,0.08654739776951673,0.910757946210269
absolute,Calendar bucket 28d,SAP only,22745,erratic,0.029391263940520447,0.9656488549618321
absolute,Short 7d / long 28d,SAP only,22745,erratic,0.05216078066914498,1.0
absolute,Short 7d / long 56d,SAP only,22745,erratic,0.030436802973977696,0.9961977186311787
absolute,Per requirement,Both,22919,erratic,0.15137081784386616,0.6865121180189674
absolute,Per period 7d,Both,22919,erratic,0.06006040892193309,0.8792517006802721
absolute,Per period 14d,Both,22919,erratic,0.0383364312267658,0.9295774647887324
absolute,Per period 28d,Both,22919,erratic,0.022653345724907063,0.975
absolute,Per period 56d,Both,22919,erratic,0.01370817843866171,0.9833333333333333
absolute,Min/Max,Both,22919,erratic,0.04275092936802974,0.9919137466307277
absolute,SP Part Period Balancing,SAP only,22919,erratic,0.023698884758364312,0.9902912621359223
absolute,WI Sliding Economic Lot Size,SAP only,22919,erratic,0.022072490706319704,0.9743589743589743
absolute,DY Dynamic Planning Calculation,SAP only,22919,erratic,0.011268587360594795,0.9797979797979798
absolute,GR Groff Reorder Procedure,SAP only,22919,erratic,0.0333410780669145,0.9896551724137931
absolute,Calendar bucket 7d,SAP only,22919,erratic,0.06319702602230483,0.8035450516986706
absolute,Calendar bucket 28d,SAP only,22919,erratic,0.024512081784386616,0.9678899082568807
absolute,Short 7d / long 28d,SAP only,22919,erratic,0.04460966542750929,1.0
absolute,Short 7d / long 56d,SAP only,22919,erratic,0.02648698884758364,0.991304347826087
absolute,Per requirement,Both,84884A,erratic,0.1621747211895911,0.5089318264673715
absolute,Per period 7d,Both,84884A,erratic,0.07992565055762081,0.7265047518479408
absolute,Per period 14d,Both,84884A,erratic,0.0595957249070632,0.8423645320197044
absolute,Per period 28d,Both,84884A,erratic,0.042402416356877325,0.9455958549222798
absolute,Per period 56d,Both,84884A,erratic,0.023350371747211895,0.9804878048780488
absolute,Min/Max,Both,84884A,erratic,0.030436802973977696,0.9961977186311787
absolute,SP Part Period Balancing,SAP only,84884A,erratic,0.050882899628252785,0.9501084598698482
absolute,WI Sliding Economic Lot Size,SAP only,84884A,erratic,0.05692379182156134,0.9645669291338582
absolute,DY Dynamic Planning Calculation,SAP only,84884A,erratic,0.028694237918215612,0.9919678714859438
absolute,GR Groff Reorder Procedure,SAP only,84884A,erratic,0.06482342007434944,0.9284525790349417
absolute,Calendar bucket 7d,SAP only,84884A,erratic,0.08445631970260223,0.6615104640582348
absolute,Calendar bucket 28d,SAP only,84884A,erratic,0.03519981412639405,0.8583569405099151
absolute,Short 7d / long 28d,SAP only,84884A,erratic,0.07179368029739777,0.9935691318327974
absolute,Short 7d / long 56d,SAP only,84884A,erratic,0.042867100371747215,1.0
absolute,Per requirement,Both,21529,erratic,0.04867565055762082,0.4772209567198178
absolute,Per period 7d,Both,21529,erratic,0.025906133828996283,0.7508417508417509
absolute,Per period 14d,Both,21529,erratic,0.017657992565055763,0.7794871794871795
absolute,Per period 28d,Both,21529,erratic,0.010339219330855019,0.7672413793103449
absolute,Per period 56d,Both,21529,erratic,0.007318773234200744,0.9
absolute,Min/Max,Both,21529,erratic,0.023466542750929367,0.9711538461538461
absolute,SP Part Period Balancing,SAP only,21529,erratic,0.014521375464684015,0.946969696969697
absolute,WI Sliding Economic Lot Size,SAP only,21529,erratic,0.013592007434944238,0.9512195121951219
absolute,DY Dynamic Planning Calculation,SAP only,21529,erratic,0.006273234200743495,1.0
absolute,GR Groff Reorder Procedure,SAP only,21529,erratic,0.018471189591078067,0.9244186046511628
absolute,Calendar bucket 7d,SAP only,21529,erratic,0.02509293680297398,0.6687306501547987
absolute,Calendar bucket 28d,SAP only,21529,erratic,0.008945167286245352,0.6260162601626016
absolute,Short 7d / long 28d,SAP only,21529,erratic,0.021143122676579924,0.9430051813471503
absolute,Short 7d / long 56d,SAP only,21529,erratic,0.01324349442379182,0.957983193277311
absolute,Per requirement,Both,20727,erratic,0.7037639405204461,0.8889214966984593
absolute,Per period 7d,Both,20727,erratic,0.14602695167286245,0.9874312647289867
absolute,Per period 14d,Both,20727,erratic,0.09735130111524164,0.995249406175772
absolute,Per period 28d,Both,20727,erratic,0.05018587360594796,0.9976905311778291
absolute,Per period 56d,Both,20727,erratic,0.027184014869888477,0.9957446808510638
absolute,Min/Max,Both,20727,erratic,0.050302044609665426,1.0
absolute,SP Part Period Balancing,SAP only,20727,erratic,0.1636849442379182,0.9957597173144876
absolute,WI Sliding Economic Lot Size,SAP only,20727,erratic,0.1754182156133829,0.995385629531971
absolute,DY Dynamic Planning Calculation,SAP only,20727,erratic,0.08677973977695168,0.9986631016042781
absolute,GR Groff Reorder Procedure,SAP only,20727,erratic,0.168796468401487,0.9924863387978142
absolute,Calendar bucket 7d,SAP only,20727,erratic,0.14056691449814127,0.9781729991915926
absolute,Calendar bucket 28d,SAP only,20727,erratic,0.043912639405204464,0.9869451697127938
absolute,Short 7d / long 28d,SAP only,20727,erratic,0.0779507434944238,1.0
absolute,Short 7d / long 56d,SAP only,20727,erratic,0.04507434944237918,1.0
absolute,Per requirement,Both,22028,erratic,0.34049721189591076,0.7940937415334598
absolute,Per period 7d,Both,22028,erratic,0.11036245353159851,0.9378084896347483
absolute,Per period 14d,Both,22028,erratic,0.07016728624535316,0.9853181076672104
absolute,Per period 28d,Both,22028,erratic,0.041356877323420076,0.9834254143646409
absolute,Per period 56d,Both,22028,erratic,0.024976765799256506,1.0
absolute,Min/Max,Both,22028,erratic,0.04914033457249071,0.9929577464788732
absolute,SP Part Period Balancing,SAP only,22028,erratic,0.04449349442379182,0.9948051948051948
absolute,WI Sliding Economic Lot Size,SAP only,22028,erratic,0.04565520446096654,1.0
absolute,DY Dynamic Planning Calculation,SAP only,22028,erratic,0.015566914498141264,0.9925925925925926
absolute,GR Groff Reorder Procedure,SAP only,22028,erratic,0.05901486988847584,0.9825918762088974
absolute,Calendar bucket 7d,SAP only,22028,erratic,0.12197955390334572,0.9442446043165468
absolute,Calendar bucket 28d,SAP only,22028,erratic,0.041473048327137545,0.9780821917808219
absolute,Short 7d / long 28d,SAP only,22028,erratic,0.0724907063197026,1.0
absolute,Short 7d / long 56d,SAP only,22028,erratic,0.042867100371747215,1.0
absolute,Per requirement,Both,22371,erratic,0.2674256505576208,0.49708486288058734
absolute,Per period 7d,Both,22371,erratic,0.10966542750929369,0.8309859154929577
absolute,Per period 14d,Both,22371,erratic,0.07841542750929369,0.9259259259259259
absolute,Per period 28d,Both,22371,erratic,0.046816914498141265,0.9641148325358851
absolute,Per period 56d,Both,22371,erratic,0.025441449814126393,0.9776785714285714
absolute,Min/Max,Both,22371,erratic,0.04879182156133829,0.9929078014184397
absolute,SP Part Period Balancing,SAP only,22371,erratic,0.07481412639405205,0.9742813918305597
absolute,WI Sliding Economic Lot Size,SAP only,22371,erratic,0.07400092936802974,0.9710365853658537
absolute,DY Dynamic Planning Calculation,SAP only,22371,erratic,0.03020446096654275,0.9737827715355806
absolute,GR Groff Reorder Procedure,SAP only,22371,erratic,0.08608271375464684,0.9573643410852714
absolute,Calendar bucket 7d,SAP only,22371,erratic,0.10699349442379182,0.7643153526970954
absolute,Calendar bucket 28d,SAP only,22371,erratic,0.03973048327137547,0.9047619047619048
absolute,Short 7d / long 28d,SAP only,22371,erratic,0.07632434944237919,1.0
absolute,Short 7d / long 56d,SAP only,22371,erratic,0.04426115241635688,1.0
absolute,Per requirement,Both,22297,erratic,0.45085966542750927,0.7650305539128721
absolute,Per period 7d,Both,22297,erratic,0.1420771375464684,0.9607227022780833
absolute,Per period 14d,Both,22297,erratic,0.08341078066914498,0.9862637362637363
absolute,Per period 28d,Both,22297,erratic,0.04948884758364312,0.9953271028037384
absolute,Per period 56d,Both,22297,erratic,0.02799721189591078,1.0
absolute,Min/Max,Both,22297,erratic,0.047397769516728624,0.9975550122249389
absolute,SP Part Period Balancing,SAP only,22297,erratic,0.10606412639405205,0.9934711643090316
absolute,WI Sliding Economic Lot Size,SAP only,22297,erratic,0.10339219330855019,0.9933035714285714
absolute,DY Dynamic Planning Calculation,SAP only,22297,erratic,0.04914033457249071,0.990632318501171
absolute,GR Groff Reorder Procedure,SAP only,22297,erratic,0.11814591078066915,0.9931640625
absolute,Calendar bucket 7d,SAP only,22297,erratic,0.13673327137546468,0.9561332250203087
absolute,Calendar bucket 28d,SAP only,22297,erratic,0.042867100371747215,0.984
absolute,Short 7d / long 28d,SAP only,22297,erratic,0.0779507434944238,1.0
absolute,Short 7d / long 56d,SAP only,22297,erratic,0.04495817843866171,0.9974226804123711
absolute,Per requirement,Both,20671,erratic,0.08538568773234201,0.5614973262032086
absolute,Per period 7d,Both,20671,erratic,0.04263475836431227,0.8398169336384439
absolute,Per period 14d,Both,20671,erratic,0.03241171003717472,0.9331103678929766
absolute,Per period 28d,Both,20671,erratic,0.020213754646840148,0.9886363636363636
absolute,Per period 56d,Both,20671,erratic,0.011268587360594795,0.9897959183673469
absolute,Min/Max,Both,20671,erratic,0.037407063197026025,0.9787234042553191
absolute,SP Part Period Balancing,SAP only,20671,erratic,0.016263940520446097,0.9859154929577465
absolute,WI Sliding Economic Lot Size,SAP only,20671,erratic,0.015450743494423791,0.9851851851851852
absolute,DY Dynamic Planning Calculation,SAP only,20671,erratic,0.007783457249070632,1.0
absolute,GR Groff Reorder Procedure,SAP only,20671,erratic,0.02509293680297398,0.9557522123893806
absolute,Calendar bucket 7d,SAP only,20671,erratic,0.05018587360594796,0.7868852459016393
absolute,Calendar bucket 28d,SAP only,20671,erratic,0.01858736059479554,0.9411764705882353
absolute,Short 7d / long 28d,SAP only,20671,erratic,0.03508364312267658,0.9966996699669967
absolute,Short 7d / long 56d,SAP only,20671,erratic,0.020446096654275093,0.9943502824858758
absolute,Per requirement,Both,22846,erratic,0.13615241635687733,0.47836734693877553
absolute,Per period 7d,Both,22846,erratic,0.06157063197026022,0.7946026986506747
absolute,Per period 14d,Both,22846,erratic,0.040892193308550186,0.88
absolute,Per period 28d,Both,22846,erratic,0.02950743494423792,0.9338235294117647
absolute,Per period 56d,Both,22846,erratic,0.014405204460966542,0.9763779527559056
absolute,Min/Max,Both,22846,erratic,0.04530669144981413,0.9582309582309583
absolute,SP Part Period Balancing,SAP only,22846,erratic,0.07179368029739777,0.9507692307692308
absolute,WI Sliding Economic Lot Size,SAP only,22846,erratic,0.0687732342007435,0.9641693811074918
absolute,DY Dynamic Planning Calculation,SAP only,22846,erratic,0.043912639405204464,0.9569620253164557
absolute,GR Groff Reorder Procedure,SAP only,22846,erratic,0.06947026022304832,0.8820058997050148
absolute,Calendar bucket 7d,SAP only,22846,erratic,0.06656598513011153,0.7806539509536785
absolute,Calendar bucket 28d,SAP only,22846,erratic,0.02578996282527881,0.925
absolute,Short 7d / long 28d,SAP only,22846,erratic,0.04821096654275093,0.9975961538461539
absolute,Short 7d / long 56d,SAP only,22846,erratic,0.028694237918215612,1.0
absolute,Per requirement,Both,22227,erratic,0.3554832713754647,0.6777408637873754
absolute,Per period 7d,Both,22227,erratic,0.13406133828996283,0.9366883116883117
absolute,Per period 14d,Both,22227,erratic,0.08770910780669144,0.9767141009055628
absolute,Per period 28d,Both,22227,erratic,0.04867565055762082,0.9905437352245863
absolute,Per period 56d,Both,22227,erratic,0.02648698884758364,0.987012987012987
absolute,Min/Max,Both,22227,erratic,0.05065055762081784,0.9954337899543378
absolute,SP Part Period Balancing,SAP only,22227,erratic,0.052741635687732345,0.9934354485776805
absolute,WI Sliding Economic Lot Size,SAP only,22227,erratic,0.05297397769516728,0.9956331877729258
absolute,DY Dynamic Planning Calculation,SAP only,22227,erratic,0.022653345724907063,1.0
absolute,GR Groff Reorder Procedure,SAP only,22227,erratic,0.0766728624535316,0.995475113122172
absolute,Calendar bucket 7d,SAP only,22227,erratic,0.13173791821561337,0.9182186234817814
absolute,Calendar bucket 28d,SAP only,22227,erratic,0.04275092936802974,0.9919137466307277
absolute,Short 7d / long 28d,SAP only,22227,erratic,0.0779507434944238,1.0
absolute,Short 7d / long 56d,SAP only,22227,erratic,0.04507434944237918,1.0
absolute,Per requirement,Both,21651,erratic,0.09467936802973978,0.7130358705161854
absolute,Per period 7d,Both,21651,erratic,0.04879182156133829,0.8677685950413223
absolute,Per period 14d,Both,21651,erratic,0.03276022304832714,0.9368770764119602
absolute,Per period 28d,Both,21651,erratic,0.020213754646840148,0.9354838709677419
absolute,Per period 56d,Both,21651,erratic,0.00987453531598513,0.9883720930232558
absolute,Min/Max,Both,21651,erratic,0.032527881040892194,0.9859154929577465
absolute,SP Part Period Balancing,SAP only,21651,erratic,0.02474442379182156,0.9726027397260274
absolute,WI Sliding Economic Lot Size,SAP only,21651,erratic,0.0262546468401487,0.9912280701754386
absolute,DY Dynamic Planning Calculation,SAP only,21651,erratic,0.013475836431226766,1.0
absolute,GR Groff Reorder Procedure,SAP only,21651,erratic,0.04263475836431227,0.9557291666666666
absolute,Calendar bucket 7d,SAP only,21651,erratic,0.05309014869888476,0.8045774647887324
absolute,Calendar bucket 28d,SAP only,21651,erratic,0.01974907063197026,0.9497206703910615
absolute,Short 7d / long 28d,SAP only,21651,erratic,0.03729089219330855,0.9756838905775076
absolute,Short 7d / long 56d,SAP only,21651,erratic,0.022885687732342008,0.9899497487437185
absolute,Per requirement,Both,37413,erratic,0.058782527881040894,0.6571428571428571
absolute,Per period 7d,Both,37413,erratic,0.03578066914498141,0.8
absolute,Per period 14d,Both,37413,erratic,0.02509293680297398,0.935064935064935
absolute,Per period 28d,Both,37413,erratic,0.020562267657992565,0.9672131147540983
absolute,Per period 56d,Both,37413,erratic,0.011036245353159852,0.9895833333333334
absolute,Min/Max,Both,37413,erratic,0.0017425650557620818,1.0
absolute,SP Part Period Balancing,SAP only,37413,erratic,0.009990706319702601,0.9885057471264368
absolute,WI Sliding Economic Lot Size,SAP only,37413,erratic,0.011733271375464684,0.9901960784313726
absolute,DY Dynamic Planning Calculation,SAP only,37413,erratic,0.006737918215613383,0.9830508474576272
absolute,GR Groff Reorder Procedure,SAP only,37413,erratic,0.018935873605947954,0.9819277108433735
absolute,Calendar bucket 7d,SAP only,37413,erratic,0.038452602230483274,0.7323008849557522
absolute,Calendar bucket 28d,SAP only,37413,erratic,0.018703531598513012,0.92
absolute,Short 7d / long 28d,SAP only,37413,erratic,0.03217936802973978,0.9964028776978417
absolute,Short 7d / long 56d,SAP only,37413,erratic,0.01963289962825279,1.0
absolute,Per requirement,Both,85135C,lumpy,0.02973977695167286,0.2797814207650273
absolute,Per period 7d,Both,85135C,lumpy,0.022653345724907063,0.4744525547445255
absolute,Per period 14d,Both,85135C,lumpy,0.0191682156133829,0.5612244897959183
absolute,Per period 28d,Both,85135C,lumpy,0.015450743494423791,0.6519607843137255
absolute,Per period 56d,Both,85135C,lumpy,0.011384758364312268,0.7967479674796748
absolute,Min/Max,Both,85135C,lumpy,0.02578996282527881,0.888
absolute,SP Part Period Balancing,SAP only,85135C,lumpy,0.021259293680297397,0.8840579710144928
absolute,WI Sliding Economic Lot Size,SAP only,85135C,lumpy,0.018819702602230485,0.8756756756756757
absolute,DY Dynamic Planning Calculation,SAP only,85135C,lumpy,0.011849442379182156,0.9807692307692307
absolute,GR Groff Reorder Procedure,SAP only,85135C,lumpy,0.024395910780669144,0.7
absolute,Calendar bucket 7d,SAP only,85135C,lumpy,0.022769516728624536,0.40329218106995884
absolute,Calendar bucket 28d,SAP only,85135C,lumpy,0.013940520446096654,0.47808764940239046
absolute,Short 7d / long 28d,SAP only,85135C,lumpy,0.03508364312267658,0.880466472303207
absolute,Short 7d / long 56d,SAP only,85135C,lumpy,0.024860594795539034,0.9264069264069265
absolute,Per requirement,Both,20700,lumpy,0.016612453531598514,0.22698412698412698
absolute,Per period 7d,Both,20700,lumpy,0.012314126394052044,0.34415584415584416
absolute,Per period 14d,Both,20700,lumpy,0.01486988847583643,0.5765765765765766
absolute,Per period 28d,Both,20700,lumpy,0.00023234200743494423,1.0
absolute,Per period 56d,Both,20700,lumpy,0.00011617100371747211,1.0
absolute,Min/Max,Both,20700,lumpy,0.004065985130111524,0.9722222222222222
absolute,SP Part Period Balancing,SAP only,20700,lumpy,0.010803903345724907,0.8611111111111112
absolute,WI Sliding Economic Lot Size,SAP only,20700,lumpy,0.011152416356877323,0.8807339449541285
absolute,DY Dynamic Planning Calculation,SAP only,20700,lumpy,0.006970260223048327,0.9230769230769231
absolute,GR Groff Reorder Procedure,SAP only,20700,lumpy,0.01266263940520446,0.6566265060240963
absolute,Calendar bucket 7d,SAP only,20700,lumpy,0.011617100371747211,0.27548209366391185
absolute,Calendar bucket 28d,SAP only,20700,lumpy,0.008248141263940521,0.4896551724137931
absolute,Short 7d / long 28d,SAP only,20700,lumpy,0.02509293680297398,0.8925619834710744
absolute,Short 7d / long 56d,SAP only,20700,lumpy,0.016612453531598514,0.9166666666666666
absolute,Per requirement,Both,21824,lumpy,0.12592936802973978,0.784370477568741
absolute,Per period 7d,Both,21824,lumpy,0.046468401486988845,0.89086859688196
absolute,Per period 14d,Both,21824,lumpy,0.02846189591078067,0.8941605839416058
absolute,Per period 28d,Both,21824,lumpy,0.019052044609665426,0.9213483146067416
absolute,Per period 56d,Both,21824,lumpy,0.011268587360594795,0.9603960396039604
absolute,Min/Max,Both,21824,lumpy,0.03961431226765799,0.9941690962099126
absolute,SP Part Period Balancing,SAP only,21824,lumpy,0.03264405204460966,0.9790940766550522
absolute,WI Sliding Economic Lot Size,SAP only,21824,lumpy,0.028810408921933085,0.9802371541501976
absolute,DY Dynamic Planning Calculation,SAP only,21824,lumpy,0.014056691449814127,0.9758064516129032
absolute,GR Groff Reorder Procedure,SAP only,21824,lumpy,0.03612918215613383,0.9904458598726115
absolute,Calendar bucket 7d,SAP only,21824,lumpy,0.04600371747211896,0.8516129032258064
absolute,Calendar bucket 28d,SAP only,21824,lumpy,0.018703531598513012,0.8846153846153846
absolute,Short 7d / long 28d,SAP only,21824,lumpy,0.03171468401486989,0.9545454545454546
absolute,Short 7d / long 56d,SAP only,21824,lumpy,0.020446096654275093,0.967032967032967
absolute,Per requirement,Both,21768,lumpy,0.04507434944237918,0.38606965174129354
absolute,Per period 7d,Both,21768,lumpy,0.026370817843866173,0.7937062937062938
absolute,Per period 14d,Both,21768,lumpy,0.0170771375464684,0.8352272727272727
absolute,Per period 28d,Both,21768,lumpy,0.011617100371747211,0.970873786407767
absolute,Per period 56d,Both,21768,lumpy,0.0055762081784386614,1.0
absolute,Min/Max,Both,21768,lumpy,0.011152416356877323,0.9696969696969697
absolute,SP Part Period Balancing,SAP only,21768,lumpy,0.026370817843866173,0.9700854700854701
absolute,WI Sliding Economic Lot Size,SAP only,21768,lumpy,0.023931226765799257,0.8803418803418803
absolute,DY Dynamic Planning Calculation,SAP only,21768,lumpy,0.011268587360594795,0.97
absolute,GR Groff Reorder Procedure,SAP only,21768,lumpy,0.027067843866171004,0.932
absolute,Calendar bucket 7d,SAP only,21768,lumpy,0.02509293680297398,0.7474048442906575
absolute,Calendar bucket 28d,SAP only,21768,lumpy,0.012197955390334572,0.9459459459459459
absolute,Short 7d / long 28d,SAP only,21768,lumpy,0.019516728624535316,0.9940828402366864
absolute,Short 7d / long 56d,SAP only,21768,lumpy,0.012081784386617101,0.9811320754716981
absolute,Per requirement,Both,90000D,lumpy,0.0060408921933085506,0.28415300546448086
absolute,Per period 7d,Both,90000D,lumpy,0.004298327137546468,0.2569444444444444
absolute,Per period 14d,Both,90000D,lumpy,0.004414498141263941,0.2676056338028169
absolute,Per period 28d,Both,90000D,lumpy,0.005343866171003717,0.3709677419354839
absolute,Per period 56d,Both,90000D,lumpy,0.005111524163568773,0.5432098765432098
absolute,Min/Max,Both,90000D,lumpy,0.007551115241635688,0.7558139534883721
absolute,SP Part Period Balancing,SAP only,90000D,lumpy,0.005808550185873606,0.7352941176470589
absolute,WI Sliding Economic Lot Size,SAP only,90000D,lumpy,0.005111524163568773,0.6666666666666666
absolute,DY Dynamic Planning Calculation,SAP only,90000D,lumpy,0.0037174721189591076,0.7272727272727273
absolute,GR Groff Reorder Procedure,SAP only,90000D,lumpy,0.005111524163568773,0.33587786259541985
absolute,Calendar bucket 7d,SAP only,90000D,lumpy,0.005111524163568773,0.2857142857142857
absolute,Calendar bucket 28d,SAP only,90000D,lumpy,0.004065985130111524,0.29914529914529914
absolute,Short 7d / long 28d,SAP only,90000D,lumpy,0.006854089219330855,0.4125874125874126
absolute,Short 7d / long 56d,SAP only,90000D,lumpy,0.00987453531598513,0.6640625
absolute,Per requirement,Both,62096A,lumpy,0.05006970260223048,0.4580233793836344
absolute,Per period 7d,Both,62096A,lumpy,0.032992565055762084,0.7244897959183674
absolute,Per period 14d,Both,62096A,lumpy,0.027648698884758363,0.8981132075471698
absolute,Per period 28d,Both,62096A,lumpy,0.018471189591078067,0.9352941176470588
absolute,Per period 56d,Both,62096A,lumpy,0.011965613382899629,0.9626168224299065
absolute,Min/Max,Both,62096A,lumpy,0.03578066914498141,0.9808917197452229
absolute,SP Part Period Balancing,SAP only,62096A,lumpy,0.013475836431226766,0.9666666666666667
absolute,WI Sliding Economic Lot Size,SAP only,62096A,lumpy,0.01266263940520446,0.990909090909091
absolute,DY Dynamic Planning Calculation,SAP only,62096A,lumpy,0.008248141263940521,1.0
absolute,GR Groff Reorder Procedure,SAP only,62096A,lumpy,0.027648698884758363,0.9482071713147411
absolute,Calendar bucket 7d,SAP only,62096A,lumpy,0.037987918215613384,0.6942675159235668
absolute,Calendar bucket 28d,SAP only,62096A,lumpy,0.018935873605947954,0.8810810810810811
absolute,Short 7d / long 28d,SAP only,62096A,lumpy,0.03345724907063197,0.9863013698630136
absolute,Short 7d / long 56d,SAP only,62096A,lumpy,0.021143122676579924,0.9891304347826086
absolute,Per requirement,Both,17090D,lumpy,0.013592007434944238,0.36908517350157727
absolute,Per period 7d,Both,17090D,lumpy,0.01254646840148699,0.46956521739130436
absolute,Per period 14d,Both,17090D,lumpy,0.012081784386617101,0.5621621621621622
absolute,Per period 28d,Both,17090D,lumpy,0.009177509293680297,0.5374149659863946
absolute,Per period 56d,Both,17090D,lumpy,0.012314126394052044,0.8412698412698413
absolute,Min/Max,Both,17090D,lumpy,0.011965613382899629,0.8442622950819673
absolute,SP Part Period Balancing,SAP only,17090D,lumpy,0.004646840148698885,0.9090909090909091
absolute,WI Sliding Economic Lot Size,SAP only,17090D,lumpy,0.004414498141263941,0.8837209302325582
absolute,DY Dynamic Planning Calculation,SAP only,17090D,lumpy,0.004065985130111524,0.875
absolute,GR Groff Reorder Procedure,SAP only,17090D,lumpy,0.012894981412639405,0.74
absolute,Calendar bucket 7d,SAP only,17090D,lumpy,0.012197955390334572,0.3917910447761194
absolute,Calendar bucket 28d,SAP only,17090D,lumpy,0.01150092936802974,0.5469613259668509
absolute,Short 7d / long 28d,SAP only,17090D,lumpy,0.01963289962825279,0.7612612612612613
absolute,Short 7d / long 56d,SAP only,17090D,lumpy,0.01638011152416357,0.844311377245509
absolute,Per requirement,Both,21062,lumpy,0.10490241635687732,0.6354679802955665
absolute,Per period 7d,Both,21062,lumpy,0.06505576208178439,0.7876230661040787
absolute,Per period 14d,Both,21062,lumpy,0.04902416356877323,0.8629856850715747
absolute,Per period 28d,Both,21062,lumpy,0.03519981412639405,0.9528301886792453
absolute,Per period 56d,Both,21062,lumpy,0.022188661710037173,0.9896373056994818
absolute,Min/Max,Both,21062,lumpy,0.04019516728624535,0.9829545454545454
absolute,SP Part Period Balancing,SAP only,21062,lumpy,0.026022304832713755,0.9739130434782609
absolute,WI Sliding Economic Lot Size,SAP only,21062,lumpy,0.02520910780669145,0.9819004524886877
absolute,DY Dynamic Planning Calculation,SAP only,21062,lumpy,0.01150092936802974,1.0
absolute,GR Groff Reorder Procedure,SAP only,21062,lumpy,0.042053903345724904,0.9476439790575916
absolute,Calendar bucket 7d,SAP only,21062,lumpy,0.07434944237918216,0.7655502392344498
absolute,Calendar bucket 28d,SAP only,21062,lumpy,0.03612918215613383,0.9120234604105572
absolute,Short 7d / long 28d,SAP only,21062,lumpy,0.06145446096654275,0.9887850467289719
absolute,Short 7d / long 56d,SAP only,21062,lumpy,0.03787174721189591,0.9969418960244648
absolute,Per requirement,Both,84564,lumpy,0.00034851301115241634,1.0
absolute,Per period 7d,Both,84564,lumpy,0.00034851301115241634,1.0
absolute,Per period 14d,Both,84564,lumpy,0.00034851301115241634,1.0
absolute,Per period 28d,Both,84564,lumpy,0.00023234200743494423,1.0
absolute,Per period 56d,Both,84564,lumpy,0.00011617100371747211,1.0
absolute,Min/Max,Both,84564,lumpy,0.00023234200743494423,1.0
absolute,SP Part Period Balancing,SAP only,84564,lumpy,0.00011617100371747211,1.0
absolute,WI Sliding Economic Lot Size,SAP only,84564,lumpy,0.00011617100371747211,1.0
absolute,DY Dynamic Planning Calculation,SAP only,84564,lumpy,0.00011617100371747211,1.0
absolute,GR Groff Reorder Procedure,SAP only,84564,lumpy,0.00034851301115241634,1.0
absolute,Calendar bucket 7d,SAP only,84564,lumpy,0.00034851301115241634,1.0
absolute,Calendar bucket 28d,SAP only,84564,lumpy,0.00034851301115241634,1.0
absolute,Short 7d / long 28d,SAP only,84564,lumpy,0.00034851301115241634,1.0
absolute,Short 7d / long 56d,SAP only,84564,lumpy,0.00023234200743494423,1.0
absolute,Per requirement,Both,77101A,lumpy,0.05216078066914498,0.5056306306306306
absolute,Per period 7d,Both,77101A,lumpy,0.032063197026022304,0.6882793017456359
absolute,Per period 14d,Both,77101A,lumpy,0.027184014869888477,0.8571428571428571
absolute,Per period 28d,Both,77101A,lumpy,0.020213754646840148,0.9109947643979057
absolute,Per period 56d,Both,77101A,lumpy,0.010455390334572491,0.9782608695652174
absolute,Min/Max,Both,77101A,lumpy,0.018355018587360595,0.9937106918238994
absolute,SP Part Period Balancing,SAP only,77101A,lumpy,0.018471189591078067,0.9754601226993865
absolute,WI Sliding Economic Lot Size,SAP only,77101A,lumpy,0.01858736059479554,1.0
absolute,DY Dynamic Planning Calculation,SAP only,77101A,lumpy,0.013475836431226766,1.0
absolute,GR Groff Reorder Procedure,SAP only,77101A,lumpy,0.024395910780669144,0.9170305676855895
absolute,Calendar bucket 7d,SAP only,77101A,lumpy,0.039962825278810406,0.7020408163265306
absolute,Calendar bucket 28d,SAP only,77101A,lumpy,0.021259293680297397,0.8840579710144928
absolute,Short 7d / long 28d,SAP only,77101A,lumpy,0.036361524163568776,0.978125
absolute,Short 7d / long 56d,SAP only,77101A,lumpy,0.022304832713754646,0.9846153846153847
absolute,Per requirement,Both,85125,lumpy,0.03717472118959108,0.5565217391304348
absolute,Per period 7d,Both,85125,lumpy,0.02950743494423792,0.6381909547738693
absolute,Per period 14d,Both,85125,lumpy,0.027764869888475836,0.7515723270440252
absolute,Per period 28d,Both,85125,lumpy,0.02253717472118959,0.8398268398268398
absolute,Per period 56d,Both,85125,lumpy,0.014405204460966542,0.9117647058823529
absolute,Min/Max,Both,85125,lumpy,0.017890334572490705,0.9390243902439024
absolute,SP Part Period Balancing,SAP only,85125,lumpy,0.019516728624535316,0.9230769230769231
absolute,WI Sliding Economic Lot Size,SAP only,85125,lumpy,0.018471189591078067,0.9034090909090909
absolute,DY Dynamic Planning Calculation,SAP only,85125,lumpy,0.012894981412639405,0.8809523809523809
absolute,GR Groff Reorder Procedure,SAP only,85125,lumpy,0.03055297397769517,0.8193146417445483
absolute,Calendar bucket 7d,SAP only,85125,lumpy,0.03345724907063197,0.588957055214724
absolute,Calendar bucket 28d,SAP only,85125,lumpy,0.021607806691449814,0.7622950819672131
absolute,Short 7d / long 28d,SAP only,85125,lumpy,0.038452602230483274,0.9457142857142857
absolute,Short 7d / long 56d,SAP only,85125,lumpy,0.026719330855018587,0.9543568464730291
absolute,Per requirement,Both,85064,lumpy,0.11849442379182157,0.5434203516249334
absolute,Per period 7d,Both,85064,lumpy,0.052741635687732345,0.8549905838041432
absolute,Per period 14d,Both,85064,lumpy,0.03403810408921933,0.9331210191082803
absolute,Per period 28d,Both,85064,lumpy,0.018355018587360595,0.9575757575757575
absolute,Per period 56d,Both,85064,lumpy,0.00987453531598513,0.9883720930232558
absolute,Min/Max,Both,85064,lumpy,0.02184014869888476,0.9894736842105263
absolute,SP Part Period Balancing,SAP only,85064,lumpy,0.03380576208178439,0.9478827361563518
absolute,WI Sliding Economic Lot Size,SAP only,85064,lumpy,0.03461895910780669,0.9675324675324676
absolute,DY Dynamic Planning Calculation,SAP only,85064,lumpy,0.020678438661710038,0.9726775956284153
absolute,GR Groff Reorder Procedure,SAP only,85064,lumpy,0.04472583643122677,0.9821428571428571
absolute,Calendar bucket 7d,SAP only,85064,lumpy,0.046468401486988845,0.7920792079207921
absolute,Calendar bucket 28d,SAP only,85064,lumpy,0.017193308550185873,0.8654970760233918
absolute,Short 7d / long 28d,SAP only,85064,lumpy,0.03287639405204461,0.9964788732394366
absolute,Short 7d / long 56d,SAP only,85064,lumpy,0.019981412639405203,0.9942196531791907
absolute,Per requirement,Both,21282,lumpy,0.008596654275092937,0.8809523809523809
absolute,Per period 7d,Both,21282,lumpy,0.006273234200743495,0.9152542372881356
absolute,Per period 14d,Both,21282,lumpy,0.004414498141263941,1.0
absolute,Per period 28d,Both,21282,lumpy,0.0037174721189591076,0.9142857142857143
absolute,Per period 56d,Both,21282,lumpy,0.0024395910780669145,0.9545454545454546
absolute,Min/Max,Both,21282,lumpy,0.010455390334572491,0.9574468085106383
absolute,SP Part Period Balancing,SAP only,21282,lumpy,0.004182156133828996,1.0
absolute,WI Sliding Economic Lot Size,SAP only,21282,lumpy,0.002091078066914498,1.0
absolute,DY Dynamic Planning Calculation,SAP only,21282,lumpy,0.0037174721189591076,0.9696969696969697
absolute,GR Groff Reorder Procedure,SAP only,21282,lumpy,0.004995353159851301,0.9555555555555556
absolute,Calendar bucket 7d,SAP only,21282,lumpy,0.006273234200743495,0.8571428571428571
absolute,Calendar bucket 28d,SAP only,21282,lumpy,0.004414498141263941,1.0
absolute,Short 7d / long 28d,SAP only,21282,lumpy,0.004995353159851301,1.0
absolute,Short 7d / long 56d,SAP only,21282,lumpy,0.0037174721189591076,0.9696969696969697
absolute,Per requirement,Both,20762,lumpy,0.012430297397769517,0.327217125382263
absolute,Per period 7d,Both,20762,lumpy,0.009758364312267658,0.5185185185185185
absolute,Per period 14d,Both,20762,lumpy,0.008131970260223048,0.5833333333333334
absolute,Per period 28d,Both,20762,lumpy,0.006389405204460966,0.7534246575342466
absolute,Per period 56d,Both,20762,lumpy,0.0026719330855018587,1.0
absolute,Min/Max,Both,20762,lumpy,0.01254646840148699,0.9473684210526315
absolute,SP Part Period Balancing,SAP only,20762,lumpy,0.0045306691449814125,0.975
absolute,WI Sliding Economic Lot Size,SAP only,20762,lumpy,0.0027881040892193307,1.0
absolute,DY Dynamic Planning Calculation,SAP only,20762,lumpy,0.0,0.0
absolute,GR Groff Reorder Procedure,SAP only,20762,lumpy,0.010687732342007435,0.8932038834951457
absolute,Calendar bucket 7d,SAP only,20762,lumpy,0.009061338289962825,0.38235294117647056
absolute,Calendar bucket 28d,SAP only,20762,lumpy,0.007318773234200744,0.6923076923076923
absolute,Short 7d / long 28d,SAP only,20762,lumpy,0.01475371747211896,0.927007299270073
absolute,Short 7d / long 56d,SAP only,20762,lumpy,0.009758364312267658,0.9333333333333333
absolute,Per requirement,Both,20894,lumpy,0.04437732342007435,0.4897435897435897
absolute,Per period 7d,Both,20894,lumpy,0.02846189591078067,0.5847255369928401
absolute,Per period 14d,Both,20894,lumpy,0.021026951672862452,0.6053511705685619
absolute,Per period 28d,Both,20894,lumpy,0.016147769516728624,0.6984924623115578
absolute,Per period 56d,Both,20894,lumpy,0.014056691449814127,0.7806451612903226
absolute,Min/Max,Both,20894,lumpy,0.028810408921933085,0.9501915708812261
absolute,SP Part Period Balancing,SAP only,20894,lumpy,0.016263940520446097,0.9333333333333333
absolute,WI Sliding Economic Lot Size,SAP only,20894,lumpy,0.01312732342007435,0.9262295081967213
absolute,DY Dynamic Planning Calculation,SAP only,20894,lumpy,0.00766728624535316,0.8461538461538461
absolute,GR Groff Reorder Procedure,SAP only,20894,lumpy,0.027184014869888477,0.7959183673469388
absolute,Calendar bucket 7d,SAP only,20894,lumpy,0.03008828996282528,0.5274949083503055
absolute,Calendar bucket 28d,SAP only,20894,lumpy,0.02032992565055762,0.6481481481481481
absolute,Short 7d / long 28d,SAP only,20894,lumpy,0.03485130111524164,0.8695652173913043
absolute,Short 7d / long 56d,SAP only,20894,lumpy,0.022304832713754646,0.8170212765957446
absolute,Per requirement,Both,90182C,lumpy,0.0017425650557620818,0.1271186440677966
absolute,Per period 7d,Both,90182C,lumpy,0.001974907063197026,0.16346153846153846
absolute,Per period 14d,Both,90182C,lumpy,0.0022072490706319704,0.2087912087912088
absolute,Per period 28d,Both,90182C,lumpy,0.0026719330855018587,0.25274725274725274
absolute,Per period 56d,Both,90182C,lumpy,0.0033689591078066915,0.6744186046511628
absolute,Min/Max,Both,90182C,lumpy,0.00546003717472119,0.6438356164383562
absolute,SP Part Period Balancing,SAP only,90182C,lumpy,0.0012778810408921933,0.8461538461538461
absolute,WI Sliding Economic Lot Size,SAP only,90182C,lumpy,0.0015102230483271376,0.48148148148148145
absolute,DY Dynamic Planning Calculation,SAP only,90182C,lumpy,0.0015102230483271376,0.7647058823529411
absolute,GR Groff Reorder Procedure,SAP only,90182C,lumpy,0.00546003717472119,0.573170731707317
absolute,Calendar bucket 7d,SAP only,90182C,lumpy,0.0026719330855018587,0.22115384615384615
absolute,Calendar bucket 28d,SAP only,90182C,lumpy,0.0022072490706319704,0.2087912087912088
absolute,Short 7d / long 28d,SAP only,90182C,lumpy,0.0033689591078066915,0.29
absolute,Short 7d / long 56d,SAP only,90182C,lumpy,0.004298327137546468,0.42045454545454547
absolute,Per requirement,Both,44234,lumpy,0.04879182156133829,0.6481481481481481
absolute,Per period 7d,Both,44234,lumpy,0.03729089219330855,0.7886977886977887
absolute,Per period 14d,Both,44234,lumpy,0.032063197026022304,0.8189910979228486
absolute,Per period 28d,Both,44234,lumpy,0.024395910780669144,0.9251101321585903
absolute,Per period 56d,Both,44234,lumpy,0.018819702602230485,0.9818181818181818
absolute,Min/Max,Both,44234,lumpy,0.01150092936802974,0.9611650485436893
absolute,SP Part Period Balancing,SAP only,44234,lumpy,0.008364312267657992,0.9863013698630136
absolute,WI Sliding Economic Lot Size,SAP only,44234,lumpy,0.012081784386617101,0.9904761904761905
absolute,DY Dynamic Planning Calculation,SAP only,44234,lumpy,0.007318773234200744,0.9545454545454546
absolute,GR Groff Reorder Procedure,SAP only,44234,lumpy,0.019865241635687734,0.9243243243243243
absolute,Calendar bucket 7d,SAP only,44234,lumpy,0.04031133828996283,0.6817288801571709
absolute,Calendar bucket 28d,SAP only,44234,lumpy,0.028810408921933085,0.8131147540983606
absolute,Short 7d / long 28d,SAP only,44234,lumpy,0.04356412639405204,0.9689922480620154
absolute,Short 7d / long 56d,SAP only,44234,lumpy,0.029972118959107806,0.9885057471264368
absolute,Per requirement,Both,85165,lumpy,0.014056691449814127,0.21568627450980393
absolute,Per period 7d,Both,85165,lumpy,0.011965613382899629,0.5228426395939086
absolute,Per period 14d,Both,85165,lumpy,0.009758364312267658,0.6461538461538462
absolute,Per period 28d,Both,85165,lumpy,0.00662174721189591,0.7702702702702703
absolute,Per period 56d,Both,85165,lumpy,0.0045306691449814125,0.8478260869565217
absolute,Min/Max,Both,85165,lumpy,0.023698884758364312,0.7816091954022989
absolute,SP Part Period Balancing,SAP only,85165,lumpy,0.008131970260223048,0.875
absolute,WI Sliding Economic Lot Size,SAP only,85165,lumpy,0.008131970260223048,0.9859154929577465
absolute,DY Dynamic Planning Calculation,SAP only,85165,lumpy,0.0032527881040892194,0.9333333333333333
absolute,GR Groff Reorder Procedure,SAP only,85165,lumpy,0.012197955390334572,0.8974358974358975
absolute,Calendar bucket 7d,SAP only,85165,lumpy,0.012081784386617101,0.48148148148148145
absolute,Calendar bucket 28d,SAP only,85165,lumpy,0.0060408921933085506,0.6842105263157895
absolute,Short 7d / long 28d,SAP only,85165,lumpy,0.014521375464684015,0.984251968503937
absolute,Short 7d / long 56d,SAP only,85165,lumpy,0.00871282527881041,0.9868421052631579
absolute,Per requirement,Both,21586,lumpy,0.15044144981412638,0.7034220532319392
absolute,Per period 7d,Both,21586,lumpy,0.0782992565055762,0.8903566710700133
absolute,Per period 14d,Both,21586,lumpy,0.05425185873605948,0.8980769230769231
absolute,Per period 28d,Both,21586,lumpy,0.03566449814126394,0.9684542586750788
absolute,Per period 56d,Both,21586,lumpy,0.020213754646840148,0.9720670391061452
absolute,Min/Max,Both,21586,lumpy,0.026138475836431228,0.982532751091703
absolute,SP Part Period Balancing,SAP only,21586,lumpy,0.04879182156133829,0.9882352941176471
absolute,WI Sliding Economic Lot Size,SAP only,21586,lumpy,0.04763011152416357,0.9927360774818402
absolute,DY Dynamic Planning Calculation,SAP only,21586,lumpy,0.029855947955390334,0.9809160305343512
absolute,GR Groff Reorder Procedure,SAP only,21586,lumpy,0.06470724907063197,0.9377104377104377
absolute,Calendar bucket 7d,SAP only,21586,lumpy,0.08213289962825279,0.8070776255707762
absolute,Calendar bucket 28d,SAP only,21586,lumpy,0.03508364312267658,0.9235474006116208
absolute,Short 7d / long 28d,SAP only,21586,lumpy,0.06110594795539034,0.9905838041431262
absolute,Short 7d / long 56d,SAP only,21586,lumpy,0.03763940520446097,0.9969230769230769
absolute,Per requirement,Both,84595E,lumpy,0.021026951672862452,0.3731958762886598
absolute,Per period 7d,Both,84595E,lumpy,0.016496282527881042,0.4139941690962099
absolute,Per period 14d,Both,84595E,lumpy,0.014521375464684015,0.5530973451327433
absolute,Per period 28d,Both,84595E,lumpy,0.015102230483271376,0.7738095238095238
absolute,Per period 56d,Both,84595E,lumpy,0.012894981412639405,0.8473282442748091
absolute,Min/Max,Both,84595E,lumpy,0.011733271375464684,0.9805825242718447
absolute,SP Part Period Balancing,SAP only,84595E,lumpy,0.013592007434944238,0.9212598425196851
absolute,WI Sliding Economic Lot Size,SAP only,84595E,lumpy,0.015450743494423791,0.9236111111111112
absolute,DY Dynamic Planning Calculation,SAP only,84595E,lumpy,0.009642193308550186,0.9880952380952381
absolute,GR Groff Reorder Procedure,SAP only,84595E,lumpy,0.01696096654275093,0.7373737373737373
absolute,Calendar bucket 7d,SAP only,84595E,lumpy,0.017890334572490705,0.41397849462365593
absolute,Calendar bucket 28d,SAP only,84595E,lumpy,0.014056691449814127,0.555045871559633
absolute,Short 7d / long 28d,SAP only,84595E,lumpy,0.027067843866171004,0.823321554770318
absolute,Short 7d / long 56d,SAP only,84595E,lumpy,0.02079460966542751,0.9132653061224489
absolute,Per requirement,Both,51008,lumpy,0.05111524163568773,0.7885304659498208
absolute,Per period 7d,Both,51008,lumpy,0.028926579925650557,0.8327759197324415
absolute,Per period 14d,Both,51008,lumpy,0.023466542750929367,0.8416666666666667
absolute,Per period 28d,Both,51008,lumpy,0.015799256505576207,0.8607594936708861
absolute,Per period 56d,Both,51008,lumpy,0.005111524163568773,0.9166666666666666
absolute,Min/Max,Both,51008,lumpy,0.01486988847583643,0.9922480620155039
absolute,SP Part Period Balancing,SAP only,51008,lumpy,0.020910780669144983,0.9375
absolute,WI Sliding Economic Lot Size,SAP only,51008,lumpy,0.02532527881040892,0.9819819819819819
absolute,DY Dynamic Planning Calculation,SAP only,51008,lumpy,0.01638011152416357,0.9657534246575342
absolute,GR Groff Reorder Procedure,SAP only,51008,lumpy,0.028810408921933085,0.8825622775800712
absolute,Calendar bucket 7d,SAP only,51008,lumpy,0.03217936802973978,0.7694444444444445
absolute,Calendar bucket 28d,SAP only,51008,lumpy,0.010455390334572491,0.989010989010989
absolute,Short 7d / long 28d,SAP only,51008,lumpy,0.025906133828996283,0.9409282700421941
absolute,Short 7d / long 56d,SAP only,51008,lumpy,0.017774163568773236,0.9216867469879518
absolute,Per requirement,Both,21292,lumpy,0.06064126394052045,0.8585526315789473
absolute,Per period 7d,Both,21292,lumpy,0.037523234200743494,0.8613333333333333
absolute,Per period 14d,Both,21292,lumpy,0.029158921933085502,0.9728682170542635
absolute,Per period 28d,Both,21292,lumpy,0.022885687732342008,0.9704433497536946
absolute,Per period 56d,Both,21292,lumpy,0.01092007434944238,0.9791666666666666
absolute,Min/Max,Both,21292,lumpy,0.020213754646840148,0.9886363636363636
absolute,SP Part Period Balancing,SAP only,21292,lumpy,0.021723977695167287,0.9894179894179894
absolute,WI Sliding Economic Lot Size,SAP only,21292,lumpy,0.01858736059479554,0.9815950920245399
absolute,DY Dynamic Planning Calculation,SAP only,21292,lumpy,0.012314126394052044,0.9814814814814815
absolute,GR Groff Reorder Procedure,SAP only,21292,lumpy,0.03485130111524164,0.9554140127388535
absolute,Calendar bucket 7d,SAP only,21292,lumpy,0.04275092936802974,0.8598130841121495
absolute,Calendar bucket 28d,SAP only,21292,lumpy,0.021956319702602232,0.9402985074626866
absolute,Short 7d / long 28d,SAP only,21292,lumpy,0.03438661710037175,0.9704918032786886
absolute,Short 7d / long 56d,SAP only,21292,lumpy,0.023118029739776953,0.9707317073170731
absolute,Per requirement,Both,84251F,lumpy,0.03287639405204461,0.5883575883575883
absolute,Per period 7d,Both,84251F,lumpy,0.02242100371747212,0.7782258064516129
absolute,Per period 14d,Both,84251F,lumpy,0.016612453531598514,0.8719512195121951
absolute,Per period 28d,Both,84251F,lumpy,0.009990706319702601,0.9347826086956522
absolute,Per period 56d,Both,84251F,lumpy,0.008015799256505576,0.9583333333333334
absolute,Min/Max,Both,84251F,lumpy,0.027067843866171004,0.966804979253112
absolute,SP Part Period Balancing,SAP only,84251F,lumpy,0.004646840148698885,0.975609756097561
absolute,WI Sliding Economic Lot Size,SAP only,84251F,lumpy,0.001974907063197026,1.0
absolute,DY Dynamic Planning Calculation,SAP only,84251F,lumpy,0.00046468401486988845,1.0
absolute,GR Groff Reorder Procedure,SAP only,84251F,lumpy,0.008248141263940521,0.9726027397260274
absolute,Calendar bucket 7d,SAP only,84251F,lumpy,0.02253717472118959,0.6759581881533101
absolute,Calendar bucket 28d,SAP only,84251F,lumpy,0.011617100371747211,0.8928571428571429
absolute,Short 7d / long 28d,SAP only,84251F,lumpy,0.02079460966542751,0.9781420765027322
absolute,Short 7d / long 56d,SAP only,84251F,lumpy,0.012778810408921933,0.9565217391304348
absolute,Per requirement,Both,21801,lumpy,0.16229089219330856,0.7592391304347826
absolute,Per period 7d,Both,21801,lumpy,0.06006040892193309,0.8807495741056218
absolute,Per period 14d,Both,21801,lumpy,0.042053903345724904,0.8765133171912833
absolute,Per period 28d,Both,21801,lumpy,0.02753252788104089,0.9404761904761905
absolute,Per period 56d,Both,21801,lumpy,0.01928438661710037,0.9764705882352941
absolute,Min/Max,Both,21801,lumpy,0.03949814126394052,0.9883720930232558
absolute,SP Part Period Balancing,SAP only,21801,lumpy,0.023815055762081785,0.9951456310679612
absolute,WI Sliding Economic Lot Size,SAP only,21801,lumpy,0.02184014869888476,0.9842931937172775
absolute,DY Dynamic Planning Calculation,SAP only,21801,lumpy,0.011965613382899629,0.9903846153846154
absolute,GR Groff Reorder Procedure,SAP only,21801,lumpy,0.03380576208178439,0.9864406779661017
absolute,Calendar bucket 7d,SAP only,21801,lumpy,0.06435873605947956,0.8159057437407953
absolute,Calendar bucket 28d,SAP only,21801,lumpy,0.028113382899628253,0.8962962962962963
absolute,Short 7d / long 28d,SAP only,21801,lumpy,0.047862453531598514,0.9786223277909739
absolute,Short 7d / long 56d,SAP only,21801,lumpy,0.03008828996282528,0.9810606060606061
absolute,Per requirement,Both,84510F,lumpy,0.012894981412639405,0.346875
absolute,Per period 7d,Both,84510F,lumpy,0.012197955390334572,0.5645161290322581
absolute,Per period 14d,Both,84510F,lumpy,0.00871282527881041,0.646551724137931
absolute,Per period 28d,Both,84510F,lumpy,0.006970260223048327,0.9090909090909091
absolute,Per period 56d,Both,84510F,lumpy,0.004298327137546468,0.9487179487179487
absolute,Min/Max,Both,84510F,lumpy,0.001974907063197026,1.0
absolute,SP Part Period Balancing,SAP only,84510F,lumpy,0.0034851301115241635,1.0
absolute,WI Sliding Economic Lot Size,SAP only,84510F,lumpy,0.004182156133828996,1.0
absolute,DY Dynamic Planning Calculation,SAP only,84510F,lumpy,0.002904275092936803,1.0
absolute,GR Groff Reorder Procedure,SAP only,84510F,lumpy,0.007434944237918215,0.7804878048780488
absolute,Calendar bucket 7d,SAP only,84510F,lumpy,0.011617100371747211,0.4444444444444444
absolute,Calendar bucket 28d,SAP only,84510F,lumpy,0.007434944237918215,0.6213592233009708
absolute,Short 7d / long 28d,SAP only,84510F,lumpy,0.01591542750929368,0.8838709677419355
absolute,Short 7d / long 56d,SAP only,84510F,lumpy,0.010339219330855019,0.8811881188118812
absolute,Per requirement,Both,21655,lumpy,0.06470724907063197,0.7588555858310627
absolute,Per period 7d,Both,21655,lumpy,0.024512081784386616,0.8940677966101694
absolute,Per period 14d,Both,21655,lumpy,0.018355018587360595,0.9693251533742331
absolute,Per period 28d,Both,21655,lumpy,0.01254646840148699,0.9642857142857143
absolute,Per period 56d,Both,21655,lumpy,0.006970260223048327,1.0
absolute,Min/Max,Both,21655,lumpy,0.02950743494423792,0.996078431372549
absolute,SP Part Period Balancing,SAP only,21655,lumpy,0.019400557620817844,0.9940476190476191
absolute,WI Sliding Economic Lot Size,SAP only,21655,lumpy,0.017193308550185873,0.9932885906040269
absolute,DY Dynamic Planning Calculation,SAP only,21655,lumpy,0.01254646840148699,0.972972972972973
absolute,GR Groff Reorder Procedure,SAP only,21655,lumpy,0.023698884758364312,0.9855072463768116
absolute,Calendar bucket 7d,SAP only,21655,lumpy,0.028810408921933085,0.9018181818181819
absolute,Calendar bucket 28d,SAP only,21655,lumpy,0.011965613382899629,0.9626168224299065
absolute,Short 7d / long 28d,SAP only,21655,lumpy,0.018703531598513012,0.9757575757575757
absolute,Short 7d / long 56d,SAP only,21655,lumpy,0.01254646840148699,1.0
absolute,Per requirement,Both,20770,lumpy,0.04774628252788104,0.40019474196689386
absolute,Per period 7d,Both,20770,lumpy,0.027881040892193308,0.5063291139240507
absolute,Per period 14d,Both,20770,lumpy,0.021956319702602232,0.6136363636363636
absolute,Per period 28d,Both,20770,lumpy,0.02079460966542751,0.8564593301435407
absolute,Per period 56d,Both,20770,lumpy,0.011268587360594795,0.8738738738738738
absolute,Min/Max,Both,20770,lumpy,0.014637546468401487,0.984375
absolute,SP Part Period Balancing,SAP only,20770,lumpy,0.016612453531598514,0.9285714285714286
absolute,WI Sliding Economic Lot Size,SAP only,20770,lumpy,0.018238847583643122,0.9515151515151515
absolute,DY Dynamic Planning Calculation,SAP only,20770,lumpy,0.005924721189591078,0.9807692307692307
absolute,GR Groff Reorder Procedure,SAP only,20770,lumpy,0.021956319702602232,0.84375
absolute,Calendar bucket 7d,SAP only,20770,lumpy,0.031947026022304835,0.5456349206349206
absolute,Calendar bucket 28d,SAP only,20770,lumpy,0.016496282527881042,0.6484018264840182
absolute,Short 7d / long 28d,SAP only,20770,lumpy,0.036361524163568776,0.93993993993994
absolute,Short 7d / long 56d,SAP only,20770,lumpy,0.022653345724907063,0.9330143540669856
absolute,Per requirement,Both,85162C,lumpy,0.021607806691449814,0.8773584905660378
absolute,Per period 7d,Both,85162C,lumpy,0.011036245353159852,0.8482142857142857
absolute,Per period 14d,Both,85162C,lumpy,0.00929368029739777,0.898876404494382
absolute,Per period 28d,Both,85162C,lumpy,0.005343866171003717,0.9583333333333334
absolute,Per period 56d,Both,85162C,lumpy,0.0030204460966542753,0.9285714285714286
absolute,Min/Max,Both,85162C,lumpy,0.011849442379182156,0.9807692307692307
absolute,SP Part Period Balancing,SAP only,85162C,lumpy,0.00987453531598513,0.9770114942528736
absolute,WI Sliding Economic Lot Size,SAP only,85162C,lumpy,0.007202602230483271,0.9841269841269841
absolute,DY Dynamic Planning Calculation,SAP only,85162C,lumpy,0.006854089219330855,0.9672131147540983
absolute,GR Groff Reorder Procedure,SAP only,85162C,lumpy,0.01092007434944238,0.9690721649484536
absolute,Calendar bucket 7d,SAP only,85162C,lumpy,0.014521375464684015,0.8928571428571429
absolute,Calendar bucket 28d,SAP only,85162C,lumpy,0.006157063197026022,0.9636363636363636
absolute,Short 7d / long 28d,SAP only,85162C,lumpy,0.010803903345724907,0.9893617021276596
absolute,Short 7d / long 56d,SAP only,85162C,lumpy,0.0070864312267657995,0.9838709677419355
absolute,Per requirement,Both,84856L,lumpy,0.03485130111524164,0.39893617021276595
absolute,Per period 7d,Both,84856L,lumpy,0.0191682156133829,0.44715447154471544
absolute,Per period 14d,Both,84856L,lumpy,0.01638011152416357,0.6351351351351351
absolute,Per period 28d,Both,84856L,lumpy,0.012430297397769517,0.8045112781954887
absolute,Per period 56d,Both,84856L,lumpy,0.011036245353159852,0.811965811965812
absolute,Min/Max,Both,84856L,lumpy,0.029623605947955392,0.9340659340659341
absolute,SP Part Period Balancing,SAP only,84856L,lumpy,0.01428903345724907,0.8601398601398601
absolute,WI Sliding Economic Lot Size,SAP only,84856L,lumpy,0.015102230483271376,0.9090909090909091
absolute,DY Dynamic Planning Calculation,SAP only,84856L,lumpy,0.0060408921933085506,0.9285714285714286
absolute,GR Groff Reorder Procedure,SAP only,84856L,lumpy,0.022653345724907063,0.76171875
absolute,Calendar bucket 7d,SAP only,84856L,lumpy,0.024163568773234202,0.48826291079812206
absolute,Calendar bucket 28d,SAP only,84856L,lumpy,0.011965613382899629,0.6242424242424243
absolute,Short 7d / long 28d,SAP only,84856L,lumpy,0.028229553903345726,0.9239543726235742
absolute,Short 7d / long 56d,SAP only,84856L,lumpy,0.017193308550185873,0.8862275449101796
absolute,Per requirement,Both,47422,lumpy,0.061222118959107806,0.6756410256410257
absolute,Per period 7d,Both,47422,lumpy,0.04763011152416357,0.7414104882459313
absolute,Per period 14d,Both,47422,lumpy,0.0341542750929368,0.8258426966292135
absolute,Per period 28d,Both,47422,lumpy,0.022885687732342008,0.9120370370370371
absolute,Per period 56d,Both,47422,lumpy,0.017890334572490705,0.9506172839506173
absolute,Min/Max,Both,47422,lumpy,0.022653345724907063,0.9898477157360406
absolute,SP Part Period Balancing,SAP only,47422,lumpy,0.016844795539033456,0.9863945578231292
absolute,WI Sliding Economic Lot Size,SAP only,47422,lumpy,0.015102230483271376,0.9629629629629629
absolute,DY Dynamic Planning Calculation,SAP only,47422,lumpy,0.010803903345724907,1.0
absolute,GR Groff Reorder Procedure,SAP only,47422,lumpy,0.027881040892193308,0.9486166007905138
absolute,Calendar bucket 7d,SAP only,47422,lumpy,0.051696096654275096,0.7343234323432343
absolute,Calendar bucket 28d,SAP only,47422,lumpy,0.02695167286245353,0.8169014084507042
absolute,Short 7d / long 28d,SAP only,47422,lumpy,0.04437732342007435,0.9622166246851386
absolute,Short 7d / long 56d,SAP only,47422,lumpy,0.030436802973977696,0.9812734082397003
absolute,Per requirement,Both,72134,lumpy,0.02032992565055762,0.5932203389830508
absolute,Per period 7d,Both,72134,lumpy,0.013940520446096654,0.5172413793103449
absolute,Per period 14d,Both,72134,lumpy,0.01092007434944238,0.48704663212435234
absolute,Per period 28d,Both,72134,lumpy,0.01266263940520446,0.6411764705882353
absolute,Per period 56d,Both,72134,lumpy,0.011384758364312268,0.8909090909090909
absolute,Min/Max,Both,72134,lumpy,0.009061338289962825,0.9512195121951219
absolute,SP Part Period Balancing,SAP only,72134,lumpy,0.009526022304832713,0.9534883720930233
absolute,WI Sliding Economic Lot Size,SAP only,72134,lumpy,0.008364312267657992,0.972972972972973
absolute,DY Dynamic Planning Calculation,SAP only,72134,lumpy,0.010455390334572491,0.9574468085106383
absolute,GR Groff Reorder Procedure,SAP only,72134,lumpy,0.012081784386617101,0.697986577181208
absolute,Calendar bucket 7d,SAP only,72134,lumpy,0.016496282527881042,0.5795918367346938
absolute,Calendar bucket 28d,SAP only,72134,lumpy,0.011384758364312268,0.6086956521739131
absolute,Short 7d / long 28d,SAP only,72134,lumpy,0.018471189591078067,0.7293577981651376
absolute,Short 7d / long 56d,SAP only,72134,lumpy,0.01696096654275093,0.8295454545454546
absolute,Per requirement,Both,90108,lumpy,0.012778810408921933,0.4230769230769231
absolute,Per period 7d,Both,90108,lumpy,0.009990706319702601,0.441025641025641
absolute,Per period 14d,Both,90108,lumpy,0.009758364312267658,0.45901639344262296
absolute,Per period 28d,Both,90108,lumpy,0.010339219330855019,0.6544117647058824
absolute,Per period 56d,Both,90108,lumpy,0.009409851301115242,0.7641509433962265
absolute,Min/Max,Both,90108,lumpy,0.012430297397769517,0.9067796610169492
absolute,SP Part Period Balancing,SAP only,90108,lumpy,0.00871282527881041,0.9036144578313253
absolute,WI Sliding Economic Lot Size,SAP only,90108,lumpy,0.007434944237918215,0.8888888888888888
absolute,DY Dynamic Planning Calculation,SAP only,90108,lumpy,0.006157063197026022,0.8412698412698413
absolute,GR Groff Reorder Procedure,SAP only,90108,lumpy,0.011384758364312268,0.7538461538461538
absolute,Calendar bucket 7d,SAP only,90108,lumpy,0.01324349442379182,0.48717948717948717
absolute,Calendar bucket 28d,SAP only,90108,lumpy,0.010223048327137546,0.5176470588235295
absolute,Short 7d / long 28d,SAP only,90108,lumpy,0.017657992565055763,0.7342995169082126
absolute,Short 7d / long 56d,SAP only,90108,lumpy,0.014172862453531599,0.7672955974842768
absolute,Per requirement,Both,22597,lumpy,0.18238847583643122,0.7877571500250878
absolute,Per period 7d,Both,22597,lumpy,0.06319702602230483,0.8932676518883416
absolute,Per period 14d,Both,22597,lumpy,0.04507434944237918,0.9463414634146341
absolute,Per period 28d,Both,22597,lumpy,0.02857806691449814,0.9609375
absolute,Per period 56d,Both,22597,lumpy,0.018819702602230485,0.9938650306748467
absolute,Min/Max,Both,22597,lumpy,0.04077602230483272,1.0
absolute,SP Part Period Balancing,SAP only,22597,lumpy,0.041937732342007435,1.0
absolute,WI Sliding Economic Lot Size,SAP only,22597,lumpy,0.04007899628252788,1.0
absolute,DY Dynamic Planning Calculation,SAP only,22597,lumpy,0.02032992565055762,0.9943181818181818
absolute,GR Groff Reorder Procedure,SAP only,22597,lumpy,0.052741635687732345,0.9763440860215054
absolute,Calendar bucket 7d,SAP only,22597,lumpy,0.07016728624535316,0.8791848617176128
absolute,Calendar bucket 28d,SAP only,22597,lumpy,0.027881040892193308,0.9411764705882353
absolute,Short 7d / long 28d,SAP only,22597,lumpy,0.04879182156133829,0.9813084112149533
absolute,Short 7d / long 56d,SAP only,22597,lumpy,0.03078531598513011,1.0
absolute,Per requirement,Both,85230F,lumpy,0.05762081784386617,0.9340866290018832
absolute,Per period 7d,Both,85230F,lumpy,0.03519981412639405,0.9209726443768997
absolute,Per period 14d,Both,85230F,lumpy,0.030320631970260224,0.925531914893617
absolute,Per period 28d,Both,85230F,lumpy,0.020097583643122675,0.9351351351351351
absolute,Per period 56d,Both,85230F,lumpy,0.014056691449814127,0.9166666666666666
absolute,Min/Max,Both,85230F,lumpy,0.018238847583643122,0.9874213836477987
absolute,SP Part Period Balancing,SAP only,85230F,lumpy,0.015102230483271376,0.9848484848484849
absolute,WI Sliding Economic Lot Size,SAP only,85230F,lumpy,0.014056691449814127,0.9758064516129032
absolute,DY Dynamic Planning Calculation,SAP only,85230F,lumpy,0.009061338289962825,0.9629629629629629
absolute,GR Groff Reorder Procedure,SAP only,85230F,lumpy,0.024976765799256506,0.9817351598173516
absolute,Calendar bucket 7d,SAP only,85230F,lumpy,0.043447955390334574,0.9211822660098522
absolute,Calendar bucket 28d,SAP only,85230F,lumpy,0.023466542750929367,0.926605504587156
absolute,Short 7d / long 28d,SAP only,85230F,lumpy,0.03392193308550186,0.9668874172185431
absolute,Short 7d / long 56d,SAP only,85230F,lumpy,0.022885687732342008,0.9516908212560387
absolute,Per requirement,Both,22647,lumpy,0.06784386617100371,0.6239316239316239
absolute,Per period 7d,Both,22647,lumpy,0.03938197026022305,0.6862348178137652
absolute,Per period 14d,Both,22647,lumpy,0.032527881040892194,0.8484848484848485
absolute,Per period 28d,Both,22647,lumpy,0.024512081784386616,0.9504504504504504
absolute,Per period 56d,Both,22647,lumpy,0.016031598513011152,0.9452054794520548
absolute,Min/Max,Both,22647,lumpy,0.028694237918215612,0.9919678714859438
absolute,SP Part Period Balancing,SAP only,22647,lumpy,0.022188661710037173,0.9896373056994818
absolute,WI Sliding Economic Lot Size,SAP only,22647,lumpy,0.01858736059479554,0.9815950920245399
absolute,DY Dynamic Planning Calculation,SAP only,22647,lumpy,0.013011152416356878,0.9911504424778761
absolute,GR Groff Reorder Procedure,SAP only,22647,lumpy,0.031947026022304835,0.9228187919463087
absolute,Calendar bucket 7d,SAP only,22647,lumpy,0.041937732342007435,0.6492805755395683
absolute,Calendar bucket 28d,SAP only,22647,lumpy,0.02532527881040892,0.8650793650793651
absolute,Short 7d / long 28d,SAP only,22647,lumpy,0.04217007434944238,0.9577836411609498
absolute,Short 7d / long 56d,SAP only,22647,lumpy,0.02730018587360595,0.9670781893004116
absolute,Per requirement,Both,22573,lumpy,0.19690985130111524,0.787639405204461
absolute,Per period 7d,Both,22573,lumpy,0.05762081784386617,0.8701754385964913
absolute,Per period 14d,Both,22573,lumpy,0.036361524163568776,0.8994252873563219
absolute,Per period 28d,Both,22573,lumpy,0.021723977695167287,0.9894179894179894
absolute,Per period 56d,Both,22573,lumpy,0.014056691449814127,1.0
absolute,Min/Max,Both,22573,lumpy,0.04077602230483272,0.9915254237288136
absolute,SP Part Period Balancing,SAP only,22573,lumpy,0.03659386617100372,0.9936908517350158
absolute,WI Sliding Economic Lot Size,SAP only,22573,lumpy,0.03891728624535316,0.9882005899705014
absolute,DY Dynamic Planning Calculation,SAP only,22573,lumpy,0.01742565055762082,0.9868421052631579
absolute,GR Groff Reorder Procedure,SAP only,22573,lumpy,0.0433317843866171,0.9713541666666666
absolute,Calendar bucket 7d,SAP only,22573,lumpy,0.06029275092936803,0.8550247116968699
absolute,Calendar bucket 28d,SAP only,22573,lumpy,0.022769516728624536,0.8828828828828829
absolute,Short 7d / long 28d,SAP only,22573,lumpy,0.039962825278810406,0.9529085872576177
absolute,Short 7d / long 56d,SAP only,22573,lumpy,0.024512081784386616,0.9419642857142857
absolute,Per requirement,Both,84874B,lumpy,0.014056691449814127,0.3086734693877551
absolute,Per period 7d,Both,84874B,lumpy,0.012430297397769517,0.36271186440677966
absolute,Per period 14d,Both,84874B,lumpy,0.010339219330855019,0.40825688073394495
absolute,Per period 28d,Both,84874B,lumpy,0.01312732342007435,0.6890243902439024
absolute,Per period 56d,Both,84874B,lumpy,0.007434944237918215,0.6213592233009708
absolute,Min/Max,Both,84874B,lumpy,0.01486988847583643,0.7619047619047619
absolute,SP Part Period Balancing,SAP only,84874B,lumpy,0.00766728624535316,0.9295774647887324
absolute,WI Sliding Economic Lot Size,SAP only,84874B,lumpy,0.006157063197026022,0.8548387096774194
absolute,DY Dynamic Planning Calculation,SAP only,84874B,lumpy,0.002904275092936803,1.0
absolute,GR Groff Reorder Procedure,SAP only,84874B,lumpy,0.018006505576208177,0.8157894736842105
absolute,Calendar bucket 7d,SAP only,84874B,lumpy,0.012197955390334572,0.30434782608695654
absolute,Calendar bucket 28d,SAP only,84874B,lumpy,0.011617100371747211,0.5263157894736842
absolute,Short 7d / long 28d,SAP only,84874B,lumpy,0.02474442379182156,0.8129770992366412
absolute,Short 7d / long 56d,SAP only,84874B,lumpy,0.0170771375464684,0.8166666666666667
absolute,Per requirement,Both,22286,lumpy,0.11280204460966543,0.6176844783715013
absolute,Per period 7d,Both,22286,lumpy,0.05343866171003717,0.8127208480565371
absolute,Per period 14d,Both,22286,lumpy,0.0412407063197026,0.9491978609625669
absolute,Per period 28d,Both,22286,lumpy,0.024163568773234202,0.9327354260089686
absolute,Per period 56d,Both,22286,lumpy,0.016147769516728624,0.9928571428571429
absolute,Min/Max,Both,22286,lumpy,0.028810408921933085,0.992
absolute,SP Part Period Balancing,SAP only,22286,lumpy,0.03276022304832714,0.9791666666666666
absolute,WI Sliding Economic Lot Size,SAP only,22286,lumpy,0.028810408921933085,0.9802371541501976
absolute,DY Dynamic Planning Calculation,SAP only,22286,lumpy,0.019400557620817844,0.9881656804733728
absolute,GR Groff Reorder Procedure,SAP only,22286,lumpy,0.04437732342007435,0.9720101781170484
absolute,Calendar bucket 7d,SAP only,22286,lumpy,0.06157063197026022,0.8204334365325078
absolute,Calendar bucket 28d,SAP only,22286,lumpy,0.02741635687732342,0.9291338582677166
absolute,Short 7d / long 28d,SAP only,22286,lumpy,0.04460966542750929,0.987146529562982
absolute,Short 7d / long 56d,SAP only,22286,lumpy,0.028113382899628253,0.983739837398374
absolute,Per requirement,Both,21792,lumpy,0.07353624535315985,0.4596949891067538
absolute,Per period 7d,Both,21792,lumpy,0.042402416356877325,0.5598159509202454
absolute,Per period 14d,Both,21792,lumpy,0.037407063197026025,0.7470997679814385
absolute,Per period 28d,Both,21792,lumpy,0.025906133828996283,0.8643410852713178
absolute,Per period 56d,Both,21792,lumpy,0.016844795539033456,0.9354838709677419
absolute,Min/Max,Both,21792,lumpy,0.03055297397769517,0.9633699633699634
absolute,SP Part Period Balancing,SAP only,21792,lumpy,0.032527881040892194,0.9150326797385621
absolute,WI Sliding Economic Lot Size,SAP only,21792,lumpy,0.03276022304832714,0.9155844155844156
absolute,DY Dynamic Planning Calculation,SAP only,21792,lumpy,0.017890334572490705,0.9871794871794872
absolute,GR Groff Reorder Procedure,SAP only,21792,lumpy,0.045887546468401486,0.8568329718004338
absolute,Calendar bucket 7d,SAP only,21792,lumpy,0.04519052044609666,0.5131926121372031
absolute,Calendar bucket 28d,SAP only,21792,lumpy,0.023698884758364312,0.7527675276752768
absolute,Short 7d / long 28d,SAP only,21792,lumpy,0.05053438661710037,0.9560439560439561
absolute,Short 7d / long 56d,SAP only,21792,lumpy,0.03183085501858736,0.982078853046595
absolute,Per requirement,Both,21085,lumpy,0.031482342007434945,0.6391509433962265
absolute,Per period 7d,Both,21085,lumpy,0.015218401486988848,0.8343949044585988
absolute,Per period 14d,Both,21085,lumpy,0.006854089219330855,0.9365079365079365
absolute,Per period 28d,Both,21085,lumpy,0.0027881040892193307,0.96
absolute,Per period 56d,Both,21085,lumpy,0.0011617100371747212,1.0
absolute,Min/Max,Both,21085,lumpy,0.0015102230483271376,1.0
absolute,SP Part Period Balancing,SAP only,21085,lumpy,0.005692379182156134,1.0
absolute,WI Sliding Economic Lot Size,SAP only,21085,lumpy,0.006854089219330855,0.9516129032258065
absolute,DY Dynamic Planning Calculation,SAP only,21085,lumpy,0.0034851301115241635,0.967741935483871
absolute,GR Groff Reorder Procedure,SAP only,21085,lumpy,0.00987453531598513,0.9239130434782609
absolute,Calendar bucket 7d,SAP only,21085,lumpy,0.01696096654275093,0.7448979591836735
absolute,Calendar bucket 28d,SAP only,21085,lumpy,0.0070864312267657995,0.8840579710144928
absolute,Short 7d / long 28d,SAP only,21085,lumpy,0.01486988847583643,1.0
absolute,Short 7d / long 56d,SAP only,21085,lumpy,0.00871282527881041,0.9615384615384616
absolute,Per requirement,Both,35637C,lumpy,0.009990706319702601,0.39814814814814814
absolute,Per period 7d,Both,35637C,lumpy,0.00871282527881041,0.373134328358209
absolute,Per period 14d,Both,35637C,lumpy,0.008945167286245352,0.463855421686747
absolute,Per period 28d,Both,35637C,lumpy,0.009990706319702601,0.6142857142857143
absolute,Per period 56d,Both,35637C,lumpy,0.006854089219330855,0.5619047619047619
absolute,Min/Max,Both,35637C,lumpy,0.006737918215613383,0.8923076923076924
absolute,SP Part Period Balancing,SAP only,35637C,lumpy,0.010455390334572491,0.8181818181818182
absolute,WI Sliding Economic Lot Size,SAP only,35637C,lumpy,0.007783457249070632,0.7613636363636364
absolute,DY Dynamic Planning Calculation,SAP only,35637C,lumpy,0.008945167286245352,0.8020833333333334
absolute,GR Groff Reorder Procedure,SAP only,35637C,lumpy,0.009526022304832713,0.44324324324324327
absolute,Calendar bucket 7d,SAP only,35637C,lumpy,0.009061338289962825,0.38235294117647056
absolute,Calendar bucket 28d,SAP only,35637C,lumpy,0.008480483271375464,0.44242424242424244
absolute,Short 7d / long 28d,SAP only,35637C,lumpy,0.012778810408921933,0.5882352941176471
absolute,Short 7d / long 56d,SAP only,35637C,lumpy,0.013359665427509293,0.7419354838709677
absolute,Per requirement,Both,23224,lumpy,0.049837360594795536,0.7283531409168081
absolute,Per period 7d,Both,23224,lumpy,0.019981412639405203,0.8958333333333334
absolute,Per period 14d,Both,23224,lumpy,0.013824349442379182,0.9596774193548387
absolute,Per period 28d,Both,23224,lumpy,0.008945167286245352,0.9746835443037974
absolute,Per period 56d,Both,23224,lumpy,0.004879182156133829,1.0
absolute,Min/Max,Both,23224,lumpy,0.022653345724907063,0.975
absolute,SP Part Period Balancing,SAP only,23224,lumpy,0.009990706319702601,0.9772727272727273
absolute,WI Sliding Economic Lot Size,SAP only,23224,lumpy,0.00929368029739777,1.0
absolute,DY Dynamic Planning Calculation,SAP only,23224,lumpy,0.005111524163568773,0.9361702127659575
absolute,GR Groff Reorder Procedure,SAP only,23224,lumpy,0.014405204460966542,0.9841269841269841
absolute,Calendar bucket 7d,SAP only,23224,lumpy,0.021026951672862452,0.8701923076923077
absolute,Calendar bucket 28d,SAP only,23224,lumpy,0.008248141263940521,0.9102564102564102
absolute,Short 7d / long 28d,SAP only,23224,lumpy,0.01486988847583643,0.9922480620155039
absolute,Short 7d / long 56d,SAP only,23224,lumpy,0.009526022304832713,1.0
absolute,Per requirement,Both,21814,lumpy,0.047862453531598514,0.6309341500765697
absolute,Per period 7d,Both,21814,lumpy,0.024512081784386616,0.7814814814814814
absolute,Per period 14d,Both,21814,lumpy,0.020446096654275093,0.8979591836734694
absolute,Per period 28d,Both,21814,lumpy,0.012197955390334572,0.9051724137931034
absolute,Per period 56d,Both,21814,lumpy,0.009177509293680297,0.9294117647058824
absolute,Min/Max,Both,21814,lumpy,0.026138475836431228,0.974025974025974
absolute,SP Part Period Balancing,SAP only,21814,lumpy,0.013940520446096654,0.9836065573770492
absolute,WI Sliding Economic Lot Size,SAP only,21814,lumpy,0.013824349442379182,0.952
absolute,DY Dynamic Planning Calculation,SAP only,21814,lumpy,0.006737918215613383,1.0
absolute,GR Groff Reorder Procedure,SAP only,21814,lumpy,0.022769516728624536,0.9032258064516129
absolute,Calendar bucket 7d,SAP only,21814,lumpy,0.031133828996282528,0.8023952095808383
absolute,Calendar bucket 28d,SAP only,21814,lumpy,0.013011152416356878,0.7943262411347518
absolute,Short 7d / long 28d,SAP only,21814,lumpy,0.022653345724907063,0.8590308370044053
absolute,Short 7d / long 56d,SAP only,21814,lumpy,0.01591542750929368,0.8838709677419355
absolute,Per requirement,Both,84637,lumpy,0.035896840148698886,0.2749110320284697
absolute,Per period 7d,Both,84637,lumpy,0.028694237918215612,0.4616822429906542
absolute,Per period 14d,Both,84637,lumpy,0.023350371747211895,0.5877192982456141
absolute,Per period 28d,Both,84637,lumpy,0.023815055762081785,0.7620817843866171
absolute,Per period 56d,Both,84637,lumpy,0.009758364312267658,0.9545454545454546
absolute,Min/Max,Both,84637,lumpy,0.014056691449814127,0.952755905511811
absolute,SP Part Period Balancing,SAP only,84637,lumpy,0.020678438661710038,0.898989898989899
absolute,WI Sliding Economic Lot Size,SAP only,84637,lumpy,0.019400557620817844,0.8520408163265306
absolute,DY Dynamic Planning Calculation,SAP only,84637,lumpy,0.011965613382899629,0.9537037037037037
absolute,GR Groff Reorder Procedure,SAP only,84637,lumpy,0.03008828996282528,0.7801204819277109
absolute,Calendar bucket 7d,SAP only,84637,lumpy,0.03055297397769517,0.4071207430340557
absolute,Calendar bucket 28d,SAP only,84637,lumpy,0.01963289962825279,0.6079136690647482
absolute,Short 7d / long 28d,SAP only,84637,lumpy,0.04356412639405204,0.8844339622641509
absolute,Short 7d / long 56d,SAP only,84637,lumpy,0.029275092936802975,0.9298892988929889
absolute,Per requirement,Both,90042C,lumpy,0.01324349442379182,0.3275862068965517
absolute,Per period 7d,Both,90042C,lumpy,0.013824349442379182,0.569377990430622
absolute,Per period 14d,Both,90042C,lumpy,0.010339219330855019,0.6267605633802817
absolute,Per period 28d,Both,90042C,lumpy,0.009061338289962825,0.7358490566037735
absolute,Per period 56d,Both,90042C,lumpy,0.006273234200743495,0.8709677419354839
absolute,Min/Max,Both,90042C,lumpy,0.012314126394052044,0.8760330578512396
absolute,SP Part Period Balancing,SAP only,90042C,lumpy,0.006157063197026022,0.9298245614035088
absolute,WI Sliding Economic Lot Size,SAP only,90042C,lumpy,0.008828996282527882,0.9047619047619048
absolute,DY Dynamic Planning Calculation,SAP only,90042C,lumpy,0.005692379182156134,1.0
absolute,GR Groff Reorder Procedure,SAP only,90042C,lumpy,0.010455390334572491,0.782608695652174
absolute,Calendar bucket 7d,SAP only,90042C,lumpy,0.012894981412639405,0.4269230769230769
absolute,Calendar bucket 28d,SAP only,90042C,lumpy,0.007202602230483271,0.5849056603773585
absolute,Short 7d / long 28d,SAP only,90042C,lumpy,0.018819702602230485,0.9050279329608939
absolute,Short 7d / long 56d,SAP only,90042C,lumpy,0.01254646840148699,0.9391304347826087
absolute,Per requirement,Both,84199,lumpy,0.046933085501858735,0.5714285714285714
absolute,Per period 7d,Both,84199,lumpy,0.03473513011152416,0.7051886792452831
absolute,Per period 14d,Both,84199,lumpy,0.03008828996282528,0.8464052287581699
absolute,Per period 28d,Both,84199,lumpy,0.021956319702602232,0.883177570093458
absolute,Per period 56d,Both,84199,lumpy,0.01638011152416357,0.9527027027027027
absolute,Min/Max,Both,84199,lumpy,0.007551115241635688,1.0
absolute,SP Part Period Balancing,SAP only,84199,lumpy,0.009409851301115242,0.9878048780487805
absolute,WI Sliding Economic Lot Size,SAP only,84199,lumpy,0.0070864312267657995,0.9104477611940298
absolute,DY Dynamic Planning Calculation,SAP only,84199,lumpy,0.005808550185873606,0.9433962264150944
absolute,GR Groff Reorder Procedure,SAP only,84199,lumpy,0.018006505576208177,0.96875
absolute,Calendar bucket 7d,SAP only,84199,lumpy,0.03566449814126394,0.614
absolute,Calendar bucket 28d,SAP only,84199,lumpy,0.024976765799256506,0.7846715328467153
absolute,Short 7d / long 28d,SAP only,84199,lumpy,0.03891728624535316,0.9279778393351801
absolute,Short 7d / long 56d,SAP only,84199,lumpy,0.027764869888475836,0.9598393574297188
absolute,Per requirement,Both,21458,lumpy,0.046816914498141265,0.5773638968481375
absolute,Per period 7d,Both,21458,lumpy,0.02242100371747212,0.7366412213740458
absolute,Per period 14d,Both,21458,lumpy,0.016612453531598514,0.807909604519774
absolute,Per period 28d,Both,21458,lumpy,0.012314126394052044,0.7851851851851852
absolute,Per period 56d,Both,21458,lumpy,0.008828996282527882,0.8636363636363636
absolute,Min/Max,Both,21458,lumpy,0.016263940520446097,0.9790209790209791
absolute,SP Part Period Balancing,SAP only,21458,lumpy,0.012197955390334572,0.9545454545454546
absolute,WI Sliding Economic Lot Size,SAP only,21458,lumpy,0.01092007434944238,0.94
absolute,DY Dynamic Planning Calculation,SAP only,21458,lumpy,0.00766728624535316,0.9295774647887324
absolute,GR Groff Reorder Procedure,SAP only,21458,lumpy,0.015566914498141264,0.864516129032258
absolute,Calendar bucket 7d,SAP only,21458,lumpy,0.02730018587360595,0.7507987220447284
absolute,Calendar bucket 28d,SAP only,21458,lumpy,0.01312732342007435,0.7243589743589743
absolute,Short 7d / long 28d,SAP only,21458,lumpy,0.021607806691449814,0.8942307692307693
absolute,Short 7d / long 56d,SAP only,21458,lumpy,0.01475371747211896,0.8466666666666667
absolute,Per requirement,Both,79323S,lumpy,0.0016263940520446097,1.0
absolute,Per period 7d,Both,79323S,lumpy,0.0009293680297397769,1.0
absolute,Per period 14d,Both,79323S,lumpy,0.00046468401486988845,1.0
absolute,Per period 28d,Both,79323S,lumpy,0.00034851301115241634,1.0
absolute,Per period 56d,Both,79323S,lumpy,0.00011617100371747211,1.0
absolute,Min/Max,Both,79323S,lumpy,0.00023234200743494423,1.0
absolute,SP Part Period Balancing,SAP only,79323S,lumpy,0.00034851301115241634,1.0
absolute,WI Sliding Economic Lot Size,SAP only,79323S,lumpy,0.00023234200743494423,1.0
absolute,DY Dynamic Planning Calculation,SAP only,79323S,lumpy,0.00011617100371747211,1.0
absolute,GR Groff Reorder Procedure,SAP only,79323S,lumpy,0.00034851301115241634,1.0
absolute,Calendar bucket 7d,SAP only,79323S,lumpy,0.0009293680297397769,1.0
absolute,Calendar bucket 28d,SAP only,79323S,lumpy,0.00034851301115241634,1.0
absolute,Short 7d / long 28d,SAP only,79323S,lumpy,0.00034851301115241634,1.0
absolute,Short 7d / long 56d,SAP only,79323S,lumpy,0.00023234200743494423,1.0
absolute,Per requirement,Both,20663,lumpy,0.011617100371747211,0.21691973969631237
absolute,Per period 7d,Both,20663,lumpy,0.011733271375464684,0.3423728813559322
absolute,Per period 14d,Both,20663,lumpy,0.010455390334572491,0.36885245901639346
absolute,Per period 28d,Both,20663,lumpy,0.011036245353159852,0.536723163841808
absolute,Per period 56d,Both,20663,lumpy,0.009990706319702601,0.6370370370370371
absolute,Min/Max,Both,20663,lumpy,0.0026719330855018587,1.0
absolute,SP Part Period Balancing,SAP only,20663,lumpy,0.008364312267657992,0.9
absolute,WI Sliding Economic Lot Size,SAP only,20663,lumpy,0.008828996282527882,0.9156626506024096
absolute,DY Dynamic Planning Calculation,SAP only,20663,lumpy,0.004995353159851301,0.9148936170212766
absolute,GR Groff Reorder Procedure,SAP only,20663,lumpy,0.010687732342007435,0.5287356321839081
absolute,Calendar bucket 7d,SAP only,20663,lumpy,0.011268587360594795,0.30124223602484473
absolute,Calendar bucket 28d,SAP only,20663,lumpy,0.011036245353159852,0.4439252336448598
absolute,Short 7d / long 28d,SAP only,20663,lumpy,0.021491635687732342,0.6877323420074349
absolute,Short 7d / long 56d,SAP only,20663,lumpy,0.017657992565055763,0.7794871794871795
absolute,Per requirement,Both,84916,lumpy,0.023234200743494422,0.3262642740619902
absolute,Per period 7d,Both,84916,lumpy,0.01858736059479554,0.4456824512534819
absolute,Per period 14d,Both,84916,lumpy,0.013824349442379182,0.483739837398374
absolute,Per period 28d,Both,84916,lumpy,0.01370817843866171,0.6900584795321637
absolute,Per period 56d,Both,84916,lumpy,0.010455390334572491,0.8653846153846154
absolute,Min/Max,Both,84916,lumpy,0.012894981412639405,0.940677966101695
absolute,SP Part Period Balancing,SAP only,84916,lumpy,0.012894981412639405,0.9098360655737705
absolute,WI Sliding Economic Lot Size,SAP only,84916,lumpy,0.010687732342007435,0.8598130841121495
absolute,DY Dynamic Planning Calculation,SAP only,84916,lumpy,0.008596654275092937,0.891566265060241
absolute,GR Groff Reorder Procedure,SAP only,84916,lumpy,0.021491635687732342,0.8078602620087336
absolute,Calendar bucket 7d,SAP only,84916,lumpy,0.016844795539033456,0.3756476683937824
absolute,Calendar bucket 28d,SAP only,84916,lumpy,0.01150092936802974,0.6073619631901841
absolute,Short 7d / long 28d,SAP only,84916,lumpy,0.029158921933085502,0.916058394160584
absolute,Short 7d / long 56d,SAP only,84916,lumpy,0.018819702602230485,0.9152542372881356
relative,Per requirement,Both,22554,smooth,0.44284386617100374,0.6774480184823174
relative,Per period 7d,Both,22554,smooth,0.08445631970260223,0.5993404781533388
relative,Per period 14d,Both,22554,smooth,0.05587825278810409,0.66991643454039
relative,Per period 28d,Both,22554,smooth,0.03787174721189591,0.7634660421545667
relative,Per period 56d,Both,22554,smooth,0.014405204460966542,0.6169154228855721
relative,Min/Max,Both,22554,smooth,0.047397769516728624,0.9026548672566371
relative,SP Part Period Balancing,SAP only,22554,smooth,0.09316914498141264,0.783203125
relative,WI Sliding Economic Lot Size,SAP only,22554,smooth,0.1008364312267658,0.8022181146025879
relative,DY Dynamic Planning Calculation,SAP only,22554,smooth,0.0412407063197026,0.7029702970297029
relative,GR Groff Reorder Procedure,SAP only,22554,smooth,0.09479553903345725,0.7344734473447345
relative,Calendar bucket 7d,SAP only,22554,smooth,0.06447490706319703,0.49377224199288255
relative,Calendar bucket 28d,SAP only,22554,smooth,0.017657992565055763,0.4222222222222222
relative,Short 7d / long 28d,SAP only,22554,smooth,0.07179368029739777,0.9983844911147012
relative,Short 7d / long 56d,SAP only,22554,smooth,0.04158921933085502,0.9862258953168044
relative,Per requirement,Both,22627,smooth,0.3440985130111524,0.7099712368168744
relative,Per period 7d,Both,22627,smooth,0.06935408921933085,0.5952143569292123
relative,Per period 14d,Both,22627,smooth,0.03822026022304833,0.5812720848056537
relative,Per period 28d,Both,22627,smooth,0.01858736059479554,0.5111821086261981
relative,Per period 56d,Both,22627,smooth,0.01486988847583643,0.6772486772486772
relative,Min/Max,Both,22627,smooth,0.04611988847583643,0.9022727272727272
relative,SP Part Period Balancing,SAP only,22627,smooth,0.07690520446096655,0.8193069306930693
relative,WI Sliding Economic Lot Size,SAP only,22627,smooth,0.07841542750929369,0.8142340168878166
relative,DY Dynamic Planning Calculation,SAP only,22627,smooth,0.03473513011152416,0.7766233766233767
relative,GR Groff Reorder Procedure,SAP only,22627,smooth,0.07365241635687732,0.7337962962962963
relative,Calendar bucket 7d,SAP only,22627,smooth,0.05645910780669145,0.4979508196721312
relative,Calendar bucket 28d,SAP only,22627,smooth,0.014637546468401487,0.40384615384615385
relative,Short 7d / long 28d,SAP only,22627,smooth,0.06296468401486989,0.9908592321755028
relative,Short 7d / long 56d,SAP only,22627,smooth,0.036361524163568776,0.9660493827160493
relative,Per requirement,Both,20724,smooth,0.5372908921933085,0.6966410604006628
relative,Per period 7d,Both,20724,smooth,0.07202602230483271,0.4924543288324067
relative,Per period 14d,Both,20724,smooth,0.06633364312267657,0.6988984088127295
relative,Per period 28d,Both,20724,smooth,0.04158921933085502,0.7698924731182796
relative,Per period 56d,Both,20724,smooth,0.021956319702602232,0.7529880478087649
relative,Min/Max,Both,20724,smooth,0.05494888475836431,0.9403578528827038
relative,SP Part Period Balancing,SAP only,20724,smooth,0.12430297397769517,0.8243451463790447
relative,WI Sliding Economic Lot Size,SAP only,20724,smooth,0.12174721189591078,0.8136645962732919
relative,DY Dynamic Planning Calculation,SAP only,20724,smooth,0.053787174721189594,0.7847457627118644
relative,GR Groff Reorder Procedure,SAP only,20724,smooth,0.1129182156133829,0.7391634980988593
relative,Calendar bucket 7d,SAP only,20724,smooth,0.06935408921933085,0.4830097087378641
relative,Calendar bucket 28d,SAP only,20724,smooth,0.017774163568773236,0.3953488372093023
relative,Short 7d / long 28d,SAP only,20724,smooth,0.07760223048327138,0.9970149253731343
relative,Short 7d / long 56d,SAP only,20724,smooth,0.04472583643122677,0.9948320413436692
relative,Per requirement,Both,22741,smooth,0.20132434944237917,0.703613479496549
relative,Per period 7d,Both,22741,smooth,0.04855947955390334,0.579750346740638
relative,Per period 14d,Both,22741,smooth,0.03508364312267658,0.6741071428571429
relative,Per period 28d,Both,22741,smooth,0.01928438661710037,0.6535433070866141
relative,Per period 56d,Both,22741,smooth,0.00871282527881041,0.5769230769230769
relative,Min/Max,Both,22741,smooth,0.0433317843866171,0.894484412470024
relative,SP Part Period Balancing,SAP only,22741,smooth,0.053322490706319704,0.7996515679442509
relative,WI Sliding Economic Lot Size,SAP only,22741,smooth,0.05099907063197026,0.801094890510949
relative,DY Dynamic Planning Calculation,SAP only,22741,smooth,0.027184014869888477,0.8153310104529616
relative,GR Groff Reorder Procedure,SAP only,22741,smooth,0.06772769516728624,0.8019257221458047
relative,Calendar bucket 7d,SAP only,22741,smooth,0.05146375464684015,0.5509950248756219
relative,Calendar bucket 28d,SAP only,22741,smooth,0.013824349442379182,0.4722222222222222
relative,Short 7d / long 28d,SAP only,22741,smooth,0.05111524163568773,0.9977324263038548
relative,Short 7d / long 56d,SAP only,22741,smooth,0.029623605947955392,0.9883720930232558
relative,Per requirement,Both,22027,smooth,0.4174024163568773,0.6914934565050038
relative,Per period 7d,Both,22027,smooth,0.0758596654275093,0.5283171521035599
relative,Per period 14d,Both,22027,smooth,0.05552973977695167,0.6494565217391305
relative,Per period 28d,Both,22027,smooth,0.03310873605947955,0.6834532374100719
relative,Per period 56d,Both,22027,smooth,0.018471189591078067,0.7227272727272728
relative,Min/Max,Both,22027,smooth,0.04530669144981413,0.9069767441860465
relative,SP Part Period Balancing,SAP only,22027,smooth,0.04809479553903346,0.7915869980879541
relative,WI Sliding Economic Lot Size,SAP only,22027,smooth,0.04670074349442379,0.7657142857142857
relative,DY Dynamic Planning Calculation,SAP only,22027,smooth,0.017657992565055763,0.7450980392156863
relative,GR Groff Reorder Procedure,SAP only,22027,smooth,0.06017657992565056,0.7708333333333334
relative,Calendar bucket 7d,SAP only,22027,smooth,0.07411710037174721,0.5225225225225225
relative,Calendar bucket 28d,SAP only,22027,smooth,0.0191682156133829,0.4330708661417323
relative,Short 7d / long 28d,SAP only,22027,smooth,0.07713754646840149,0.996996996996997
relative,Short 7d / long 56d,SAP only,22027,smooth,0.04449349442379182,0.9948051948051948
relative,Per requirement,Both,23000,smooth,0.17088754646840149,0.7011439466158246
relative,Per period 7d,Both,23000,smooth,0.03438661710037175,0.5758754863813229
relative,Per period 14d,Both,23000,smooth,0.02427973977695167,0.6470588235294118
relative,Per period 28d,Both,23000,smooth,0.014172862453531599,0.6815642458100558
relative,Per period 56d,Both,23000,smooth,0.009526022304832713,0.7321428571428571
relative,Min/Max,Both,23000,smooth,0.03973048327137547,0.8614609571788413
relative,SP Part Period Balancing,SAP only,23000,smooth,0.023234200743494422,0.8695652173913043
relative,WI Sliding Economic Lot Size,SAP only,23000,smooth,0.021491635687732342,0.8258928571428571
relative,DY Dynamic Planning Calculation,SAP only,23000,smooth,0.007434944237918215,0.8533333333333334
relative,GR Groff Reorder Procedure,SAP only,23000,smooth,0.02358271375464684,0.725
relative,Calendar bucket 7d,SAP only,23000,smooth,0.03961431226765799,0.6035398230088496
relative,Calendar bucket 28d,SAP only,23000,smooth,0.011268587360594795,0.521505376344086
relative,Short 7d / long 28d,SAP only,23000,smooth,0.03612918215613383,1.0032258064516129
relative,Short 7d / long 56d,SAP only,23000,smooth,0.021607806691449814,0.9946524064171123
relative,Per requirement,Both,23109,smooth,0.12546468401486988,0.694980694980695
relative,Per period 7d,Both,23109,smooth,0.029623605947955392,0.6343283582089553
relative,Per period 14d,Both,23109,smooth,0.018935873605947954,0.6791666666666667
relative,Per period 28d,Both,23109,smooth,0.011733271375464684,0.7062937062937062
relative,Per period 56d,Both,23109,smooth,0.006737918215613383,0.6823529411764706
relative,Min/Max,Both,23109,smooth,0.03473513011152416,0.8494318181818182
relative,SP Part Period Balancing,SAP only,23109,smooth,0.036477695167286245,0.8486486486486486
relative,WI Sliding Economic Lot Size,SAP only,23109,smooth,0.028229553903345726,0.745398773006135
relative,DY Dynamic Planning Calculation,SAP only,23109,smooth,0.015218401486988848,0.7660818713450293
relative,GR Groff Reorder Procedure,SAP only,23109,smooth,0.029391263940520447,0.7086834733893558
relative,Calendar bucket 7d,SAP only,23109,smooth,0.022769516728624536,0.5025641025641026
relative,Calendar bucket 28d,SAP only,23109,smooth,0.006970260223048327,0.4580152671755725
relative,Short 7d / long 28d,SAP only,23109,smooth,0.02520910780669145,0.9908675799086758
relative,Short 7d / long 56d,SAP only,23109,smooth,0.014521375464684015,0.9541984732824428
relative,Per requirement,Both,21224,smooth,0.21875,0.6940656100258017
relative,Per period 7d,Both,21224,smooth,0.07318773234200744,0.6350806451612904
relative,Per period 14d,Both,21224,smooth,0.05006970260223048,0.6702954898911353
relative,Per period 28d,Both,21224,smooth,0.027067843866171004,0.6454293628808865
relative,Per period 56d,Both,21224,smooth,0.01428903345724907,0.6473684210526316
relative,Min/Max,Both,21224,smooth,0.04402881040892193,0.9176755447941889
relative,SP Part Period Balancing,SAP only,21224,smooth,0.03020446096654275,0.7344632768361582
relative,WI Sliding Economic Lot Size,SAP only,21224,smooth,0.036477695167286245,0.8010204081632653
relative,DY Dynamic Planning Calculation,SAP only,21224,smooth,0.013359665427509293,0.782312925170068
relative,GR Groff Reorder Procedure,SAP only,21224,smooth,0.04449349442379182,0.6876122082585279
relative,Calendar bucket 7d,SAP only,21224,smooth,0.0800418215613383,0.6006974716652136
relative,Calendar bucket 28d,SAP only,21224,smooth,0.021259293680297397,0.5228571428571429
relative,Short 7d / long 28d,SAP only,21224,smooth,0.07411710037174721,0.9953198127925117
relative,Short 7d / long 56d,SAP only,21224,smooth,0.042518587360594794,0.976
relative,Per requirement,Both,22411,smooth,0.5394981412639405,0.6910714285714286
relative,Per period 7d,Both,22411,smooth,0.08143587360594795,0.5502354788069074
relative,Per period 14d,Both,22411,smooth,0.06087360594795539,0.6670918367346939
relative,Per period 28d,Both,22411,smooth,0.03984665427509294,0.7456521739130435
relative,Per period 56d,Both,22411,smooth,0.019516728624535316,0.7241379310344828
relative,Min/Max,Both,22411,smooth,0.052276951672862455,0.9316770186335404
relative,SP Part Period Balancing,SAP only,22411,smooth,0.143703531598513,0.7899106002554278
relative,WI Sliding Economic Lot Size,SAP only,22411,smooth,0.14521375464684014,0.7886435331230284
relative,DY Dynamic Planning Calculation,SAP only,22411,smooth,0.08097118959107806,0.7462526766595289
relative,GR Groff Reorder Procedure,SAP only,22411,smooth,0.1390566914498141,0.7393452748610253
relative,Calendar bucket 7d,SAP only,22411,smooth,0.07016728624535316,0.49427168576104746
relative,Calendar bucket 28d,SAP only,22411,smooth,0.016147769516728624,0.3687002652519894
relative,Short 7d / long 28d,SAP only,22411,smooth,0.07725371747211895,0.9984984984984985
relative,Short 7d / long 56d,SAP only,22411,smooth,0.04460966542750929,0.9922480620155039
relative,Per requirement,Both,23322,smooth,0.15009293680297398,0.7048554282596836
relative,Per period 7d,Both,23322,smooth,0.028926579925650557,0.6178660049627791
relative,Per period 14d,Both,23322,smooth,0.018471189591078067,0.7098214285714286
relative,Per period 28d,Both,23322,smooth,0.012197955390334572,0.7664233576642335
relative,Per period 56d,Both,23322,smooth,0.00662174721189591,0.7307692307692307
relative,Min/Max,Both,23322,smooth,0.04170539033457249,0.8777506112469438
relative,SP Part Period Balancing,SAP only,23322,smooth,0.03822026022304833,0.8329113924050633
relative,WI Sliding Economic Lot Size,SAP only,23322,smooth,0.04170539033457249,0.8387850467289719
relative,DY Dynamic Planning Calculation,SAP only,23322,smooth,0.014986059479553903,0.7633136094674556
relative,GR Groff Reorder Procedure,SAP only,23322,smooth,0.0383364312267658,0.8108108108108109
relative,Calendar bucket 7d,SAP only,23322,smooth,0.01928438661710037,0.4853801169590643
relative,Calendar bucket 28d,SAP only,23322,smooth,0.006737918215613383,0.4915254237288136
relative,Short 7d / long 28d,SAP only,23322,smooth,0.02253717472118959,0.9948717948717949
relative,Short 7d / long 56d,SAP only,23322,smooth,0.013475836431226766,1.0
relative,Per requirement,Both,21652,smooth,0.0546003717472119,0.6500691562932227
relative,Per period 7d,Both,21652,smooth,0.01638011152416357,0.5529411764705883
relative,Per period 14d,Both,21652,smooth,0.010571561338289962,0.5947712418300654
relative,Per period 28d,Both,21652,smooth,0.008945167286245352,0.6936936936936937
relative,Per period 56d,Both,21652,smooth,0.005343866171003717,0.7666666666666667
relative,Min/Max,Both,21652,smooth,0.02648698884758364,0.8603773584905661
relative,SP Part Period Balancing,SAP only,21652,smooth,0.01696096654275093,0.8390804597701149
relative,WI Sliding Economic Lot Size,SAP only,21652,smooth,0.013359665427509293,0.7876712328767124
relative,DY Dynamic Planning Calculation,SAP only,21652,smooth,0.005924721189591078,0.6455696202531646
relative,GR Groff Reorder Procedure,SAP only,21652,smooth,0.01963289962825279,0.7752293577981652
relative,Calendar bucket 7d,SAP only,21652,smooth,0.021956319702602232,0.6019108280254777
relative,Calendar bucket 28d,SAP only,21652,smooth,0.005924721189591078,0.5151515151515151
relative,Short 7d / long 28d,SAP only,21652,smooth,0.020213754646840148,0.9830508474576272
relative,Short 7d / long 56d,SAP only,21652,smooth,0.011617100371747211,0.9523809523809523
relative,Per requirement,Both,22993,smooth,0.2461663568773234,0.6875405580791694
relative,Per period 7d,Both,22993,smooth,0.03008828996282528,0.4823091247672253
relative,Per period 14d,Both,22993,smooth,0.02509293680297398,0.6189111747851003
relative,Per period 28d,Both,22993,smooth,0.01312732342007435,0.6174863387978142
relative,Per period 56d,Both,22993,smooth,0.00766728624535316,0.616822429906542
relative,Min/Max,Both,22993,smooth,0.05146375464684015,0.9229166666666667
relative,SP Part Period Balancing,SAP only,22993,smooth,0.06319702602230483,0.8180451127819549
relative,WI Sliding Economic Lot Size,SAP only,22993,smooth,0.058317843866171004,0.7807153965785381
relative,DY Dynamic Planning Calculation,SAP only,22993,smooth,0.028113382899628253,0.7586206896551724
relative,GR Groff Reorder Procedure,SAP only,22993,smooth,0.05390334572490706,0.7400318979266348
relative,Calendar bucket 7d,SAP only,22993,smooth,0.03136617100371747,0.4838709677419355
relative,Calendar bucket 28d,SAP only,22993,smooth,0.00766728624535316,0.36464088397790057
relative,Short 7d / long 28d,SAP only,22993,smooth,0.035432156133828996,0.9967320261437909
relative,Short 7d / long 56d,SAP only,22993,smooth,0.021026951672862452,0.9945054945054945
relative,Per requirement,Both,21274,smooth,0.06493959107806692,0.6686602870813397
relative,Per period 7d,Both,21274,smooth,0.024512081784386616,0.6080691642651297
relative,Per period 14d,Both,21274,smooth,0.017890334572490705,0.6724890829694323
relative,Per period 28d,Both,21274,smooth,0.011965613382899629,0.6912751677852349
relative,Per period 56d,Both,21274,smooth,0.006737918215613383,0.6904761904761905
relative,Min/Max,Both,21274,smooth,0.029275092936802975,0.8571428571428571
relative,SP Part Period Balancing,SAP only,21274,smooth,0.01428903345724907,0.6833333333333333
relative,WI Sliding Economic Lot Size,SAP only,21274,smooth,0.01533457249070632,0.7374301675977654
relative,DY Dynamic Planning Calculation,SAP only,21274,smooth,0.008945167286245352,0.8555555555555555
relative,GR Groff Reorder Procedure,SAP only,21274,smooth,0.024512081784386616,0.7589928057553957
relative,Calendar bucket 7d,SAP only,21274,smooth,0.029623605947955392,0.6159420289855072
relative,Calendar bucket 28d,SAP only,21274,smooth,0.009409851301115242,0.5294117647058824
relative,Short 7d / long 28d,SAP only,21274,smooth,0.027764869888475836,0.9755102040816327
relative,Short 7d / long 56d,SAP only,21274,smooth,0.016031598513011152,0.9452054794520548
relative,Per requirement,Both,22382,smooth,0.5405436802973977,0.696348398683029
relative,Per period 7d,Both,22382,smooth,0.07016728624535316,0.48089171974522293
relative,Per period 14d,Both,22382,smooth,0.06191914498141264,0.6645885286783042
relative,Per period 28d,Both,22382,smooth,0.03566449814126394,0.6977272727272728
relative,Per period 56d,Both,22382,smooth,0.016263940520446097,0.6572769953051644
relative,Min/Max,Both,22382,smooth,0.055297397769516726,0.952
relative,SP Part Period Balancing,SAP only,22382,smooth,0.13812732342007436,0.8349719101123596
relative,WI Sliding Economic Lot Size,SAP only,22382,smooth,0.12139869888475836,0.7706489675516224
relative,DY Dynamic Planning Calculation,SAP only,22382,smooth,0.061222118959107806,0.7948717948717948
relative,GR Groff Reorder Procedure,SAP only,22382,smooth,0.1267425650557621,0.762937062937063
relative,Calendar bucket 7d,SAP only,22382,smooth,0.06528810408921933,0.45952575633687653
relative,Calendar bucket 28d,SAP only,22382,smooth,0.01638011152416357,0.3671875
relative,Short 7d / long 28d,SAP only,22382,smooth,0.0774860594795539,0.9985029940119761
relative,Short 7d / long 56d,SAP only,22382,smooth,0.04472583643122677,0.9974093264248705
relative,Per requirement,Both,23202,smooth,0.18320167286245354,0.6730687153222364
relative,Per period 7d,Both,23202,smooth,0.03287639405204461,0.603411513859275
relative,Per period 14d,Both,23202,smooth,0.024395910780669144,0.7420494699646644
relative,Per period 28d,Both,23202,smooth,0.013011152416356878,0.7225806451612903
relative,Per period 56d,Both,23202,smooth,0.007783457249070632,0.7790697674418605
relative,Min/Max,Both,23202,smooth,0.04414498141263941,0.8837209302325582
relative,SP Part Period Balancing,SAP only,23202,smooth,0.05204460966542751,0.7697594501718213
relative,WI Sliding Economic Lot Size,SAP only,23202,smooth,0.056691449814126396,0.7960848287112561
relative,DY Dynamic Planning Calculation,SAP only,23202,smooth,0.03519981412639405,0.7769230769230769
relative,GR Groff Reorder Procedure,SAP only,23202,smooth,0.04948884758364312,0.7307032590051458
relative,Calendar bucket 7d,SAP only,23202,smooth,0.02253717472118959,0.45647058823529413
relative,Calendar bucket 28d,SAP only,23202,smooth,0.006970260223048327,0.40816326530612246
relative,Short 7d / long 28d,SAP only,23202,smooth,0.027184014869888477,0.9957446808510638
relative,Short 7d / long 56d,SAP only,23202,smooth,0.016612453531598514,0.9930555555555556
relative,Per requirement,Both,23204,smooth,0.19086895910780668,0.6985544217687075
relative,Per period 7d,Both,23204,smooth,0.03055297397769517,0.5513626834381551
relative,Per period 14d,Both,23204,smooth,0.019516728624535316,0.6176470588235294
relative,Per period 28d,Both,23204,smooth,0.012081784386617101,0.6582278481012658
relative,Per period 56d,Both,23204,smooth,0.00662174721189591,0.6404494382022472
relative,Min/Max,Both,23204,smooth,0.04368029739776952,0.8723897911832946
relative,SP Part Period Balancing,SAP only,23204,smooth,0.03671003717472119,0.7939698492462312
relative,WI Sliding Economic Lot Size,SAP only,23204,smooth,0.03775557620817844,0.8165829145728644
relative,DY Dynamic Planning Calculation,SAP only,23204,smooth,0.012197955390334572,0.6069364161849711
relative,GR Groff Reorder Procedure,SAP only,23204,smooth,0.03357342007434944,0.7014563106796117
relative,Calendar bucket 7d,SAP only,23204,smooth,0.02532527881040892,0.47912087912087914
relative,Calendar bucket 28d,SAP only,23204,smooth,0.007783457249070632,0.4589041095890411
relative,Short 7d / long 28d,SAP only,23204,smooth,0.02904275092936803,0.9960159362549801
relative,Short 7d / long 56d,SAP only,23204,smooth,0.01696096654275093,0.9798657718120806
relative,Per requirement,Both,47568,smooth,0.13464219330855018,0.7011494252873564
relative,Per period 7d,Both,47568,smooth,0.021723977695167287,0.55
relative,Per period 14d,Both,47568,smooth,0.01475371747211896,0.6446700507614214
relative,Per period 28d,Both,47568,smooth,0.007434944237918215,0.5526315789473685
relative,Per period 56d,Both,47568,smooth,0.0034851301115241635,0.5769230769230769
relative,Min/Max,Both,47568,smooth,0.029972118959107806,0.7914110429447853
relative,SP Part Period Balancing,SAP only,47568,smooth,0.023815055762081785,0.7735849056603774
relative,WI Sliding Economic Lot Size,SAP only,47568,smooth,0.02532527881040892,0.7927272727272727
relative,DY Dynamic Planning Calculation,SAP only,47568,smooth,0.010223048327137546,0.7213114754098361
relative,GR Groff Reorder Procedure,SAP only,47568,smooth,0.022885687732342008,0.7205882352941176
relative,Calendar bucket 7d,SAP only,47568,smooth,0.019516728624535316,0.484149855907781
relative,Calendar bucket 28d,SAP only,47568,smooth,0.006970260223048327,0.5315315315315315
relative,Short 7d / long 28d,SAP only,47568,smooth,0.021956319702602232,0.9947368421052631
relative,Short 7d / long 56d,SAP only,47568,smooth,0.012894981412639405,0.9823008849557522
relative,Per requirement,Both,16161P,smooth,0.26963289962825276,0.6903628792385484
relative,Per period 7d,Both,16161P,smooth,0.05994423791821561,0.5319587628865979
relative,Per period 14d,Both,16161P,smooth,0.034967472118959106,0.5299295774647887
relative,Per period 28d,Both,16161P,smooth,0.02242100371747212,0.561046511627907
relative,Per period 56d,Both,16161P,smooth,0.017657992565055763,0.7169811320754716
relative,Min/Max,Both,16161P,smooth,0.04484200743494424,0.8894009216589862
relative,SP Part Period Balancing,SAP only,16161P,smooth,0.043912639405204464,0.7368421052631579
relative,WI Sliding Economic Lot Size,SAP only,16161P,smooth,0.04309944237918216,0.7525354969574036
relative,DY Dynamic Planning Calculation,SAP only,16161P,smooth,0.018355018587360595,0.7783251231527094
relative,GR Groff Reorder Procedure,SAP only,16161P,smooth,0.06064126394052045,0.7554269175108539
relative,Calendar bucket 7d,SAP only,16161P,smooth,0.06691449814126393,0.5403377110694184
relative,Calendar bucket 28d,SAP only,16161P,smooth,0.015450743494423791,0.40797546012269936
relative,Short 7d / long 28d,SAP only,16161P,smooth,0.06854089219330856,0.9949409780775716
relative,Short 7d / long 56d,SAP only,16161P,smooth,0.03949814126394052,0.9686609686609686
relative,Per requirement,Both,23201,smooth,0.1991171003717472,0.6804287415641127
relative,Per period 7d,Both,23201,smooth,0.02904275092936803,0.5252100840336135
relative,Per period 14d,Both,23201,smooth,0.029623605947955392,0.7727272727272727
relative,Per period 28d,Both,23201,smooth,0.012430297397769517,0.6858974358974359
relative,Per period 56d,Both,23201,smooth,0.008480483271375464,0.7227722772277227
relative,Min/Max,Both,23201,smooth,0.037987918215613384,0.8384615384615385
relative,SP Part Period Balancing,SAP only,23201,smooth,0.05715613382899628,0.751145038167939
relative,WI Sliding Economic Lot Size,SAP only,23201,smooth,0.053787174721189594,0.731437598736177
relative,DY Dynamic Planning Calculation,SAP only,23201,smooth,0.03380576208178439,0.7348484848484849
relative,GR Groff Reorder Procedure,SAP only,23201,smooth,0.05448420074349442,0.7138508371385084
relative,Calendar bucket 7d,SAP only,23201,smooth,0.028345724907063198,0.5339168490153173
relative,Calendar bucket 28d,SAP only,23201,smooth,0.007551115241635688,0.42483660130718953
relative,Short 7d / long 28d,SAP only,23201,smooth,0.029391263940520447,1.0
relative,Short 7d / long 56d,SAP only,23201,smooth,0.01754182156133829,0.9869281045751634
relative,Per requirement,Both,23307,smooth,0.15102230483271376,0.6659836065573771
relative,Per period 7d,Both,23307,smooth,0.032992565055762084,0.6843373493975904
relative,Per period 14d,Both,23307,smooth,0.013011152416356878,0.5283018867924528
relative,Per period 28d,Both,23307,smooth,0.007318773234200744,0.5625
relative,Per period 56d,Both,23307,smooth,0.005924721189591078,0.68
relative,Min/Max,Both,23307,smooth,0.042053903345724904,0.8872549019607843
relative,SP Part Period Balancing,SAP only,23307,smooth,0.03008828996282528,0.7824773413897281
relative,WI Sliding Economic Lot Size,SAP only,23307,smooth,0.03078531598513011,0.7886904761904762
relative,DY Dynamic Planning Calculation,SAP only,23307,smooth,0.011268587360594795,0.6643835616438356
relative,GR Groff Reorder Procedure,SAP only,23307,smooth,0.03055297397769517,0.7535816618911175
relative,Calendar bucket 7d,SAP only,23307,smooth,0.021143122676579924,0.5185185185185185
relative,Calendar bucket 28d,SAP only,23307,smooth,0.006273234200743495,0.45
relative,Short 7d / long 28d,SAP only,23307,smooth,0.02253717472118959,0.9948717948717949
relative,Short 7d / long 56d,SAP only,23307,smooth,0.013359665427509293,0.9829059829059829
relative,Per requirement,Both,23004,smooth,0.14381970260223048,0.6994350282485876
relative,Per period 7d,Both,23004,smooth,0.03868494423791822,0.6478599221789884
relative,Per period 14d,Both,23004,smooth,0.030320631970260224,0.7587209302325582
relative,Per period 28d,Both,23004,smooth,0.012081784386617101,0.6265060240963856
relative,Per period 56d,Both,23004,smooth,0.008480483271375464,0.6697247706422018
relative,Min/Max,Both,23004,smooth,0.03775557620817844,0.871313672922252
relative,SP Part Period Balancing,SAP only,23004,smooth,0.01533457249070632,0.7810650887573964
relative,WI Sliding Economic Lot Size,SAP only,23004,smooth,0.017309479553903346,0.8142076502732241
relative,DY Dynamic Planning Calculation,SAP only,23004,smooth,0.0037174721189591076,0.6274509803921569
relative,GR Groff Reorder Procedure,SAP only,23004,smooth,0.021607806691449814,0.7654320987654321
relative,Calendar bucket 7d,SAP only,23004,smooth,0.04077602230483272,0.6312949640287769
relative,Calendar bucket 28d,SAP only,23004,smooth,0.010223048327137546,0.49162011173184356
relative,Short 7d / long 28d,SAP only,23004,smooth,0.03578066914498141,0.9967637540453075
relative,Short 7d / long 56d,SAP only,23004,smooth,0.021607806691449814,0.9946524064171123
relative,Per requirement,Both,22614,smooth,0.23361988847583642,0.6816949152542373
relative,Per period 7d,Both,22614,smooth,0.061222118959107806,0.6022857142857143
relative,Per period 14d,Both,22614,smooth,0.03671003717472119,0.575591985428051
relative,Per period 28d,Both,22614,smooth,0.024512081784386616,0.6279761904761905
relative,Per period 56d,Both,22614,smooth,0.01370817843866171,0.6243386243386243
relative,Min/Max,Both,22614,smooth,0.04763011152416357,0.9151785714285714
relative,SP Part Period Balancing,SAP only,22614,smooth,0.023234200743494422,0.684931506849315
relative,WI Sliding Economic Lot Size,SAP only,22614,smooth,0.026138475836431228,0.7305194805194806
relative,DY Dynamic Planning Calculation,SAP only,22614,smooth,0.009061338289962825,0.75
relative,GR Groff Reorder Procedure,SAP only,22614,smooth,0.04460966542750929,0.8
relative,Calendar bucket 7d,SAP only,22614,smooth,0.0703996282527881,0.6005946481665014
relative,Calendar bucket 28d,SAP only,22614,smooth,0.01928438661710037,0.4896755162241888
relative,Short 7d / long 28d,SAP only,22614,smooth,0.06552044609665428,0.9947089947089947
relative,Short 7d / long 56d,SAP only,22614,smooth,0.03787174721189591,0.9702380952380952
relative,Per requirement,Both,22120,smooth,0.23327137546468402,0.7040673211781207
relative,Per period 7d,Both,22120,smooth,0.0546003717472119,0.5690072639225182
relative,Per period 14d,Both,22120,smooth,0.037058550185873604,0.6111111111111112
relative,Per period 28d,Both,22120,smooth,0.02683550185873606,0.7241379310344828
relative,Per period 56d,Both,22120,smooth,0.01475371747211896,0.7257142857142858
relative,Min/Max,Both,22120,smooth,0.04019516728624535,0.9010416666666666
relative,SP Part Period Balancing,SAP only,22120,smooth,0.04670074349442379,0.7204301075268817
relative,WI Sliding Economic Lot Size,SAP only,22120,smooth,0.05564591078066915,0.7966666666666666
relative,DY Dynamic Planning Calculation,SAP only,22120,smooth,0.02578996282527881,0.75
relative,GR Groff Reorder Procedure,SAP only,22120,smooth,0.05518122676579926,0.6924198250728864
relative,Calendar bucket 7d,SAP only,22120,smooth,0.05808550185873606,0.5417118093174431
relative,Calendar bucket 28d,SAP only,22120,smooth,0.016844795539033456,0.47540983606557374
relative,Short 7d / long 28d,SAP only,22120,smooth,0.0595957249070632,0.9941860465116279
relative,Short 7d / long 56d,SAP only,22120,smooth,0.03531598513011153,0.9934640522875817
relative,Per requirement,Both,23078,smooth,0.14730483271375464,0.6861471861471862
relative,Per period 7d,Both,23078,smooth,0.03519981412639405,0.5976331360946746
relative,Per period 14d,Both,23078,smooth,0.01974907063197026,0.5964912280701754
relative,Per period 28d,Both,23078,smooth,0.009990706319702601,0.5620915032679739
relative,Per period 56d,Both,23078,smooth,0.006157063197026022,0.6022727272727273
relative,Min/Max,Both,23078,smooth,0.041937732342007435,0.8891625615763546
relative,SP Part Period Balancing,SAP only,23078,smooth,0.045422862453531596,0.8537117903930131
relative,WI Sliding Economic Lot Size,SAP only,23078,smooth,0.045422862453531596,0.8336886993603412
relative,DY Dynamic Planning Calculation,SAP only,23078,smooth,0.020213754646840148,0.759825327510917
relative,GR Groff Reorder Procedure,SAP only,23078,smooth,0.051231412639405206,0.8464491362763915
relative,Calendar bucket 7d,SAP only,23078,smooth,0.03183085501858736,0.5469061876247505
relative,Calendar bucket 28d,SAP only,23078,smooth,0.009642193308550186,0.49700598802395207
relative,Short 7d / long 28d,SAP only,23078,smooth,0.03264405204460966,1.0
relative,Short 7d / long 56d,SAP only,23078,smooth,0.019052044609665426,0.9879518072289156
relative,Per requirement,Both,22487,smooth,0.4184479553903346,0.6953667953667954
relative,Per period 7d,Both,22487,smooth,0.08608271375464684,0.6009732360097324
relative,Per period 14d,Both,22487,smooth,0.06273234200743494,0.712401055408971
relative,Per period 28d,Both,22487,smooth,0.032527881040892194,0.691358024691358
relative,Per period 56d,Both,22487,smooth,0.019981412639405203,0.7381974248927039
relative,Min/Max,Both,22487,smooth,0.05262546468401487,0.9476987447698745
relative,SP Part Period Balancing,SAP only,22487,smooth,0.1079228624535316,0.8641860465116279
relative,WI Sliding Economic Lot Size,SAP only,22487,smooth,0.09979089219330856,0.837890625
relative,DY Dynamic Planning Calculation,SAP only,22487,smooth,0.037523234200743494,0.7552941176470588
relative,GR Groff Reorder Procedure,SAP only,22487,smooth,0.09340148698884758,0.7437557816836263
relative,Calendar bucket 7d,SAP only,22487,smooth,0.06552044609665428,0.4874675885911841
relative,Calendar bucket 28d,SAP only,22487,smooth,0.018355018587360595,0.4281842818428184
relative,Short 7d / long 28d,SAP only,22487,smooth,0.07400092936802974,0.9984326018808778
relative,Short 7d / long 56d,SAP only,22487,smooth,0.0433317843866171,0.9920212765957447
relative,Per requirement,Both,21495,smooth,0.25638940520446096,0.6873248209280598
relative,Per period 7d,Both,21495,smooth,0.06656598513011153,0.5623159960745829
relative,Per period 14d,Both,21495,smooth,0.04716542750929368,0.6226993865030674
relative,Per period 28d,Both,21495,smooth,0.028229553903345726,0.6428571428571429
relative,Per period 56d,Both,21495,smooth,0.015683085501858735,0.6617647058823529
relative,Min/Max,Both,21495,smooth,0.04472583643122677,0.8932714617169374
relative,SP Part Period Balancing,SAP only,21495,smooth,0.04309944237918216,0.7274509803921568
relative,WI Sliding Economic Lot Size,SAP only,21495,smooth,0.04519052044609666,0.7353497164461248
relative,DY Dynamic Planning Calculation,SAP only,21495,smooth,0.020213754646840148,0.7404255319148936
relative,GR Groff Reorder Procedure,SAP only,21495,smooth,0.066682156133829,0.767379679144385
relative,Calendar bucket 7d,SAP only,21495,smooth,0.07632434944237919,0.5548986486486487
relative,Calendar bucket 28d,SAP only,21495,smooth,0.017774163568773236,0.41689373297002724
relative,Short 7d / long 28d,SAP only,21495,smooth,0.07551115241635688,0.9954058192955589
relative,Short 7d / long 56d,SAP only,21495,smooth,0.04368029739776952,0.9920844327176781
relative,Per requirement,Both,21519,smooth,0.33027416356877326,0.691727493917275
relative,Per period 7d,Both,21519,smooth,0.07202602230483271,0.5570530098831986
relative,Per period 14d,Both,21519,smooth,0.05053438661710037,0.6178977272727273
relative,Per period 28d,Both,21519,smooth,0.03368959107806691,0.7090464547677262
relative,Per period 56d,Both,21519,smooth,0.018703531598513012,0.7285067873303167
relative,Min/Max,Both,21519,smooth,0.04937267657992565,0.9100642398286938
relative,SP Part Period Balancing,SAP only,21519,smooth,0.04007899628252788,0.7805429864253394
relative,WI Sliding Economic Lot Size,SAP only,21519,smooth,0.03519981412639405,0.7318840579710145
relative,DY Dynamic Planning Calculation,SAP only,21519,smooth,0.014172862453531599,0.7973856209150327
relative,GR Groff Reorder Procedure,SAP only,21519,smooth,0.047281598513011155,0.7178130511463845
relative,Calendar bucket 7d,SAP only,21519,smooth,0.0762081784386617,0.5494137353433836
relative,Calendar bucket 28d,SAP only,21519,smooth,0.01928438661710037,0.44986449864498645
relative,Short 7d / long 28d,SAP only,21519,smooth,0.07609200743494424,0.9969558599695586
relative,Short 7d / long 56d,SAP only,21519,smooth,0.04368029739776952,0.9842931937172775
relative,Per requirement,Both,84970S,smooth,0.49326208178438663,0.6866106080206986
relative,Per period 7d,Both,84970S,smooth,0.08434014869888476,0.568075117370892
relative,Per period 14d,Both,84970S,smooth,0.05901486988847584,0.6580310880829016
relative,Per period 28d,Both,84970S,smooth,0.03438661710037175,0.7023809523809523
relative,Per period 56d,Both,84970S,smooth,0.02462825278810409,0.8122605363984674
relative,Min/Max,Both,84970S,smooth,0.04890799256505576,0.913232104121475
relative,SP Part Period Balancing,SAP only,84970S,smooth,0.10548327137546469,0.8254545454545454
relative,WI Sliding Economic Lot Size,SAP only,84970S,smooth,0.1029275092936803,0.7974797479747975
relative,DY Dynamic Planning Calculation,SAP only,84970S,smooth,0.04472583643122677,0.751953125
relative,GR Groff Reorder Procedure,SAP only,84970S,smooth,0.0916589219330855,0.7019572953736655
relative,Calendar bucket 7d,SAP only,84970S,smooth,0.07237453531598513,0.5048622366288493
relative,Calendar bucket 28d,SAP only,84970S,smooth,0.018006505576208177,0.41333333333333333
relative,Short 7d / long 28d,SAP only,84970S,smooth,0.07771840148698884,0.9970193740685543
relative,Short 7d / long 56d,SAP only,84970S,smooth,0.04484200743494424,0.9948453608247423
relative,Per requirement,Both,23145,smooth,0.11105947955390334,0.6694677871148459
relative,Per period 7d,Both,23145,smooth,0.02753252788104089,0.6
relative,Per period 14d,Both,23145,smooth,0.023234200743494422,0.7272727272727273
relative,Per period 28d,Both,23145,smooth,0.011849442379182156,0.6845637583892618
relative,Per period 56d,Both,23145,smooth,0.007551115241635688,0.7065217391304348
relative,Min/Max,Both,23145,smooth,0.03671003717472119,0.8404255319148937
relative,SP Part Period Balancing,SAP only,23145,smooth,0.015683085501858735,0.6994818652849741
relative,WI Sliding Economic Lot Size,SAP only,23145,smooth,0.017774163568773236,0.7611940298507462
relative,DY Dynamic Planning Calculation,SAP only,23145,smooth,0.008015799256505576,0.7840909090909091
relative,GR Groff Reorder Procedure,SAP only,23145,smooth,0.025557620817843865,0.7586206896551724
relative,Calendar bucket 7d,SAP only,23145,smooth,0.028345724907063198,0.5687645687645687
relative,Calendar bucket 28d,SAP only,23145,smooth,0.005343866171003717,0.35658914728682173
relative,Short 7d / long 28d,SAP only,23145,smooth,0.027648698884758363,0.9916666666666667
relative,Short 7d / long 56d,SAP only,23145,smooth,0.016147769516728624,0.9652777777777778
relative,Per requirement,Both,23240,smooth,0.15102230483271376,0.6795608991113434
relative,Per period 7d,Both,23240,smooth,0.01812267657992565,0.47416413373860183
relative,Per period 14d,Both,23240,smooth,0.01591542750929368,0.6284403669724771
relative,Per period 28d,Both,23240,smooth,0.007318773234200744,0.5727272727272728
relative,Per period 56d,Both,23240,smooth,0.004298327137546468,0.5522388059701493
relative,Min/Max,Both,23240,smooth,0.041356877323420076,0.8599033816425121
relative,SP Part Period Balancing,SAP only,23240,smooth,0.03473513011152416,0.7002341920374707
relative,WI Sliding Economic Lot Size,SAP only,23240,smooth,0.041821561338289966,0.767590618336887
relative,DY Dynamic Planning Calculation,SAP only,23240,smooth,0.023350371747211895,0.7556390977443609
relative,GR Groff Reorder Procedure,SAP only,23240,smooth,0.036477695167286245,0.7168949771689498
relative,Calendar bucket 7d,SAP only,23240,smooth,0.021026951672862452,0.5171428571428571
relative,Calendar bucket 28d,SAP only,23240,smooth,0.005227695167286246,0.371900826446281
relative,Short 7d / long 28d,SAP only,23240,smooth,0.02242100371747212,0.9897435897435898
relative,Short 7d / long 56d,SAP only,23240,smooth,0.01312732342007435,0.9741379310344828
relative,Per requirement,Both,21930,smooth,0.4947723048327137,0.7021101219914276
relative,Per period 7d,Both,21930,smooth,0.08050650557620818,0.5367931835786213
relative,Per period 14d,Both,21930,smooth,0.06540427509293681,0.7028714107365793
relative,Per period 28d,Both,21930,smooth,0.03055297397769517,0.6575
relative,Per period 56d,Both,21930,smooth,0.018355018587360595,0.7181818181818181
relative,Min/Max,Both,21930,smooth,0.04948884758364312,0.9321663019693655
relative,SP Part Period Balancing,SAP only,21930,smooth,0.10943308550185873,0.8134715025906736
relative,WI Sliding Economic Lot Size,SAP only,21930,smooth,0.11245353159851301,0.8280581693755347
relative,DY Dynamic Planning Calculation,SAP only,21930,smooth,0.04670074349442379,0.7127659574468085
relative,GR Groff Reorder Procedure,SAP only,21930,smooth,0.10478624535315985,0.7369281045751634
relative,Calendar bucket 7d,SAP only,21930,smooth,0.07434944237918216,0.517799352750809
relative,Calendar bucket 28d,SAP only,21930,smooth,0.020910780669144983,0.4675324675324675
relative,Short 7d / long 28d,SAP only,21930,smooth,0.07783457249070631,0.9985096870342772
relative,Short 7d / long 56d,SAP only,21930,smooth,0.04484200743494424,0.9948453608247423
relative,Per requirement,Both,23147,smooth,0.14509758364312267,0.7084515031196824
relative,Per period 7d,Both,23147,smooth,0.029158921933085502,0.5810185185185185
relative,Per period 14d,Both,23147,smooth,0.022304832713754646,0.6736842105263158
relative,Per period 28d,Both,23147,smooth,0.007551115241635688,0.49242424242424243
relative,Per period 56d,Both,23147,smooth,0.007783457249070632,0.7127659574468085
relative,Min/Max,Both,23147,smooth,0.04821096654275093,0.9284116331096197
relative,SP Part Period Balancing,SAP only,23147,smooth,0.018703531598513012,0.679324894514768
relative,WI Sliding Economic Lot Size,SAP only,23147,smooth,0.020213754646840148,0.7160493827160493
relative,DY Dynamic Planning Calculation,SAP only,23147,smooth,0.010339219330855019,0.8557692307692307
relative,GR Groff Reorder Procedure,SAP only,23147,smooth,0.03136617100371747,0.8411214953271028
relative,Calendar bucket 7d,SAP only,23147,smooth,0.02509293680297398,0.4976958525345622
relative,Calendar bucket 28d,SAP only,23147,smooth,0.005692379182156134,0.35507246376811596
relative,Short 7d / long 28d,SAP only,23147,smooth,0.027764869888475836,0.9958333333333333
relative,Short 7d / long 56d,SAP only,23147,smooth,0.016844795539033456,0.9863945578231292
relative,Per requirement,Both,21756,smooth,0.2798559479553903,0.6828231292517006
relative,Per period 7d,Both,21756,smooth,0.057736988847583645,0.5413943355119826
relative,Per period 14d,Both,21756,smooth,0.0383364312267658,0.6021897810218978
relative,Per period 28d,Both,21756,smooth,0.023931226765799257,0.653968253968254
relative,Per period 56d,Both,21756,smooth,0.014405204460966542,0.6813186813186813
relative,Min/Max,Both,21756,smooth,0.04112453531598513,0.9147286821705426
relative,SP Part Period Balancing,SAP only,21756,smooth,0.05947955390334572,0.8114104595879557
relative,WI Sliding Economic Lot Size,SAP only,21756,smooth,0.056342936802973975,0.782258064516129
relative,DY Dynamic Planning Calculation,SAP only,21756,smooth,0.02427973977695167,0.7385159010600707
relative,GR Groff Reorder Procedure,SAP only,21756,smooth,0.07527881040892194,0.81
relative,Calendar bucket 7d,SAP only,21756,smooth,0.06191914498141264,0.5587002096436059
relative,Calendar bucket 28d,SAP only,21756,smooth,0.016844795539033456,0.48986486486486486
relative,Short 7d / long 28d,SAP only,21756,smooth,0.06110594795539034,0.9981024667931688
relative,Short 7d / long 56d,SAP only,21756,smooth,0.03485130111524164,0.967741935483871
relative,Per requirement,Both,23231,smooth,0.16391728624535315,0.6832929782082324
relative,Per period 7d,Both,23231,smooth,0.034502788104089216,0.5247349823321554
relative,Per period 14d,Both,23231,smooth,0.03055297397769517,0.6976127320954907
relative,Per period 28d,Both,23231,smooth,0.011384758364312268,0.547486033519553
relative,Per period 56d,Both,23231,smooth,0.009758364312267658,0.7241379310344828
relative,Min/Max,Both,23231,smooth,0.046933085501858735,0.9160997732426304
relative,SP Part Period Balancing,SAP only,23231,smooth,0.02973977695167286,0.7828746177370031
relative,WI Sliding Economic Lot Size,SAP only,23231,smooth,0.024976765799256506,0.7239057239057239
relative,DY Dynamic Planning Calculation,SAP only,23231,smooth,0.011268587360594795,0.7886178861788617
relative,GR Groff Reorder Procedure,SAP only,23231,smooth,0.037058550185873604,0.7896039603960396
relative,Calendar bucket 7d,SAP only,23231,smooth,0.03427044609665428,0.48360655737704916
relative,Calendar bucket 28d,SAP only,23231,smooth,0.010803903345724907,0.4696969696969697
relative,Short 7d / long 28d,SAP only,23231,smooth,0.03903345724907063,0.9970326409495549
relative,Short 7d / long 56d,SAP only,23231,smooth,0.023118029739776953,0.9900497512437811
relative,Per requirement,Both,22771,smooth,0.2733503717472119,0.6894227951948433
relative,Per period 7d,Both,22771,smooth,0.0604089219330855,0.6168446026097272
relative,Per period 14d,Both,22771,smooth,0.03392193308550186,0.6488888888888888
relative,Per period 28d,Both,22771,smooth,0.02404739776951673,0.7137931034482758
relative,Per period 56d,Both,22771,smooth,0.01312732342007435,0.738562091503268
relative,Min/Max,Both,22771,smooth,0.04704925650557621,0.9060402684563759
relative,SP Part Period Balancing,SAP only,22771,smooth,0.05146375464684015,0.7744755244755245
relative,WI Sliding Economic Lot Size,SAP only,22771,smooth,0.0504182156133829,0.7444253859348199
relative,DY Dynamic Planning Calculation,SAP only,22771,smooth,0.022304832713754646,0.7164179104477612
relative,GR Groff Reorder Procedure,SAP only,22771,smooth,0.0662174721189591,0.7905686546463245
relative,Calendar bucket 7d,SAP only,22771,smooth,0.04914033457249071,0.5451030927835051
relative,Calendar bucket 28d,SAP only,22771,smooth,0.01486988847583643,0.5
relative,Short 7d / long 28d,SAP only,22771,smooth,0.049837360594795536,0.9953596287703016
relative,Short 7d / long 56d,SAP only,22771,smooth,0.029158921933085502,0.9881889763779528
relative,Per requirement,Both,82482,smooth,0.49465613382899626,0.6978039986889545
relative,Per period 7d,Both,82482,smooth,0.08271375464684015,0.5845648604269293
relative,Per period 14d,Both,82482,smooth,0.051347583643122675,0.6225352112676056
relative,Per period 28d,Both,82482,smooth,0.030901486988847583,0.680306905370844
relative,Per period 56d,Both,82482,smooth,0.016728624535315983,0.7128712871287128
relative,Min/Max,Both,82482,smooth,0.04716542750929368,0.9248291571753986
relative,SP Part Period Balancing,SAP only,82482,smooth,0.14021840148698886,0.8476123595505618
relative,WI Sliding Economic Lot Size,SAP only,82482,smooth,0.1253485130111524,0.784156976744186
relative,DY Dynamic Planning Calculation,SAP only,82482,smooth,0.05994423791821561,0.7186629526462396
relative,GR Groff Reorder Procedure,SAP only,82482,smooth,0.11547397769516729,0.7255474452554744
relative,Calendar bucket 7d,SAP only,82482,smooth,0.06296468401486989,0.4783759929390997
relative,Calendar bucket 28d,SAP only,82482,smooth,0.017193308550185873,0.4065934065934066
relative,Short 7d / long 28d,SAP only,82482,smooth,0.07190985130111524,1.0
relative,Short 7d / long 56d,SAP only,82482,smooth,0.041473048327137545,0.9861878453038674
relative,Per requirement,Both,22077,smooth,0.4991868029739777,0.6869704236610712
relative,Per period 7d,Both,22077,smooth,0.06737918215613382,0.4927782497875956
relative,Per period 14d,Both,22077,smooth,0.05111524163568773,0.6102635228848821
relative,Per period 28d,Both,22077,smooth,0.03310873605947955,0.6801909307875895
relative,Per period 56d,Both,22077,smooth,0.018819702602230485,0.7043478260869566
relative,Min/Max,Both,22077,smooth,0.05413568773234201,0.9490835030549898
relative,SP Part Period Balancing,SAP only,22077,smooth,0.11396375464684015,0.8114143920595533
relative,WI Sliding Economic Lot Size,SAP only,22077,smooth,0.11256970260223048,0.7878048780487805
relative,DY Dynamic Planning Calculation,SAP only,22077,smooth,0.05204460966542751,0.7542087542087542
relative,GR Groff Reorder Procedure,SAP only,22077,smooth,0.11570631970260223,0.766743648960739
relative,Calendar bucket 7d,SAP only,22077,smooth,0.06308085501858736,0.4689119170984456
relative,Calendar bucket 28d,SAP only,22077,smooth,0.0170771375464684,0.4106145251396648
relative,Short 7d / long 28d,SAP only,22077,smooth,0.07342007434944238,0.9968454258675079
relative,Short 7d / long 56d,SAP only,22077,smooth,0.042053903345724904,0.9863760217983651
relative,Per requirement,Both,22705,smooth,0.12592936802973978,0.6813324952859836
relative,Per period 7d,Both,22705,smooth,0.046352230483271376,0.5741007194244604
relative,Per period 14d,Both,22705,smooth,0.0341542750929368,0.632258064516129
relative,Per period 28d,Both,22705,smooth,0.022885687732342008,0.686411149825784
relative,Per period 56d,Both,22705,smooth,0.013359665427509293,0.672514619883041
relative,Min/Max,Both,22705,smooth,0.04426115241635688,0.8964705882352941
relative,SP Part Period Balancing,SAP only,22705,smooth,0.022304832713754646,0.6906474820143885
relative,WI Sliding Economic Lot Size,SAP only,22705,smooth,0.020678438661710038,0.6846153846153846
relative,DY Dynamic Planning Calculation,SAP only,22705,smooth,0.01370817843866171,0.8540145985401459
relative,GR Groff Reorder Procedure,SAP only,22705,smooth,0.05111524163568773,0.842911877394636
relative,Calendar bucket 7d,SAP only,22705,smooth,0.05611059479553903,0.6129441624365483
relative,Calendar bucket 28d,SAP only,22705,smooth,0.017774163568773236,0.48881789137380194
relative,Short 7d / long 28d,SAP only,22705,smooth,0.05367100371747212,0.9625
relative,Short 7d / long 56d,SAP only,22705,smooth,0.032063197026022304,0.9387755102040817
relative,Per requirement,Both,85099B,smooth,0.5529739776951673,0.6956013444395733
relative,Per period 7d,Both,85099B,smooth,0.07434944237918216,0.5136436597110754
relative,Per period 14d,Both,85099B,smooth,0.06598513011152417,0.7003699136868065
relative,Per period 28d,Both,85099B,smooth,0.03612918215613383,0.7116704805491991
relative,Per period 56d,Both,85099B,smooth,0.0170771375464684,0.6774193548387096
relative,Min/Max,Both,85099B,smooth,0.05494888475836431,0.9574898785425101
relative,SP Part Period Balancing,SAP only,85099B,smooth,0.23466542750929367,0.793713163064833
relative,WI Sliding Economic Lot Size,SAP only,85099B,smooth,0.2195631970260223,0.7464454976303317
relative,DY Dynamic Planning Calculation,SAP only,85099B,smooth,0.1462592936802974,0.7405882352941177
relative,GR Groff Reorder Procedure,SAP only,85099B,smooth,0.2113150557620818,0.741238793806031
relative,Calendar bucket 7d,SAP only,85099B,smooth,0.06912174721189591,0.48413344182262
relative,Calendar bucket 28d,SAP only,85099B,smooth,0.01533457249070632,0.3464566929133858
relative,Short 7d / long 28d,SAP only,85099B,smooth,0.0774860594795539,0.9985029940119761
relative,Short 7d / long 56d,SAP only,85099B,smooth,0.04449349442379182,0.9948051948051948
relative,Per requirement,Both,21212,smooth,0.554135687732342,0.6925087108013938
relative,Per period 7d,Both,21212,smooth,0.07574349442379182,0.5207667731629393
relative,Per period 14d,Both,21212,smooth,0.06528810408921933,0.6946847960444994
relative,Per period 28d,Both,21212,smooth,0.03427044609665428,0.6812933025404158
relative,Per period 56d,Both,21212,smooth,0.02242100371747212,0.7845528455284553
relative,Min/Max,Both,21212,smooth,0.04809479553903346,0.9387755102040817
relative,SP Part Period Balancing,SAP only,21212,smooth,0.1383596654275093,0.7728747566515249
relative,WI Sliding Economic Lot Size,SAP only,21212,smooth,0.15322955390334572,0.8152039555006181
relative,DY Dynamic Planning Calculation,SAP only,21212,smooth,0.07307156133828996,0.7736777367773677
relative,GR Groff Reorder Procedure,SAP only,21212,smooth,0.12639405204460966,0.7172050098879367
relative,Calendar bucket 7d,SAP only,21212,smooth,0.06482342007434944,0.45662847790507366
relative,Calendar bucket 28d,SAP only,21212,smooth,0.020097583643122675,0.4413265306122449
relative,Short 7d / long 28d,SAP only,21212,smooth,0.07736988847583644,0.9985007496251874
relative,Short 7d / long 56d,SAP only,21212,smooth,0.04507434944237918,1.0
relative,Per requirement,Both,22355,smooth,0.5286942379182156,0.6970439577270638
relative,Per period 7d,Both,22355,smooth,0.08701208178438662,0.5726299694189603
relative,Per period 14d,Both,22355,smooth,0.07179368029739777,0.7374701670644391
relative,Per period 28d,Both,22355,smooth,0.04158921933085502,0.7902869757174393
relative,Per period 56d,Both,22355,smooth,0.018935873605947954,0.7117903930131004
relative,Min/Max,Both,22355,smooth,0.05355483271375465,0.9350912778904665
relative,SP Part Period Balancing,SAP only,22355,smooth,0.11454460966542751,0.8062142273098937
relative,WI Sliding Economic Lot Size,SAP only,22355,smooth,0.1258131970260223,0.8298850574712644
relative,DY Dynamic Planning Calculation,SAP only,22355,smooth,0.061686802973977696,0.7855029585798816
relative,GR Groff Reorder Procedure,SAP only,22355,smooth,0.10048791821561338,0.6892430278884463
relative,Calendar bucket 7d,SAP only,22355,smooth,0.07342007434944238,0.5138211382113821
relative,Calendar bucket 28d,SAP only,22355,smooth,0.018006505576208177,0.41005291005291006
relative,Short 7d / long 28d,SAP only,22355,smooth,0.07783457249070631,0.9985096870342772
relative,Short 7d / long 56d,SAP only,22355,smooth,0.04472583643122677,0.9974093264248705
relative,Per requirement,Both,21931,smooth,0.5450743494423792,0.6920353982300885
relative,Per period 7d,Both,21931,smooth,0.08480483271375465,0.5707584050039093
relative,Per period 14d,Both,21931,smooth,0.0745817843866171,0.7552941176470588
relative,Per period 28d,Both,21931,smooth,0.04402881040892193,0.7830578512396694
relative,Per period 56d,Both,21931,smooth,0.020678438661710038,0.7574468085106383
relative,Min/Max,Both,21931,smooth,0.052857806691449814,0.9439834024896265
relative,SP Part Period Balancing,SAP only,21931,smooth,0.1457946096654275,0.7785359801488834
relative,WI Sliding Economic Lot Size,SAP only,21931,smooth,0.14742100371747213,0.7961104140526977
relative,DY Dynamic Planning Calculation,SAP only,21931,smooth,0.07551115241635688,0.7065217391304348
relative,GR Groff Reorder Procedure,SAP only,21931,smooth,0.13115706319702602,0.7154626108998733
relative,Calendar bucket 7d,SAP only,21931,smooth,0.0674953531598513,0.4715909090909091
relative,Calendar bucket 28d,SAP only,21931,smooth,0.018935873605947954,0.41581632653061223
relative,Short 7d / long 28d,SAP only,21931,smooth,0.07760223048327138,0.9985052316890882
relative,Short 7d / long 56d,SAP only,21931,smooth,0.04484200743494424,0.9948453608247423
relative,Per requirement,Both,23077,smooth,0.15822490706319703,0.6833918715504265
relative,Per period 7d,Both,23077,smooth,0.03578066914498141,0.6172344689378757
relative,Per period 14d,Both,23077,smooth,0.02973977695167286,0.7876923076923077
relative,Per period 28d,Both,23077,smooth,0.010803903345724907,0.6158940397350994
relative,Per period 56d,Both,23077,smooth,0.00871282527881041,0.7281553398058253
relative,Min/Max,Both,23077,smooth,0.0362453531598513,0.8547945205479452
relative,SP Part Period Balancing,SAP only,23077,smooth,0.042518587360594794,0.756198347107438
relative,WI Sliding Economic Lot Size,SAP only,23077,smooth,0.041473048327137545,0.7125748502994012
relative,DY Dynamic Planning Calculation,SAP only,23077,smooth,0.02253717472118959,0.7404580152671756
relative,GR Groff Reorder Procedure,SAP only,23077,smooth,0.043447955390334574,0.7262135922330097
relative,Calendar bucket 7d,SAP only,23077,smooth,0.029972118959107806,0.5149700598802395
relative,Calendar bucket 28d,SAP only,23077,smooth,0.009526022304832713,0.5
relative,Short 7d / long 28d,SAP only,23077,smooth,0.03241171003717472,0.9928825622775801
relative,Short 7d / long 56d,SAP only,23077,smooth,0.01928438661710037,0.9880952380952381
relative,Per requirement,Both,22037,smooth,0.3287639405204461,0.7064403394907639
relative,Per period 7d,Both,22037,smooth,0.07725371747211895,0.6095325389550871
relative,Per period 14d,Both,22037,smooth,0.04472583643122677,0.5950540958268934
relative,Per period 28d,Both,22037,smooth,0.026022304832713755,0.6204986149584487
relative,Per period 56d,Both,22037,smooth,0.01858736059479554,0.7692307692307693
relative,Min/Max,Both,22037,smooth,0.05006970260223048,0.9329004329004329
relative,SP Part Period Balancing,SAP only,22037,smooth,0.032992565055762084,0.7473684210526316
relative,WI Sliding Economic Lot Size,SAP only,22037,smooth,0.03310873605947955,0.7270408163265306
relative,DY Dynamic Planning Calculation,SAP only,22037,smooth,0.011384758364312268,0.7050359712230215
relative,GR Groff Reorder Procedure,SAP only,22037,smooth,0.04379646840148699,0.7140151515151515
relative,Calendar bucket 7d,SAP only,22037,smooth,0.06761152416356878,0.5266968325791855
relative,Calendar bucket 28d,SAP only,22037,smooth,0.01638011152416357,0.4051724137931034
relative,Short 7d / long 28d,SAP only,22037,smooth,0.07132899628252788,0.9951377633711507
relative,Short 7d / long 56d,SAP only,22037,smooth,0.041356877323420076,0.978021978021978
relative,Per requirement,Both,23245,smooth,0.1575278810408922,0.6971722365038561
relative,Per period 7d,Both,23245,smooth,0.02184014869888476,0.5236768802228412
relative,Per period 14d,Both,23245,smooth,0.022653345724907063,0.7768924302788844
relative,Per period 28d,Both,23245,smooth,0.010106877323420074,0.6796875
relative,Per period 56d,Both,23245,smooth,0.006970260223048327,0.7692307692307693
relative,Min/Max,Both,23245,smooth,0.03345724907063197,0.8275862068965517
relative,SP Part Period Balancing,SAP only,23245,smooth,0.05611059479553903,0.7892156862745098
relative,WI Sliding Economic Lot Size,SAP only,23245,smooth,0.05552973977695167,0.7874794069192751
relative,DY Dynamic Planning Calculation,SAP only,23245,smooth,0.03810408921933085,0.8220551378446115
relative,GR Groff Reorder Procedure,SAP only,23245,smooth,0.051696096654275096,0.768566493955095
relative,Calendar bucket 7d,SAP only,23245,smooth,0.0191682156133829,0.4838709677419355
relative,Calendar bucket 28d,SAP only,23245,smooth,0.004763011152416357,0.35964912280701755
relative,Short 7d / long 28d,SAP only,23245,smooth,0.021723977695167287,0.9842105263157894
relative,Short 7d / long 56d,SAP only,23245,smooth,0.013359665427509293,0.9829059829059829
relative,Per requirement,Both,23192,smooth,0.15322955390334572,0.6855509355509356
relative,Per period 7d,Both,23192,smooth,0.041821561338289966,0.7422680412371134
relative,Per period 14d,Both,23192,smooth,0.022188661710037173,0.7180451127819549
relative,Per period 28d,Both,23192,smooth,0.011733271375464684,0.7112676056338029
relative,Per period 56d,Both,23192,smooth,0.005808550185873606,0.684931506849315
relative,Min/Max,Both,23192,smooth,0.03508364312267658,0.84593837535014
relative,SP Part Period Balancing,SAP only,23192,smooth,0.03229553903345725,0.8200589970501475
relative,WI Sliding Economic Lot Size,SAP only,23192,smooth,0.032063197026022304,0.8263473053892215
relative,DY Dynamic Planning Calculation,SAP only,23192,smooth,0.014405204460966542,0.7898089171974523
relative,GR Groff Reorder Procedure,SAP only,23192,smooth,0.034502788104089216,0.8136986301369863
relative,Calendar bucket 7d,SAP only,23192,smooth,0.026022304832713755,0.5517241379310345
relative,Calendar bucket 28d,SAP only,23192,smooth,0.007899628252788104,0.4722222222222222
relative,Short 7d / long 28d,SAP only,23192,smooth,0.02695167286245353,1.0
relative,Short 7d / long 56d,SAP only,23192,smooth,0.01591542750929368,0.9856115107913669
relative,Per requirement,Both,20725,smooth,0.5592472118959108,0.6885011441647597
relative,Per period 7d,Both,20725,smooth,0.07632434944237919,0.5177304964539007
relative,Per period 14d,Both,20725,smooth,0.066682156133829,0.6890756302521008
relative,Per period 28d,Both,20725,smooth,0.037407063197026025,0.706140350877193
relative,Per period 56d,Both,20725,smooth,0.017774163568773236,0.6594827586206896
relative,Min/Max,Both,20725,smooth,0.056342936802973975,0.9566074950690335
relative,SP Part Period Balancing,SAP only,20725,smooth,0.17646375464684014,0.8179859989229941
relative,WI Sliding Economic Lot Size,SAP only,20725,smooth,0.1662407063197026,0.785831960461285
relative,DY Dynamic Planning Calculation,SAP only,20725,smooth,0.09862918215613382,0.8062678062678063
relative,GR Groff Reorder Procedure,SAP only,20725,smooth,0.14846654275092938,0.7378752886836027
relative,Calendar bucket 7d,SAP only,20725,smooth,0.0662174721189591,0.4604200323101777
relative,Calendar bucket 28d,SAP only,20725,smooth,0.015218401486988848,0.3502673796791444
relative,Short 7d / long 28d,SAP only,20725,smooth,0.07806691449814127,0.9985141158989599
relative,Short 7d / long 56d,SAP only,20725,smooth,0.04519052044609666,0.9974358974358974
relative,Per requirement,Both,23203,smooth,0.18773234200743494,0.7019982623805386
relative,Per period 7d,Both,23203,smooth,0.02683550185873606,0.5334872979214781
relative,Per period 14d,Both,23203,smooth,0.018819702602230485,0.6206896551724138
relative,Per period 28d,Both,23203,smooth,0.012197955390334572,0.695364238410596
relative,Per period 56d,Both,23203,smooth,0.006737918215613383,0.6987951807228916
relative,Min/Max,Both,23203,smooth,0.04414498141263941,0.8735632183908046
relative,SP Part Period Balancing,SAP only,23203,smooth,0.0645910780669145,0.7564625850340136
relative,WI Sliding Economic Lot Size,SAP only,23203,smooth,0.06714684014869889,0.774798927613941
relative,DY Dynamic Planning Calculation,SAP only,23203,smooth,0.04019516728624535,0.7315010570824524
relative,GR Groff Reorder Procedure,SAP only,23203,smooth,0.051347583643122675,0.6831530139103554
relative,Calendar bucket 7d,SAP only,23203,smooth,0.024860594795539034,0.5257985257985258
relative,Calendar bucket 28d,SAP only,23203,smooth,0.00766728624535316,0.4520547945205479
relative,Short 7d / long 28d,SAP only,23203,smooth,0.02578996282527881,0.9955156950672646
relative,Short 7d / long 56d,SAP only,23203,smooth,0.015566914498141264,0.9781021897810219
relative,Per requirement,Both,23076,smooth,0.15392657992565056,0.6981032665964173
relative,Per period 7d,Both,23076,smooth,0.03241171003717472,0.5911016949152542
relative,Per period 14d,Both,23076,smooth,0.022304832713754646,0.6530612244897959
relative,Per period 28d,Both,23076,smooth,0.00929368029739777,0.5095541401273885
relative,Per period 56d,Both,23076,smooth,0.008945167286245352,0.7403846153846154
relative,Min/Max,Both,23076,smooth,0.042983271375464684,0.8851674641148325
relative,SP Part Period Balancing,SAP only,23076,smooth,0.04495817843866171,0.8096234309623431
relative,WI Sliding Economic Lot Size,SAP only,23076,smooth,0.046236059479553906,0.8189300411522634
relative,DY Dynamic Planning Calculation,SAP only,23076,smooth,0.020097583643122675,0.7361702127659574
relative,GR Groff Reorder Procedure,SAP only,23076,smooth,0.04611988847583643,0.7365491651205937
relative,Calendar bucket 7d,SAP only,23076,smooth,0.028229553903345726,0.504149377593361
relative,Calendar bucket 28d,SAP only,23076,smooth,0.008015799256505576,0.43670886075949367
relative,Short 7d / long 28d,SAP only,23076,smooth,0.031017657992565055,0.9888888888888889
relative,Short 7d / long 56d,SAP only,23076,smooth,0.018703531598513012,0.9817073170731707
relative,Per requirement,Both,22386,smooth,0.5408921933085502,0.6998346610551631
relative,Per period 7d,Both,22386,smooth,0.08143587360594795,0.5515342250196695
relative,Per period 14d,Both,22386,smooth,0.07225836431226766,0.7493975903614458
relative,Per period 28d,Both,22386,smooth,0.03938197026022305,0.7566964285714286
relative,Per period 56d,Both,22386,smooth,0.020910780669144983,0.7531380753138075
relative,Min/Max,Both,22386,smooth,0.052741635687732345,0.9478079331941545
relative,SP Part Period Balancing,SAP only,22386,smooth,0.1570631970260223,0.7734553775743707
relative,WI Sliding Economic Lot Size,SAP only,22386,smooth,0.1720492565055762,0.7992444684295736
relative,DY Dynamic Planning Calculation,SAP only,22386,smooth,0.09270446096654275,0.7261146496815286
relative,GR Groff Reorder Procedure,SAP only,22386,smooth,0.13464219330855018,0.6931818181818182
relative,Calendar bucket 7d,SAP only,22386,smooth,0.07005111524163568,0.49507389162561577
relative,Calendar bucket 28d,SAP only,22386,smooth,0.020446096654275093,0.4631578947368421
relative,Short 7d / long 28d,SAP only,22386,smooth,0.07702137546468402,0.9984939759036144
relative,Short 7d / long 56d,SAP only,22386,smooth,0.04449349442379182,0.9922279792746114
relative,Per requirement,Both,84881,intermittent,0.02358271375464684,0.6858108108108109
relative,Per period 7d,Both,84881,intermittent,0.01858736059479554,0.6866952789699571
relative,Per period 14d,Both,84881,intermittent,0.01428903345724907,0.727810650887574
relative,Per period 28d,Both,84881,intermittent,0.010223048327137546,0.6567164179104478
relative,Per period 56d,Both,84881,intermittent,0.009061338289962825,0.6902654867256637
relative,Min/Max,Both,84881,intermittent,0.0191682156133829,0.8208955223880597
relative,SP Part Period Balancing,SAP only,84881,intermittent,0.009061338289962825,0.7572815533980582
relative,WI Sliding Economic Lot Size,SAP only,84881,intermittent,0.008248141263940521,0.7244897959183674
relative,DY Dynamic Planning Calculation,SAP only,84881,intermittent,0.006737918215613383,0.7777777777777778
relative,GR Groff Reorder Procedure,SAP only,84881,intermittent,0.01428903345724907,0.6910112359550562
relative,Calendar bucket 7d,SAP only,84881,intermittent,0.018471189591078067,0.6489795918367347
relative,Calendar bucket 28d,SAP only,84881,intermittent,0.012197955390334572,0.660377358490566
relative,Short 7d / long 28d,SAP only,84881,intermittent,0.018355018587360595,0.7745098039215687
relative,Short 7d / long 56d,SAP only,84881,intermittent,0.015218401486988848,0.8291139240506329
relative,Per requirement,Both,47505,intermittent,0.05889869888475836,0.7171145685997171
relative,Per period 7d,Both,47505,intermittent,0.01370817843866171,0.6820809248554913
relative,Per period 14d,Both,47505,intermittent,0.00987453531598513,0.7798165137614679
relative,Per period 28d,Both,47505,intermittent,0.007899628252788104,0.8831168831168831
relative,Per period 56d,Both,47505,intermittent,0.004763011152416357,0.9111111111111111
relative,Min/Max,Both,47505,intermittent,0.0170771375464684,0.7067307692307693
relative,SP Part Period Balancing,SAP only,47505,intermittent,0.013940520446096654,0.8450704225352113
relative,WI Sliding Economic Lot Size,SAP only,47505,intermittent,0.01486988847583643,0.9014084507042254
relative,DY Dynamic Planning Calculation,SAP only,47505,intermittent,0.005808550185873606,0.6329113924050633
relative,GR Groff Reorder Procedure,SAP only,47505,intermittent,0.012778810408921933,0.7333333333333333
relative,Calendar bucket 7d,SAP only,47505,intermittent,0.010339219330855019,0.5297619047619048
relative,Calendar bucket 28d,SAP only,47505,intermittent,0.004763011152416357,0.5857142857142857
relative,Short 7d / long 28d,SAP only,47505,intermittent,0.011733271375464684,0.9805825242718447
relative,Short 7d / long 56d,SAP only,47505,intermittent,0.007434944237918215,0.927536231884058
relative,Per requirement,Both,22172,intermittent,0.09107806691449814,0.6805555555555556
relative,Per period 7d,Both,22172,intermittent,0.021956319702602232,0.6038338658146964
relative,Per period 14d,Both,22172,intermittent,0.01696096654275093,0.7053140096618358
relative,Per period 28d,Both,22172,intermittent,0.009526022304832713,0.7321428571428571
relative,Per period 56d,Both,22172,intermittent,0.007434944237918215,0.8205128205128205
relative,Min/Max,Both,22172,intermittent,0.03473513011152416,0.8978978978978979
relative,SP Part Period Balancing,SAP only,22172,intermittent,0.015102230483271376,0.6918918918918919
relative,WI Sliding Economic Lot Size,SAP only,22172,intermittent,0.022304832713754646,0.8609865470852018
relative,DY Dynamic Planning Calculation,SAP only,22172,intermittent,0.005343866171003717,0.6571428571428571
relative,GR Groff Reorder Procedure,SAP only,22172,intermittent,0.02184014869888476,0.7203065134099617
relative,Calendar bucket 7d,SAP only,22172,intermittent,0.018935873605947954,0.5109717868338558
relative,Calendar bucket 28d,SAP only,22172,intermittent,0.005692379182156134,0.45454545454545453
relative,Short 7d / long 28d,SAP only,22172,intermittent,0.02032992565055762,0.9615384615384616
relative,Short 7d / long 56d,SAP only,22172,intermittent,0.01324349442379182,0.9661016949152542
relative,Per requirement,Both,35603C,intermittent,0.0017425650557620818,0.9333333333333333
relative,Per period 7d,Both,35603C,intermittent,0.0017425650557620818,0.8333333333333334
relative,Per period 14d,Both,35603C,intermittent,0.0013940520446096654,0.9230769230769231
relative,Per period 28d,Both,35603C,intermittent,0.0013940520446096654,0.9230769230769231
relative,Per period 56d,Both,35603C,intermittent,0.0012778810408921933,0.7857142857142857
relative,Min/Max,Both,35603C,intermittent,0.0024395910780669145,0.7
relative,SP Part Period Balancing,SAP only,35603C,intermittent,0.0,0.0
relative,WI Sliding Economic Lot Size,SAP only,35603C,intermittent,0.0,0.0
relative,DY Dynamic Planning Calculation,SAP only,35603C,intermittent,0.0,0.0
relative,GR Groff Reorder Procedure,SAP only,35603C,intermittent,0.0015102230483271376,0.8666666666666667
relative,Calendar bucket 7d,SAP only,35603C,intermittent,0.0016263940520446097,0.875
relative,Calendar bucket 28d,SAP only,35603C,intermittent,0.0012778810408921933,0.9166666666666666
relative,Short 7d / long 28d,SAP only,35603C,intermittent,0.0018587360594795538,0.8888888888888888
relative,Short 7d / long 56d,SAP only,35603C,intermittent,0.0017425650557620818,0.9333333333333333
relative,Per requirement,Both,90175D,intermittent,0.03241171003717472,0.6821515892420538
relative,Per period 7d,Both,90175D,intermittent,0.025441449814126393,0.6596385542168675
relative,Per period 14d,Both,90175D,intermittent,0.017890334572490705,0.6285714285714286
relative,Per period 28d,Both,90175D,intermittent,0.013940520446096654,0.6217616580310881
relative,Per period 56d,Both,90175D,intermittent,0.010455390334572491,0.712
relative,Min/Max,Both,90175D,intermittent,0.01428903345724907,0.8367346938775511
relative,SP Part Period Balancing,SAP only,90175D,intermittent,0.01092007434944238,0.7099236641221374
relative,WI Sliding Economic Lot Size,SAP only,90175D,intermittent,0.009642193308550186,0.7685185185185185
relative,DY Dynamic Planning Calculation,SAP only,90175D,intermittent,0.004414498141263941,0.6333333333333333
relative,GR Groff Reorder Procedure,SAP only,90175D,intermittent,0.01533457249070632,0.5892857142857143
relative,Calendar bucket 7d,SAP only,90175D,intermittent,0.027184014869888477,0.6724137931034483
relative,Calendar bucket 28d,SAP only,90175D,intermittent,0.016031598513011152,0.6244343891402715
relative,Short 7d / long 28d,SAP only,90175D,intermittent,0.026022304832713755,0.8
relative,Short 7d / long 56d,SAP only,90175D,intermittent,0.020562267657992565,0.8388625592417062
relative,Per requirement,Both,84906,intermittent,0.023815055762081785,0.7620817843866171
relative,Per period 7d,Both,84906,intermittent,0.014986059479553903,0.6666666666666666
relative,Per period 14d,Both,84906,intermittent,0.012430297397769517,0.6257309941520468
relative,Per period 28d,Both,84906,intermittent,0.008828996282527882,0.628099173553719
relative,Per period 56d,Both,84906,intermittent,0.005111524163568773,0.5116279069767442
relative,Min/Max,Both,84906,intermittent,0.01324349442379182,0.7702702702702703
relative,SP Part Period Balancing,SAP only,84906,intermittent,0.007434944237918215,0.7619047619047619
relative,WI Sliding Economic Lot Size,SAP only,84906,intermittent,0.006273234200743495,0.6585365853658537
relative,DY Dynamic Planning Calculation,SAP only,84906,intermittent,0.006273234200743495,0.6923076923076923
relative,GR Groff Reorder Procedure,SAP only,84906,intermittent,0.012081784386617101,0.6560509554140127
relative,Calendar bucket 7d,SAP only,84906,intermittent,0.018703531598513012,0.6571428571428571
relative,Calendar bucket 28d,SAP only,84906,intermittent,0.011036245353159852,0.6573426573426573
relative,Short 7d / long 28d,SAP only,84906,intermittent,0.019400557620817844,0.8736842105263158
relative,Short 7d / long 56d,SAP only,84906,intermittent,0.013359665427509293,0.7931034482758621
relative,Per requirement,Both,90014C,intermittent,0.018819702602230485,0.7703349282296651
relative,Per period 7d,Both,90014C,intermittent,0.012197955390334572,0.6624203821656051
relative,Per period 14d,Both,90014C,intermittent,0.010455390334572491,0.6742424242424242
relative,Per period 28d,Both,90014C,intermittent,0.008945167286245352,0.6548672566371682
relative,Per period 56d,Both,90014C,intermittent,0.007202602230483271,0.6813186813186813
relative,Min/Max,Both,90014C,intermittent,0.012081784386617101,0.8125
relative,SP Part Period Balancing,SAP only,90014C,intermittent,0.007434944237918215,0.6966292134831461
relative,WI Sliding Economic Lot Size,SAP only,90014C,intermittent,0.005343866171003717,0.7301587301587301
relative,DY Dynamic Planning Calculation,SAP only,90014C,intermittent,0.006854089219330855,0.7454545454545455
relative,GR Groff Reorder Procedure,SAP only,90014C,intermittent,0.013359665427509293,0.7972027972027972
relative,Calendar bucket 7d,SAP only,90014C,intermittent,0.013475836431226766,0.6666666666666666
relative,Calendar bucket 28d,SAP only,90014C,intermittent,0.010803903345724907,0.6893939393939394
relative,Short 7d / long 28d,SAP only,90014C,intermittent,0.01486988847583643,0.8366013071895425
relative,Short 7d / long 56d,SAP only,90014C,intermittent,0.009990706319702601,0.671875
relative,Per requirement,Both,90139,intermittent,0.00034851301115241634,1.0
relative,Per period 7d,Both,90139,intermittent,0.00023234200743494423,1.0
relative,Per period 14d,Both,90139,intermittent,0.00023234200743494423,1.0
relative,Per period 28d,Both,90139,intermittent,0.00023234200743494423,1.0
relative,Per period 56d,Both,90139,intermittent,0.00011617100371747211,1.0
relative,Min/Max,Both,90139,intermittent,0.00034851301115241634,1.0
relative,SP Part Period Balancing,SAP only,90139,intermittent,0.00011617100371747211,1.0
relative,WI Sliding Economic Lot Size,SAP only,90139,intermittent,0.00011617100371747211,1.0
relative,DY Dynamic Planning Calculation,SAP only,90139,intermittent,0.0,0.0
relative,GR Groff Reorder Procedure,SAP only,90139,intermittent,0.00023234200743494423,1.0
relative,Calendar bucket 7d,SAP only,90139,intermittent,0.00023234200743494423,1.0
relative,Calendar bucket 28d,SAP only,90139,intermittent,0.00023234200743494423,1.0
relative,Short 7d / long 28d,SAP only,90139,intermittent,0.00023234200743494423,1.0
relative,Short 7d / long 56d,SAP only,90139,intermittent,0.00023234200743494423,1.0
relative,Per requirement,Both,90027C,intermittent,0.011384758364312268,0.7368421052631579
relative,Per period 7d,Both,90027C,intermittent,0.01092007434944238,0.734375
relative,Per period 14d,Both,90027C,intermittent,0.009177509293680297,0.7383177570093458
relative,Per period 28d,Both,90027C,intermittent,0.0070864312267657995,0.6744186046511628
relative,Per period 56d,Both,90027C,intermittent,0.005808550185873606,0.6666666666666666
relative,Min/Max,Both,90027C,intermittent,0.00929368029739777,0.8421052631578947
relative,SP Part Period Balancing,SAP only,90027C,intermittent,0.0036013011152416356,0.7209302325581395
relative,WI Sliding Economic Lot Size,SAP only,90027C,intermittent,0.001045539033457249,0.75
relative,DY Dynamic Planning Calculation,SAP only,90027C,intermittent,0.001974907063197026,0.6666666666666666
relative,GR Groff Reorder Procedure,SAP only,90027C,intermittent,0.006970260223048327,0.7108433734939759
relative,Calendar bucket 7d,SAP only,90027C,intermittent,0.010339219330855019,0.6953125
relative,Calendar bucket 28d,SAP only,90027C,intermittent,0.008480483271375464,0.7244897959183674
relative,Short 7d / long 28d,SAP only,90027C,intermittent,0.011268587360594795,0.8083333333333333
relative,Short 7d / long 56d,SAP only,90027C,intermittent,0.010106877323420074,0.8285714285714286
relative,Per requirement,Both,22957,intermittent,0.08329460966542751,0.6988304093567251
relative,Per period 7d,Both,22957,intermittent,0.017657992565055763,0.6307053941908713
relative,Per period 14d,Both,22957,intermittent,0.009758364312267658,0.5675675675675675
relative,Per period 28d,Both,22957,intermittent,0.006854089219330855,0.6276595744680851
relative,Per period 56d,Both,22957,intermittent,0.004646840148698885,0.6060606060606061
relative,Min/Max,Both,22957,intermittent,0.03125,0.8621794871794872
relative,SP Part Period Balancing,SAP only,22957,intermittent,0.0191682156133829,0.7420814479638009
relative,WI Sliding Economic Lot Size,SAP only,22957,intermittent,0.02427973977695167,0.8448979591836735
relative,DY Dynamic Planning Calculation,SAP only,22957,intermittent,0.012894981412639405,0.8345864661654135
relative,GR Groff Reorder Procedure,SAP only,22957,intermittent,0.016263940520446097,0.6422018348623854
relative,Calendar bucket 7d,SAP only,22957,intermittent,0.013475836431226766,0.5248868778280543
relative,Calendar bucket 28d,SAP only,22957,intermittent,0.005227695167286246,0.4411764705882353
relative,Short 7d / long 28d,SAP only,22957,intermittent,0.015218401486988848,0.9562043795620438
relative,Short 7d / long 56d,SAP only,22957,intermittent,0.009177509293680297,0.8315789473684211
relative,Per requirement,Both,90065B,intermittent,0.005227695167286246,0.7377049180327869
relative,Per period 7d,Both,90065B,intermittent,0.0060408921933085506,0.8333333333333334
relative,Per period 14d,Both,90065B,intermittent,0.005343866171003717,0.7540983606557377
relative,Per period 28d,Both,90065B,intermittent,0.005111524163568773,0.7096774193548387
relative,Per period 56d,Both,90065B,intermittent,0.00011617100371747211,1.0
relative,Min/Max,Both,90065B,intermittent,0.0037174721189591076,0.8648648648648649
relative,SP Part Period Balancing,SAP only,90065B,intermittent,0.00011617100371747211,1.0
relative,WI Sliding Economic Lot Size,SAP only,90065B,intermittent,0.00011617100371747211,1.0
relative,DY Dynamic Planning Calculation,SAP only,90065B,intermittent,0.0,0.0
relative,GR Groff Reorder Procedure,SAP only,90065B,intermittent,0.005343866171003717,0.8070175438596491
relative,Calendar bucket 7d,SAP only,90065B,intermittent,0.005692379182156134,0.8166666666666667
relative,Calendar bucket 28d,SAP only,90065B,intermittent,0.006157063197026022,0.8666666666666667
relative,Short 7d / long 28d,SAP only,90065B,intermittent,0.004879182156133829,0.6779661016949152
relative,Short 7d / long 56d,SAP only,90065B,intermittent,0.006273234200743495,0.9152542372881356
relative,Per requirement,Both,23047,intermittent,0.024395910780669144,0.7094594594594594
relative,Per period 7d,Both,23047,intermittent,0.016263940520446097,0.717948717948718
relative,Per period 14d,Both,23047,intermittent,0.009409851301115242,0.625
relative,Per period 28d,Both,23047,intermittent,0.00546003717472119,0.5402298850574713
relative,Per period 56d,Both,23047,intermittent,0.005111524163568773,0.7096774193548387
relative,Min/Max,Both,23047,intermittent,0.020562267657992565,0.855072463768116
relative,SP Part Period Balancing,SAP only,23047,intermittent,0.007202602230483271,0.7792207792207793
relative,WI Sliding Economic Lot Size,SAP only,23047,intermittent,0.005111524163568773,0.5866666666666667
relative,DY Dynamic Planning Calculation,SAP only,23047,intermittent,0.00383364312267658,0.7631578947368421
relative,GR Groff Reorder Procedure,SAP only,23047,intermittent,0.010106877323420074,0.7837837837837838
relative,Calendar bucket 7d,SAP only,23047,intermittent,0.01696096654275093,0.6266094420600858
relative,Calendar bucket 28d,SAP only,23047,intermittent,0.006854089219330855,0.59
relative,Short 7d / long 28d,SAP only,23047,intermittent,0.01696096654275093,0.906832298136646
relative,Short 7d / long 56d,SAP only,23047,intermittent,0.010455390334572491,0.8571428571428571
relative,Per requirement,Both,90003C,intermittent,0.031017657992565055,0.7235772357723578
relative,Per period 7d,Both,90003C,intermittent,0.023350371747211895,0.6883561643835616
relative,Per period 14d,Both,90003C,intermittent,0.017657992565055763,0.6666666666666666
relative,Per period 28d,Both,90003C,intermittent,0.012430297397769517,0.64375
relative,Per period 56d,Both,90003C,intermittent,0.010106877323420074,0.6115107913669064
relative,Min/Max,Both,90003C,intermittent,0.016612453531598514,0.7771739130434783
relative,SP Part Period Balancing,SAP only,90003C,intermittent,0.007899628252788104,0.7391304347826086
relative,WI Sliding Economic Lot Size,SAP only,90003C,intermittent,0.006505576208178439,0.7777777777777778
relative,DY Dynamic Planning Calculation,SAP only,90003C,intermittent,0.0034851301115241635,0.6382978723404256
relative,GR Groff Reorder Procedure,SAP only,90003C,intermittent,0.014405204460966542,0.7228915662650602
relative,Calendar bucket 7d,SAP only,90003C,intermittent,0.022304832713754646,0.6530612244897959
relative,Calendar bucket 28d,SAP only,90003C,intermittent,0.017657992565055763,0.6894977168949772
relative,Short 7d / long 28d,SAP only,90003C,intermittent,0.02404739776951673,0.8054474708171206
relative,Short 7d / long 56d,SAP only,90003C,intermittent,0.017657992565055763,0.7916666666666666
relative,Per requirement,Both,17084A,intermittent,0.01858736059479554,0.7511737089201878
relative,Per period 7d,Both,17084A,intermittent,0.01591542750929368,0.7135416666666666
relative,Per period 14d,Both,17084A,intermittent,0.015218401486988848,0.7119565217391305
relative,Per period 28d,Both,17084A,intermittent,0.01092007434944238,0.6762589928057554
relative,Per period 56d,Both,17084A,intermittent,0.010571561338289962,0.8198198198198198
relative,Min/Max,Both,17084A,intermittent,0.01266263940520446,0.8014705882352942
relative,SP Part Period Balancing,SAP only,17084A,intermittent,0.008131970260223048,0.8536585365853658
relative,WI Sliding Economic Lot Size,SAP only,17084A,intermittent,0.005343866171003717,0.6571428571428571
relative,DY Dynamic Planning Calculation,SAP only,17084A,intermittent,0.0022072490706319704,0.59375
relative,GR Groff Reorder Procedure,SAP only,17084A,intermittent,0.011849442379182156,0.6986301369863014
relative,Calendar bucket 7d,SAP only,17084A,intermittent,0.015683085501858735,0.6585365853658537
relative,Calendar bucket 28d,SAP only,17084A,intermittent,0.01266263940520446,0.6646341463414634
relative,Short 7d / long 28d,SAP only,17084A,intermittent,0.016147769516728624,0.7393617021276596
relative,Short 7d / long 56d,SAP only,17084A,intermittent,0.013011152416356878,0.7320261437908496
relative,Per requirement,Both,90123A,intermittent,0.017309479553903346,0.7525252525252525
relative,Per period 7d,Both,90123A,intermittent,0.013475836431226766,0.7098765432098766
relative,Per period 14d,Both,90123A,intermittent,0.010803903345724907,0.7142857142857143
relative,Per period 28d,Both,90123A,intermittent,0.009990706319702601,0.7543859649122807
relative,Per period 56d,Both,90123A,intermittent,0.00929368029739777,0.7378640776699029
relative,Min/Max,Both,90123A,intermittent,0.009526022304832713,0.7454545454545455
relative,SP Part Period Balancing,SAP only,90123A,intermittent,0.006157063197026022,0.828125
relative,WI Sliding Economic Lot Size,SAP only,90123A,intermittent,0.007551115241635688,0.8840579710144928
relative,DY Dynamic Planning Calculation,SAP only,90123A,intermittent,0.004763011152416357,0.8163265306122449
relative,GR Groff Reorder Procedure,SAP only,90123A,intermittent,0.012430297397769517,0.7703703703703704
relative,Calendar bucket 7d,SAP only,90123A,intermittent,0.01324349442379182,0.70625
relative,Calendar bucket 28d,SAP only,90123A,intermittent,0.010687732342007435,0.6642335766423357
relative,Short 7d / long 28d,SAP only,90123A,intermittent,0.01312732342007435,0.7687074829931972
relative,Short 7d / long 56d,SAP only,90123A,intermittent,0.011152416356877323,0.7384615384615385
relative,Per requirement,Both,90124A,intermittent,0.01696096654275093,0.6952380952380952
relative,Per period 7d,Both,90124A,intermittent,0.014405204460966542,0.6631016042780749
relative,Per period 14d,Both,90124A,intermittent,0.011733271375464684,0.6733333333333333
relative,Per period 28d,Both,90124A,intermittent,0.009642193308550186,0.7980769230769231
relative,Per period 56d,Both,90124A,intermittent,0.006854089219330855,0.7108433734939759
relative,Min/Max,Both,90124A,intermittent,0.010687732342007435,0.8
relative,SP Part Period Balancing,SAP only,90124A,intermittent,0.006389405204460966,0.6067415730337079
relative,WI Sliding Economic Lot Size,SAP only,90124A,intermittent,0.007318773234200744,0.7215189873417721
relative,DY Dynamic Planning Calculation,SAP only,90124A,intermittent,0.004879182156133829,0.6307692307692307
relative,GR Groff Reorder Procedure,SAP only,90124A,intermittent,0.012081784386617101,0.7034482758620689
relative,Calendar bucket 7d,SAP only,90124A,intermittent,0.016728624535315983,0.7272727272727273
relative,Calendar bucket 28d,SAP only,90124A,intermittent,0.009177509293680297,0.6583333333333333
relative,Short 7d / long 28d,SAP only,90124A,intermittent,0.015799256505576207,0.8143712574850299
relative,Short 7d / long 56d,SAP only,90124A,intermittent,0.011849442379182156,0.7611940298507462
relative,Per requirement,Both,37506,intermittent,0.020910780669144983,0.75
relative,Per period 7d,Both,37506,intermittent,0.01486988847583643,0.7032967032967034
relative,Per period 14d,Both,37506,intermittent,0.008248141263940521,0.5932203389830508
relative,Per period 28d,Both,37506,intermittent,0.0060408921933085506,0.6842105263157895
relative,Per period 56d,Both,37506,intermittent,0.0045306691449814125,0.7551020408163265
relative,Min/Max,Both,37506,intermittent,0.012430297397769517,0.7925925925925926
relative,SP Part Period Balancing,SAP only,37506,intermittent,0.004298327137546468,0.7254901960784313
relative,WI Sliding Economic Lot Size,SAP only,37506,intermittent,0.004182156133828996,0.75
relative,DY Dynamic Planning Calculation,SAP only,37506,intermittent,0.001045539033457249,0.5
relative,GR Groff Reorder Procedure,SAP only,37506,intermittent,0.009061338289962825,0.7878787878787878
relative,Calendar bucket 7d,SAP only,37506,intermittent,0.01742565055762082,0.6912442396313364
relative,Calendar bucket 28d,SAP only,37506,intermittent,0.006970260223048327,0.7023809523809523
relative,Short 7d / long 28d,SAP only,37506,intermittent,0.01591542750929368,0.9256756756756757
relative,Short 7d / long 56d,SAP only,37506,intermittent,0.009409851301115242,0.8617021276595744
relative,Per requirement,Both,90024D,intermittent,0.007783457249070632,0.6261682242990654
relative,Per period 7d,Both,90024D,intermittent,0.008364312267657992,0.6792452830188679
relative,Per period 14d,Both,90024D,intermittent,0.007434944237918215,0.6956521739130435
relative,Per period 28d,Both,90024D,intermittent,0.007551115241635688,0.7590361445783133
relative,Per period 56d,Both,90024D,intermittent,0.0060408921933085506,0.7285714285714285
relative,Min/Max,Both,90024D,intermittent,0.006505576208178439,0.9333333333333333
relative,SP Part Period Balancing,SAP only,90024D,intermittent,0.004879182156133829,0.75
relative,WI Sliding Economic Lot Size,SAP only,90024D,intermittent,0.003949814126394052,0.6585365853658537
relative,DY Dynamic Planning Calculation,SAP only,90024D,intermittent,0.0037174721189591076,0.7575757575757576
relative,GR Groff Reorder Procedure,SAP only,90024D,intermittent,0.009061338289962825,0.8
relative,Calendar bucket 7d,SAP only,90024D,intermittent,0.008131970260223048,0.660377358490566
relative,Calendar bucket 28d,SAP only,90024D,intermittent,0.008596654275092937,0.7608695652173914
relative,Short 7d / long 28d,SAP only,90024D,intermittent,0.009409851301115242,0.826530612244898
relative,Short 7d / long 56d,SAP only,90024D,intermittent,0.008248141263940521,0.8045977011494253
relative,Per requirement,Both,90064B,intermittent,0.009409851301115242,0.627906976744186
relative,Per period 7d,Both,90064B,intermittent,0.010687732342007435,0.7844827586206896
relative,Per period 14d,Both,90064B,intermittent,0.00871282527881041,0.7184466019417476
relative,Per period 28d,Both,90064B,intermittent,0.008828996282527882,0.7378640776699029
relative,Per period 56d,Both,90064B,intermittent,0.005924721189591078,0.7121212121212122
relative,Min/Max,Both,90064B,intermittent,0.009409851301115242,0.75
relative,SP Part Period Balancing,SAP only,90064B,intermittent,0.0060408921933085506,0.9074074074074074
relative,WI Sliding Economic Lot Size,SAP only,90064B,intermittent,0.0013940520446096654,0.8571428571428571
relative,DY Dynamic Planning Calculation,SAP only,90064B,intermittent,0.0025557620817843866,0.6
relative,GR Groff Reorder Procedure,SAP only,90064B,intermittent,0.008131970260223048,0.6796116504854369
relative,Calendar bucket 7d,SAP only,90064B,intermittent,0.00987453531598513,0.6589147286821705
relative,Calendar bucket 28d,SAP only,90064B,intermittent,0.00987453531598513,0.7327586206896551
relative,Short 7d / long 28d,SAP only,90064B,intermittent,0.010571561338289962,0.7777777777777778
relative,Short 7d / long 56d,SAP only,90064B,intermittent,0.009177509293680297,0.7523809523809524
relative,Per requirement,Both,90035A,intermittent,0.008828996282527882,0.7450980392156863
relative,Per period 7d,Both,90035A,intermittent,0.007434944237918215,0.6881720430107527
relative,Per period 14d,Both,90035A,intermittent,0.008131970260223048,0.7692307692307693
relative,Per period 28d,Both,90035A,intermittent,0.005808550185873606,0.7246376811594203
relative,Per period 56d,Both,90035A,intermittent,0.004182156133828996,0.8333333333333334
relative,Min/Max,Both,90035A,intermittent,0.008015799256505576,0.8961038961038961
relative,SP Part Period Balancing,SAP only,90035A,intermittent,0.004763011152416357,0.8125
relative,WI Sliding Economic Lot Size,SAP only,90035A,intermittent,0.002904275092936803,0.6764705882352942
relative,DY Dynamic Planning Calculation,SAP only,90035A,intermittent,0.0031366171003717473,0.7333333333333333
relative,GR Groff Reorder Procedure,SAP only,90035A,intermittent,0.00662174721189591,0.7702702702702703
relative,Calendar bucket 7d,SAP only,90035A,intermittent,0.008828996282527882,0.8333333333333334
relative,Calendar bucket 28d,SAP only,90035A,intermittent,0.0060408921933085506,0.6933333333333334
relative,Short 7d / long 28d,SAP only,90035A,intermittent,0.008945167286245352,0.8152173913043478
relative,Short 7d / long 56d,SAP only,90035A,intermittent,0.006273234200743495,0.72
relative,Per requirement,Both,22157,intermittent,0.057388475836431224,0.6918767507002801
relative,Per period 7d,Both,22157,intermittent,0.019981412639405203,0.7257383966244726
relative,Per period 14d,Both,22157,intermittent,0.009990706319702601,0.6417910447761194
relative,Per period 28d,Both,22157,intermittent,0.006389405204460966,0.632183908045977
relative,Per period 56d,Both,22157,intermittent,0.0045306691449814125,0.7090909090909091
relative,Min/Max,Both,22157,intermittent,0.026719330855018587,0.8394160583941606
relative,SP Part Period Balancing,SAP only,22157,intermittent,0.01092007434944238,0.7230769230769231
relative,WI Sliding Economic Lot Size,SAP only,22157,intermittent,0.010455390334572491,0.782608695652174
relative,DY Dynamic Planning Calculation,SAP only,22157,intermittent,0.0055762081784386614,0.6956521739130435
relative,GR Groff Reorder Procedure,SAP only,22157,intermittent,0.015102230483271376,0.7514450867052023
relative,Calendar bucket 7d,SAP only,22157,intermittent,0.014405204460966542,0.5535714285714286
relative,Calendar bucket 28d,SAP only,22157,intermittent,0.0060408921933085506,0.5360824742268041
relative,Short 7d / long 28d,SAP only,22157,intermittent,0.015450743494423791,0.9366197183098591
relative,Short 7d / long 56d,SAP only,22157,intermittent,0.010455390334572491,0.9183673469387755
relative,Per requirement,Both,20837,intermittent,0.016147769516728624,0.7315789473684211
relative,Per period 7d,Both,20837,intermittent,0.01150092936802974,0.6971830985915493
relative,Per period 14d,Both,20837,intermittent,0.01150092936802974,0.7734375
relative,Per period 28d,Both,20837,intermittent,0.0070864312267657995,0.6039603960396039
relative,Per period 56d,Both,20837,intermittent,0.0060408921933085506,0.7027027027027027
relative,Min/Max,Both,20837,intermittent,0.01312732342007435,0.7847222222222222
relative,SP Part Period Balancing,SAP only,20837,intermittent,0.004414498141263941,0.7037037037037037
relative,WI Sliding Economic Lot Size,SAP only,20837,intermittent,0.0060408921933085506,0.8387096774193549
relative,DY Dynamic Planning Calculation,SAP only,20837,intermittent,0.00383364312267658,0.7674418604651163
relative,GR Groff Reorder Procedure,SAP only,20837,intermittent,0.008828996282527882,0.646551724137931
relative,Calendar bucket 7d,SAP only,20837,intermittent,0.011617100371747211,0.6535947712418301
relative,Calendar bucket 28d,SAP only,20837,intermittent,0.010687732342007435,0.7244094488188977
relative,Short 7d / long 28d,SAP only,20837,intermittent,0.012197955390334572,0.7954545454545454
relative,Short 7d / long 56d,SAP only,20837,intermittent,0.009642193308550186,0.7410714285714286
relative,Per requirement,Both,90187B,intermittent,0.012430297397769517,0.6993464052287581
relative,Per period 7d,Both,90187B,intermittent,0.010106877323420074,0.6214285714285714
relative,Per period 14d,Both,90187B,intermittent,0.009526022304832713,0.640625
relative,Per period 28d,Both,90187B,intermittent,0.00662174721189591,0.675
relative,Per period 56d,Both,90187B,intermittent,0.005227695167286246,0.6142857142857143
relative,Min/Max,Both,90187B,intermittent,0.008248141263940521,0.7634408602150538
relative,SP Part Period Balancing,SAP only,90187B,intermittent,0.0037174721189591076,0.7111111111111111
relative,WI Sliding Economic Lot Size,SAP only,90187B,intermittent,0.006157063197026022,0.8947368421052632
relative,DY Dynamic Planning Calculation,SAP only,90187B,intermittent,0.0034851301115241635,0.8055555555555556
relative,GR Groff Reorder Procedure,SAP only,90187B,intermittent,0.00987453531598513,0.7798165137614679
relative,Calendar bucket 7d,SAP only,90187B,intermittent,0.011036245353159852,0.6785714285714286
relative,Calendar bucket 28d,SAP only,90187B,intermittent,0.01092007434944238,0.734375
relative,Short 7d / long 28d,SAP only,90187B,intermittent,0.011733271375464684,0.7709923664122137
relative,Short 7d / long 56d,SAP only,90187B,intermittent,0.009758364312267658,0.75
relative,Per requirement,Both,21277,intermittent,0.04275092936802974,0.6904315196998124
relative,Per period 7d,Both,21277,intermittent,0.024860594795539034,0.5879120879120879
relative,Per period 14d,Both,21277,intermittent,0.021723977695167287,0.6296296296296297
relative,Per period 28d,Both,21277,intermittent,0.018006505576208177,0.7276995305164319
relative,Per period 56d,Both,21277,intermittent,0.012894981412639405,0.7432432432432432
relative,Min/Max,Both,21277,intermittent,0.02474442379182156,0.8223938223938224
relative,SP Part Period Balancing,SAP only,21277,intermittent,0.014986059479553903,0.6861702127659575
relative,WI Sliding Economic Lot Size,SAP only,21277,intermittent,0.017193308550185873,0.8043478260869565
relative,DY Dynamic Planning Calculation,SAP only,21277,intermittent,0.013011152416356878,0.7225806451612903
relative,GR Groff Reorder Procedure,SAP only,21277,intermittent,0.02753252788104089,0.6742857142857143
relative,Calendar bucket 7d,SAP only,21277,intermittent,0.03671003717472119,0.6583333333333333
relative,Calendar bucket 28d,SAP only,21277,intermittent,0.019865241635687734,0.6439393939393939
relative,Short 7d / long 28d,SAP only,21277,intermittent,0.037058550185873604,0.8935574229691877
relative,Short 7d / long 56d,SAP only,21277,intermittent,0.02520910780669145,0.8611111111111112
relative,Per requirement,Both,90197B,intermittent,0.03125,0.6889460154241646
relative,Per period 7d,Both,90197B,intermittent,0.019052044609665426,0.6639676113360324
relative,Per period 14d,Both,90197B,intermittent,0.015450743494423791,0.6735751295336787
relative,Per period 28d,Both,90197B,intermittent,0.009642193308550186,0.6201550387596899
relative,Per period 56d,Both,90197B,intermittent,0.006273234200743495,0.5760869565217391
relative,Min/Max,Both,90197B,intermittent,0.018238847583643122,0.8722222222222222
relative,SP Part Period Balancing,SAP only,90197B,intermittent,0.005692379182156134,0.6621621621621622
relative,WI Sliding Economic Lot Size,SAP only,90197B,intermittent,0.0070864312267657995,0.7349397590361446
relative,DY Dynamic Planning Calculation,SAP only,90197B,intermittent,0.0031366171003717473,0.6666666666666666
relative,GR Groff Reorder Procedure,SAP only,90197B,intermittent,0.012778810408921933,0.6942675159235668
relative,Calendar bucket 7d,SAP only,90197B,intermittent,0.024163568773234202,0.6835016835016835
relative,Calendar bucket 28d,SAP only,90197B,intermittent,0.01533457249070632,0.6978021978021978
relative,Short 7d / long 28d,SAP only,90197B,intermittent,0.02462825278810409,0.9094827586206896
relative,Short 7d / long 56d,SAP only,90197B,intermittent,0.016496282527881042,0.8493975903614458
relative,Per requirement,Both,84563B,intermittent,0.04821096654275093,0.6682769726247987
relative,Per period 7d,Both,84563B,intermittent,0.025906133828996283,0.6281690140845071
relative,Per period 14d,Both,84563B,intermittent,0.01974907063197026,0.5782312925170068
relative,Per period 28d,Both,84563B,intermittent,0.014637546468401487,0.6631578947368421
relative,Per period 56d,Both,84563B,intermittent,0.00987453531598513,0.6746031746031746
relative,Min/Max,Both,84563B,intermittent,0.02358271375464684,0.7837837837837838
relative,SP Part Period Balancing,SAP only,84563B,intermittent,0.010223048327137546,0.676923076923077
relative,WI Sliding Economic Lot Size,SAP only,84563B,intermittent,0.009990706319702601,0.7166666666666667
relative,DY Dynamic Planning Calculation,SAP only,84563B,intermittent,0.006157063197026022,0.7910447761194029
relative,GR Groff Reorder Procedure,SAP only,84563B,intermittent,0.023234200743494422,0.7633587786259542
relative,Calendar bucket 7d,SAP only,84563B,intermittent,0.02730018587360595,0.6368563685636857
relative,Calendar bucket 28d,SAP only,84563B,intermittent,0.016496282527881042,0.6120689655172413
relative,Short 7d / long 28d,SAP only,84563B,intermittent,0.030320631970260224,0.8969072164948454
relative,Short 7d / long 56d,SAP only,84563B,intermittent,0.0191682156133829,0.8549222797927462
relative,Per requirement,Both,90016B,intermittent,0.029972118959107806,0.7478260869565218
relative,Per period 7d,Both,90016B,intermittent,0.020910780669144983,0.6428571428571429
relative,Per period 14d,Both,90016B,intermittent,0.021491635687732342,0.7198443579766537
relative,Per period 28d,Both,90016B,intermittent,0.01324349442379182,0.6790123456790124
relative,Per period 56d,Both,90016B,intermittent,0.010223048327137546,0.6984126984126984
relative,Min/Max,Both,90016B,intermittent,0.016496282527881042,0.7845303867403315
relative,SP Part Period Balancing,SAP only,90016B,intermittent,0.009758364312267658,0.7636363636363637
relative,WI Sliding Economic Lot Size,SAP only,90016B,intermittent,0.005692379182156134,0.6901408450704225
relative,DY Dynamic Planning Calculation,SAP only,90016B,intermittent,0.004298327137546468,0.7142857142857143
relative,GR Groff Reorder Procedure,SAP only,90016B,intermittent,0.018355018587360595,0.6666666666666666
relative,Calendar bucket 7d,SAP only,90016B,intermittent,0.024976765799256506,0.6739811912225705
relative,Calendar bucket 28d,SAP only,90016B,intermittent,0.01742565055762082,0.7075471698113207
relative,Short 7d / long 28d,SAP only,90016B,intermittent,0.026719330855018587,0.8745247148288974
relative,Short 7d / long 56d,SAP only,90016B,intermittent,0.017657992565055763,0.7676767676767676
relative,Per requirement,Both,90023,intermittent,0.014172862453531599,0.6237113402061856
relative,Per period 7d,Both,90023,intermittent,0.01324349442379182,0.6745562130177515
relative,Per period 14d,Both,90023,intermittent,0.012314126394052044,0.6928104575163399
relative,Per period 28d,Both,90023,intermittent,0.010571561338289962,0.7165354330708661
relative,Per period 56d,Both,90023,intermittent,0.007783457249070632,0.6666666666666666
relative,Min/Max,Both,90023,intermittent,0.01092007434944238,0.7966101694915254
relative,SP Part Period Balancing,SAP only,90023,intermittent,0.005111524163568773,0.7241379310344828
relative,WI Sliding Economic Lot Size,SAP only,90023,intermittent,0.0070864312267657995,0.7763157894736842
relative,DY Dynamic Planning Calculation,SAP only,90023,intermittent,0.0026719330855018587,0.6216216216216216
relative,GR Groff Reorder Procedure,SAP only,90023,intermittent,0.009990706319702601,0.6692913385826772
relative,Calendar bucket 7d,SAP only,90023,intermittent,0.013359665427509293,0.6804733727810651
relative,Calendar bucket 28d,SAP only,90023,intermittent,0.009758364312267658,0.5915492957746479
relative,Short 7d / long 28d,SAP only,90023,intermittent,0.014405204460966542,0.7948717948717948
relative,Short 7d / long 56d,SAP only,90023,intermittent,0.01254646840148699,0.8372093023255814
relative,Per requirement,Both,84711A,intermittent,0.021956319702602232,0.7
relative,Per period 7d,Both,84711A,intermittent,0.018819702602230485,0.7363636363636363
relative,Per period 14d,Both,84711A,intermittent,0.016147769516728624,0.6714975845410628
relative,Per period 28d,Both,84711A,intermittent,0.012081784386617101,0.6688311688311688
relative,Per period 56d,Both,84711A,intermittent,0.00987453531598513,0.7363636363636363
relative,Min/Max,Both,84711A,intermittent,0.014986059479553903,0.8113207547169812
relative,SP Part Period Balancing,SAP only,84711A,intermittent,0.010339219330855019,0.8018018018018018
relative,WI Sliding Economic Lot Size,SAP only,84711A,intermittent,0.008131970260223048,0.7471264367816092
relative,DY Dynamic Planning Calculation,SAP only,84711A,intermittent,0.007899628252788104,0.7391304347826086
relative,GR Groff Reorder Procedure,SAP only,84711A,intermittent,0.0170771375464684,0.7277227722772277
relative,Calendar bucket 7d,SAP only,84711A,intermittent,0.0170771375464684,0.6681818181818182
relative,Calendar bucket 28d,SAP only,84711A,intermittent,0.015102230483271376,0.6972972972972973
relative,Short 7d / long 28d,SAP only,84711A,intermittent,0.01928438661710037,0.8217821782178217
relative,Short 7d / long 56d,SAP only,84711A,intermittent,0.015102230483271376,0.7926829268292683
relative,Per requirement,Both,16156L,intermittent,0.03310873605947955,0.7125
relative,Per period 7d,Both,16156L,intermittent,0.028345724907063198,0.7155425219941349
relative,Per period 14d,Both,16156L,intermittent,0.019865241635687734,0.66796875
relative,Per period 28d,Both,16156L,intermittent,0.017890334572490705,0.7162790697674418
relative,Per period 56d,Both,16156L,intermittent,0.013359665427509293,0.7232704402515723
relative,Min/Max,Both,16156L,intermittent,0.020678438661710038,0.7982062780269058
relative,SP Part Period Balancing,SAP only,16156L,intermittent,0.011384758364312268,0.7424242424242424
relative,WI Sliding Economic Lot Size,SAP only,16156L,intermittent,0.009526022304832713,0.7387387387387387
relative,DY Dynamic Planning Calculation,SAP only,16156L,intermittent,0.007434944237918215,0.8
relative,GR Groff Reorder Procedure,SAP only,16156L,intermittent,0.018355018587360595,0.6610878661087866
relative,Calendar bucket 7d,SAP only,16156L,intermittent,0.030436802973977696,0.6931216931216931
relative,Calendar bucket 28d,SAP only,16156L,intermittent,0.018819702602230485,0.6303501945525292
relative,Short 7d / long 28d,SAP only,16156L,intermittent,0.03066914498141264,0.8488745980707395
relative,Short 7d / long 56d,SAP only,16156L,intermittent,0.022072490706319704,0.8407079646017699
relative,Per requirement,Both,22033,intermittent,0.08887081784386618,0.6999085086916743
relative,Per period 7d,Both,22033,intermittent,0.03763940520446097,0.6218809980806143
relative,Per period 14d,Both,22033,intermittent,0.02904275092936803,0.684931506849315
relative,Per period 28d,Both,22033,intermittent,0.019981412639405203,0.6666666666666666
relative,Per period 56d,Both,22033,intermittent,0.01370817843866171,0.7763157894736842
relative,Min/Max,Both,22033,intermittent,0.031947026022304835,0.889967637540453
relative,SP Part Period Balancing,SAP only,22033,intermittent,0.012894981412639405,0.7602739726027398
relative,WI Sliding Economic Lot Size,SAP only,22033,intermittent,0.01254646840148699,0.717391304347826
relative,DY Dynamic Planning Calculation,SAP only,22033,intermittent,0.004298327137546468,0.7708333333333334
relative,GR Groff Reorder Procedure,SAP only,22033,intermittent,0.022653345724907063,0.6818181818181818
relative,Calendar bucket 7d,SAP only,22033,intermittent,0.0433317843866171,0.6144975288303131
relative,Calendar bucket 28d,SAP only,22033,intermittent,0.016263940520446097,0.5408560311284046
relative,Short 7d / long 28d,SAP only,22033,intermittent,0.0433317843866171,0.9419191919191919
relative,Short 7d / long 56d,SAP only,22033,intermittent,0.026370817843866173,0.8798449612403101
relative,Per requirement,Both,79534,intermittent,0.011617100371747211,0.7518796992481203
relative,Per period 7d,Both,79534,intermittent,0.007899628252788104,0.7010309278350515
relative,Per period 14d,Both,79534,intermittent,0.008596654275092937,0.7551020408163265
relative,Per period 28d,Both,79534,intermittent,0.006157063197026022,0.7464788732394366
relative,Per period 56d,Both,79534,intermittent,0.005111524163568773,0.8
relative,Min/Max,Both,79534,intermittent,0.008131970260223048,0.7142857142857143
relative,SP Part Period Balancing,SAP only,79534,intermittent,0.0018587360594795538,0.8235294117647058
relative,WI Sliding Economic Lot Size,SAP only,79534,intermittent,0.0,0.0
relative,DY Dynamic Planning Calculation,SAP only,79534,intermittent,0.0,0.0
relative,GR Groff Reorder Procedure,SAP only,79534,intermittent,0.006970260223048327,0.7692307692307693
relative,Calendar bucket 7d,SAP only,79534,intermittent,0.009642193308550186,0.6693548387096774
relative,Calendar bucket 28d,SAP only,79534,intermittent,0.007899628252788104,0.7010309278350515
relative,Short 7d / long 28d,SAP only,79534,intermittent,0.01092007434944238,0.8703703703703703
relative,Short 7d / long 56d,SAP only,79534,intermittent,0.008015799256505576,0.8023255813953488
relative,Per requirement,Both,84816,intermittent,0.018006505576208177,0.6567796610169492
relative,Per period 7d,Both,84816,intermittent,0.014637546468401487,0.6847826086956522
relative,Per period 14d,Both,84816,intermittent,0.013592007434944238,0.6842105263157895
relative,Per period 28d,Both,84816,intermittent,0.010106877323420074,0.635036496350365
relative,Per period 56d,Both,84816,intermittent,0.009642193308550186,0.7745098039215687
relative,Min/Max,Both,84816,intermittent,0.011849442379182156,0.6986301369863014
relative,SP Part Period Balancing,SAP only,84816,intermittent,0.013475836431226766,0.7435897435897436
relative,WI Sliding Economic Lot Size,SAP only,84816,intermittent,0.012314126394052044,0.8091603053435115
relative,DY Dynamic Planning Calculation,SAP only,84816,intermittent,0.01370817843866171,0.8194444444444444
relative,GR Groff Reorder Procedure,SAP only,84816,intermittent,0.013359665427509293,0.625
relative,Calendar bucket 7d,SAP only,84816,intermittent,0.01486988847583643,0.6095238095238096
relative,Calendar bucket 28d,SAP only,84816,intermittent,0.015218401486988848,0.7119565217391305
relative,Short 7d / long 28d,SAP only,84816,intermittent,0.01812267657992565,0.8125
relative,Short 7d / long 56d,SAP only,84816,intermittent,0.01266263940520446,0.7171052631578947
relative,Per requirement,Both,22827,intermittent,0.03345724907063197,0.6973365617433414
relative,Per period 7d,Both,22827,intermittent,0.01963289962825279,0.6575875486381323
relative,Per period 14d,Both,22827,intermittent,0.019052044609665426,0.6949152542372882
relative,Per period 28d,Both,22827,intermittent,0.011617100371747211,0.6387096774193548
relative,Per period 56d,Both,22827,intermittent,0.007899628252788104,0.6476190476190476
relative,Min/Max,Both,22827,intermittent,0.02184014869888476,0.8
relative,SP Part Period Balancing,SAP only,22827,intermittent,0.022188661710037173,0.6773049645390071
relative,WI Sliding Economic Lot Size,SAP only,22827,intermittent,0.02532527881040892,0.7124183006535948
relative,DY Dynamic Planning Calculation,SAP only,22827,intermittent,0.020678438661710038,0.6716981132075471
relative,GR Groff Reorder Procedure,SAP only,22827,intermittent,0.02358271375464684,0.6721854304635762
relative,Calendar bucket 7d,SAP only,22827,intermittent,0.025441449814126393,0.6537313432835821
relative,Calendar bucket 28d,SAP only,22827,intermittent,0.013475836431226766,0.6229508196721312
relative,Short 7d / long 28d,SAP only,22827,intermittent,0.02578996282527881,0.8951612903225806
relative,Short 7d / long 56d,SAP only,22827,intermittent,0.01696096654275093,0.874251497005988
relative,Per requirement,Both,90011A,intermittent,0.011152416356877323,0.7014925373134329
relative,Per period 7d,Both,90011A,intermittent,0.010223048327137546,0.6692307692307692
relative,Per period 14d,Both,90011A,intermittent,0.008480483271375464,0.7752808988764045
relative,Per period 28d,Both,90011A,intermittent,0.00766728624535316,0.7558139534883721
relative,Per period 56d,Both,90011A,intermittent,0.006854089219330855,0.725
relative,Min/Max,Both,90011A,intermittent,0.008828996282527882,0.7307692307692307
relative,SP Part Period Balancing,SAP only,90011A,intermittent,0.0027881040892193307,0.7666666666666667
relative,WI Sliding Economic Lot Size,SAP only,90011A,intermittent,0.0024395910780669145,0.7391304347826086
relative,DY Dynamic Planning Calculation,SAP only,90011A,intermittent,0.0,0.0
relative,GR Groff Reorder Procedure,SAP only,90011A,intermittent,0.005111524163568773,0.5714285714285714
relative,Calendar bucket 7d,SAP only,90011A,intermittent,0.011036245353159852,0.71875
relative,Calendar bucket 28d,SAP only,90011A,intermittent,0.008015799256505576,0.7204301075268817
relative,Short 7d / long 28d,SAP only,90011A,intermittent,0.011268587360594795,0.8468468468468469
relative,Short 7d / long 56d,SAP only,90011A,intermittent,0.00871282527881041,0.7894736842105263
relative,Per requirement,Both,90162D,intermittent,0.013359665427509293,0.7012195121951219
relative,Per period 7d,Both,90162D,intermittent,0.00929368029739777,0.625
relative,Per period 14d,Both,90162D,intermittent,0.00987453531598513,0.7327586206896551
relative,Per period 28d,Both,90162D,intermittent,0.007202602230483271,0.6555555555555556
relative,Per period 56d,Both,90162D,intermittent,0.007318773234200744,0.782051282051282
relative,Min/Max,Both,90162D,intermittent,0.01150092936802974,0.792
relative,SP Part Period Balancing,SAP only,90162D,intermittent,0.006389405204460966,0.8181818181818182
relative,WI Sliding Economic Lot Size,SAP only,90162D,intermittent,0.0037174721189591076,0.7
relative,DY Dynamic Planning Calculation,SAP only,90162D,intermittent,0.004995353159851301,0.8913043478260869
relative,GR Groff Reorder Procedure,SAP only,90162D,intermittent,0.007551115241635688,0.7126436781609196
relative,Calendar bucket 7d,SAP only,90162D,intermittent,0.012197955390334572,0.695364238410596
relative,Calendar bucket 28d,SAP only,90162D,intermittent,0.005692379182156134,0.532608695652174
relative,Short 7d / long 28d,SAP only,90162D,intermittent,0.011617100371747211,0.7575757575757576
relative,Short 7d / long 56d,SAP only,90162D,intermittent,0.008945167286245352,0.6936936936936937
relative,Per requirement,Both,90054,intermittent,0.015566914498141264,0.7657142857142857
relative,Per period 7d,Both,90054,intermittent,0.011152416356877323,0.6486486486486487
relative,Per period 14d,Both,90054,intermittent,0.010571561338289962,0.6594202898550725
relative,Per period 28d,Both,90054,intermittent,0.008364312267657992,0.6698113207547169
relative,Per period 56d,Both,90054,intermittent,0.006970260223048327,0.6962025316455697
relative,Min/Max,Both,90054,intermittent,0.01266263940520446,0.7898550724637681
relative,SP Part Period Balancing,SAP only,90054,intermittent,0.0015102230483271376,0.4642857142857143
relative,WI Sliding Economic Lot Size,SAP only,90054,intermittent,0.0017425650557620818,0.6521739130434783
relative,DY Dynamic Planning Calculation,SAP only,90054,intermittent,0.0023234200743494425,0.8235294117647058
relative,GR Groff Reorder Procedure,SAP only,90054,intermittent,0.006970260223048327,0.6063829787234043
relative,Calendar bucket 7d,SAP only,90054,intermittent,0.013475836431226766,0.7160493827160493
relative,Calendar bucket 28d,SAP only,90054,intermittent,0.009642193308550186,0.6693548387096774
relative,Short 7d / long 28d,SAP only,90054,intermittent,0.012197955390334572,0.7291666666666666
relative,Short 7d / long 56d,SAP only,90054,intermittent,0.011849442379182156,0.8292682926829268
relative,Per requirement,Both,22049,intermittent,0.057388475836431224,0.6987270155586988
relative,Per period 7d,Both,22049,intermittent,0.016263940520446097,0.6222222222222222
relative,Per period 14d,Both,22049,intermittent,0.008131970260223048,0.5
relative,Per period 28d,Both,22049,intermittent,0.0045306691449814125,0.4482758620689655
relative,Per period 56d,Both,22049,intermittent,0.0036013011152416356,0.5849056603773585
relative,Min/Max,Both,22049,intermittent,0.024512081784386616,0.8146718146718147
relative,SP Part Period Balancing,SAP only,22049,intermittent,0.008015799256505576,0.7040816326530612
relative,WI Sliding Economic Lot Size,SAP only,22049,intermittent,0.005808550185873606,0.5555555555555556
relative,DY Dynamic Planning Calculation,SAP only,22049,intermittent,0.0045306691449814125,0.8863636363636364
relative,GR Groff Reorder Procedure,SAP only,22049,intermittent,0.011965613382899629,0.7152777777777778
relative,Calendar bucket 7d,SAP only,22049,intermittent,0.018238847583643122,0.6305220883534136
relative,Calendar bucket 28d,SAP only,22049,intermittent,0.0055762081784386614,0.5274725274725275
relative,Short 7d / long 28d,SAP only,22049,intermittent,0.017193308550185873,0.961038961038961
relative,Short 7d / long 56d,SAP only,22049,intermittent,0.011849442379182156,0.9357798165137615
relative,Per requirement,Both,90019C,intermittent,0.021026951672862452,0.6804511278195489
relative,Per period 7d,Both,90019C,intermittent,0.01696096654275093,0.6460176991150443
relative,Per period 14d,Both,90019C,intermittent,0.015102230483271376,0.649746192893401
relative,Per period 28d,Both,90019C,intermittent,0.011617100371747211,0.7279411764705882
relative,Per period 56d,Both,90019C,intermittent,0.00766728624535316,0.6808510638297872
relative,Min/Max,Both,90019C,intermittent,0.011733271375464684,0.7318840579710145
relative,SP Part Period Balancing,SAP only,90019C,intermittent,0.00662174721189591,0.8059701492537313
relative,WI Sliding Economic Lot Size,SAP only,90019C,intermittent,0.006970260223048327,0.821917808219178
relative,DY Dynamic Planning Calculation,SAP only,90019C,intermittent,0.004879182156133829,0.84
relative,GR Groff Reorder Procedure,SAP only,90019C,intermittent,0.011733271375464684,0.6601307189542484
relative,Calendar bucket 7d,SAP only,90019C,intermittent,0.017890334572490705,0.6443514644351465
relative,Calendar bucket 28d,SAP only,90019C,intermittent,0.01428903345724907,0.6684782608695652
relative,Short 7d / long 28d,SAP only,90019C,intermittent,0.020097583643122675,0.8009259259259259
relative,Short 7d / long 56d,SAP only,90019C,intermittent,0.016147769516728624,0.8176470588235294
relative,Per requirement,Both,22824,intermittent,0.043912639405204464,0.6872727272727273
relative,Per period 7d,Both,22824,intermittent,0.02648698884758364,0.6551724137931034
relative,Per period 14d,Both,22824,intermittent,0.019516728624535316,0.6666666666666666
relative,Per period 28d,Both,22824,intermittent,0.014986059479553903,0.7413793103448276
relative,Per period 56d,Both,22824,intermittent,0.008015799256505576,0.6448598130841121
relative,Min/Max,Both,22824,intermittent,0.021491635687732342,0.7644628099173554
relative,SP Part Period Balancing,SAP only,22824,intermittent,0.026370817843866173,0.8798449612403101
relative,WI Sliding Economic Lot Size,SAP only,22824,intermittent,0.01591542750929368,0.6649746192893401
relative,DY Dynamic Planning Calculation,SAP only,22824,intermittent,0.01254646840148699,0.7323943661971831
relative,GR Groff Reorder Procedure,SAP only,22824,intermittent,0.022769516728624536,0.6144200626959248
relative,Calendar bucket 7d,SAP only,22824,intermittent,0.02846189591078067,0.6749311294765841
relative,Calendar bucket 28d,SAP only,22824,intermittent,0.013592007434944238,0.6157894736842106
relative,Short 7d / long 28d,SAP only,22824,intermittent,0.02799721189591078,0.9198473282442748
relative,Short 7d / long 56d,SAP only,22824,intermittent,0.018819702602230485,0.9152542372881356
relative,Per requirement,Both,84313A,intermittent,0.016147769516728624,0.6984924623115578
relative,Per period 7d,Both,84313A,intermittent,0.012081784386617101,0.7375886524822695
relative,Per period 14d,Both,84313A,intermittent,0.007551115241635688,0.6435643564356436
relative,Per period 28d,Both,84313A,intermittent,0.0055762081784386614,0.6575342465753424
relative,Per period 56d,Both,84313A,intermittent,0.004298327137546468,0.7115384615384616
relative,Min/Max,Both,84313A,intermittent,0.012430297397769517,0.7588652482269503
relative,SP Part Period Balancing,SAP only,84313A,intermittent,0.0030204460966542753,0.75
relative,WI Sliding Economic Lot Size,SAP only,84313A,intermittent,0.0017425650557620818,0.8461538461538461
relative,DY Dynamic Planning Calculation,SAP only,84313A,intermittent,0.0017425650557620818,0.5769230769230769
relative,GR Groff Reorder Procedure,SAP only,84313A,intermittent,0.006854089219330855,0.5841584158415841
relative,Calendar bucket 7d,SAP only,84313A,intermittent,0.015102230483271376,0.7222222222222222
relative,Calendar bucket 28d,SAP only,84313A,intermittent,0.007551115241635688,0.7558139534883721
relative,Short 7d / long 28d,SAP only,84313A,intermittent,0.013824349442379182,0.9153846153846154
relative,Short 7d / long 56d,SAP only,84313A,intermittent,0.00929368029739777,0.8888888888888888
relative,Per requirement,Both,90003D,intermittent,0.019981412639405203,0.6963562753036437
relative,Per period 7d,Both,90003D,intermittent,0.01533457249070632,0.6649746192893401
relative,Per period 14d,Both,90003D,intermittent,0.011617100371747211,0.6410256410256411
relative,Per period 28d,Both,90003D,intermittent,0.011268587360594795,0.7058823529411765
relative,Per period 56d,Both,90003D,intermittent,0.007434944237918215,0.7631578947368421
relative,Min/Max,Both,90003D,intermittent,0.009990706319702601,0.7889908256880734
relative,SP Part Period Balancing,SAP only,90003D,intermittent,0.0055762081784386614,0.7758620689655172
relative,WI Sliding Economic Lot Size,SAP only,90003D,intermittent,0.0045306691449814125,0.6981132075471698
relative,DY Dynamic Planning Calculation,SAP only,90003D,intermittent,0.0034851301115241635,0.7741935483870968
relative,GR Groff Reorder Procedure,SAP only,90003D,intermittent,0.012081784386617101,0.7163120567375887
relative,Calendar bucket 7d,SAP only,90003D,intermittent,0.01742565055762082,0.7109004739336493
relative,Calendar bucket 28d,SAP only,90003D,intermittent,0.01370817843866171,0.6941176470588235
relative,Short 7d / long 28d,SAP only,90003D,intermittent,0.017890334572490705,0.8105263157894737
relative,Short 7d / long 56d,SAP only,90003D,intermittent,0.012894981412639405,0.7254901960784313
relative,Per requirement,Both,90122A,intermittent,0.029623605947955392,0.7122905027932961
relative,Per period 7d,Both,90122A,intermittent,0.022188661710037173,0.6895306859205776
relative,Per period 14d,Both,90122A,intermittent,0.016844795539033456,0.6682027649769585
relative,Per period 28d,Both,90122A,intermittent,0.011733271375464684,0.6901408450704225
relative,Per period 56d,Both,90122A,intermittent,0.007783457249070632,0.5925925925925926
relative,Min/Max,Both,90122A,intermittent,0.015799256505576207,0.8047337278106509
relative,SP Part Period Balancing,SAP only,90122A,intermittent,0.009061338289962825,0.7878787878787878
relative,WI Sliding Economic Lot Size,SAP only,90122A,intermittent,0.010106877323420074,0.8333333333333334
relative,DY Dynamic Planning Calculation,SAP only,90122A,intermittent,0.004182156133828996,0.5666666666666667
relative,GR Groff Reorder Procedure,SAP only,90122A,intermittent,0.01266263940520446,0.6242774566473989
relative,Calendar bucket 7d,SAP only,90122A,intermittent,0.021259293680297397,0.6203389830508474
relative,Calendar bucket 28d,SAP only,90122A,intermittent,0.014986059479553903,0.6935483870967742
relative,Short 7d / long 28d,SAP only,90122A,intermittent,0.024163568773234202,0.8851063829787233
relative,Short 7d / long 56d,SAP only,90122A,intermittent,0.016612453531598514,0.7900552486187845
relative,Per requirement,Both,35265,intermittent,0.01533457249070632,0.6534653465346535
relative,Per period 7d,Both,35265,intermittent,0.011384758364312268,0.6950354609929078
relative,Per period 14d,Both,35265,intermittent,0.011384758364312268,0.6901408450704225
relative,Per period 28d,Both,35265,intermittent,0.008364312267657992,0.7128712871287128
relative,Per period 56d,Both,35265,intermittent,0.0055762081784386614,0.6388888888888888
relative,Min/Max,Both,35265,intermittent,0.01324349442379182,0.76
relative,SP Part Period Balancing,SAP only,35265,intermittent,0.0036013011152416356,0.6590909090909091
relative,WI Sliding Economic Lot Size,SAP only,35265,intermittent,0.004763011152416357,0.7592592592592593
relative,DY Dynamic Planning Calculation,SAP only,35265,intermittent,0.0034851301115241635,0.8571428571428571
relative,GR Groff Reorder Procedure,SAP only,35265,intermittent,0.008480483271375464,0.7019230769230769
relative,Calendar bucket 7d,SAP only,35265,intermittent,0.013359665427509293,0.6845238095238095
relative,Calendar bucket 28d,SAP only,35265,intermittent,0.00987453531598513,0.6589147286821705
relative,Short 7d / long 28d,SAP only,35265,intermittent,0.013940520446096654,0.8391608391608392
relative,Short 7d / long 56d,SAP only,35265,intermittent,0.011384758364312268,0.8521739130434782
relative,Per requirement,Both,90000B,intermittent,0.01475371747211896,0.7283236994219653
relative,Per period 7d,Both,90000B,intermittent,0.011617100371747211,0.6622516556291391
relative,Per period 14d,Both,90000B,intermittent,0.011965613382899629,0.7410071942446043
relative,Per period 28d,Both,90000B,intermittent,0.009177509293680297,0.7523809523809524
relative,Per period 56d,Both,90000B,intermittent,0.007551115241635688,0.7682926829268293
relative,Min/Max,Both,90000B,intermittent,0.01150092936802974,0.8114754098360656
relative,SP Part Period Balancing,SAP only,90000B,intermittent,0.006505576208178439,0.7887323943661971
relative,WI Sliding Economic Lot Size,SAP only,90000B,intermittent,0.0055762081784386614,0.7619047619047619
relative,DY Dynamic Planning Calculation,SAP only,90000B,intermittent,0.00383364312267658,0.7857142857142857
relative,GR Groff Reorder Procedure,SAP only,90000B,intermittent,0.011384758364312268,0.7461538461538462
relative,Calendar bucket 7d,SAP only,90000B,intermittent,0.012081784386617101,0.6380368098159509
relative,Calendar bucket 28d,SAP only,90000B,intermittent,0.011617100371747211,0.7142857142857143
relative,Short 7d / long 28d,SAP only,90000B,intermittent,0.013359665427509293,0.782312925170068
relative,Short 7d / long 56d,SAP only,90000B,intermittent,0.011733271375464684,0.8559322033898306
relative,Per requirement,Both,90194,intermittent,0.018355018587360595,0.7247706422018348
relative,Per period 7d,Both,90194,intermittent,0.01533457249070632,0.6875
relative,Per period 14d,Both,90194,intermittent,0.015218401486988848,0.6968085106382979
relative,Per period 28d,Both,90194,intermittent,0.011849442379182156,0.684931506849315
relative,Per period 56d,Both,90194,intermittent,0.009409851301115242,0.75
relative,Min/Max,Both,90194,intermittent,0.01150092936802974,0.75
relative,SP Part Period Balancing,SAP only,90194,intermittent,0.006854089219330855,0.75
relative,WI Sliding Economic Lot Size,SAP only,90194,intermittent,0.004879182156133829,0.84
relative,DY Dynamic Planning Calculation,SAP only,90194,intermittent,0.0045306691449814125,0.8297872340425532
relative,GR Groff Reorder Procedure,SAP only,90194,intermittent,0.013359665427509293,0.7320261437908496
relative,Calendar bucket 7d,SAP only,90194,intermittent,0.015683085501858735,0.703125
relative,Calendar bucket 28d,SAP only,90194,intermittent,0.010687732342007435,0.6133333333333333
relative,Short 7d / long 28d,SAP only,90194,intermittent,0.01638011152416357,0.7621621621621621
relative,Short 7d / long 56d,SAP only,90194,intermittent,0.012894981412639405,0.7350993377483444
relative,Per requirement,Both,20836,intermittent,0.022653345724907063,0.7386363636363636
relative,Per period 7d,Both,20836,intermittent,0.016147769516728624,0.6495327102803738
relative,Per period 14d,Both,20836,intermittent,0.01254646840148699,0.6524390243902439
relative,Per period 28d,Both,20836,intermittent,0.009177509293680297,0.6752136752136753
relative,Per period 56d,Both,20836,intermittent,0.005111524163568773,0.6285714285714286
relative,Min/Max,Both,20836,intermittent,0.014521375464684015,0.7575757575757576
relative,SP Part Period Balancing,SAP only,20836,intermittent,0.004763011152416357,0.6060606060606061
relative,WI Sliding Economic Lot Size,SAP only,20836,intermittent,0.006273234200743495,0.6923076923076923
relative,DY Dynamic Planning Calculation,SAP only,20836,intermittent,0.006157063197026022,0.7647058823529411
relative,GR Groff Reorder Procedure,SAP only,20836,intermittent,0.011384758364312268,0.7480916030534351
relative,Calendar bucket 7d,SAP only,20836,intermittent,0.017193308550185873,0.6519823788546255
relative,Calendar bucket 28d,SAP only,20836,intermittent,0.009526022304832713,0.6259541984732825
relative,Short 7d / long 28d,SAP only,20836,intermittent,0.017774163568773236,0.85
relative,Short 7d / long 56d,SAP only,20836,intermittent,0.011965613382899629,0.7862595419847328
relative,Per requirement,Both,37489A,intermittent,0.022304832713754646,0.6956521739130435
relative,Per period 7d,Both,37489A,intermittent,0.018935873605947954,0.6763485477178424
relative,Per period 14d,Both,37489A,intermittent,0.01486988847583643,0.7191011235955056
relative,Per period 28d,Both,37489A,intermittent,0.010339219330855019,0.625
relative,Per period 56d,Both,37489A,intermittent,0.007783457249070632,0.6633663366336634
relative,Min/Max,Both,37489A,intermittent,0.012430297397769517,0.7328767123287672
relative,SP Part Period Balancing,SAP only,37489A,intermittent,0.004065985130111524,0.875
relative,WI Sliding Economic Lot Size,SAP only,37489A,intermittent,0.0013940520446096654,0.9230769230769231
relative,DY Dynamic Planning Calculation,SAP only,37489A,intermittent,0.0,0.0
relative,GR Groff Reorder Procedure,SAP only,37489A,intermittent,0.007318773234200744,0.6161616161616161
relative,Calendar bucket 7d,SAP only,37489A,intermittent,0.02079460966542751,0.7047244094488189
relative,Calendar bucket 28d,SAP only,37489A,intermittent,0.011384758364312268,0.6012269938650306
relative,Short 7d / long 28d,SAP only,37489A,intermittent,0.020562267657992565,0.8349056603773585
relative,Short 7d / long 56d,SAP only,37489A,intermittent,0.014405204460966542,0.7848101265822784
relative,Per requirement,Both,90003E,intermittent,0.017193308550185873,0.6406926406926406
relative,Per period 7d,Both,90003E,intermittent,0.014986059479553903,0.6683937823834197
relative,Per period 14d,Both,90003E,intermittent,0.010223048327137546,0.6376811594202898
relative,Per period 28d,Both,90003E,intermittent,0.010223048327137546,0.6825396825396826
relative,Per period 56d,Both,90003E,intermittent,0.00766728624535316,0.64
relative,Min/Max,Both,90003E,intermittent,0.008945167286245352,0.7857142857142857
relative,SP Part Period Balancing,SAP only,90003E,intermittent,0.0055762081784386614,0.7868852459016393
relative,WI Sliding Economic Lot Size,SAP only,90003E,intermittent,0.0024395910780669145,0.7241379310344828
relative,DY Dynamic Planning Calculation,SAP only,90003E,intermittent,0.00383364312267658,0.8823529411764706
relative,GR Groff Reorder Procedure,SAP only,90003E,intermittent,0.012430297397769517,0.7720588235294118
relative,Calendar bucket 7d,SAP only,90003E,intermittent,0.016496282527881042,0.6893203883495146
relative,Calendar bucket 28d,SAP only,90003E,intermittent,0.011384758364312268,0.6357615894039735
relative,Short 7d / long 28d,SAP only,90003E,intermittent,0.01591542750929368,0.7828571428571428
relative,Short 7d / long 56d,SAP only,90003E,intermittent,0.013011152416356878,0.7832167832167832
relative,Per requirement,Both,22929,intermittent,0.016031598513011152,0.6699029126213593
relative,Per period 7d,Both,22929,intermittent,0.010803903345724907,0.7265625
relative,Per period 14d,Both,22929,intermittent,0.008248141263940521,0.6
relative,Per period 28d,Both,22929,intermittent,0.006854089219330855,0.6210526315789474
relative,Per period 56d,Both,22929,intermittent,0.005111524163568773,0.65625
relative,Min/Max,Both,22929,intermittent,0.015799256505576207,0.8143712574850299
relative,SP Part Period Balancing,SAP only,22929,intermittent,0.009061338289962825,0.6964285714285714
relative,WI Sliding Economic Lot Size,SAP only,22929,intermittent,0.008596654275092937,0.6759259259259259
relative,DY Dynamic Planning Calculation,SAP only,22929,intermittent,0.007551115241635688,0.6770833333333334
relative,GR Groff Reorder Procedure,SAP only,22929,intermittent,0.012197955390334572,0.7446808510638298
relative,Calendar bucket 7d,SAP only,22929,intermittent,0.012778810408921933,0.7142857142857143
relative,Calendar bucket 28d,SAP only,22929,intermittent,0.007434944237918215,0.6176470588235294
relative,Short 7d / long 28d,SAP only,22929,intermittent,0.013011152416356878,0.8615384615384616
relative,Short 7d / long 56d,SAP only,22929,intermittent,0.00871282527881041,0.7731958762886598
relative,Per requirement,Both,21672,erratic,0.4038104089219331,0.6922923720374428
relative,Per period 7d,Both,21672,erratic,0.0837592936802974,0.6018363939899833
relative,Per period 14d,Both,21672,erratic,0.045422862453531596,0.5818452380952381
relative,Per period 28d,Both,21672,erratic,0.03020446096654275,0.654911838790932
relative,Per period 56d,Both,21672,erratic,0.015799256505576207,0.6476190476190476
relative,Min/Max,Both,21672,erratic,0.04972118959107807,0.9324618736383442
relative,SP Part Period Balancing,SAP only,21672,erratic,0.07365241635687732,0.7741147741147741
relative,WI Sliding Economic Lot Size,SAP only,21672,erratic,0.08434014869888476,0.8231292517006803
relative,DY Dynamic Planning Calculation,SAP only,21672,erratic,0.02520910780669145,0.6231884057971014
relative,GR Groff Reorder Procedure,SAP only,21672,erratic,0.08898698884758365,0.7832310838445807
relative,Calendar bucket 7d,SAP only,21672,erratic,0.07295539033457249,0.5255230125523013
relative,Calendar bucket 28d,SAP only,21672,erratic,0.018238847583643122,0.4361111111111111
relative,Short 7d / long 28d,SAP only,21672,erratic,0.07574349442379182,0.9954198473282443
relative,Short 7d / long 56d,SAP only,21672,erratic,0.04368029739776952,0.9868766404199475
relative,Per requirement,Both,21578,erratic,0.23385223048327136,0.686327991817252
relative,Per period 7d,Both,21578,erratic,0.06900557620817843,0.6285714285714286
relative,Per period 14d,Both,21578,erratic,0.050882899628252785,0.697452229299363
relative,Per period 28d,Both,21578,erratic,0.03020446096654275,0.6989247311827957
relative,Per period 56d,Both,21578,erratic,0.015450743494423791,0.726775956284153
relative,Min/Max,Both,21578,erratic,0.03241171003717472,0.8558282208588958
relative,SP Part Period Balancing,SAP only,21578,erratic,0.043912639405204464,0.7944915254237288
relative,WI Sliding Economic Lot Size,SAP only,21578,erratic,0.03682620817843866,0.7136363636363636
relative,DY Dynamic Planning Calculation,SAP only,21578,erratic,0.020562267657992565,0.6889763779527559
relative,GR Groff Reorder Procedure,SAP only,21578,erratic,0.04867565055762082,0.693200663349917
relative,Calendar bucket 7d,SAP only,21578,erratic,0.07783457249070631,0.6014362657091562
relative,Calendar bucket 28d,SAP only,21578,erratic,0.022885687732342008,0.5457063711911357
relative,Short 7d / long 28d,SAP only,21578,erratic,0.07098048327137546,0.9791666666666666
relative,Short 7d / long 56d,SAP only,21578,erratic,0.041821561338289966,0.9809264305177112
relative,Per requirement,Both,22983,erratic,0.27764869888475835,0.6822723379960034
relative,Per period 7d,Both,22983,erratic,0.05099907063197026,0.5426452410383189
relative,Per period 14d,Both,22983,erratic,0.030436802973977696,0.5796460176991151
relative,Per period 28d,Both,22983,erratic,0.019865241635687734,0.6551724137931034
relative,Per period 56d,Both,22983,erratic,0.009642193308550186,0.5763888888888888
relative,Min/Max,Both,22983,erratic,0.04414498141263941,0.9026128266033254
relative,SP Part Period Balancing,SAP only,22983,erratic,0.024976765799256506,0.6677018633540373
relative,WI Sliding Economic Lot Size,SAP only,22983,erratic,0.03322490706319703,0.772972972972973
relative,DY Dynamic Planning Calculation,SAP only,22983,erratic,0.009409851301115242,0.7297297297297297
relative,GR Groff Reorder Procedure,SAP only,22983,erratic,0.04217007434944238,0.8084632516703786
relative,Calendar bucket 7d,SAP only,22983,erratic,0.046352230483271376,0.49503722084367247
relative,Calendar bucket 28d,SAP only,22983,erratic,0.01312732342007435,0.4346153846153846
relative,Short 7d / long 28d,SAP only,22983,erratic,0.051231412639405206,0.9954853273137697
relative,Short 7d / long 56d,SAP only,22983,erratic,0.029623605947955392,0.9845559845559846
relative,Per requirement,Both,21440,erratic,0.04356412639405204,0.7075471698113207
relative,Per period 7d,Both,21440,erratic,0.016612453531598514,0.680952380952381
relative,Per period 14d,Both,21440,erratic,0.00929368029739777,0.6299212598425197
relative,Per period 28d,Both,21440,erratic,0.005343866171003717,0.5897435897435898
relative,Per period 56d,Both,21440,erratic,0.0037174721189591076,0.7619047619047619
relative,Min/Max,Both,21440,erratic,0.018819702602230485,0.9364161849710982
relative,SP Part Period Balancing,SAP only,21440,erratic,0.005227695167286246,0.7586206896551724
relative,WI Sliding Economic Lot Size,SAP only,21440,erratic,0.007318773234200744,0.9130434782608695
relative,DY Dynamic Planning Calculation,SAP only,21440,erratic,0.0025557620817843866,0.8148148148148148
relative,GR Groff Reorder Procedure,SAP only,21440,erratic,0.011384758364312268,0.8305084745762712
relative,Calendar bucket 7d,SAP only,21440,erratic,0.015683085501858735,0.6136363636363636
relative,Calendar bucket 28d,SAP only,21440,erratic,0.004995353159851301,0.5733333333333334
relative,Short 7d / long 28d,SAP only,21440,erratic,0.01428903345724907,0.968503937007874
relative,Short 7d / long 56d,SAP only,21440,erratic,0.009177509293680297,0.9753086419753086
relative,Per requirement,Both,21471,erratic,0.21886617100371747,0.6931567328918322
relative,Per period 7d,Both,21471,erratic,0.06737918215613382,0.6111696522655427
relative,Per period 14d,Both,21471,erratic,0.05309014869888476,0.6998468606431854
relative,Per period 28d,Both,21471,erratic,0.03183085501858736,0.7306666666666667
relative,Per period 56d,Both,21471,erratic,0.020446096654275093,0.7586206896551724
relative,Min/Max,Both,21471,erratic,0.03671003717472119,0.8633879781420765
relative,SP Part Period Balancing,SAP only,21471,erratic,0.047281598513011155,0.805940594059406
relative,WI Sliding Economic Lot Size,SAP only,21471,erratic,0.048327137546468404,0.8303393213572854
relative,DY Dynamic Planning Calculation,SAP only,21471,erratic,0.02079460966542751,0.759656652360515
relative,GR Groff Reorder Procedure,SAP only,21471,erratic,0.056807620817843865,0.7201767304860088
relative,Calendar bucket 7d,SAP only,21471,erratic,0.0782992565055762,0.6050269299820467
relative,Calendar bucket 28d,SAP only,21471,erratic,0.020678438661710038,0.5086206896551724
relative,Short 7d / long 28d,SAP only,21471,erratic,0.07283921933085502,0.993660855784469
relative,Short 7d / long 56d,SAP only,21471,erratic,0.04170539033457249,0.9728997289972899
relative,Per requirement,Both,22678,erratic,0.18842936802973978,0.689332766680833
relative,Per period 7d,Both,22678,erratic,0.05901486988847584,0.654639175257732
relative,Per period 14d,Both,22678,erratic,0.036361524163568776,0.6688034188034188
relative,Per period 28d,Both,22678,erratic,0.028694237918215612,0.8071895424836601
relative,Per period 56d,Both,22678,erratic,0.014405204460966542,0.7151162790697675
relative,Min/Max,Both,22678,erratic,0.041008364312267655,0.8506024096385543
relative,SP Part Period Balancing,SAP only,22678,erratic,0.021607806691449814,0.6966292134831461
relative,WI Sliding Economic Lot Size,SAP only,22678,erratic,0.026370817843866173,0.795774647887324
relative,DY Dynamic Planning Calculation,SAP only,22678,erratic,0.009061338289962825,0.6902654867256637
relative,GR Groff Reorder Procedure,SAP only,22678,erratic,0.039962825278810406,0.7661469933184856
relative,Calendar bucket 7d,SAP only,22678,erratic,0.0595957249070632,0.5985997666277713
relative,Calendar bucket 28d,SAP only,22678,erratic,0.016612453531598514,0.5335820895522388
relative,Short 7d / long 28d,SAP only,22678,erratic,0.05494888475836431,0.9895397489539749
relative,Short 7d / long 56d,SAP only,22678,erratic,0.032992565055762084,0.9964912280701754
relative,Per requirement,Both,22952,erratic,0.22769516728624536,0.706815723043635
relative,Per period 7d,Both,22952,erratic,0.040427509293680296,0.5329249617151608
relative,Per period 14d,Both,22952,erratic,0.028694237918215612,0.6068796068796068
relative,Per period 28d,Both,22952,erratic,0.017774163568773236,0.6428571428571429
relative,Per period 56d,Both,22952,erratic,0.005227695167286246,0.47368421052631576
relative,Min/Max,Both,22952,erratic,0.03787174721189591,0.8534031413612565
relative,SP Part Period Balancing,SAP only,22952,erratic,0.057853159851301114,0.7769110764430577
relative,WI Sliding Economic Lot Size,SAP only,22952,erratic,0.05994423791821561,0.8113207547169812
relative,DY Dynamic Planning Calculation,SAP only,22952,erratic,0.029623605947955392,0.7822085889570553
relative,GR Groff Reorder Procedure,SAP only,22952,erratic,0.052393122676579924,0.710236220472441
relative,Calendar bucket 7d,SAP only,22952,erratic,0.038452602230483274,0.5100154083204931
relative,Calendar bucket 28d,SAP only,22952,erratic,0.012778810408921933,0.45643153526970953
relative,Short 7d / long 28d,SAP only,22952,erratic,0.04368029739776952,0.9616368286445013
relative,Short 7d / long 56d,SAP only,22952,erratic,0.0262546468401487,0.9495798319327731
relative,Per requirement,Both,21238,erratic,0.414614312267658,0.6980246430666928
relative,Per period 7d,Both,21238,erratic,0.08108736059479554,0.5735414954806902
relative,Per period 14d,Both,21238,erratic,0.05936338289962825,0.6786188579017264
relative,Per period 28d,Both,21238,erratic,0.03357342007434944,0.706601466992665
relative,Per period 56d,Both,21238,erratic,0.018703531598513012,0.7123893805309734
relative,Min/Max,Both,21238,erratic,0.04600371747211896,0.9339622641509434
relative,SP Part Period Balancing,SAP only,21238,erratic,0.05390334572490706,0.7388535031847133
relative,WI Sliding Economic Lot Size,SAP only,21238,erratic,0.06261617100371747,0.7985185185185185
relative,DY Dynamic Planning Calculation,SAP only,21238,erratic,0.026138475836431228,0.7352941176470589
relative,GR Groff Reorder Procedure,SAP only,21238,erratic,0.07411710037174721,0.7686746987951807
relative,Calendar bucket 7d,SAP only,21238,erratic,0.0766728624535316,0.5432098765432098
relative,Calendar bucket 28d,SAP only,21238,erratic,0.01858736059479554,0.44321329639889195
relative,Short 7d / long 28d,SAP only,21238,erratic,0.07632434944237919,0.9984802431610942
relative,Short 7d / long 56d,SAP only,21238,erratic,0.04437732342007435,0.9922077922077922
relative,Per requirement,Both,84510A,erratic,0.322839219330855,0.6916376306620209
relative,Per period 7d,Both,84510A,erratic,0.08050650557620818,0.6084284460052678
relative,Per period 14d,Both,84510A,erratic,0.056342936802973975,0.6938483547925608
relative,Per period 28d,Both,84510A,erratic,0.02973977695167286,0.6632124352331606
relative,Per period 56d,Both,84510A,erratic,0.01974907063197026,0.748898678414097
relative,Min/Max,Both,84510A,erratic,0.042983271375464684,0.9068627450980392
relative,SP Part Period Balancing,SAP only,84510A,erratic,0.037987918215613384,0.7730496453900709
relative,WI Sliding Economic Lot Size,SAP only,84510A,erratic,0.041356877323420076,0.8054298642533937
relative,DY Dynamic Planning Calculation,SAP only,84510A,erratic,0.01742565055762082,0.8522727272727273
relative,GR Groff Reorder Procedure,SAP only,84510A,erratic,0.0525092936802974,0.7596638655462185
relative,Calendar bucket 7d,SAP only,84510A,erratic,0.07609200743494424,0.5422185430463576
relative,Calendar bucket 28d,SAP only,84510A,erratic,0.01858736059479554,0.4444444444444444
relative,Short 7d / long 28d,SAP only,84510A,erratic,0.07574349442379182,0.9908814589665653
relative,Short 7d / long 56d,SAP only,84510A,erratic,0.04402881040892193,0.9921465968586387
relative,Per requirement,Both,20975,erratic,0.36605483271375466,0.6960459465429645
relative,Per period 7d,Both,20975,erratic,0.07655669144981413,0.6270218839200761
relative,Per period 14d,Both,20975,erratic,0.04611988847583643,0.6551155115511551
relative,Per period 28d,Both,20975,erratic,0.02741635687732342,0.6920821114369502
relative,Per period 56d,Both,20975,erratic,0.014405204460966542,0.6612903225806451
relative,Min/Max,Both,20975,erratic,0.0341542750929368,0.8909090909090909
relative,SP Part Period Balancing,SAP only,20975,erratic,0.06110594795539034,0.7804154302670623
relative,WI Sliding Economic Lot Size,SAP only,20975,erratic,0.06656598513011153,0.8162393162393162
relative,DY Dynamic Planning Calculation,SAP only,20975,erratic,0.02520910780669145,0.7091503267973857
relative,GR Groff Reorder Procedure,SAP only,20975,erratic,0.07342007434944238,0.7812113720642769
relative,Calendar bucket 7d,SAP only,20975,erratic,0.06389405204460967,0.5308880308880309
relative,Calendar bucket 28d,SAP only,20975,erratic,0.02184014869888476,0.5371428571428571
relative,Short 7d / long 28d,SAP only,20975,erratic,0.0662174721189591,0.991304347826087
relative,Short 7d / long 56d,SAP only,20975,erratic,0.03891728624535316,0.97953216374269
relative,Per requirement,Both,22379,erratic,0.5012778810408922,0.6853557814485387
relative,Per period 7d,Both,22379,erratic,0.08736059479553904,0.5811437403400309
relative,Per period 14d,Both,22379,erratic,0.07388475836431227,0.7662650602409639
relative,Per period 28d,Both,22379,erratic,0.03868494423791822,0.7637614678899083
relative,Per period 56d,Both,22379,erratic,0.022072490706319704,0.7916666666666666
relative,Min/Max,Both,22379,erratic,0.03671003717472119,0.8705234159779615
relative,SP Part Period Balancing,SAP only,22379,erratic,0.10153345724907063,0.7653239929947461
relative,WI Sliding Economic Lot Size,SAP only,22379,erratic,0.11222118959107806,0.7892156862745098
relative,DY Dynamic Planning Calculation,SAP only,22379,erratic,0.04495817843866171,0.6689774696707106
relative,GR Groff Reorder Procedure,SAP only,22379,erratic,0.1037407063197026,0.7355848434925865
relative,Calendar bucket 7d,SAP only,22379,erratic,0.07144516728624535,0.5036855036855037
relative,Calendar bucket 28d,SAP only,22379,erratic,0.023466542750929367,0.5246753246753246
relative,Short 7d / long 28d,SAP only,22379,erratic,0.07702137546468402,0.9969924812030075
relative,Short 7d / long 56d,SAP only,22379,erratic,0.04472583643122677,0.9948320413436692
relative,Per requirement,Both,21259,erratic,0.3337592936802974,0.6782341831916903
relative,Per period 7d,Both,21259,erratic,0.0774860594795539,0.5845749342681859
relative,Per period 14d,Both,21259,erratic,0.04855947955390334,0.6192592592592593
relative,Per period 28d,Both,21259,erratic,0.04007899628252788,0.8
relative,Per period 56d,Both,21259,erratic,0.02032992565055762,0.7510729613733905
relative,Min/Max,Both,21259,erratic,0.04054368029739777,0.8994845360824743
relative,SP Part Period Balancing,SAP only,21259,erratic,0.0674953531598513,0.757496740547588
relative,WI Sliding Economic Lot Size,SAP only,21259,erratic,0.07690520446096655,0.8063337393422655
relative,DY Dynamic Planning Calculation,SAP only,21259,erratic,0.03310873605947955,0.7519788918205804
relative,GR Groff Reorder Procedure,SAP only,21259,erratic,0.07481412639405205,0.7376861397479955
relative,Calendar bucket 7d,SAP only,21259,erratic,0.07946096654275094,0.5662251655629139
relative,Calendar bucket 28d,SAP only,21259,erratic,0.020910780669144983,0.4904632152588556
relative,Short 7d / long 28d,SAP only,21259,erratic,0.07562732342007435,0.9908675799086758
relative,Short 7d / long 56d,SAP only,21259,erratic,0.04379646840148699,0.9869109947643979
relative,Per requirement,Both,22902,erratic,0.14591078066914498,0.6874657909140668
relative,Per period 7d,Both,22902,erratic,0.047978624535315983,0.6383307573415765
relative,Per period 14d,Both,22902,erratic,0.03066914498141264,0.6255924170616114
relative,Per period 28d,Both,22902,erratic,0.021956319702602232,0.7325581395348837
relative,Per period 56d,Both,22902,erratic,0.011965613382899629,0.7202797202797203
relative,Min/Max,Both,22902,erratic,0.03276022304832714,0.8571428571428571
relative,SP Part Period Balancing,SAP only,22902,erratic,0.031482342007434945,0.8017751479289941
relative,WI Sliding Economic Lot Size,SAP only,22902,erratic,0.03822026022304833,0.8501291989664083
relative,DY Dynamic Planning Calculation,SAP only,22902,erratic,0.016612453531598514,0.7566137566137566
relative,GR Groff Reorder Procedure,SAP only,22902,erratic,0.042983271375464684,0.7535641547861507
relative,Calendar bucket 7d,SAP only,22902,erratic,0.05552973977695167,0.6347941567065073
relative,Calendar bucket 28d,SAP only,22902,erratic,0.01742565055762082,0.5905511811023622
relative,Short 7d / long 28d,SAP only,22902,erratic,0.04902416356877323,0.9836829836829837
relative,Short 7d / long 56d,SAP only,22902,erratic,0.02846189591078067,0.9683794466403162
relative,Per requirement,Both,82582,erratic,0.38394516728624534,0.691277975318971
relative,Per period 7d,Both,82582,erratic,0.0837592936802974,0.6247833622183708
relative,Per period 14d,Both,82582,erratic,0.05587825278810409,0.6822695035460993
relative,Per period 28d,Both,82582,erratic,0.03217936802973978,0.7139175257731959
relative,Per period 56d,Both,82582,erratic,0.015566914498141264,0.6733668341708543
relative,Min/Max,Both,82582,erratic,0.04611988847583643,0.927570093457944
relative,SP Part Period Balancing,SAP only,82582,erratic,0.08294609665427509,0.8225806451612904
relative,WI Sliding Economic Lot Size,SAP only,82582,erratic,0.08131970260223048,0.8055235903337169
relative,DY Dynamic Planning Calculation,SAP only,82582,erratic,0.03357342007434944,0.6848341232227488
relative,GR Groff Reorder Procedure,SAP only,82582,erratic,0.07644052044609666,0.7199124726477024
relative,Calendar bucket 7d,SAP only,82582,erratic,0.0737685873605948,0.5684870188003581
relative,Calendar bucket 28d,SAP only,82582,erratic,0.02184014869888476,0.5136612021857924
relative,Short 7d / long 28d,SAP only,82582,erratic,0.07109665427509294,0.9918962722852512
relative,Short 7d / long 56d,SAP only,82582,erratic,0.042053903345724904,0.9757412398921833
relative,Per requirement,Both,22070,erratic,0.20260223048327136,0.6799220272904484
relative,Per period 7d,Both,22070,erratic,0.06784386617100371,0.6488888888888888
relative,Per period 14d,Both,22070,erratic,0.047978624535315983,0.6826446280991736
relative,Per period 28d,Both,22070,erratic,0.028810408921933085,0.6966292134831461
relative,Per period 56d,Both,22070,erratic,0.01591542750929368,0.7098445595854922
relative,Min/Max,Both,22070,erratic,0.026603159851301114,0.8576779026217228
relative,SP Part Period Balancing,SAP only,22070,erratic,0.043447955390334574,0.7648261758691206
relative,WI Sliding Economic Lot Size,SAP only,22070,erratic,0.03926579925650558,0.7629796839729119
relative,DY Dynamic Planning Calculation,SAP only,22070,erratic,0.02509293680297398,0.7605633802816901
relative,GR Groff Reorder Procedure,SAP only,22070,erratic,0.06575278810408922,0.7760989010989011
relative,Calendar bucket 7d,SAP only,22070,erratic,0.0687732342007435,0.5985844287158746
relative,Calendar bucket 28d,SAP only,22070,erratic,0.023815055762081785,0.6011730205278593
relative,Short 7d / long 28d,SAP only,22070,erratic,0.06528810408921933,0.9672977624784854
relative,Short 7d / long 56d,SAP only,22070,erratic,0.0383364312267658,0.953757225433526
relative,Per requirement,Both,20692,erratic,0.042402416356877325,0.7270916334661355
relative,Per period 7d,Both,20692,erratic,0.015102230483271376,0.6666666666666666
relative,Per period 14d,Both,20692,erratic,0.009758364312267658,0.7033898305084746
relative,Per period 28d,Both,20692,erratic,0.0045306691449814125,0.7222222222222222
relative,Per period 56d,Both,20692,erratic,0.0037174721189591076,0.8648648648648649
relative,Min/Max,Both,20692,erratic,0.010106877323420074,0.8613861386138614
relative,SP Part Period Balancing,SAP only,20692,erratic,0.009061338289962825,0.8131868131868132
relative,WI Sliding Economic Lot Size,SAP only,20692,erratic,0.007899628252788104,0.7021276595744681
relative,DY Dynamic Planning Calculation,SAP only,20692,erratic,0.004995353159851301,0.8297872340425532
relative,GR Groff Reorder Procedure,SAP only,20692,erratic,0.01266263940520446,0.7898550724637681
relative,Calendar bucket 7d,SAP only,20692,erratic,0.01486988847583643,0.6432160804020101
relative,Calendar bucket 28d,SAP only,20692,erratic,0.005343866171003717,0.6388888888888888
relative,Short 7d / long 28d,SAP only,20692,erratic,0.01324349442379182,0.9344262295081968
relative,Short 7d / long 56d,SAP only,20692,erratic,0.00871282527881041,0.9146341463414634
relative,Per requirement,Both,21889,erratic,0.4118262081784387,0.6959167648213584
relative,Per period 7d,Both,21889,erratic,0.07504646840148699,0.5636998254799301
relative,Per period 14d,Both,21889,erratic,0.056691449814126396,0.6815642458100558
relative,Per period 28d,Both,21889,erratic,0.03659386617100372,0.7446808510638298
relative,Per period 56d,Both,21889,erratic,0.023350371747211895,0.8237704918032787
relative,Min/Max,Both,21889,erratic,0.041937732342007435,0.891358024691358
relative,SP Part Period Balancing,SAP only,21889,erratic,0.0779507434944238,0.7940828402366864
relative,WI Sliding Economic Lot Size,SAP only,21889,erratic,0.09212360594795539,0.8572972972972973
relative,DY Dynamic Planning Calculation,SAP only,21889,erratic,0.029855947955390334,0.6556122448979592
relative,GR Groff Reorder Procedure,SAP only,21889,erratic,0.08526951672862454,0.7512794268167861
relative,Calendar bucket 7d,SAP only,21889,erratic,0.07678903345724906,0.5458298926507019
relative,Calendar bucket 28d,SAP only,21889,erratic,0.021491635687732342,0.4959785522788204
relative,Short 7d / long 28d,SAP only,21889,erratic,0.07609200743494424,0.9969558599695586
relative,Short 7d / long 56d,SAP only,21889,erratic,0.04402881040892193,0.9921465968586387
relative,Per requirement,Both,21115,erratic,0.2611524163568773,0.7003115264797508
relative,Per period 7d,Both,21115,erratic,0.0716775092936803,0.5826251180358829
relative,Per period 14d,Both,21115,erratic,0.04821096654275093,0.6384615384615384
relative,Per period 28d,Both,21115,erratic,0.02648698884758364,0.631578947368421
relative,Per period 56d,Both,21115,erratic,0.01974907063197026,0.7456140350877193
relative,Min/Max,Both,21115,erratic,0.030320631970260224,0.8847457627118644
relative,SP Part Period Balancing,SAP only,21115,erratic,0.05808550185873606,0.831946755407654
relative,WI Sliding Economic Lot Size,SAP only,21115,erratic,0.047281598513011155,0.7509225092250923
relative,DY Dynamic Planning Calculation,SAP only,21115,erratic,0.02079460966542751,0.7336065573770492
relative,GR Groff Reorder Procedure,SAP only,21115,erratic,0.057853159851301114,0.7094017094017094
relative,Calendar bucket 7d,SAP only,21115,erratic,0.07736988847583644,0.5615514333895447
relative,Calendar bucket 28d,SAP only,21115,erratic,0.019865241635687734,0.48169014084507045
relative,Short 7d / long 28d,SAP only,21115,erratic,0.07493029739776952,0.9907834101382489
relative,Short 7d / long 56d,SAP only,21115,erratic,0.0433317843866171,0.9841688654353562
relative,Per requirement,Both,22365,erratic,0.2762546468401487,0.6943065693430657
relative,Per period 7d,Both,22365,erratic,0.07469795539033457,0.5975836431226765
relative,Per period 14d,Both,22365,erratic,0.052276951672862455,0.6627393225331369
relative,Per period 28d,Both,22365,erratic,0.03392193308550186,0.7281795511221946
relative,Per period 56d,Both,22365,erratic,0.020097583643122675,0.7688888888888888
relative,Min/Max,Both,22365,erratic,0.019052044609665426,0.803921568627451
relative,SP Part Period Balancing,SAP only,22365,erratic,0.06087360594795539,0.7660818713450293
relative,WI Sliding Economic Lot Size,SAP only,22365,erratic,0.061686802973977696,0.7831858407079646
relative,DY Dynamic Planning Calculation,SAP only,22365,erratic,0.028810408921933085,0.6613333333333333
relative,GR Groff Reorder Procedure,SAP only,22365,erratic,0.07353624535315985,0.7250859106529209
relative,Calendar bucket 7d,SAP only,22365,erratic,0.0795771375464684,0.5746644295302014
relative,Calendar bucket 28d,SAP only,22365,erratic,0.02532527881040892,0.6089385474860335
relative,Short 7d / long 28d,SAP only,22365,erratic,0.07562732342007435,0.9923780487804879
relative,Short 7d / long 56d,SAP only,22365,erratic,0.043447955390334574,0.9868073878627969
relative,Per requirement,Both,21918,erratic,0.3945167286245353,0.6953316953316954
relative,Per period 7d,Both,21918,erratic,0.08921933085501858,0.6208569118835894
relative,Per period 14d,Both,21918,erratic,0.06273234200743494,0.7068062827225131
relative,Per period 28d,Both,21918,erratic,0.03729089219330855,0.7413394919168591
relative,Per period 56d,Both,21918,erratic,0.01963289962825279,0.7477876106194691
relative,Min/Max,Both,21918,erratic,0.03519981412639405,0.8583569405099151
relative,SP Part Period Balancing,SAP only,21918,erratic,0.052276951672862455,0.7992895204262878
relative,WI Sliding Economic Lot Size,SAP only,21918,erratic,0.057388475836431224,0.8330522765598651
relative,DY Dynamic Planning Calculation,SAP only,21918,erratic,0.0191682156133829,0.717391304347826
relative,GR Groff Reorder Procedure,SAP only,21918,erratic,0.05796933085501859,0.7349042709867453
relative,Calendar bucket 7d,SAP only,21918,erratic,0.07934479553903345,0.5584627964022895
relative,Calendar bucket 28d,SAP only,21918,erratic,0.021143122676579924,0.4776902887139108
relative,Short 7d / long 28d,SAP only,21918,erratic,0.07690520446096655,0.9969879518072289
relative,Short 7d / long 56d,SAP only,21918,erratic,0.04426115241635688,0.9921875
relative,Per requirement,Both,20977,erratic,0.2688197026022305,0.6836041358936484
relative,Per period 7d,Both,20977,erratic,0.07237453531598513,0.6150049358341559
relative,Per period 14d,Both,20977,erratic,0.05146375464684015,0.6825885978428351
relative,Per period 28d,Both,20977,erratic,0.029972118959107806,0.7010869565217391
relative,Per period 56d,Both,20977,erratic,0.01742565055762082,0.7376237623762376
relative,Min/Max,Both,20977,erratic,0.037407063197026025,0.8679245283018868
relative,SP Part Period Balancing,SAP only,20977,erratic,0.04414498141263941,0.7770961145194274
relative,WI Sliding Economic Lot Size,SAP only,20977,erratic,0.04426115241635688,0.7933194154488518
relative,DY Dynamic Planning Calculation,SAP only,20977,erratic,0.016147769516728624,0.7239583333333334
relative,GR Groff Reorder Procedure,SAP only,20977,erratic,0.056691449814126396,0.7416413373860182
relative,Calendar bucket 7d,SAP only,20977,erratic,0.07493029739776952,0.5885036496350365
relative,Calendar bucket 28d,SAP only,20977,erratic,0.018935873605947954,0.46175637393767704
relative,Short 7d / long 28d,SAP only,20977,erratic,0.06981877323420074,0.9884868421052632
relative,Short 7d / long 56d,SAP only,20977,erratic,0.0412407063197026,0.9916201117318436
relative,Per requirement,Both,20718,erratic,0.4799024163568773,0.6906871760575155
relative,Per period 7d,Both,20718,erratic,0.08921933085501858,0.5800604229607251
relative,Per period 14d,Both,20718,erratic,0.06447490706319703,0.7115384615384616
relative,Per period 28d,Both,20718,erratic,0.04228624535315985,0.8
relative,Per period 56d,Both,20718,erratic,0.02300185873605948,0.8114754098360656
relative,Min/Max,Both,20718,erratic,0.04519052044609666,0.9174528301886793
relative,SP Part Period Balancing,SAP only,20718,erratic,0.08817379182156133,0.8205405405405405
relative,WI Sliding Economic Lot Size,SAP only,20718,erratic,0.09131040892193308,0.804503582395087
relative,DY Dynamic Planning Calculation,SAP only,20718,erratic,0.03461895910780669,0.7011764705882353
relative,GR Groff Reorder Procedure,SAP only,20718,erratic,0.08526951672862454,0.7260138476755688
relative,Calendar bucket 7d,SAP only,20718,erratic,0.07318773234200744,0.5101214574898786
relative,Calendar bucket 28d,SAP only,20718,erratic,0.018703531598513012,0.42933333333333334
relative,Short 7d / long 28d,SAP only,20718,erratic,0.07760223048327138,0.9955290611028316
relative,Short 7d / long 56d,SAP only,20718,erratic,0.04472583643122677,0.9948320413436692
relative,Per requirement,Both,22349,erratic,0.2190985130111524,0.6938925680647535
relative,Per period 7d,Both,22349,erratic,0.06865706319702602,0.618848167539267
relative,Per period 14d,Both,22349,erratic,0.051696096654275096,0.7041139240506329
relative,Per period 28d,Both,22349,erratic,0.02950743494423792,0.7075208913649025
relative,Per period 56d,Both,22349,erratic,0.017890334572490705,0.7738693467336684
relative,Min/Max,Both,22349,erratic,0.01974907063197026,0.9090909090909091
relative,SP Part Period Balancing,SAP only,22349,erratic,0.047862453531598514,0.7773584905660378
relative,WI Sliding Economic Lot Size,SAP only,22349,erratic,0.04426115241635688,0.7529644268774703
relative,DY Dynamic Planning Calculation,SAP only,22349,erratic,0.020562267657992565,0.708
relative,GR Groff Reorder Procedure,SAP only,22349,erratic,0.06064126394052045,0.7489239598278336
relative,Calendar bucket 7d,SAP only,22349,erratic,0.0795771375464684,0.6301747930082797
relative,Calendar bucket 28d,SAP only,22349,erratic,0.021491635687732342,0.5225988700564972
relative,Short 7d / long 28d,SAP only,22349,erratic,0.07016728624535316,0.9805194805194806
relative,Short 7d / long 56d,SAP only,22349,erratic,0.041473048327137545,0.9780821917808219
relative,Per requirement,Both,22107,erratic,0.16136152416356878,0.6855873642645607
relative,Per period 7d,Both,22107,erratic,0.04553903345724907,0.5975609756097561
relative,Per period 14d,Both,22107,erratic,0.0262546468401487,0.5824742268041238
relative,Per period 28d,Both,22107,erratic,0.02520910780669145,0.7640845070422535
relative,Per period 56d,Both,22107,erratic,0.015218401486988848,0.808641975308642
relative,Min/Max,Both,22107,erratic,0.02683550185873606,0.8339350180505415
relative,SP Part Period Balancing,SAP only,22107,erratic,0.02532527881040892,0.7147540983606557
relative,WI Sliding Economic Lot Size,SAP only,22107,erratic,0.028810408921933085,0.7725856697819314
relative,DY Dynamic Planning Calculation,SAP only,22107,erratic,0.011965613382899629,0.7518248175182481
relative,GR Groff Reorder Procedure,SAP only,22107,erratic,0.040427509293680296,0.759825327510917
relative,Calendar bucket 7d,SAP only,22107,erratic,0.04972118959107807,0.6193921852387844
relative,Calendar bucket 28d,SAP only,22107,erratic,0.0170771375464684,0.5568181818181818
relative,Short 7d / long 28d,SAP only,22107,erratic,0.04867565055762082,0.9744186046511628
relative,Short 7d / long 56d,SAP only,22107,erratic,0.02904275092936803,0.9505703422053232
relative,Per requirement,Both,22274,erratic,0.3236524163568773,0.6826758147512865
relative,Per period 7d,Both,22274,erratic,0.08933550185873607,0.6478517270429655
relative,Per period 14d,Both,22274,erratic,0.057736988847583645,0.6951048951048951
relative,Per period 28d,Both,22274,erratic,0.0333410780669145,0.7139303482587065
relative,Per period 56d,Both,22274,erratic,0.018006505576208177,0.7013574660633484
relative,Min/Max,Both,22274,erratic,0.03473513011152416,0.8742690058479532
relative,SP Part Period Balancing,SAP only,22274,erratic,0.06064126394052045,0.7767857142857143
relative,WI Sliding Economic Lot Size,SAP only,22274,erratic,0.06796003717472118,0.8453757225433526
relative,DY Dynamic Planning Calculation,SAP only,22274,erratic,0.028229553903345726,0.7682539682539683
relative,GR Groff Reorder Procedure,SAP only,22274,erratic,0.07632434944237919,0.7648428405122235
relative,Calendar bucket 7d,SAP only,22274,erratic,0.07527881040892194,0.542713567839196
relative,Calendar bucket 28d,SAP only,22274,erratic,0.02242100371747212,0.5092348284960422
relative,Short 7d / long 28d,SAP only,22274,erratic,0.0758596654275093,0.9954268292682927
relative,Short 7d / long 56d,SAP only,22274,erratic,0.04460966542750929,0.9974025974025974
relative,Per requirement,Both,47590B,erratic,0.4121747211895911,0.6928334309705135
relative,Per period 7d,Both,47590B,erratic,0.08015799256505576,0.5740432612312812
relative,Per period 14d,Both,47590B,erratic,0.06401022304832714,0.7170795306388527
relative,Per period 28d,Both,47590B,erratic,0.03217936802973978,0.6873449131513648
relative,Per period 56d,Both,47590B,erratic,0.02427973977695167,0.842741935483871
relative,Min/Max,Both,47590B,erratic,0.03810408921933085,0.8770053475935828
relative,SP Part Period Balancing,SAP only,47590B,erratic,0.09711895910780668,0.7857142857142857
relative,WI Sliding Economic Lot Size,SAP only,47590B,erratic,0.12105018587360594,0.8562037797863599
relative,DY Dynamic Planning Calculation,SAP only,47590B,erratic,0.04600371747211896,0.6533996683250415
relative,GR Groff Reorder Procedure,SAP only,47590B,erratic,0.09886152416356878,0.7359307359307359
relative,Calendar bucket 7d,SAP only,47590B,erratic,0.07841542750929369,0.5532786885245902
relative,Calendar bucket 28d,SAP only,47590B,erratic,0.02137546468401487,0.4842105263157895
relative,Short 7d / long 28d,SAP only,47590B,erratic,0.07713754646840149,0.996996996996997
relative,Short 7d / long 56d,SAP only,47590B,erratic,0.043912639405204464,0.9869451697127938
relative,Per requirement,Both,23184,erratic,0.15404275092936803,0.6796514607893388
relative,Per period 7d,Both,23184,erratic,0.03136617100371747,0.5498981670061099
relative,Per period 14d,Both,23184,erratic,0.016031598513011152,0.4981949458483754
relative,Per period 28d,Both,23184,erratic,0.012081784386617101,0.6265060240963856
relative,Per period 56d,Both,23184,erratic,0.008248141263940521,0.696078431372549
relative,Min/Max,Both,23184,erratic,0.03264405204460966,0.8338278931750742
relative,SP Part Period Balancing,SAP only,23184,erratic,0.030320631970260224,0.7933130699088146
relative,WI Sliding Economic Lot Size,SAP only,23184,erratic,0.030901486988847583,0.8109756097560976
relative,DY Dynamic Planning Calculation,SAP only,23184,erratic,0.01254646840148699,0.72
relative,GR Groff Reorder Procedure,SAP only,23184,erratic,0.03519981412639405,0.7408312958435208
relative,Calendar bucket 7d,SAP only,23184,erratic,0.031947026022304835,0.527831094049904
relative,Calendar bucket 28d,SAP only,23184,erratic,0.009177509293680297,0.4968553459119497
relative,Short 7d / long 28d,SAP only,23184,erratic,0.03392193308550186,0.9931972789115646
relative,Short 7d / long 56d,SAP only,23184,erratic,0.019865241635687734,0.9827586206896551
relative,Per requirement,Both,23174,erratic,0.1467239776951673,0.700110864745011
relative,Per period 7d,Both,23174,erratic,0.03485130111524164,0.6802721088435374
relative,Per period 14d,Both,23174,erratic,0.022885687732342008,0.7576923076923077
relative,Per period 28d,Both,23174,erratic,0.01475371747211896,0.8141025641025641
relative,Per period 56d,Both,23174,erratic,0.00929368029739777,0.8494623655913979
relative,Min/Max,Both,23174,erratic,0.021956319702602232,0.8146551724137931
relative,SP Part Period Balancing,SAP only,23174,erratic,0.028229553903345726,0.7275449101796407
relative,WI Sliding Economic Lot Size,SAP only,23174,erratic,0.030436802973977696,0.7744807121661721
relative,DY Dynamic Planning Calculation,SAP only,23174,erratic,0.013592007434944238,0.639344262295082
relative,GR Groff Reorder Procedure,SAP only,23174,erratic,0.03554832713754647,0.7727272727272727
relative,Calendar bucket 7d,SAP only,23174,erratic,0.02683550185873606,0.559322033898305
relative,Calendar bucket 28d,SAP only,23174,erratic,0.009642193308550186,0.5804195804195804
relative,Short 7d / long 28d,SAP only,23174,erratic,0.02695167286245353,1.0
relative,Short 7d / long 56d,SAP only,23174,erratic,0.015683085501858735,0.9782608695652174
relative,Per requirement,Both,22894,erratic,0.1387081784386617,0.6846330275229358
relative,Per period 7d,Both,22894,erratic,0.04519052044609666,0.6087636932707355
relative,Per period 14d,Both,22894,erratic,0.024976765799256506,0.5501285347043702
relative,Per period 28d,Both,22894,erratic,0.014056691449814127,0.5286343612334802
relative,Per period 56d,Both,22894,erratic,0.01312732342007435,0.7337662337662337
relative,Min/Max,Both,22894,erratic,0.03763940520446097,0.9101123595505618
relative,SP Part Period Balancing,SAP only,22894,erratic,0.03729089219330855,0.7886977886977887
relative,WI Sliding Economic Lot Size,SAP only,22894,erratic,0.040892193308550186,0.8167053364269141
relative,DY Dynamic Planning Calculation,SAP only,22894,erratic,0.013940520446096654,0.6521739130434783
relative,GR Groff Reorder Procedure,SAP only,22894,erratic,0.03903345724907063,0.6781376518218624
relative,Calendar bucket 7d,SAP only,22894,erratic,0.04774628252788104,0.5879828326180258
relative,Calendar bucket 28d,SAP only,22894,erratic,0.01486988847583643,0.5140562248995983
relative,Short 7d / long 28d,SAP only,22894,erratic,0.046933085501858735,0.9829683698296837
relative,Short 7d / long 56d,SAP only,22894,erratic,0.026603159851301114,0.9346938775510204
relative,Per requirement,Both,22972,erratic,0.16194237918215612,0.7008547008547008
relative,Per period 7d,Both,22972,erratic,0.041356877323420076,0.6095890410958904
relative,Per period 14d,Both,22972,erratic,0.02509293680297398,0.6206896551724138
relative,Per period 28d,Both,22972,erratic,0.01696096654275093,0.6636363636363637
relative,Per period 56d,Both,22972,erratic,0.008945167286245352,0.6311475409836066
relative,Min/Max,Both,22972,erratic,0.03438661710037175,0.8268156424581006
relative,SP Part Period Balancing,SAP only,22972,erratic,0.02462825278810409,0.6928104575163399
relative,WI Sliding Economic Lot Size,SAP only,22972,erratic,0.03055297397769517,0.7945619335347432
relative,DY Dynamic Planning Calculation,SAP only,22972,erratic,0.013475836431226766,0.7581699346405228
relative,GR Groff Reorder Procedure,SAP only,22972,erratic,0.03810408921933085,0.7681498829039812
relative,Calendar bucket 7d,SAP only,22972,erratic,0.04519052044609666,0.5966257668711656
relative,Calendar bucket 28d,SAP only,22972,erratic,0.01475371747211896,0.5431034482758621
relative,Short 7d / long 28d,SAP only,22972,erratic,0.042518587360594794,0.9891891891891892
relative,Short 7d / long 56d,SAP only,22972,erratic,0.02520910780669145,0.9730941704035875
relative,Per requirement,Both,22694,erratic,0.2688197026022305,0.6840082766775052
relative,Per period 7d,Both,22694,erratic,0.05715613382899628,0.5795053003533569
relative,Per period 14d,Both,22694,erratic,0.03763940520446097,0.6377952755905512
relative,Per period 28d,Both,22694,erratic,0.020562267657992565,0.6145833333333334
relative,Per period 56d,Both,22694,erratic,0.011617100371747211,0.6211180124223602
relative,Min/Max,Both,22694,erratic,0.03368959107806691,0.8100558659217877
relative,SP Part Period Balancing,SAP only,22694,erratic,0.04855947955390334,0.7385159010600707
relative,WI Sliding Economic Lot Size,SAP only,22694,erratic,0.049837360594795536,0.7592920353982301
relative,DY Dynamic Planning Calculation,SAP only,22694,erratic,0.02032992565055762,0.6862745098039216
relative,GR Groff Reorder Procedure,SAP only,22694,erratic,0.05982806691449814,0.762962962962963
relative,Calendar bucket 7d,SAP only,22694,erratic,0.04821096654275093,0.4893867924528302
relative,Calendar bucket 28d,SAP only,22694,erratic,0.013824349442379182,0.4343065693430657
relative,Short 7d / long 28d,SAP only,22694,erratic,0.0554135687732342,0.99375
relative,Short 7d / long 56d,SAP only,22694,erratic,0.032527881040892194,0.9893992932862191
relative,Per requirement,Both,85199S,erratic,0.17390799256505576,0.665629168519342
relative,Per period 7d,Both,85199S,erratic,0.04472583643122677,0.5842185128983308
relative,Per period 14d,Both,85199S,erratic,0.03775557620817844,0.7319819819819819
relative,Per period 28d,Both,85199S,erratic,0.021026951672862452,0.7042801556420234
relative,Per period 56d,Both,85199S,erratic,0.013359665427509293,0.7615894039735099
relative,Min/Max,Both,85199S,erratic,0.02683550185873606,0.8339350180505415
relative,SP Part Period Balancing,SAP only,85199S,erratic,0.02300185873605948,0.8354430379746836
relative,WI Sliding Economic Lot Size,SAP only,85199S,erratic,0.022885687732342008,0.8528138528138528
relative,DY Dynamic Planning Calculation,SAP only,85199S,erratic,0.008828996282527882,0.7238095238095238
relative,GR Groff Reorder Procedure,SAP only,85199S,erratic,0.027067843866171004,0.7191358024691358
relative,Calendar bucket 7d,SAP only,85199S,erratic,0.053322490706319704,0.6161073825503356
relative,Calendar bucket 28d,SAP only,85199S,erratic,0.014986059479553903,0.5443037974683544
relative,Short 7d / long 28d,SAP only,85199S,erratic,0.04763011152416357,0.9855769230769231
relative,Short 7d / long 56d,SAP only,85199S,erratic,0.028810408921933085,0.9841269841269841
relative,Per requirement,Both,22361,erratic,0.3120353159851301,0.6848546659867415
relative,Per period 7d,Both,22361,erratic,0.07736988847583644,0.5957066189624329
relative,Per period 14d,Both,22361,erratic,0.046236059479553906,0.6113671274961597
relative,Per period 28d,Both,22361,erratic,0.031947026022304835,0.7198952879581152
relative,Per period 56d,Both,22361,erratic,0.019516728624535316,0.7336244541484717
relative,Min/Max,Both,22361,erratic,0.03136617100371747,0.8571428571428571
relative,SP Part Period Balancing,SAP only,22361,erratic,0.04460966542750929,0.7757575757575758
relative,WI Sliding Economic Lot Size,SAP only,22361,erratic,0.047281598513011155,0.7857142857142857
relative,DY Dynamic Planning Calculation,SAP only,22361,erratic,0.020562267657992565,0.7375
relative,GR Groff Reorder Procedure,SAP only,22361,erratic,0.062267657992565055,0.7570621468926554
relative,Calendar bucket 7d,SAP only,22361,erratic,0.07342007434944238,0.5415595544130248
relative,Calendar bucket 28d,SAP only,22361,erratic,0.020446096654275093,0.49577464788732395
relative,Short 7d / long 28d,SAP only,22361,erratic,0.07388475836431227,0.9953051643192489
relative,Short 7d / long 56d,SAP only,22361,erratic,0.042402416356877325,0.9838274932614556
relative,Per requirement,Both,23177,erratic,0.15078996282527882,0.6795811518324607
relative,Per period 7d,Both,23177,erratic,0.03508364312267658,0.601593625498008
relative,Per period 14d,Both,23177,erratic,0.024512081784386616,0.7128378378378378
relative,Per period 28d,Both,23177,erratic,0.015218401486988848,0.7401129943502824
relative,Per period 56d,Both,23177,erratic,0.010571561338289962,0.8348623853211009
relative,Min/Max,Both,23177,erratic,0.018355018587360595,0.8186528497409327
relative,SP Part Period Balancing,SAP only,23177,erratic,0.022769516728624536,0.7232472324723247
relative,WI Sliding Economic Lot Size,SAP only,23177,erratic,0.024512081784386616,0.7535714285714286
relative,DY Dynamic Planning Calculation,SAP only,23177,erratic,0.01370817843866171,0.7421383647798742
relative,GR Groff Reorder Procedure,SAP only,23177,erratic,0.028810408921933085,0.7251461988304093
relative,Calendar bucket 7d,SAP only,23177,erratic,0.034967472118959106,0.599601593625498
relative,Calendar bucket 28d,SAP only,23177,erratic,0.009990706319702601,0.5149700598802395
relative,Short 7d / long 28d,SAP only,23177,erratic,0.03241171003717472,0.9893617021276596
relative,Short 7d / long 56d,SAP only,23177,erratic,0.019400557620817844,0.9766081871345029
relative,Per requirement,Both,21910,erratic,0.08050650557620818,0.6827586206896552
relative,Per period 7d,Both,21910,erratic,0.03183085501858736,0.6477541371158393
relative,Per period 14d,Both,21910,erratic,0.022769516728624536,0.6599326599326599
relative,Per period 28d,Both,21910,erratic,0.016844795539033456,0.7552083333333334
relative,Per period 56d,Both,21910,erratic,0.00871282527881041,0.6696428571428571
relative,Min/Max,Both,21910,erratic,0.01254646840148699,0.8120300751879699
relative,SP Part Period Balancing,SAP only,21910,erratic,0.008945167286245352,0.6015625
relative,WI Sliding Economic Lot Size,SAP only,21910,erratic,0.011036245353159852,0.7142857142857143
relative,DY Dynamic Planning Calculation,SAP only,21910,erratic,0.00546003717472119,0.6351351351351351
relative,GR Groff Reorder Procedure,SAP only,21910,erratic,0.021259293680297397,0.746938775510204
relative,Calendar bucket 7d,SAP only,21910,erratic,0.03938197026022305,0.6231617647058824
relative,Calendar bucket 28d,SAP only,21910,erratic,0.009061338289962825,0.46706586826347307
relative,Short 7d / long 28d,SAP only,21910,erratic,0.036013011152416355,0.9748427672955975
relative,Short 7d / long 56d,SAP only,21910,erratic,0.021143122676579924,0.9333333333333333
relative,Per requirement,Both,85015,erratic,0.17576672862453532,0.6778673835125448
relative,Per period 7d,Both,85015,erratic,0.056691449814126396,0.574793875147232
relative,Per period 14d,Both,85015,erratic,0.03973048327137547,0.6184448462929476
relative,Per period 28d,Both,85015,erratic,0.029972118959107806,0.7087912087912088
relative,Per period 56d,Both,85015,erratic,0.01858736059479554,0.7729468599033816
relative,Min/Max,Both,85015,erratic,0.03125,0.8790849673202614
relative,SP Part Period Balancing,SAP only,85015,erratic,0.03949814126394052,0.737527114967462
relative,WI Sliding Economic Lot Size,SAP only,85015,erratic,0.04484200743494424,0.8265524625267666
relative,DY Dynamic Planning Calculation,SAP only,85015,erratic,0.02509293680297398,0.7439446366782007
relative,GR Groff Reorder Procedure,SAP only,85015,erratic,0.05506505576208178,0.7360248447204969
relative,Calendar bucket 7d,SAP only,85015,erratic,0.0716775092936803,0.6060903732809431
relative,Calendar bucket 28d,SAP only,85015,erratic,0.020213754646840148,0.5043478260869565
relative,Short 7d / long 28d,SAP only,85015,erratic,0.06796003717472118,0.9733777038269551
relative,Short 7d / long 56d,SAP only,85015,erratic,0.03949814126394052,0.9631728045325779
relative,Per requirement,Both,23133,erratic,0.11187267657992565,0.7039473684210527
relative,Per period 7d,Both,23133,erratic,0.03183085501858736,0.6416861826697893
relative,Per period 14d,Both,23133,erratic,0.02509293680297398,0.7659574468085106
relative,Per period 28d,Both,23133,erratic,0.01428903345724907,0.7735849056603774
relative,Per period 56d,Both,23133,erratic,0.00871282527881041,0.8152173913043478
relative,Min/Max,Both,23133,erratic,0.022769516728624536,0.8634361233480177
relative,SP Part Period Balancing,SAP only,23133,erratic,0.027184014869888477,0.823943661971831
relative,WI Sliding Economic Lot Size,SAP only,23133,erratic,0.02695167286245353,0.8083623693379791
relative,DY Dynamic Planning Calculation,SAP only,23133,erratic,0.010803903345724907,0.6571428571428571
relative,GR Groff Reorder Procedure,SAP only,23133,erratic,0.029855947955390334,0.7558823529411764
relative,Calendar bucket 7d,SAP only,23133,erratic,0.02950743494423792,0.5812356979405034
relative,Calendar bucket 28d,SAP only,23133,erratic,0.009990706319702601,0.6013986013986014
relative,Short 7d / long 28d,SAP only,23133,erratic,0.028113382899628253,0.9958847736625515
relative,Short 7d / long 56d,SAP only,23133,erratic,0.01742565055762082,0.9933774834437086
relative,Per requirement,Both,22745,erratic,0.2721886617100372,0.6964922711058263
relative,Per period 7d,Both,22745,erratic,0.04879182156133829,0.535031847133758
relative,Per period 14d,Both,22745,erratic,0.03473513011152416,0.6203319502074689
relative,Per period 28d,Both,22745,erratic,0.02300185873605948,0.7021276595744681
relative,Per period 56d,Both,22745,erratic,0.012314126394052044,0.6794871794871795
relative,Min/Max,Both,22745,erratic,0.041473048327137545,0.9083969465648855
relative,SP Part Period Balancing,SAP only,22745,erratic,0.051812267657992565,0.8109090909090909
relative,WI Sliding Economic Lot Size,SAP only,22745,erratic,0.047862453531598514,0.7625231910946196
relative,DY Dynamic Planning Calculation,SAP only,22745,erratic,0.020910780669144983,0.7894736842105263
relative,GR Groff Reorder Procedure,SAP only,22745,erratic,0.0546003717472119,0.7781456953642384
relative,Calendar bucket 7d,SAP only,22745,erratic,0.05099907063197026,0.5366748166259169
relative,Calendar bucket 28d,SAP only,22745,erratic,0.013475836431226766,0.44274809160305345
relative,Short 7d / long 28d,SAP only,22745,erratic,0.051928438661710034,0.9955456570155902
relative,Short 7d / long 56d,SAP only,22745,erratic,0.029972118959107806,0.9809885931558935
relative,Per requirement,Both,22919,erratic,0.15113847583643122,0.6854583772391991
relative,Per period 7d,Both,22919,erratic,0.04275092936802974,0.6258503401360545
relative,Per period 14d,Both,22919,erratic,0.025441449814126393,0.6169014084507042
relative,Per period 28d,Both,22919,erratic,0.01428903345724907,0.615
relative,Per period 56d,Both,22919,erratic,0.009642193308550186,0.6916666666666667
relative,Min/Max,Both,22919,erratic,0.035432156133828996,0.8221024258760108
relative,SP Part Period Balancing,SAP only,22919,erratic,0.018935873605947954,0.7864077669902912
relative,WI Sliding Economic Lot Size,SAP only,22919,erratic,0.016728624535315983,0.7384615384615385
relative,DY Dynamic Planning Calculation,SAP only,22919,erratic,0.008131970260223048,0.7070707070707071
relative,GR Groff Reorder Procedure,SAP only,22919,erratic,0.026719330855018587,0.7931034482758621
relative,Calendar bucket 7d,SAP only,22919,erratic,0.045887546468401486,0.5834564254062038
relative,Calendar bucket 28d,SAP only,22919,erratic,0.012197955390334572,0.481651376146789
relative,Short 7d / long 28d,SAP only,22919,erratic,0.04437732342007435,0.9947916666666666
relative,Short 7d / long 56d,SAP only,22919,erratic,0.0262546468401487,0.9826086956521739
relative,Per requirement,Both,84884A,erratic,0.22107342007434944,0.6937659496901203
relative,Per period 7d,Both,84884A,erratic,0.06726301115241635,0.6114044350580782
relative,Per period 14d,Both,84884A,erratic,0.04763011152416357,0.6732348111658456
relative,Per period 28d,Both,84884A,erratic,0.034502788104089216,0.7694300518134715
relative,Per period 56d,Both,84884A,erratic,0.017890334572490705,0.751219512195122
relative,Min/Max,Both,84884A,erratic,0.02741635687732342,0.8973384030418251
relative,SP Part Period Balancing,SAP only,84884A,erratic,0.03880111524163569,0.7245119305856833
relative,WI Sliding Economic Lot Size,SAP only,84884A,erratic,0.04716542750929368,0.7992125984251969
relative,DY Dynamic Planning Calculation,SAP only,84884A,erratic,0.021143122676579924,0.7309236947791165
relative,GR Groff Reorder Procedure,SAP only,84884A,erratic,0.048327137546468404,0.6921797004991681
relative,Calendar bucket 7d,SAP only,84884A,erratic,0.07632434944237919,0.5978161965423112
relative,Calendar bucket 28d,SAP only,84884A,erratic,0.021259293680297397,0.5184135977337111
relative,Short 7d / long 28d,SAP only,84884A,erratic,0.07121282527881041,0.9855305466237942
relative,Short 7d / long 56d,SAP only,84884A,erratic,0.041473048327137545,0.967479674796748
relative,Per requirement,Both,21529,erratic,0.07353624535315985,0.7209567198177677
relative,Per period 7d,Both,21529,erratic,0.02253717472118959,0.6531986531986532
relative,Per period 14d,Both,21529,erratic,0.0170771375464684,0.7538461538461538
relative,Per period 28d,Both,21529,erratic,0.007899628252788104,0.5862068965517241
relative,Per period 56d,Both,21529,erratic,0.006854089219330855,0.8428571428571429
relative,Min/Max,Both,21529,erratic,0.019981412639405203,0.8269230769230769
relative,SP Part Period Balancing,SAP only,21529,erratic,0.01312732342007435,0.8257575757575758
relative,WI Sliding Economic Lot Size,SAP only,21529,erratic,0.011733271375464684,0.7642276422764228
relative,DY Dynamic Planning Calculation,SAP only,21529,erratic,0.004995353159851301,0.7962962962962963
relative,GR Groff Reorder Procedure,SAP only,21529,erratic,0.01533457249070632,0.7616279069767442
relative,Calendar bucket 7d,SAP only,21529,erratic,0.023931226765799257,0.6377708978328174
relative,Calendar bucket 28d,SAP only,21529,erratic,0.007783457249070632,0.5447154471544715
relative,Short 7d / long 28d,SAP only,21529,erratic,0.021956319702602232,0.9792746113989638
relative,Short 7d / long 56d,SAP only,21529,erratic,0.01370817843866171,0.9915966386554622
relative,Per requirement,Both,20727,erratic,0.5442611524163569,0.6874541452677916
relative,Per period 7d,Both,20727,erratic,0.07504646840148699,0.5074626865671642
relative,Per period 14d,Both,20727,erratic,0.06912174721189591,0.7066508313539193
relative,Per period 28d,Both,20727,erratic,0.03461895910780669,0.6882217090069284
relative,Per period 56d,Both,20727,erratic,0.02032992565055762,0.7446808510638298
relative,Min/Max,Both,20727,erratic,0.04763011152416357,0.9468822170900693
relative,SP Part Period Balancing,SAP only,20727,erratic,0.12616171003717472,0.7674911660777385
relative,WI Sliding Economic Lot Size,SAP only,20727,erratic,0.14393587360594795,0.8167435728411339
relative,DY Dynamic Planning Calculation,SAP only,20727,erratic,0.07063197026022305,0.8128342245989305
relative,GR Groff Reorder Procedure,SAP only,20727,erratic,0.12046933085501858,0.7083333333333334
relative,Calendar bucket 7d,SAP only,20727,erratic,0.06935408921933085,0.4826192400970089
relative,Calendar bucket 28d,SAP only,20727,erratic,0.016728624535315983,0.37597911227154046
relative,Short 7d / long 28d,SAP only,20727,erratic,0.07783457249070631,0.9985096870342772
relative,Short 7d / long 56d,SAP only,20727,erratic,0.04484200743494424,0.9948453608247423
relative,Per requirement,Both,22028,erratic,0.2975139405204461,0.6938499051747494
relative,Per period 7d,Both,22028,erratic,0.06691449814126393,0.5686080947680158
relative,Per period 14d,Both,22028,erratic,0.04065985130111524,0.5709624796084829
relative,Per period 28d,Both,22028,erratic,0.024976765799256506,0.5939226519337016
relative,Per period 56d,Both,22028,erratic,0.018238847583643122,0.7302325581395349
relative,Min/Max,Both,22028,erratic,0.04565520446096654,0.9225352112676056
relative,SP Part Period Balancing,SAP only,22028,erratic,0.03380576208178439,0.7558441558441559
relative,WI Sliding Economic Lot Size,SAP only,22028,erratic,0.037407063197026025,0.8193384223918575
relative,DY Dynamic Planning Calculation,SAP only,22028,erratic,0.012314126394052044,0.7703703703703704
relative,GR Groff Reorder Procedure,SAP only,22028,erratic,0.04217007434944238,0.7021276595744681
relative,Calendar bucket 7d,SAP only,22028,erratic,0.07016728624535316,0.5431654676258992
relative,Calendar bucket 28d,SAP only,22028,erratic,0.021491635687732342,0.5068493150684932
relative,Short 7d / long 28d,SAP only,22028,erratic,0.07190985130111524,0.9919871794871795
relative,Short 7d / long 56d,SAP only,22028,erratic,0.042402416356877325,0.989159891598916
relative,Per requirement,Both,22371,erratic,0.37348977695167285,0.6942345065860506
relative,Per period 7d,Both,22371,erratic,0.07841542750929369,0.5941901408450704
relative,Per period 14d,Both,22371,erratic,0.05889869888475836,0.6954732510288066
relative,Per period 28d,Both,22371,erratic,0.0341542750929368,0.7033492822966507
relative,Per period 56d,Both,22371,erratic,0.018471189591078067,0.7098214285714286
relative,Min/Max,Both,22371,erratic,0.04414498141263941,0.8983451536643026
relative,SP Part Period Balancing,SAP only,22371,erratic,0.058782527881040894,0.7655068078668684
relative,WI Sliding Economic Lot Size,SAP only,22371,erratic,0.0595957249070632,0.7820121951219512
relative,DY Dynamic Planning Calculation,SAP only,22371,erratic,0.021026951672862452,0.6779026217228464
relative,GR Groff Reorder Procedure,SAP only,22371,erratic,0.06703066914498142,0.7454780361757106
relative,Calendar bucket 7d,SAP only,22371,erratic,0.07202602230483271,0.5145228215767634
relative,Calendar bucket 28d,SAP only,22371,erratic,0.016844795539033456,0.3835978835978836
relative,Short 7d / long 28d,SAP only,22371,erratic,0.0758596654275093,0.9939117199391172
relative,Short 7d / long 56d,SAP only,22371,erratic,0.04368029739776952,0.9868766404199475
relative,Per requirement,Both,22297,erratic,0.4013708178438662,0.681056574019318
relative,Per period 7d,Both,22297,erratic,0.08817379182156133,0.596229379418696
relative,Per period 14d,Both,22297,erratic,0.05436802973977695,0.6428571428571429
relative,Per period 28d,Both,22297,erratic,0.03763940520446097,0.7570093457943925
relative,Per period 56d,Both,22297,erratic,0.02300185873605948,0.8215767634854771
relative,Min/Max,Both,22297,erratic,0.0433317843866171,0.9119804400977995
relative,SP Part Period Balancing,SAP only,22297,erratic,0.08573420074349443,0.8030467899891186
relative,WI Sliding Economic Lot Size,SAP only,22297,erratic,0.08329460966542751,0.8002232142857143
relative,DY Dynamic Planning Calculation,SAP only,22297,erratic,0.03531598513011153,0.711943793911007
relative,GR Groff Reorder Procedure,SAP only,22297,erratic,0.0866635687732342,0.728515625
relative,Calendar bucket 7d,SAP only,22297,erratic,0.07469795539033457,0.5223395613322502
relative,Calendar bucket 28d,SAP only,22297,erratic,0.02137546468401487,0.488
relative,Short 7d / long 28d,SAP only,22297,erratic,0.07783457249070631,0.9985096870342772
relative,Short 7d / long 56d,SAP only,22297,erratic,0.04484200743494424,0.9948453608247423
relative,Per requirement,Both,20671,erratic,0.10420539033457249,0.6852559205500381
relative,Per period 7d,Both,20671,erratic,0.030901486988847583,0.6086956521739131
relative,Per period 14d,Both,20671,erratic,0.023466542750929367,0.6755852842809364
relative,Per period 28d,Both,20671,erratic,0.015566914498141264,0.7613636363636364
relative,Per period 56d,Both,20671,erratic,0.008131970260223048,0.7142857142857143
relative,Min/Max,Both,20671,erratic,0.03287639405204461,0.8601823708206687
relative,SP Part Period Balancing,SAP only,20671,erratic,0.011733271375464684,0.7112676056338029
relative,WI Sliding Economic Lot Size,SAP only,20671,erratic,0.012778810408921933,0.8148148148148148
relative,DY Dynamic Planning Calculation,SAP only,20671,erratic,0.006389405204460966,0.8208955223880597
relative,GR Groff Reorder Procedure,SAP only,20671,erratic,0.01742565055762082,0.6637168141592921
relative,Calendar bucket 7d,SAP only,20671,erratic,0.03973048327137547,0.6229508196721312
relative,Calendar bucket 28d,SAP only,20671,erratic,0.00987453531598513,0.5
relative,Short 7d / long 28d,SAP only,20671,erratic,0.03508364312267658,0.9966996699669967
relative,Short 7d / long 56d,SAP only,20671,erratic,0.020213754646840148,0.9830508474576272
relative,Per requirement,Both,22846,erratic,0.19307620817843865,0.6783673469387755
relative,Per period 7d,Both,22846,erratic,0.04426115241635688,0.5712143928035982
relative,Per period 14d,Both,22846,erratic,0.027764869888475836,0.5975
relative,Per period 28d,Both,22846,erratic,0.022188661710037173,0.7022058823529411
relative,Per period 56d,Both,22846,erratic,0.009061338289962825,0.6141732283464567
relative,Min/Max,Both,22846,erratic,0.042867100371747215,0.9066339066339066
relative,SP Part Period Balancing,SAP only,22846,erratic,0.06296468401486989,0.8338461538461538
relative,WI Sliding Economic Lot Size,SAP only,22846,erratic,0.055762081784386616,0.7817589576547231
relative,DY Dynamic Planning Calculation,SAP only,22846,erratic,0.035432156133828996,0.7721518987341772
relative,GR Groff Reorder Procedure,SAP only,22846,erratic,0.05204460966542751,0.6607669616519174
relative,Calendar bucket 7d,SAP only,22846,erratic,0.050766728624535316,0.5953678474114441
relative,Calendar bucket 28d,SAP only,22846,erratic,0.013011152416356878,0.4666666666666667
relative,Short 7d / long 28d,SAP only,22846,erratic,0.047862453531598514,0.9903846153846154
relative,Short 7d / long 56d,SAP only,22846,erratic,0.02799721189591078,0.9757085020242915
relative,Per requirement,Both,22227,erratic,0.3628020446096654,0.6916943521594684
relative,Per period 7d,Both,22227,erratic,0.08770910780669144,0.6128246753246753
relative,Per period 14d,Both,22227,erratic,0.06435873605947956,0.7166882276843467
relative,Per period 28d,Both,22227,erratic,0.03403810408921933,0.6926713947990544
relative,Per period 56d,Both,22227,erratic,0.01963289962825279,0.7316017316017316
relative,Min/Max,Both,22227,erratic,0.04867565055762082,0.95662100456621
relative,SP Part Period Balancing,SAP only,22227,erratic,0.04007899628252788,0.7549234135667396
relative,WI Sliding Economic Lot Size,SAP only,22227,erratic,0.041821561338289966,0.7860262008733624
relative,DY Dynamic Planning Calculation,SAP only,22227,erratic,0.018471189591078067,0.8153846153846154
relative,GR Groff Reorder Procedure,SAP only,22227,erratic,0.06331319702602231,0.8220211161387632
relative,Calendar bucket 7d,SAP only,22227,erratic,0.0795771375464684,0.5546558704453441
relative,Calendar bucket 28d,SAP only,22227,erratic,0.02032992565055762,0.4716981132075472
relative,Short 7d / long 28d,SAP only,22227,erratic,0.07783457249070631,0.9985096870342772
relative,Short 7d / long 56d,SAP only,22227,erratic,0.04484200743494424,0.9948453608247423
relative,Per requirement,Both,21651,erratic,0.09154275092936803,0.689413823272091
relative,Per period 7d,Both,21651,erratic,0.03519981412639405,0.6260330578512396
relative,Per period 14d,Both,21651,erratic,0.024860594795539034,0.7109634551495017
relative,Per period 28d,Both,21651,erratic,0.013475836431226766,0.6236559139784946
relative,Per period 56d,Both,21651,erratic,0.007202602230483271,0.7209302325581395
relative,Min/Max,Both,21651,erratic,0.027184014869888477,0.823943661971831
relative,SP Part Period Balancing,SAP only,21651,erratic,0.018006505576208177,0.6940639269406392
relative,WI Sliding Economic Lot Size,SAP only,21651,erratic,0.022653345724907063,0.8508771929824561
relative,DY Dynamic Planning Calculation,SAP only,21651,erratic,0.010339219330855019,0.7672413793103449
relative,GR Groff Reorder Procedure,SAP only,21651,erratic,0.03682620817843866,0.8255208333333334
relative,Calendar bucket 7d,SAP only,21651,erratic,0.03984665427509294,0.6038732394366197
relative,Calendar bucket 28d,SAP only,21651,erratic,0.012197955390334572,0.5865921787709497
relative,Short 7d / long 28d,SAP only,21651,erratic,0.037058550185873604,0.9696048632218845
relative,Short 7d / long 56d,SAP only,21651,erratic,0.022653345724907063,0.9798994974874372
relative,Per requirement,Both,37413,erratic,0.06191914498141264,0.6922077922077922
relative,Per period 7d,Both,37413,erratic,0.02730018587360595,0.6103896103896104
relative,Per period 14d,Both,37413,erratic,0.016612453531598514,0.6190476190476191
relative,Per period 28d,Both,37413,erratic,0.016844795539033456,0.7923497267759563
relative,Per period 56d,Both,37413,erratic,0.007783457249070632,0.6979166666666666
relative,Min/Max,Both,37413,erratic,0.0015102230483271376,0.8666666666666667
relative,SP Part Period Balancing,SAP only,37413,erratic,0.0070864312267657995,0.7011494252873564
relative,WI Sliding Economic Lot Size,SAP only,37413,erratic,0.007899628252788104,0.6666666666666666
relative,DY Dynamic Planning Calculation,SAP only,37413,erratic,0.004763011152416357,0.6949152542372882
relative,GR Groff Reorder Procedure,SAP only,37413,erratic,0.014056691449814127,0.7289156626506024
relative,Calendar bucket 7d,SAP only,37413,erratic,0.03345724907063197,0.6371681415929203
relative,Calendar bucket 28d,SAP only,37413,erratic,0.012197955390334572,0.6
relative,Short 7d / long 28d,SAP only,37413,erratic,0.03078531598513011,0.9532374100719424
relative,Short 7d / long 56d,SAP only,37413,erratic,0.018935873605947954,0.9644970414201184
relative,Per requirement,Both,85135C,lumpy,0.07272304832713755,0.6841530054644809
relative,Per period 7d,Both,85135C,lumpy,0.031598513011152414,0.6593673965936739
relative,Per period 14d,Both,85135C,lumpy,0.020910780669144983,0.6122448979591837
relative,Per period 28d,Both,85135C,lumpy,0.014521375464684015,0.6127450980392157
relative,Per period 56d,Both,85135C,lumpy,0.008364312267657992,0.5853658536585366
relative,Min/Max,Both,85135C,lumpy,0.022653345724907063,0.78
relative,SP Part Period Balancing,SAP only,85135C,lumpy,0.019400557620817844,0.8067632850241546
relative,WI Sliding Economic Lot Size,SAP only,85135C,lumpy,0.015799256505576207,0.7351351351351352
relative,DY Dynamic Planning Calculation,SAP only,85135C,lumpy,0.009409851301115242,0.7788461538461539
relative,GR Groff Reorder Procedure,SAP only,85135C,lumpy,0.02695167286245353,0.7733333333333333
relative,Calendar bucket 7d,SAP only,85135C,lumpy,0.03566449814126394,0.6316872427983539
relative,Calendar bucket 28d,SAP only,85135C,lumpy,0.017309479553903346,0.5936254980079682
relative,Short 7d / long 28d,SAP only,85135C,lumpy,0.03612918215613383,0.9067055393586005
relative,Short 7d / long 56d,SAP only,85135C,lumpy,0.02358271375464684,0.8787878787878788
relative,Per requirement,Both,20700,lumpy,0.05320631970260223,0.7222222222222222
relative,Per period 7d,Both,20700,lumpy,0.023118029739776953,0.6428571428571429
relative,Per period 14d,Both,20700,lumpy,0.01858736059479554,0.7072072072072072
relative,Per period 28d,Both,20700,lumpy,0.00023234200743494423,1.0
relative,Per period 56d,Both,20700,lumpy,0.00011617100371747211,1.0
relative,Min/Max,Both,20700,lumpy,0.003949814126394052,0.9444444444444444
relative,SP Part Period Balancing,SAP only,20700,lumpy,0.009642193308550186,0.7592592592592593
relative,WI Sliding Economic Lot Size,SAP only,20700,lumpy,0.010106877323420074,0.7981651376146789
relative,DY Dynamic Planning Calculation,SAP only,20700,lumpy,0.005692379182156134,0.7538461538461538
relative,GR Groff Reorder Procedure,SAP only,20700,lumpy,0.01370817843866171,0.6987951807228916
relative,Calendar bucket 7d,SAP only,20700,lumpy,0.02741635687732342,0.6391184573002755
relative,Calendar bucket 28d,SAP only,20700,lumpy,0.009409851301115242,0.5310344827586206
relative,Short 7d / long 28d,SAP only,20700,lumpy,0.02648698884758364,0.9338842975206612
relative,Short 7d / long 56d,SAP only,20700,lumpy,0.016728624535315983,0.9102564102564102
relative,Per requirement,Both,21824,lumpy,0.11036245353159851,0.6874095513748191
relative,Per period 7d,Both,21824,lumpy,0.03392193308550186,0.6503340757238307
relative,Per period 14d,Both,21824,lumpy,0.020678438661710038,0.6496350364963503
relative,Per period 28d,Both,21824,lumpy,0.013824349442379182,0.6685393258426966
relative,Per period 56d,Both,21824,lumpy,0.007202602230483271,0.6138613861386139
relative,Min/Max,Both,21824,lumpy,0.03322490706319703,0.8338192419825073
relative,SP Part Period Balancing,SAP only,21824,lumpy,0.026022304832713755,0.7735191637630662
relative,WI Sliding Economic Lot Size,SAP only,21824,lumpy,0.02184014869888476,0.7430830039525692
relative,DY Dynamic Planning Calculation,SAP only,21824,lumpy,0.009642193308550186,0.6612903225806451
relative,GR Groff Reorder Procedure,SAP only,21824,lumpy,0.025673791821561338,0.7006369426751592
relative,Calendar bucket 7d,SAP only,21824,lumpy,0.02973977695167286,0.5505376344086022
relative,Calendar bucket 28d,SAP only,21824,lumpy,0.010571561338289962,0.4945054945054945
relative,Short 7d / long 28d,SAP only,21824,lumpy,0.03066914498141264,0.9230769230769231
relative,Short 7d / long 56d,SAP only,21824,lumpy,0.01963289962825279,0.9285714285714286
relative,Per requirement,Both,21768,lumpy,0.08155204460966543,0.6985074626865672
relative,Per period 7d,Both,21768,lumpy,0.021956319702602232,0.6608391608391608
relative,Per period 14d,Both,21768,lumpy,0.013824349442379182,0.6761363636363636
relative,Per period 28d,Both,21768,lumpy,0.009526022304832713,0.7961165048543689
relative,Per period 56d,Both,21768,lumpy,0.003949814126394052,0.7083333333333334
relative,Min/Max,Both,21768,lumpy,0.00929368029739777,0.8080808080808081
relative,SP Part Period Balancing,SAP only,21768,lumpy,0.02242100371747212,0.8247863247863247
relative,WI Sliding Economic Lot Size,SAP only,21768,lumpy,0.01974907063197026,0.7264957264957265
relative,DY Dynamic Planning Calculation,SAP only,21768,lumpy,0.008015799256505576,0.69
relative,GR Groff Reorder Procedure,SAP only,21768,lumpy,0.02300185873605948,0.792
relative,Calendar bucket 7d,SAP only,21768,lumpy,0.018935873605947954,0.5640138408304498
relative,Calendar bucket 28d,SAP only,21768,lumpy,0.008015799256505576,0.6216216216216216
relative,Short 7d / long 28d,SAP only,21768,lumpy,0.01928438661710037,0.9822485207100592
relative,Short 7d / long 56d,SAP only,21768,lumpy,0.01150092936802974,0.9339622641509434
relative,Per requirement,Both,90000D,lumpy,0.016031598513011152,0.7540983606557377
relative,Per period 7d,Both,90000D,lumpy,0.01150092936802974,0.6805555555555556
relative,Per period 14d,Both,90000D,lumpy,0.01150092936802974,0.6971830985915493
relative,Per period 28d,Both,90000D,lumpy,0.011152416356877323,0.7741935483870968
relative,Per period 56d,Both,90000D,lumpy,0.006389405204460966,0.6666666666666666
relative,Min/Max,Both,90000D,lumpy,0.008015799256505576,0.8023255813953488
relative,SP Part Period Balancing,SAP only,90000D,lumpy,0.005924721189591078,0.75
relative,WI Sliding Economic Lot Size,SAP only,90000D,lumpy,0.005343866171003717,0.696969696969697
relative,DY Dynamic Planning Calculation,SAP only,90000D,lumpy,0.004065985130111524,0.7954545454545454
relative,GR Groff Reorder Procedure,SAP only,90000D,lumpy,0.01092007434944238,0.7175572519083969
relative,Calendar bucket 7d,SAP only,90000D,lumpy,0.012778810408921933,0.7077922077922078
relative,Calendar bucket 28d,SAP only,90000D,lumpy,0.009526022304832713,0.6923076923076923
relative,Short 7d / long 28d,SAP only,90000D,lumpy,0.011849442379182156,0.7132867132867133
relative,Short 7d / long 56d,SAP only,90000D,lumpy,0.012197955390334572,0.8203125
relative,Per requirement,Both,62096A,lumpy,0.07283921933085502,0.6663124335812965
relative,Per period 7d,Both,62096A,lumpy,0.028229553903345726,0.6198979591836735
relative,Per period 14d,Both,62096A,lumpy,0.022072490706319704,0.7169811320754716
relative,Per period 28d,Both,62096A,lumpy,0.012778810408921933,0.6470588235294118
relative,Per period 56d,Both,62096A,lumpy,0.008364312267657992,0.6728971962616822
relative,Min/Max,Both,62096A,lumpy,0.032063197026022304,0.8789808917197452
relative,SP Part Period Balancing,SAP only,62096A,lumpy,0.009409851301115242,0.675
relative,WI Sliding Economic Lot Size,SAP only,62096A,lumpy,0.009642193308550186,0.7545454545454545
relative,DY Dynamic Planning Calculation,SAP only,62096A,lumpy,0.006505576208178439,0.7887323943661971
relative,GR Groff Reorder Procedure,SAP only,62096A,lumpy,0.023698884758364312,0.8127490039840638
relative,Calendar bucket 7d,SAP only,62096A,lumpy,0.03380576208178439,0.6178343949044586
relative,Calendar bucket 28d,SAP only,62096A,lumpy,0.013359665427509293,0.6216216216216216
relative,Short 7d / long 28d,SAP only,62096A,lumpy,0.032527881040892194,0.958904109589041
relative,Short 7d / long 56d,SAP only,62096A,lumpy,0.019516728624535316,0.9130434782608695
relative,Per requirement,Both,17090D,lumpy,0.025557620817843865,0.694006309148265
relative,Per period 7d,Both,17090D,lumpy,0.017309479553903346,0.6478260869565218
relative,Per period 14d,Both,17090D,lumpy,0.015102230483271376,0.6864864864864865
relative,Per period 28d,Both,17090D,lumpy,0.011152416356877323,0.6462585034013606
relative,Per period 56d,Both,17090D,lumpy,0.011384758364312268,0.7777777777777778
relative,Min/Max,Both,17090D,lumpy,0.010687732342007435,0.7540983606557377
relative,SP Part Period Balancing,SAP only,17090D,lumpy,0.0027881040892193307,0.5454545454545454
relative,WI Sliding Economic Lot Size,SAP only,17090D,lumpy,0.004065985130111524,0.813953488372093
relative,DY Dynamic Planning Calculation,SAP only,17090D,lumpy,0.0031366171003717473,0.675
relative,GR Groff Reorder Procedure,SAP only,17090D,lumpy,0.012894981412639405,0.74
relative,Calendar bucket 7d,SAP only,17090D,lumpy,0.021607806691449814,0.6940298507462687
relative,Calendar bucket 28d,SAP only,17090D,lumpy,0.015566914498141264,0.7403314917127072
relative,Short 7d / long 28d,SAP only,17090D,lumpy,0.021259293680297397,0.8243243243243243
relative,Short 7d / long 56d,SAP only,17090D,lumpy,0.016496282527881042,0.8502994011976048
relative,Per requirement,Both,21062,lumpy,0.11570631970260223,0.7009148486981
relative,Per period 7d,Both,21062,lumpy,0.05297397769516728,0.6413502109704642
relative,Per period 14d,Both,21062,lumpy,0.03427044609665428,0.6032719836400818
relative,Per period 28d,Both,21062,lumpy,0.02648698884758364,0.7169811320754716
relative,Per period 56d,Both,21062,lumpy,0.016844795539033456,0.7512953367875648
relative,Min/Max,Both,21062,lumpy,0.03578066914498141,0.875
relative,SP Part Period Balancing,SAP only,21062,lumpy,0.021143122676579924,0.7913043478260869
relative,WI Sliding Economic Lot Size,SAP only,21062,lumpy,0.02032992565055762,0.7918552036199095
relative,DY Dynamic Planning Calculation,SAP only,21062,lumpy,0.009990706319702601,0.8686868686868687
relative,GR Groff Reorder Procedure,SAP only,21062,lumpy,0.03217936802973978,0.725130890052356
relative,Calendar bucket 7d,SAP only,21062,lumpy,0.06412639405204461,0.6602870813397129
relative,Calendar bucket 28d,SAP only,21062,lumpy,0.022769516728624536,0.5747800586510264
relative,Short 7d / long 28d,SAP only,21062,lumpy,0.06006040892193309,0.9663551401869159
relative,Short 7d / long 56d,SAP only,21062,lumpy,0.03566449814126394,0.9388379204892966
relative,Per requirement,Both,84564,lumpy,0.00034851301115241634,1.0
relative,Per period 7d,Both,84564,lumpy,0.00034851301115241634,1.0
relative,Per period 14d,Both,84564,lumpy,0.00034851301115241634,1.0
relative,Per period 28d,Both,84564,lumpy,0.00023234200743494423,1.0
relative,Per period 56d,Both,84564,lumpy,0.00011617100371747211,1.0
relative,Min/Max,Both,84564,lumpy,0.00023234200743494423,1.0
relative,SP Part Period Balancing,SAP only,84564,lumpy,0.00011617100371747211,1.0
relative,WI Sliding Economic Lot Size,SAP only,84564,lumpy,0.00011617100371747211,1.0
relative,DY Dynamic Planning Calculation,SAP only,84564,lumpy,0.00011617100371747211,1.0
relative,GR Groff Reorder Procedure,SAP only,84564,lumpy,0.00034851301115241634,1.0
relative,Calendar bucket 7d,SAP only,84564,lumpy,0.00034851301115241634,1.0
relative,Calendar bucket 28d,SAP only,84564,lumpy,0.00034851301115241634,1.0
relative,Short 7d / long 28d,SAP only,84564,lumpy,0.00034851301115241634,1.0
relative,Short 7d / long 56d,SAP only,84564,lumpy,0.00023234200743494423,1.0
relative,Per requirement,Both,77101A,lumpy,0.06912174721189591,0.670045045045045
relative,Per period 7d,Both,77101A,lumpy,0.029275092936802975,0.628428927680798
relative,Per period 14d,Both,77101A,lumpy,0.022769516728624536,0.717948717948718
relative,Per period 28d,Both,77101A,lumpy,0.016612453531598514,0.7486910994764397
relative,Per period 56d,Both,77101A,lumpy,0.007783457249070632,0.7282608695652174
relative,Min/Max,Both,77101A,lumpy,0.014637546468401487,0.7924528301886793
relative,SP Part Period Balancing,SAP only,77101A,lumpy,0.014637546468401487,0.7730061349693251
relative,WI Sliding Economic Lot Size,SAP only,77101A,lumpy,0.015102230483271376,0.8125
relative,DY Dynamic Planning Calculation,SAP only,77101A,lumpy,0.010455390334572491,0.7758620689655172
relative,GR Groff Reorder Procedure,SAP only,77101A,lumpy,0.01696096654275093,0.6375545851528385
relative,Calendar bucket 7d,SAP only,77101A,lumpy,0.036361524163568776,0.6387755102040816
relative,Calendar bucket 28d,SAP only,77101A,lumpy,0.015799256505576207,0.6570048309178744
relative,Short 7d / long 28d,SAP only,77101A,lumpy,0.03508364312267658,0.94375
relative,Short 7d / long 56d,SAP only,77101A,lumpy,0.020678438661710038,0.9128205128205128
relative,Per requirement,Both,85125,lumpy,0.046352230483271376,0.6939130434782609
relative,Per period 7d,Both,85125,lumpy,0.03066914498141264,0.6633165829145728
relative,Per period 14d,Both,85125,lumpy,0.02695167286245353,0.7295597484276729
relative,Per period 28d,Both,85125,lumpy,0.0191682156133829,0.7142857142857143
relative,Per period 56d,Both,85125,lumpy,0.012081784386617101,0.7352941176470589
relative,Min/Max,Both,85125,lumpy,0.014986059479553903,0.7865853658536586
relative,SP Part Period Balancing,SAP only,85125,lumpy,0.015683085501858735,0.7417582417582418
relative,WI Sliding Economic Lot Size,SAP only,85125,lumpy,0.016728624535315983,0.8125
relative,DY Dynamic Planning Calculation,SAP only,85125,lumpy,0.009526022304832713,0.6428571428571429
relative,GR Groff Reorder Procedure,SAP only,85125,lumpy,0.028113382899628253,0.7538940809968847
relative,Calendar bucket 7d,SAP only,85125,lumpy,0.03810408921933085,0.6707566462167689
relative,Calendar bucket 28d,SAP only,85125,lumpy,0.020678438661710038,0.7295081967213115
relative,Short 7d / long 28d,SAP only,85125,lumpy,0.037058550185873604,0.9114285714285715
relative,Short 7d / long 56d,SAP only,85125,lumpy,0.02474442379182156,0.8838174273858921
relative,Per requirement,Both,85064,lumpy,0.14532992565055763,0.6664890783164624
relative,Per period 7d,Both,85064,lumpy,0.03926579925650558,0.6365348399246704
relative,Per period 14d,Both,85064,lumpy,0.025906133828996283,0.7070063694267515
relative,Per period 28d,Both,85064,lumpy,0.014405204460966542,0.7515151515151515
relative,Per period 56d,Both,85064,lumpy,0.007899628252788104,0.7906976744186046
relative,Min/Max,Both,85064,lumpy,0.018935873605947954,0.8578947368421053
relative,SP Part Period Balancing,SAP only,85064,lumpy,0.02648698884758364,0.742671009771987
relative,WI Sliding Economic Lot Size,SAP only,85064,lumpy,0.02520910780669145,0.7045454545454546
relative,DY Dynamic Planning Calculation,SAP only,85064,lumpy,0.017193308550185873,0.8087431693989071
relative,GR Groff Reorder Procedure,SAP only,85064,lumpy,0.03612918215613383,0.7908163265306123
relative,Calendar bucket 7d,SAP only,85064,lumpy,0.03264405204460966,0.5564356435643565
relative,Calendar bucket 28d,SAP only,85064,lumpy,0.011152416356877323,0.5614035087719298
relative,Short 7d / long 28d,SAP only,85064,lumpy,0.03229553903345725,0.9788732394366197
relative,Short 7d / long 56d,SAP only,85064,lumpy,0.019400557620817844,0.9653179190751445
relative,Per requirement,Both,21282,lumpy,0.008015799256505576,0.8214285714285714
relative,Per period 7d,Both,21282,lumpy,0.005692379182156134,0.8305084745762712
relative,Per period 14d,Both,21282,lumpy,0.0032527881040892194,0.7368421052631579
relative,Per period 28d,Both,21282,lumpy,0.0033689591078066915,0.8285714285714286
relative,Per period 56d,Both,21282,lumpy,0.002091078066914498,0.8181818181818182
relative,Min/Max,Both,21282,lumpy,0.008131970260223048,0.7446808510638298
relative,SP Part Period Balancing,SAP only,21282,lumpy,0.00383364312267658,0.9166666666666666
relative,WI Sliding Economic Lot Size,SAP only,21282,lumpy,0.0017425650557620818,0.7777777777777778
relative,DY Dynamic Planning Calculation,SAP only,21282,lumpy,0.0036013011152416356,0.9393939393939394
relative,GR Groff Reorder Procedure,SAP only,21282,lumpy,0.004065985130111524,0.7777777777777778
relative,Calendar bucket 7d,SAP only,21282,lumpy,0.006157063197026022,0.8412698412698413
relative,Calendar bucket 28d,SAP only,21282,lumpy,0.003949814126394052,0.8947368421052632
relative,Short 7d / long 28d,SAP only,21282,lumpy,0.004995353159851301,1.0
relative,Short 7d / long 56d,SAP only,21282,lumpy,0.0033689591078066915,0.8787878787878788
relative,Per requirement,Both,20762,lumpy,0.028113382899628253,0.7400611620795107
relative,Per period 7d,Both,20762,lumpy,0.012778810408921933,0.6790123456790124
relative,Per period 14d,Both,20762,lumpy,0.009061338289962825,0.65
relative,Per period 28d,Both,20762,lumpy,0.0055762081784386614,0.6575342465753424
relative,Per period 56d,Both,20762,lumpy,0.002904275092936803,1.0
relative,Min/Max,Both,20762,lumpy,0.01150092936802974,0.868421052631579
relative,SP Part Period Balancing,SAP only,20762,lumpy,0.004182156133828996,0.85
relative,WI Sliding Economic Lot Size,SAP only,20762,lumpy,0.0026719330855018587,0.9583333333333334
relative,DY Dynamic Planning Calculation,SAP only,20762,lumpy,0.0,0.0
relative,GR Groff Reorder Procedure,SAP only,20762,lumpy,0.010687732342007435,0.883495145631068
relative,Calendar bucket 7d,SAP only,20762,lumpy,0.014637546468401487,0.6176470588235294
relative,Calendar bucket 28d,SAP only,20762,lumpy,0.006970260223048327,0.6263736263736264
relative,Short 7d / long 28d,SAP only,20762,lumpy,0.014521375464684015,0.9124087591240876
relative,Short 7d / long 56d,SAP only,20762,lumpy,0.009061338289962825,0.8666666666666667
relative,Per requirement,Both,20894,lumpy,0.06401022304832714,0.7064102564102565
relative,Per period 7d,Both,20894,lumpy,0.03171468401486989,0.6515513126491647
relative,Per period 14d,Both,20894,lumpy,0.020213754646840148,0.5819397993311036
relative,Per period 28d,Both,20894,lumpy,0.016263940520446097,0.6733668341708543
relative,Per period 56d,Both,20894,lumpy,0.013592007434944238,0.7548387096774194
relative,Min/Max,Both,20894,lumpy,0.025557620817843865,0.842911877394636
relative,SP Part Period Balancing,SAP only,20894,lumpy,0.012314126394052044,0.7066666666666667
relative,WI Sliding Economic Lot Size,SAP only,20894,lumpy,0.010223048327137546,0.7213114754098361
relative,DY Dynamic Planning Calculation,SAP only,20894,lumpy,0.006157063197026022,0.6410256410256411
relative,GR Groff Reorder Procedure,SAP only,20894,lumpy,0.025557620817843865,0.7482993197278912
relative,Calendar bucket 7d,SAP only,20894,lumpy,0.036942379182156135,0.6476578411405295
relative,Calendar bucket 28d,SAP only,20894,lumpy,0.02242100371747212,0.7148148148148148
relative,Short 7d / long 28d,SAP only,20894,lumpy,0.03671003717472119,0.9159420289855073
relative,Short 7d / long 56d,SAP only,20894,lumpy,0.023466542750929367,0.8595744680851064
relative,Per requirement,Both,90182C,lumpy,0.009409851301115242,0.6779661016949152
relative,Per period 7d,Both,90182C,lumpy,0.008945167286245352,0.7211538461538461
relative,Per period 14d,Both,90182C,lumpy,0.006737918215613383,0.6263736263736264
relative,Per period 28d,Both,90182C,lumpy,0.006737918215613383,0.6373626373626373
relative,Per period 56d,Both,90182C,lumpy,0.0045306691449814125,0.813953488372093
relative,Min/Max,Both,90182C,lumpy,0.006970260223048327,0.821917808219178
relative,SP Part Period Balancing,SAP only,90182C,lumpy,0.0008131970260223048,0.5384615384615384
relative,WI Sliding Economic Lot Size,SAP only,90182C,lumpy,0.001974907063197026,0.5925925925925926
relative,DY Dynamic Planning Calculation,SAP only,90182C,lumpy,0.001974907063197026,0.7058823529411765
relative,GR Groff Reorder Procedure,SAP only,90182C,lumpy,0.007899628252788104,0.8292682926829268
relative,Calendar bucket 7d,SAP only,90182C,lumpy,0.00871282527881041,0.6923076923076923
relative,Calendar bucket 28d,SAP only,90182C,lumpy,0.00766728624535316,0.7032967032967034
relative,Short 7d / long 28d,SAP only,90182C,lumpy,0.008015799256505576,0.69
relative,Short 7d / long 56d,SAP only,90182C,lumpy,0.007783457249070632,0.7613636363636364
relative,Per requirement,Both,44234,lumpy,0.05099907063197026,0.6774691358024691
relative,Per period 7d,Both,44234,lumpy,0.03055297397769517,0.6461916461916462
relative,Per period 14d,Both,44234,lumpy,0.02741635687732342,0.7002967359050445
relative,Per period 28d,Both,44234,lumpy,0.017309479553903346,0.6563876651982379
relative,Per period 56d,Both,44234,lumpy,0.014986059479553903,0.7818181818181819
relative,Min/Max,Both,44234,lumpy,0.009526022304832713,0.7961165048543689
relative,SP Part Period Balancing,SAP only,44234,lumpy,0.0060408921933085506,0.684931506849315
relative,WI Sliding Economic Lot Size,SAP only,44234,lumpy,0.009409851301115242,0.7714285714285715
relative,DY Dynamic Planning Calculation,SAP only,44234,lumpy,0.006157063197026022,0.7878787878787878
relative,GR Groff Reorder Procedure,SAP only,44234,lumpy,0.014521375464684015,0.6756756756756757
relative,Calendar bucket 7d,SAP only,44234,lumpy,0.04077602230483272,0.6895874263261297
relative,Calendar bucket 28d,SAP only,44234,lumpy,0.023698884758364312,0.6688524590163935
relative,Short 7d / long 28d,SAP only,44234,lumpy,0.03926579925650558,0.8733850129198967
relative,Short 7d / long 56d,SAP only,44234,lumpy,0.026022304832713755,0.8582375478927203
relative,Per requirement,Both,85165,lumpy,0.04426115241635688,0.679144385026738
relative,Per period 7d,Both,85165,lumpy,0.013592007434944238,0.5939086294416244
relative,Per period 14d,Both,85165,lumpy,0.008131970260223048,0.5384615384615384
relative,Per period 28d,Both,85165,lumpy,0.006273234200743495,0.7027027027027027
relative,Per period 56d,Both,85165,lumpy,0.0036013011152416356,0.6739130434782609
relative,Min/Max,Both,85165,lumpy,0.024512081784386616,0.8084291187739464
relative,SP Part Period Balancing,SAP only,85165,lumpy,0.0070864312267657995,0.75
relative,WI Sliding Economic Lot Size,SAP only,85165,lumpy,0.00766728624535316,0.9295774647887324
relative,DY Dynamic Planning Calculation,SAP only,85165,lumpy,0.0022072490706319704,0.6
relative,GR Groff Reorder Procedure,SAP only,85165,lumpy,0.010223048327137546,0.7521367521367521
relative,Calendar bucket 7d,SAP only,85165,lumpy,0.016031598513011152,0.6388888888888888
relative,Calendar bucket 28d,SAP only,85165,lumpy,0.003949814126394052,0.4473684210526316
relative,Short 7d / long 28d,SAP only,85165,lumpy,0.014521375464684015,0.984251968503937
relative,Short 7d / long 56d,SAP only,85165,lumpy,0.008596654275092937,0.9736842105263158
relative,Per requirement,Both,21586,lumpy,0.15020910780669144,0.7023356871265617
relative,Per period 7d,Both,21586,lumpy,0.057736988847583645,0.6565389696169088
relative,Per period 14d,Both,21586,lumpy,0.04158921933085502,0.6884615384615385
relative,Per period 28d,Both,21586,lumpy,0.02648698884758364,0.7192429022082019
relative,Per period 56d,Both,21586,lumpy,0.014637546468401487,0.7039106145251397
relative,Min/Max,Both,21586,lumpy,0.020910780669144983,0.7860262008733624
relative,SP Part Period Balancing,SAP only,21586,lumpy,0.037058550185873604,0.7505882352941177
relative,WI Sliding Economic Lot Size,SAP only,21586,lumpy,0.03856877323420074,0.8038740920096852
relative,DY Dynamic Planning Calculation,SAP only,21586,lumpy,0.022304832713754646,0.732824427480916
relative,GR Groff Reorder Procedure,SAP only,21586,lumpy,0.04879182156133829,0.7070707070707071
relative,Calendar bucket 7d,SAP only,21586,lumpy,0.06517193308550186,0.6404109589041096
relative,Calendar bucket 28d,SAP only,21586,lumpy,0.022188661710037173,0.5840978593272171
relative,Short 7d / long 28d,SAP only,21586,lumpy,0.05889869888475836,0.9548022598870056
relative,Short 7d / long 56d,SAP only,21586,lumpy,0.036361524163568776,0.963076923076923
relative,Per requirement,Both,84595E,lumpy,0.038452602230483274,0.6824742268041237
relative,Per period 7d,Both,84595E,lumpy,0.027184014869888477,0.6822157434402333
relative,Per period 14d,Both,84595E,lumpy,0.017309479553903346,0.6548672566371682
relative,Per period 28d,Both,84595E,lumpy,0.01475371747211896,0.7559523809523809
relative,Per period 56d,Both,84595E,lumpy,0.01092007434944238,0.7175572519083969
relative,Min/Max,Both,84595E,lumpy,0.010339219330855019,0.8640776699029126
relative,SP Part Period Balancing,SAP only,84595E,lumpy,0.011384758364312268,0.7716535433070866
relative,WI Sliding Economic Lot Size,SAP only,84595E,lumpy,0.01370817843866171,0.8194444444444444
relative,DY Dynamic Planning Calculation,SAP only,84595E,lumpy,0.008015799256505576,0.8214285714285714
relative,GR Groff Reorder Procedure,SAP only,84595E,lumpy,0.015218401486988848,0.6616161616161617
relative,Calendar bucket 7d,SAP only,84595E,lumpy,0.028694237918215612,0.6639784946236559
relative,Calendar bucket 28d,SAP only,84595E,lumpy,0.01742565055762082,0.6834862385321101
relative,Short 7d / long 28d,SAP only,84595E,lumpy,0.027648698884758363,0.8409893992932862
relative,Short 7d / long 56d,SAP only,84595E,lumpy,0.020213754646840148,0.8877551020408163
relative,Per requirement,Both,51008,lumpy,0.045771375464684017,0.7060931899641577
relative,Per period 7d,Both,51008,lumpy,0.02404739776951673,0.6923076923076923
relative,Per period 14d,Both,51008,lumpy,0.01963289962825279,0.7041666666666667
relative,Per period 28d,Both,51008,lumpy,0.01428903345724907,0.7721518987341772
relative,Per period 56d,Both,51008,lumpy,0.00383364312267658,0.6458333333333334
relative,Min/Max,Both,51008,lumpy,0.01312732342007435,0.875968992248062
relative,SP Part Period Balancing,SAP only,51008,lumpy,0.014637546468401487,0.65625
relative,WI Sliding Economic Lot Size,SAP only,51008,lumpy,0.020213754646840148,0.7747747747747747
relative,DY Dynamic Planning Calculation,SAP only,51008,lumpy,0.011849442379182156,0.6986301369863014
relative,GR Groff Reorder Procedure,SAP only,51008,lumpy,0.024512081784386616,0.7473309608540926
relative,Calendar bucket 7d,SAP only,51008,lumpy,0.028113382899628253,0.6722222222222223
relative,Calendar bucket 28d,SAP only,51008,lumpy,0.006854089219330855,0.6483516483516484
relative,Short 7d / long 28d,SAP only,51008,lumpy,0.02578996282527881,0.9367088607594937
relative,Short 7d / long 56d,SAP only,51008,lumpy,0.01754182156133829,0.9096385542168675
relative,Per requirement,Both,21292,lumpy,0.052393122676579924,0.7417763157894737
relative,Per period 7d,Both,21292,lumpy,0.029972118959107806,0.688
relative,Per period 14d,Both,21292,lumpy,0.019981412639405203,0.6666666666666666
relative,Per period 28d,Both,21292,lumpy,0.016263940520446097,0.6896551724137931
relative,Per period 56d,Both,21292,lumpy,0.008248141263940521,0.7395833333333334
relative,Min/Max,Both,21292,lumpy,0.0170771375464684,0.8352272727272727
relative,SP Part Period Balancing,SAP only,21292,lumpy,0.016496282527881042,0.7513227513227513
relative,WI Sliding Economic Lot Size,SAP only,21292,lumpy,0.013940520446096654,0.7361963190184049
relative,DY Dynamic Planning Calculation,SAP only,21292,lumpy,0.008945167286245352,0.7129629629629629
relative,GR Groff Reorder Procedure,SAP only,21292,lumpy,0.027184014869888477,0.7452229299363057
relative,Calendar bucket 7d,SAP only,21292,lumpy,0.031947026022304835,0.6425233644859814
relative,Calendar bucket 28d,SAP only,21292,lumpy,0.01475371747211896,0.6318407960199005
relative,Short 7d / long 28d,SAP only,21292,lumpy,0.03241171003717472,0.9147540983606557
relative,Short 7d / long 56d,SAP only,21292,lumpy,0.020910780669144983,0.8780487804878049
relative,Per requirement,Both,84251F,lumpy,0.0391496282527881,0.7006237006237006
relative,Per period 7d,Both,84251F,lumpy,0.018006505576208177,0.625
relative,Per period 14d,Both,84251F,lumpy,0.012430297397769517,0.6524390243902439
relative,Per period 28d,Both,84251F,lumpy,0.00662174721189591,0.6195652173913043
relative,Per period 56d,Both,84251F,lumpy,0.0060408921933085506,0.7222222222222222
relative,Min/Max,Both,84251F,lumpy,0.02427973977695167,0.8672199170124482
relative,SP Part Period Balancing,SAP only,84251F,lumpy,0.004414498141263941,0.926829268292683
relative,WI Sliding Economic Lot Size,SAP only,84251F,lumpy,0.001974907063197026,1.0
relative,DY Dynamic Planning Calculation,SAP only,84251F,lumpy,0.00046468401486988845,1.0
relative,GR Groff Reorder Procedure,SAP only,84251F,lumpy,0.006157063197026022,0.726027397260274
relative,Calendar bucket 7d,SAP only,84251F,lumpy,0.022885687732342008,0.686411149825784
relative,Calendar bucket 28d,SAP only,84251F,lumpy,0.008248141263940521,0.625
relative,Short 7d / long 28d,SAP only,84251F,lumpy,0.02079460966542751,0.9781420765027322
relative,Short 7d / long 56d,SAP only,84251F,lumpy,0.012081784386617101,0.9043478260869565
relative,Per requirement,Both,21801,lumpy,0.1457946096654275,0.6820652173913043
relative,Per period 7d,Both,21801,lumpy,0.04553903345724907,0.6678023850085179
relative,Per period 14d,Both,21801,lumpy,0.028926579925650557,0.6029055690072639
relative,Per period 28d,Both,21801,lumpy,0.01963289962825279,0.6706349206349206
relative,Per period 56d,Both,21801,lumpy,0.014986059479553903,0.7588235294117647
relative,Min/Max,Both,21801,lumpy,0.034967472118959106,0.875
relative,SP Part Period Balancing,SAP only,21801,lumpy,0.01858736059479554,0.7766990291262136
relative,WI Sliding Economic Lot Size,SAP only,21801,lumpy,0.018703531598513012,0.8429319371727748
relative,DY Dynamic Planning Calculation,SAP only,21801,lumpy,0.009758364312267658,0.8076923076923077
relative,GR Groff Reorder Procedure,SAP only,21801,lumpy,0.023815055762081785,0.6949152542372882
relative,Calendar bucket 7d,SAP only,21801,lumpy,0.04995353159851301,0.6332842415316642
relative,Calendar bucket 28d,SAP only,21801,lumpy,0.018819702602230485,0.6
relative,Short 7d / long 28d,SAP only,21801,lumpy,0.046352230483271376,0.9477434679334917
relative,Short 7d / long 56d,SAP only,21801,lumpy,0.02857806691449814,0.9318181818181818
relative,Per requirement,Both,84510F,lumpy,0.02462825278810409,0.6625
relative,Per period 7d,Both,84510F,lumpy,0.01428903345724907,0.6612903225806451
relative,Per period 14d,Both,84510F,lumpy,0.008015799256505576,0.5948275862068966
relative,Per period 28d,Both,84510F,lumpy,0.0055762081784386614,0.7272727272727273
relative,Per period 56d,Both,84510F,lumpy,0.0034851301115241635,0.7692307692307693
relative,Min/Max,Both,84510F,lumpy,0.0013940520446096654,0.7058823529411765
relative,SP Part Period Balancing,SAP only,84510F,lumpy,0.0027881040892193307,0.8
relative,WI Sliding Economic Lot Size,SAP only,84510F,lumpy,0.0033689591078066915,0.8055555555555556
relative,DY Dynamic Planning Calculation,SAP only,84510F,lumpy,0.0025557620817843866,0.88
relative,GR Groff Reorder Procedure,SAP only,84510F,lumpy,0.006505576208178439,0.6707317073170732
relative,Calendar bucket 7d,SAP only,84510F,lumpy,0.016147769516728624,0.6177777777777778
relative,Calendar bucket 28d,SAP only,84510F,lumpy,0.006854089219330855,0.5728155339805825
relative,Short 7d / long 28d,SAP only,84510F,lumpy,0.016612453531598514,0.9225806451612903
relative,Short 7d / long 56d,SAP only,84510F,lumpy,0.010106877323420074,0.8613861386138614
relative,Per requirement,Both,21655,lumpy,0.06006040892193309,0.7043596730245232
relative,Per period 7d,Both,21655,lumpy,0.016263940520446097,0.5932203389830508
relative,Per period 14d,Both,21655,lumpy,0.01428903345724907,0.754601226993865
relative,Per period 28d,Both,21655,lumpy,0.009990706319702601,0.7678571428571429
relative,Per period 56d,Both,21655,lumpy,0.005111524163568773,0.7333333333333333
relative,Min/Max,Both,21655,lumpy,0.025441449814126393,0.8588235294117647
relative,SP Part Period Balancing,SAP only,21655,lumpy,0.015799256505576207,0.8095238095238095
relative,WI Sliding Economic Lot Size,SAP only,21655,lumpy,0.014405204460966542,0.8322147651006712
relative,DY Dynamic Planning Calculation,SAP only,21655,lumpy,0.009758364312267658,0.7567567567567568
relative,GR Groff Reorder Procedure,SAP only,21655,lumpy,0.018935873605947954,0.7874396135265701
relative,Calendar bucket 7d,SAP only,21655,lumpy,0.021143122676579924,0.6618181818181819
relative,Calendar bucket 28d,SAP only,21655,lumpy,0.008015799256505576,0.6448598130841121
relative,Short 7d / long 28d,SAP only,21655,lumpy,0.01812267657992565,0.9454545454545454
relative,Short 7d / long 56d,SAP only,21655,lumpy,0.011965613382899629,0.9537037037037037
relative,Per requirement,Both,20770,lumpy,0.08213289962825279,0.688412852969815
relative,Per period 7d,Both,20770,lumpy,0.034967472118959106,0.6350210970464135
relative,Per period 14d,Both,20770,lumpy,0.02079460966542751,0.5811688311688312
relative,Per period 28d,Both,20770,lumpy,0.01742565055762082,0.7081339712918661
relative,Per period 56d,Both,20770,lumpy,0.008596654275092937,0.6666666666666666
relative,Min/Max,Both,20770,lumpy,0.01266263940520446,0.8515625
relative,SP Part Period Balancing,SAP only,20770,lumpy,0.014056691449814127,0.7857142857142857
relative,WI Sliding Economic Lot Size,SAP only,20770,lumpy,0.01533457249070632,0.8
relative,DY Dynamic Planning Calculation,SAP only,20770,lumpy,0.004646840148698885,0.6538461538461539
relative,GR Groff Reorder Procedure,SAP only,20770,lumpy,0.01928438661710037,0.7410714285714286
relative,Calendar bucket 7d,SAP only,20770,lumpy,0.03856877323420074,0.6587301587301587
relative,Calendar bucket 28d,SAP only,20770,lumpy,0.015450743494423791,0.6073059360730594
relative,Short 7d / long 28d,SAP only,20770,lumpy,0.036013011152416355,0.9309309309309309
relative,Short 7d / long 56d,SAP only,20770,lumpy,0.021723977695167287,0.8947368421052632
relative,Per requirement,Both,85162C,lumpy,0.017193308550185873,0.6981132075471698
relative,Per period 7d,Both,85162C,lumpy,0.00871282527881041,0.6696428571428571
relative,Per period 14d,Both,85162C,lumpy,0.007434944237918215,0.7191011235955056
relative,Per period 28d,Both,85162C,lumpy,0.0036013011152416356,0.6458333333333334
relative,Per period 56d,Both,85162C,lumpy,0.001974907063197026,0.5714285714285714
relative,Min/Max,Both,85162C,lumpy,0.009409851301115242,0.7788461538461539
relative,SP Part Period Balancing,SAP only,85162C,lumpy,0.009061338289962825,0.896551724137931
relative,WI Sliding Economic Lot Size,SAP only,85162C,lumpy,0.004763011152416357,0.6507936507936508
relative,DY Dynamic Planning Calculation,SAP only,85162C,lumpy,0.005692379182156134,0.8032786885245902
relative,GR Groff Reorder Procedure,SAP only,85162C,lumpy,0.008596654275092937,0.7628865979381443
relative,Calendar bucket 7d,SAP only,85162C,lumpy,0.011384758364312268,0.7
relative,Calendar bucket 28d,SAP only,85162C,lumpy,0.00383364312267658,0.6
relative,Short 7d / long 28d,SAP only,85162C,lumpy,0.010223048327137546,0.9361702127659575
relative,Short 7d / long 56d,SAP only,85162C,lumpy,0.006505576208178439,0.9032258064516129
relative,Per requirement,Both,84856L,lumpy,0.05947955390334572,0.6808510638297872
relative,Per period 7d,Both,84856L,lumpy,0.026370817843866173,0.6151761517615176
relative,Per period 14d,Both,84856L,lumpy,0.017193308550185873,0.6666666666666666
relative,Per period 28d,Both,84856L,lumpy,0.010223048327137546,0.6541353383458647
relative,Per period 56d,Both,84856L,lumpy,0.00987453531598513,0.7264957264957265
relative,Min/Max,Both,84856L,lumpy,0.02683550185873606,0.8461538461538461
relative,SP Part Period Balancing,SAP only,84856L,lumpy,0.012081784386617101,0.6993006993006993
relative,WI Sliding Economic Lot Size,SAP only,84856L,lumpy,0.014172862453531599,0.8041958041958042
relative,DY Dynamic Planning Calculation,SAP only,84856L,lumpy,0.0030204460966542753,0.4642857142857143
relative,GR Groff Reorder Procedure,SAP only,84856L,lumpy,0.022885687732342008,0.76953125
relative,Calendar bucket 7d,SAP only,84856L,lumpy,0.03171468401486989,0.6408450704225352
relative,Calendar bucket 28d,SAP only,84856L,lumpy,0.012197955390334572,0.6363636363636364
relative,Short 7d / long 28d,SAP only,84856L,lumpy,0.03008828996282528,0.9847908745247148
relative,Short 7d / long 56d,SAP only,84856L,lumpy,0.018238847583643122,0.9401197604790419
relative,Per requirement,Both,47422,lumpy,0.06377788104089219,0.7038461538461539
relative,Per period 7d,Both,47422,lumpy,0.04460966542750929,0.6943942133815552
relative,Per period 14d,Both,47422,lumpy,0.027881040892193308,0.6741573033707865
relative,Per period 28d,Both,47422,lumpy,0.016612453531598514,0.6620370370370371
relative,Per period 56d,Both,47422,lumpy,0.012894981412639405,0.6851851851851852
relative,Min/Max,Both,47422,lumpy,0.01858736059479554,0.8121827411167513
relative,SP Part Period Balancing,SAP only,47422,lumpy,0.013592007434944238,0.7959183673469388
relative,WI Sliding Economic Lot Size,SAP only,47422,lumpy,0.010106877323420074,0.6444444444444445
relative,DY Dynamic Planning Calculation,SAP only,47422,lumpy,0.008945167286245352,0.8279569892473119
relative,GR Groff Reorder Procedure,SAP only,47422,lumpy,0.021026951672862452,0.7154150197628458
relative,Calendar bucket 7d,SAP only,47422,lumpy,0.04914033457249071,0.698019801980198
relative,Calendar bucket 28d,SAP only,47422,lumpy,0.018935873605947954,0.573943661971831
relative,Short 7d / long 28d,SAP only,47422,lumpy,0.042867100371747215,0.929471032745592
relative,Short 7d / long 56d,SAP only,47422,lumpy,0.02695167286245353,0.8689138576779026
relative,Per requirement,Both,72134,lumpy,0.02358271375464684,0.688135593220339
relative,Per period 7d,Both,72134,lumpy,0.018006505576208177,0.6681034482758621
relative,Per period 14d,Both,72134,lumpy,0.013824349442379182,0.616580310880829
relative,Per period 28d,Both,72134,lumpy,0.01370817843866171,0.6941176470588235
relative,Per period 56d,Both,72134,lumpy,0.008248141263940521,0.6272727272727273
relative,Min/Max,Both,72134,lumpy,0.007318773234200744,0.7682926829268293
relative,SP Part Period Balancing,SAP only,72134,lumpy,0.007318773234200744,0.7325581395348837
relative,WI Sliding Economic Lot Size,SAP only,72134,lumpy,0.006273234200743495,0.7297297297297297
relative,DY Dynamic Planning Calculation,SAP only,72134,lumpy,0.009177509293680297,0.8404255319148937
relative,GR Groff Reorder Procedure,SAP only,72134,lumpy,0.012314126394052044,0.697986577181208
relative,Calendar bucket 7d,SAP only,72134,lumpy,0.020213754646840148,0.710204081632653
relative,Calendar bucket 28d,SAP only,72134,lumpy,0.01312732342007435,0.7018633540372671
relative,Short 7d / long 28d,SAP only,72134,lumpy,0.019516728624535316,0.7706422018348624
relative,Short 7d / long 56d,SAP only,72134,lumpy,0.01533457249070632,0.75
relative,Per requirement,Both,90108,lumpy,0.019516728624535316,0.6461538461538462
relative,Per period 7d,Both,90108,lumpy,0.014056691449814127,0.6205128205128205
relative,Per period 14d,Both,90108,lumpy,0.014172862453531599,0.6666666666666666
relative,Per period 28d,Both,90108,lumpy,0.01092007434944238,0.6911764705882353
relative,Per period 56d,Both,90108,lumpy,0.009061338289962825,0.7358490566037735
relative,Min/Max,Both,90108,lumpy,0.011384758364312268,0.8305084745762712
relative,SP Part Period Balancing,SAP only,90108,lumpy,0.008248141263940521,0.8554216867469879
relative,WI Sliding Economic Lot Size,SAP only,90108,lumpy,0.006505576208178439,0.7777777777777778
relative,DY Dynamic Planning Calculation,SAP only,90108,lumpy,0.005692379182156134,0.7777777777777778
relative,GR Groff Reorder Procedure,SAP only,90108,lumpy,0.011965613382899629,0.7769230769230769
relative,Calendar bucket 7d,SAP only,90108,lumpy,0.01974907063197026,0.7264957264957265
relative,Calendar bucket 28d,SAP only,90108,lumpy,0.013824349442379182,0.7
relative,Short 7d / long 28d,SAP only,90108,lumpy,0.018703531598513012,0.7777777777777778
relative,Short 7d / long 56d,SAP only,90108,lumpy,0.015102230483271376,0.8176100628930818
relative,Per requirement,Both,22597,lumpy,0.1625232342007435,0.7019568489713999
relative,Per period 7d,Both,22597,lumpy,0.04379646840148699,0.6190476190476191
relative,Per period 14d,Both,22597,lumpy,0.03078531598513011,0.6463414634146342
relative,Per period 28d,Both,22597,lumpy,0.02184014869888476,0.734375
relative,Per period 56d,Both,22597,lumpy,0.014521375464684015,0.7668711656441718
relative,Min/Max,Both,22597,lumpy,0.03310873605947955,0.811965811965812
relative,SP Part Period Balancing,SAP only,22597,lumpy,0.03519981412639405,0.8393351800554016
relative,WI Sliding Economic Lot Size,SAP only,22597,lumpy,0.03438661710037175,0.8579710144927536
relative,DY Dynamic Planning Calculation,SAP only,22597,lumpy,0.015566914498141264,0.7613636363636364
relative,GR Groff Reorder Procedure,SAP only,22597,lumpy,0.04112453531598513,0.7612903225806451
relative,Calendar bucket 7d,SAP only,22597,lumpy,0.04879182156133829,0.611353711790393
relative,Calendar bucket 28d,SAP only,22597,lumpy,0.015683085501858735,0.5294117647058824
relative,Short 7d / long 28d,SAP only,22597,lumpy,0.04809479553903346,0.9672897196261683
relative,Short 7d / long 56d,SAP only,22597,lumpy,0.028926579925650557,0.939622641509434
relative,Per requirement,Both,85230F,lumpy,0.04507434944237918,0.7306967984934086
relative,Per period 7d,Both,85230F,lumpy,0.02520910780669145,0.6595744680851063
relative,Per period 14d,Both,85230F,lumpy,0.021259293680297397,0.648936170212766
relative,Per period 28d,Both,85230F,lumpy,0.014637546468401487,0.6810810810810811
relative,Per period 56d,Both,85230F,lumpy,0.010803903345724907,0.7045454545454546
relative,Min/Max,Both,85230F,lumpy,0.014986059479553903,0.8113207547169812
relative,SP Part Period Balancing,SAP only,85230F,lumpy,0.012081784386617101,0.7878787878787878
relative,WI Sliding Economic Lot Size,SAP only,85230F,lumpy,0.010687732342007435,0.7419354838709677
relative,DY Dynamic Planning Calculation,SAP only,85230F,lumpy,0.006389405204460966,0.6666666666666666
relative,GR Groff Reorder Procedure,SAP only,85230F,lumpy,0.01742565055762082,0.6666666666666666
relative,Calendar bucket 7d,SAP only,85230F,lumpy,0.031133828996282528,0.6600985221674877
relative,Calendar bucket 28d,SAP only,85230F,lumpy,0.015566914498141264,0.6146788990825688
relative,Short 7d / long 28d,SAP only,85230F,lumpy,0.032063197026022304,0.9139072847682119
relative,Short 7d / long 56d,SAP only,85230F,lumpy,0.0191682156133829,0.7971014492753623
relative,Per requirement,Both,22647,lumpy,0.07446561338289963,0.6848290598290598
relative,Per period 7d,Both,22647,lumpy,0.03566449814126394,0.6214574898785425
relative,Per period 14d,Both,22647,lumpy,0.02520910780669145,0.6575757575757576
relative,Per period 28d,Both,22647,lumpy,0.018471189591078067,0.7162162162162162
relative,Per period 56d,Both,22647,lumpy,0.010803903345724907,0.636986301369863
relative,Min/Max,Both,22647,lumpy,0.02474442379182156,0.8554216867469879
relative,SP Part Period Balancing,SAP only,22647,lumpy,0.016263940520446097,0.7253886010362695
relative,WI Sliding Economic Lot Size,SAP only,22647,lumpy,0.012778810408921933,0.6748466257668712
relative,DY Dynamic Planning Calculation,SAP only,22647,lumpy,0.007318773234200744,0.5575221238938053
relative,GR Groff Reorder Procedure,SAP only,22647,lumpy,0.025557620817843865,0.738255033557047
relative,Calendar bucket 7d,SAP only,22647,lumpy,0.03984665427509294,0.6169064748201439
relative,Calendar bucket 28d,SAP only,22647,lumpy,0.019052044609665426,0.6507936507936508
relative,Short 7d / long 28d,SAP only,22647,lumpy,0.04065985130111524,0.9234828496042217
relative,Short 7d / long 56d,SAP only,22647,lumpy,0.026022304832713755,0.9218106995884774
relative,Per requirement,Both,22573,lumpy,0.17216542750929367,0.6886617100371747
relative,Per period 7d,Both,22573,lumpy,0.0391496282527881,0.5912280701754385
relative,Per period 14d,Both,22573,lumpy,0.027881040892193308,0.6896551724137931
relative,Per period 28d,Both,22573,lumpy,0.014521375464684015,0.6613756613756614
relative,Per period 56d,Both,22573,lumpy,0.010687732342007435,0.7603305785123967
relative,Min/Max,Both,22573,lumpy,0.03612918215613383,0.8785310734463276
relative,SP Part Period Balancing,SAP only,22573,lumpy,0.029623605947955392,0.804416403785489
relative,WI Sliding Economic Lot Size,SAP only,22573,lumpy,0.03229553903345725,0.8200589970501475
relative,DY Dynamic Planning Calculation,SAP only,22573,lumpy,0.012778810408921933,0.7236842105263158
relative,GR Groff Reorder Procedure,SAP only,22573,lumpy,0.0333410780669145,0.7421875
relative,Calendar bucket 7d,SAP only,22573,lumpy,0.0391496282527881,0.5551894563426688
relative,Calendar bucket 28d,SAP only,22573,lumpy,0.013824349442379182,0.536036036036036
relative,Short 7d / long 28d,SAP only,22573,lumpy,0.039962825278810406,0.9529085872576177
relative,Short 7d / long 56d,SAP only,22573,lumpy,0.02474442379182156,0.9508928571428571
relative,Per requirement,Both,84874B,lumpy,0.03241171003717472,0.7117346938775511
relative,Per period 7d,Both,84874B,lumpy,0.02242100371747212,0.6542372881355932
relative,Per period 14d,Both,84874B,lumpy,0.01591542750929368,0.6284403669724771
relative,Per period 28d,Both,84874B,lumpy,0.01486988847583643,0.7682926829268293
relative,Per period 56d,Both,84874B,lumpy,0.008015799256505576,0.6699029126213593
relative,Min/Max,Both,84874B,lumpy,0.014637546468401487,0.75
relative,SP Part Period Balancing,SAP only,84874B,lumpy,0.006157063197026022,0.7464788732394366
relative,WI Sliding Economic Lot Size,SAP only,84874B,lumpy,0.005343866171003717,0.7419354838709677
relative,DY Dynamic Planning Calculation,SAP only,84874B,lumpy,0.0022072490706319704,0.76
relative,GR Groff Reorder Procedure,SAP only,84874B,lumpy,0.018935873605947954,0.8578947368421053
relative,Calendar bucket 7d,SAP only,84874B,lumpy,0.025557620817843865,0.6376811594202898
relative,Calendar bucket 28d,SAP only,84874B,lumpy,0.015218401486988848,0.6894736842105263
relative,Short 7d / long 28d,SAP only,84874B,lumpy,0.027184014869888477,0.8931297709923665
relative,Short 7d / long 56d,SAP only,84874B,lumpy,0.0170771375464684,0.8166666666666667
relative,Per requirement,Both,22286,lumpy,0.1262778810408922,0.6914758269720102
relative,Per period 7d,Both,22286,lumpy,0.041937732342007435,0.6378091872791519
relative,Per period 14d,Both,22286,lumpy,0.029391263940520447,0.6764705882352942
relative,Per period 28d,Both,22286,lumpy,0.017193308550185873,0.6636771300448431
relative,Per period 56d,Both,22286,lumpy,0.012430297397769517,0.7642857142857142
relative,Min/Max,Both,22286,lumpy,0.025557620817843865,0.88
relative,SP Part Period Balancing,SAP only,22286,lumpy,0.025906133828996283,0.7743055555555556
relative,WI Sliding Economic Lot Size,SAP only,22286,lumpy,0.021723977695167287,0.7391304347826086
relative,DY Dynamic Planning Calculation,SAP only,22286,lumpy,0.01533457249070632,0.7751479289940828
relative,GR Groff Reorder Procedure,SAP only,22286,lumpy,0.03380576208178439,0.7404580152671756
relative,Calendar bucket 7d,SAP only,22286,lumpy,0.04600371747211896,0.6130030959752322
relative,Calendar bucket 28d,SAP only,22286,lumpy,0.01696096654275093,0.5708661417322834
relative,Short 7d / long 28d,SAP only,22286,lumpy,0.04356412639405204,0.9640102827763496
relative,Short 7d / long 56d,SAP only,22286,lumpy,0.026603159851301114,0.9308943089430894
relative,Per requirement,Both,21792,lumpy,0.11152416356877323,0.6971677559912854
relative,Per period 7d,Both,21792,lumpy,0.04704925650557621,0.6211656441717791
relative,Per period 14d,Both,21792,lumpy,0.03217936802973978,0.642691415313225
relative,Per period 28d,Both,21792,lumpy,0.019516728624535316,0.6511627906976745
relative,Per period 56d,Both,21792,lumpy,0.012778810408921933,0.7032258064516129
relative,Min/Max,Both,21792,lumpy,0.026138475836431228,0.8241758241758241
relative,SP Part Period Balancing,SAP only,21792,lumpy,0.026603159851301114,0.7483660130718954
relative,WI Sliding Economic Lot Size,SAP only,21792,lumpy,0.027067843866171004,0.7564935064935064
relative,DY Dynamic Planning Calculation,SAP only,21792,lumpy,0.01486988847583643,0.8205128205128205
relative,GR Groff Reorder Procedure,SAP only,21792,lumpy,0.03891728624535316,0.7266811279826464
relative,Calendar bucket 7d,SAP only,21792,lumpy,0.05401951672862453,0.6134564643799473
relative,Calendar bucket 28d,SAP only,21792,lumpy,0.0170771375464684,0.5387453874538746
relative,Short 7d / long 28d,SAP only,21792,lumpy,0.0504182156133829,0.9538461538461539
relative,Short 7d / long 56d,SAP only,21792,lumpy,0.030901486988847583,0.953405017921147
relative,Per requirement,Both,21085,lumpy,0.03345724907063197,0.6792452830188679
relative,Per period 7d,Both,21085,lumpy,0.011733271375464684,0.643312101910828
relative,Per period 14d,Both,21085,lumpy,0.005111524163568773,0.6984126984126984
relative,Per period 28d,Both,21085,lumpy,0.0016263940520446097,0.56
relative,Per period 56d,Both,21085,lumpy,0.0008131970260223048,0.7
relative,Min/Max,Both,21085,lumpy,0.0008131970260223048,0.5384615384615384
relative,SP Part Period Balancing,SAP only,21085,lumpy,0.004414498141263941,0.7755102040816326
relative,WI Sliding Economic Lot Size,SAP only,21085,lumpy,0.004995353159851301,0.6935483870967742
relative,DY Dynamic Planning Calculation,SAP only,21085,lumpy,0.0025557620817843866,0.7096774193548387
relative,GR Groff Reorder Procedure,SAP only,21085,lumpy,0.006505576208178439,0.6086956521739131
relative,Calendar bucket 7d,SAP only,21085,lumpy,0.013940520446096654,0.6122448979591837
relative,Calendar bucket 28d,SAP only,21085,lumpy,0.005111524163568773,0.6376811594202898
relative,Short 7d / long 28d,SAP only,21085,lumpy,0.01428903345724907,0.9609375
relative,Short 7d / long 56d,SAP only,21085,lumpy,0.008364312267657992,0.9230769230769231
relative,Per requirement,Both,35637C,lumpy,0.016844795539033456,0.6712962962962963
relative,Per period 7d,Both,35637C,lumpy,0.015218401486988848,0.6517412935323383
relative,Per period 14d,Both,35637C,lumpy,0.013475836431226766,0.6987951807228916
relative,Per period 28d,Both,35637C,lumpy,0.011152416356877323,0.6857142857142857
relative,Per period 56d,Both,35637C,lumpy,0.008596654275092937,0.6761904761904762
relative,Min/Max,Both,35637C,lumpy,0.0055762081784386614,0.7384615384615385
relative,SP Part Period Balancing,SAP only,35637C,lumpy,0.01092007434944238,0.8181818181818182
relative,WI Sliding Economic Lot Size,SAP only,35637C,lumpy,0.0070864312267657995,0.6931818181818182
relative,DY Dynamic Planning Calculation,SAP only,35637C,lumpy,0.00929368029739777,0.8125
relative,GR Groff Reorder Procedure,SAP only,35637C,lumpy,0.01533457249070632,0.7081081081081081
relative,Calendar bucket 7d,SAP only,35637C,lumpy,0.01591542750929368,0.6715686274509803
relative,Calendar bucket 28d,SAP only,35637C,lumpy,0.01312732342007435,0.6787878787878788
relative,Short 7d / long 28d,SAP only,35637C,lumpy,0.017309479553903346,0.7967914438502673
relative,Short 7d / long 56d,SAP only,35637C,lumpy,0.014172862453531599,0.7870967741935484
relative,Per requirement,Both,23224,lumpy,0.04855947955390334,0.7096774193548387
relative,Per period 7d,Both,23224,lumpy,0.013359665427509293,0.5989583333333334
relative,Per period 14d,Both,23224,lumpy,0.010339219330855019,0.717741935483871
relative,Per period 28d,Both,23224,lumpy,0.00546003717472119,0.5949367088607594
relative,Per period 56d,Both,23224,lumpy,0.0036013011152416356,0.7380952380952381
relative,Min/Max,Both,23224,lumpy,0.01858736059479554,0.8
relative,SP Part Period Balancing,SAP only,23224,lumpy,0.006737918215613383,0.6590909090909091
relative,WI Sliding Economic Lot Size,SAP only,23224,lumpy,0.00766728624535316,0.825
relative,DY Dynamic Planning Calculation,SAP only,23224,lumpy,0.0032527881040892194,0.5957446808510638
relative,GR Groff Reorder Procedure,SAP only,23224,lumpy,0.012081784386617101,0.8253968253968254
relative,Calendar bucket 7d,SAP only,23224,lumpy,0.01475371747211896,0.6105769230769231
relative,Calendar bucket 28d,SAP only,23224,lumpy,0.004065985130111524,0.44871794871794873
relative,Short 7d / long 28d,SAP only,23224,lumpy,0.014405204460966542,0.9612403100775194
relative,Short 7d / long 56d,SAP only,23224,lumpy,0.008945167286245352,0.9390243902439024
relative,Per requirement,Both,21814,lumpy,0.05216078066914498,0.6875957120980092
relative,Per period 7d,Both,21814,lumpy,0.017890334572490705,0.5703703703703704
relative,Per period 14d,Both,21814,lumpy,0.017193308550185873,0.7346938775510204
relative,Per period 28d,Both,21814,lumpy,0.008364312267657992,0.6120689655172413
relative,Per period 56d,Both,21814,lumpy,0.006970260223048327,0.6823529411764706
relative,Min/Max,Both,21814,lumpy,0.023118029739776953,0.8614718614718615
relative,SP Part Period Balancing,SAP only,21814,lumpy,0.011617100371747211,0.819672131147541
relative,WI Sliding Economic Lot Size,SAP only,21814,lumpy,0.010687732342007435,0.736
relative,DY Dynamic Planning Calculation,SAP only,21814,lumpy,0.005343866171003717,0.7931034482758621
relative,GR Groff Reorder Procedure,SAP only,21814,lumpy,0.0191682156133829,0.7603686635944701
relative,Calendar bucket 7d,SAP only,21814,lumpy,0.026719330855018587,0.688622754491018
relative,Calendar bucket 28d,SAP only,21814,lumpy,0.008945167286245352,0.5390070921985816
relative,Short 7d / long 28d,SAP only,21814,lumpy,0.023698884758364312,0.8986784140969163
relative,Short 7d / long 56d,SAP only,21814,lumpy,0.015683085501858735,0.8709677419354839
relative,Per requirement,Both,84637,lumpy,0.08492100371747212,0.650355871886121
relative,Per period 7d,Both,84637,lumpy,0.03856877323420074,0.6205607476635514
relative,Per period 14d,Both,84637,lumpy,0.02404739776951673,0.6052631578947368
relative,Per period 28d,Both,84637,lumpy,0.022885687732342008,0.7323420074349443
relative,Per period 56d,Both,84637,lumpy,0.008480483271375464,0.8181818181818182
relative,Min/Max,Both,84637,lumpy,0.012894981412639405,0.8740157480314961
relative,SP Part Period Balancing,SAP only,84637,lumpy,0.016147769516728624,0.696969696969697
relative,WI Sliding Economic Lot Size,SAP only,84637,lumpy,0.01486988847583643,0.6479591836734694
relative,DY Dynamic Planning Calculation,SAP only,84637,lumpy,0.010339219330855019,0.8240740740740741
relative,GR Groff Reorder Procedure,SAP only,84637,lumpy,0.028345724907063198,0.7349397590361446
relative,Calendar bucket 7d,SAP only,84637,lumpy,0.04658457249070632,0.6207430340557275
relative,Calendar bucket 28d,SAP only,84637,lumpy,0.0191682156133829,0.5863309352517986
relative,Short 7d / long 28d,SAP only,84637,lumpy,0.046236059479553906,0.9386792452830188
relative,Short 7d / long 56d,SAP only,84637,lumpy,0.028113382899628253,0.8929889298892989
relative,Per requirement,Both,90042C,lumpy,0.02730018587360595,0.6752873563218391
relative,Per period 7d,Both,90042C,lumpy,0.01638011152416357,0.6746411483253588
relative,Per period 14d,Both,90042C,lumpy,0.010571561338289962,0.6408450704225352
relative,Per period 28d,Both,90042C,lumpy,0.007783457249070632,0.6320754716981132
relative,Per period 56d,Both,90042C,lumpy,0.0045306691449814125,0.6290322580645161
relative,Min/Max,Both,90042C,lumpy,0.010223048327137546,0.7272727272727273
relative,SP Part Period Balancing,SAP only,90042C,lumpy,0.005343866171003717,0.7543859649122807
relative,WI Sliding Economic Lot Size,SAP only,90042C,lumpy,0.006389405204460966,0.6547619047619048
relative,DY Dynamic Planning Calculation,SAP only,90042C,lumpy,0.005227695167286246,0.9183673469387755
relative,GR Groff Reorder Procedure,SAP only,90042C,lumpy,0.00987453531598513,0.7130434782608696
relative,Calendar bucket 7d,SAP only,90042C,lumpy,0.020213754646840148,0.6692307692307692
relative,Calendar bucket 28d,SAP only,90042C,lumpy,0.005808550185873606,0.4716981132075472
relative,Short 7d / long 28d,SAP only,90042C,lumpy,0.018471189591078067,0.888268156424581
relative,Short 7d / long 56d,SAP only,90042C,lumpy,0.011733271375464684,0.8782608695652174
relative,Per requirement,Both,84199,lumpy,0.05611059479553903,0.6831683168316832
relative,Per period 7d,Both,84199,lumpy,0.03392193308550186,0.6886792452830188
relative,Per period 14d,Both,84199,lumpy,0.025557620817843865,0.7189542483660131
relative,Per period 28d,Both,84199,lumpy,0.0170771375464684,0.6869158878504673
relative,Per period 56d,Both,84199,lumpy,0.011268587360594795,0.6418918918918919
relative,Min/Max,Both,84199,lumpy,0.005692379182156134,0.7538461538461538
relative,SP Part Period Balancing,SAP only,84199,lumpy,0.007551115241635688,0.7926829268292683
relative,WI Sliding Economic Lot Size,SAP only,84199,lumpy,0.005111524163568773,0.6417910447761194
relative,DY Dynamic Planning Calculation,SAP only,84199,lumpy,0.004763011152416357,0.7735849056603774
relative,GR Groff Reorder Procedure,SAP only,84199,lumpy,0.01370817843866171,0.7375
relative,Calendar bucket 7d,SAP only,84199,lumpy,0.03682620817843866,0.634
relative,Calendar bucket 28d,SAP only,84199,lumpy,0.02184014869888476,0.6861313868613139
relative,Short 7d / long 28d,SAP only,84199,lumpy,0.03682620817843866,0.8781163434903048
relative,Short 7d / long 56d,SAP only,84199,lumpy,0.02509293680297398,0.8674698795180723
relative,Per requirement,Both,21458,lumpy,0.05343866171003717,0.6590257879656161
relative,Per period 7d,Both,21458,lumpy,0.018355018587360595,0.6030534351145038
relative,Per period 14d,Both,21458,lumpy,0.01312732342007435,0.6384180790960452
relative,Per period 28d,Both,21458,lumpy,0.009990706319702601,0.6370370370370371
relative,Per period 56d,Both,21458,lumpy,0.007318773234200744,0.7045454545454546
relative,Min/Max,Both,21458,lumpy,0.013940520446096654,0.8391608391608392
relative,SP Part Period Balancing,SAP only,21458,lumpy,0.008248141263940521,0.6454545454545455
relative,WI Sliding Economic Lot Size,SAP only,21458,lumpy,0.008945167286245352,0.75
relative,DY Dynamic Planning Calculation,SAP only,21458,lumpy,0.006389405204460966,0.7605633802816901
relative,GR Groff Reorder Procedure,SAP only,21458,lumpy,0.012197955390334572,0.6645161290322581
relative,Calendar bucket 7d,SAP only,21458,lumpy,0.021723977695167287,0.597444089456869
relative,Calendar bucket 28d,SAP only,21458,lumpy,0.009758364312267658,0.5384615384615384
relative,Short 7d / long 28d,SAP only,21458,lumpy,0.022072490706319704,0.9134615384615384
relative,Short 7d / long 56d,SAP only,21458,lumpy,0.014405204460966542,0.8266666666666667
relative,Per requirement,Both,79323S,lumpy,0.0016263940520446097,1.0
relative,Per period 7d,Both,79323S,lumpy,0.0009293680297397769,1.0
relative,Per period 14d,Both,79323S,lumpy,0.00046468401486988845,1.0
relative,Per period 28d,Both,79323S,lumpy,0.00034851301115241634,1.0
relative,Per period 56d,Both,79323S,lumpy,0.00011617100371747211,1.0
relative,Min/Max,Both,79323S,lumpy,0.00023234200743494423,1.0
relative,SP Part Period Balancing,SAP only,79323S,lumpy,0.00034851301115241634,1.0
relative,WI Sliding Economic Lot Size,SAP only,79323S,lumpy,0.00023234200743494423,1.0
relative,DY Dynamic Planning Calculation,SAP only,79323S,lumpy,0.00011617100371747211,1.0
relative,GR Groff Reorder Procedure,SAP only,79323S,lumpy,0.00034851301115241634,1.0
relative,Calendar bucket 7d,SAP only,79323S,lumpy,0.0009293680297397769,1.0
relative,Calendar bucket 28d,SAP only,79323S,lumpy,0.00034851301115241634,1.0
relative,Short 7d / long 28d,SAP only,79323S,lumpy,0.00034851301115241634,1.0
relative,Short 7d / long 56d,SAP only,79323S,lumpy,0.00023234200743494423,1.0
relative,Per requirement,Both,20663,lumpy,0.03671003717472119,0.6854663774403471
relative,Per period 7d,Both,20663,lumpy,0.022653345724907063,0.6610169491525424
relative,Per period 14d,Both,20663,lumpy,0.01696096654275093,0.5983606557377049
relative,Per period 28d,Both,20663,lumpy,0.012894981412639405,0.6271186440677966
relative,Per period 56d,Both,20663,lumpy,0.010339219330855019,0.6592592592592592
relative,Min/Max,Both,20663,lumpy,0.0022072490706319704,0.8260869565217391
relative,SP Part Period Balancing,SAP only,20663,lumpy,0.009409851301115242,0.9
relative,WI Sliding Economic Lot Size,SAP only,20663,lumpy,0.007318773234200744,0.6385542168674698
relative,DY Dynamic Planning Calculation,SAP only,20663,lumpy,0.0045306691449814125,0.7446808510638298
relative,GR Groff Reorder Procedure,SAP only,20663,lumpy,0.013824349442379182,0.6839080459770115
relative,Calendar bucket 7d,SAP only,20663,lumpy,0.024163568773234202,0.6459627329192547
relative,Calendar bucket 28d,SAP only,20663,lumpy,0.015799256505576207,0.6355140186915887
relative,Short 7d / long 28d,SAP only,20663,lumpy,0.02509293680297398,0.8029739776951673
relative,Short 7d / long 56d,SAP only,20663,lumpy,0.01858736059479554,0.8205128205128205
relative,Per requirement,Both,84916,lumpy,0.04995353159851301,0.7014681892332789
relative,Per period 7d,Both,84916,lumpy,0.02799721189591078,0.6713091922005571
relative,Per period 14d,Both,84916,lumpy,0.01696096654275093,0.5934959349593496
relative,Per period 28d,Both,84916,lumpy,0.012197955390334572,0.6140350877192983
relative,Per period 56d,Both,84916,lumpy,0.008364312267657992,0.6923076923076923
relative,Min/Max,Both,84916,lumpy,0.01092007434944238,0.7966101694915254
relative,SP Part Period Balancing,SAP only,84916,lumpy,0.00929368029739777,0.6557377049180327
relative,WI Sliding Economic Lot Size,SAP only,84916,lumpy,0.008131970260223048,0.6542056074766355
relative,DY Dynamic Planning Calculation,SAP only,84916,lumpy,0.006389405204460966,0.6626506024096386
relative,GR Groff Reorder Procedure,SAP only,84916,lumpy,0.020562267657992565,0.7685589519650655
relative,Calendar bucket 7d,SAP only,84916,lumpy,0.02532527881040892,0.5621761658031088
relative,Calendar bucket 28d,SAP only,84916,lumpy,0.011152416356877323,0.5828220858895705
relative,Short 7d / long 28d,SAP only,84916,lumpy,0.029275092936802975,0.916058394160584
relative,Short 7d / long 56d,SAP only,84916,lumpy,0.017890334572490705,0.8700564971751412
