K,code,quadrant,L3,L5,L7,L10,L14,L21,L28,L42,L56,L84,L112,L168,L252,SP,WI,DY,GR
0.25,22554,smooth,1.3453125913192947,1.3098609368285334,1.4591312419424134,1.8113753330468432,2.288963987967339,3.4182600773528105,4.301506145251396,6.5490544048130594,7.8220053287494515,12.470287236785556,15.325275805758494,24.452913450794973,36.28954086807049,1.064521873657069,1.4068036097980223,1.1260018908465832,1.049971293510958
0.25,22627,smooth,1.3787155194784502,1.232056926151704,1.2899163680896701,1.555453374185649,1.8097544763786533,2.7256764077886517,3.4997200129294868,4.855253513496297,6.927262545924707,9.102051872726543,12.19794402990173,18.054303833774224,28.416124523680374,1.0848338060486329,1.2586124478154197,1.1665718200980666,1.071954400804907
0.25,20724,smooth,1.3311043871112764,1.2863640287605733,1.212693157392089,1.635545575127307,1.9146689672808586,2.899949343776591,3.7441507807193632,6.0056595977798155,7.971881723962137,12.357436936259496,16.109366949230317,23.789053477878195,38.89085076937192,1.0637274836344572,1.3070293789807625,1.1684908517466623,1.040033075853487
0.25,22741,smooth,1.3384682406669743,1.180164505324974,1.2311587580300924,1.4508175973269877,1.7884358671700773,2.287331437996095,3.2227936063009737,4.403280514352248,6.300824391764609,8.96375633814452,12.648481110131192,15.30232582925446,26.995603599186747,1.0820501616010358,1.3213782316876563,1.1393272707410198,1.0554186306144036
0.25,22027,smooth,2.1877302850671922,1.496116938528622,1.3810898257649296,1.19168505978682,1.2106862582886238,1.4693507888691657,1.8462116422005739,2.4703020440150563,2.9377503225924335,4.843292725511221,6.109656821640719,9.296851835273252,13.641858648031853,1.0875550797587248,1.2548503700731715,1.3599965221418178,1.0974899425684688
0.25,23000,smooth,2.5248080795044774,1.7352866674034808,1.4745486959428804,1.2250263090512061,1.2148926048397672,1.3157216574461987,1.4755674208480263,2.2297437467521277,2.5397347333707256,3.7899229984012073,4.1332724203572,6.769243020121191,9.90508010102126,1.0767016103953884,1.250874737338533,1.4367796760262603,1.0926504215283213
0.25,23109,smooth,1.354183053604793,1.281386151856363,1.5125385382115726,1.6964747061496908,2.463187335855766,3.0322936223894468,3.7720034592835847,6.844204403444181,6.63190656840797,11.478997954182242,16.588775616509047,17.807282328765687,40.16140169224657,1.0324910617735064,1.4329290678540934,1.0870225458489287,1.0561701399772447
0.25,21224,smooth,2.20068391562294,1.669578114700066,1.451137112722478,1.2434492419248506,1.1908371786420562,1.3202867501647984,1.5628707976268943,2.045154911008571,2.3581493078444273,3.8358190507580825,4.899555042847709,6.5797214897824565,11.127554383651967,1.054136453526697,1.2656147000659181,1.1640161502966373,1.1500494396835854
0.25,22411,smooth,1.2704097211265166,1.4433601710264028,1.6008337981595115,2.4508950218783103,3.16316354399775,4.496916591294459,6.357438959619009,9.442851269697702,13.23950052112384,19.75845098435738,26.196209240670285,40.7338934951743,54.97350646349131,1.0688621277409003,1.4040472100429113,1.1083008695768117,1.0328234690181313
0.25,23322,smooth,1.2159416703721138,1.2951681590780972,1.2987960863037376,1.91137997049286,2.073144594295411,3.6257430274029447,4.133494698575062,7.197634591448883,9.073937156858555,14.724504508862376,15.998399991069729,31.50730887800304,34.42245631138405,1.048407712043044,1.3493191589906548,1.1540492319026892,1.0468318892942658
0.25,21652,smooth,1.5650216422861833,1.2639529556728064,1.1570803450127956,1.090565858898613,1.3953982496603583,1.4998380777858518,1.877357745410887,2.779947710972796,3.7744818489147254,5.941909418343801,6.9122579065432435,10.877444630501406,19.69098527692645,1.068386464882627,1.0991911787937192,1.1572778111276103,1.1729329247101195
0.25,22993,smooth,1.2444413171967357,1.333633549113426,1.5588798198705334,1.9671263720799317,2.5902617506332675,3.8541232761046995,4.676217281170841,7.463270475654387,9.60779622853927,13.207627357162968,17.999831128623708,26.21381930762737,34.58072051787223,1.0931325640303973,1.3013791162397979,1.1210244863495642,1.0462707571066707
0.25,21274,smooth,1.6287182456394296,1.315886227111529,1.1323442136498518,1.2028515596728662,1.2907577621770283,1.5796193095462143,1.7749873344430813,2.7987985814576213,3.507070999493377,5.536020843887965,7.412737931533601,10.646146051964964,15.590909748860186,1.0919591807194051,1.2375479481797789,1.1670550770789603,1.126698993992907
0.25,22382,smooth,1.2405481787415835,1.2988913638001118,1.4716869028712918,1.82950900354662,2.4465272034461596,3.3578997305785743,4.891721506527508,6.653023253454024,9.915047516604181,13.84032340719167,20.080601149734388,27.612839884519172,38.66817173967092,1.0916834526533692,1.2848723165676421,1.1287677140784116,1.0381396222011379
0.25,23202,smooth,1.2301264122904574,1.6532971784379458,2.452758750309189,2.664639080786619,3.9952905797962366,6.01341615070145,7.716299307220534,10.94955924657068,15.361085737546238,19.436336887147267,30.235222197768383,37.80108299135828,56.727313517282525,1.0452081454661608,1.4149078566295126,1.0794622145960868,1.0474718028821342
0.25,23204,smooth,1.452169130181717,1.2848736345810083,1.1775143582083372,1.592989766068102,1.6850989204737035,2.5098449558375617,3.459391087644876,5.132575850331807,6.332552869663824,10.36794686568175,12.601850508871108,15.840779760435955,28.925459754634335,1.0920243896466442,1.3687681420129936,1.248085729193548,1.0236267638133594
0.25,47568,smooth,1.5595324068617475,1.3004275198491362,1.3287702643337012,1.3698228846339293,1.5977520384875015,2.1708472179065468,2.67173975934597,3.8266026636950996,5.697472382646335,8.636805280245158,10.71371813691352,16.314024579712648,31.260838538932177,1.092822166743456,1.3348198309207218,1.3138552861382846,1.0808794694039368
0.25,16161P,smooth,1.7325315986778331,1.2789543804953498,1.1922607739807494,1.1832540393418063,1.2152227988739852,1.6563100322788822,1.8803881412013783,2.7180018640972823,3.753875682107212,5.296853251643186,7.684579428496943,10.45496014868197,16.67969362323185,1.1095950615716628,1.2246833227255376,1.3645819578933092,1.1114363845913249
0.25,23201,smooth,1.3025335863180891,1.7275803730065387,1.8065924544287821,2.84333832629671,4.051700854761962,5.4659426869769465,8.493574315314582,12.022752094005947,16.4303653651596,25.487627892552393,30.79680433958823,44.973042019540486,79.24607407400784,1.0650495840587433,1.386498040947066,1.054985083670865,1.0428676888537756
0.25,23307,smooth,1.328442330145971,1.355780874954968,1.6327298612346945,1.4689894048761019,2.400077694681604,3.3816696977720286,4.196906102287875,5.897568894348259,7.574586894339572,10.741880037675411,13.230043535064606,20.167058757145522,24.08968310118972,1.0663790371936164,1.425089739527495,1.1561901826910148,1.0462218248267063
0.25,23004,smooth,2.772420686151207,1.936715502952666,1.6355502619501754,1.2598512422851718,1.168762545705933,1.2291118681336994,1.3163949992087358,1.8035490292434677,1.969423876196268,2.8771907613629732,3.3548271295424827,5.6280307510349,7.50860479256379,1.0437277717160454,1.224889847660773,1.3746079076469484,1.2064333963568517
0.25,22614,smooth,2.637224822845767,1.8745411065032545,1.5290853555527704,1.2958852625479331,1.2114543086489047,1.2880316216446972,1.3044323526045907,1.8807135759815048,2.2540880348913466,3.0124466629973354,4.242789400354948,5.754339620242363,8.903378963831662,1.1422751489984737,1.2346433028342851,1.3557925483507076,1.1792572873468008
0.25,22120,smooth,1.4907189076851464,1.2528971999379368,1.2149489616409195,1.3971453047113513,1.5919488108532192,2.3661988605694497,2.7190770481449804,4.123061340000044,5.871407592270051,8.438602088737461,11.19102397961524,17.141991752568316,23.497801559013663,1.0718776565405805,1.3552929761340216,1.098663234243231,1.092244922934373
0.25,23078,smooth,1.2952229165792892,1.1993037788868846,1.3561212934613929,1.5292958100910132,1.8551776202659056,3.0859371723357,3.3937843392190565,5.536216080191248,6.597324162227908,11.909281550140486,12.344503627899178,18.820450446671966,35.282263138027936,1.0808623075955202,1.2477876106194683,1.1607180304491882,1.0767101455353774
0.25,22487,smooth,1.3482395744411193,1.2036300739210997,1.2606138097883024,1.4434505459276297,1.8952899995899475,2.616472140729664,3.41353020774699,4.879200325058986,6.9074237956601605,9.019918064258784,12.358449856295575,17.319491237945392,25.71424928893338,1.0906474712870775,1.2299181015362024,1.16539463727219,1.042339679190634
0.25,21495,smooth,1.8132701559605564,1.3264522335204336,1.2315165598297069,1.1783545210146347,1.2573306792698353,1.444944941913088,1.8940454397317255,2.660867869072134,3.395482922845988,5.012178323021158,6.7480715434073995,9.93600080445746,15.565819522874314,1.0782867963571658,1.199519990889279,1.2745974380937317,1.106946805249812
0.25,21519,smooth,2.40653038536422,1.6188023563889622,1.4548870575551152,1.234793333123316,1.2218139978972808,1.3489402344082382,1.488284740441265,2.0089520169418846,2.573454028245696,4.018431333178073,5.1816936170287935,7.754892386487124,11.610490105704228,1.085518759754374,1.25799626856993,1.278990494186313,1.1547554241020235
0.25,84970S,smooth,1.3936394211014902,1.2925951514967058,1.269584087900047,1.6619932735767233,1.929187502853405,2.7865788072012285,3.776293162484209,5.702214241146843,7.350114897049209,11.363897673144535,14.184550531874448,21.85191216082542,33.66622757224822,1.0784495746526466,1.376057585487971,1.169371946858212,1.0502138150385787
0.25,23145,smooth,1.8065834558609208,1.4292135995906385,1.2400817426337702,1.2136319767856099,1.320911087073393,1.421359959063911,2.1533937442919417,2.6602596073503584,3.4556892743559993,4.858809355710004,6.2704534708233215,8.441468517426987,14.86261472792397,1.1005784165765244,1.1063010486634235,1.311214674810704,1.116489730352944
0.25,23240,smooth,1.2998247393598183,1.535104646207588,1.6026670227898867,2.538800424947032,3.594582225450007,5.117159037026815,6.952814673877166,9.79888841539172,13.073631976663917,19.56357999867956,24.630747738717616,37.805414173303916,44.508081796301475,1.094094556716624,1.4775852444945947,1.0749029164090773,1.0361670137867702
0.25,21930,smooth,1.4458240383708227,1.3431522628985675,1.5732408554307455,1.7955219837910057,2.1975166091976783,3.2119592310009963,4.261980686767121,6.40261060371352,8.66024353055392,13.47425399366369,17.109395190865047,27.14495028653343,39.53263802448706,1.0739904377280634,1.4727219606613866,1.149999847831446,1.0414622789371335
0.25,23147,smooth,1.682108545980733,1.2745787797497123,1.1292429268034834,1.10855655253525,1.3177778071438957,1.5907179575277846,2.0941022557583273,3.0144648685792816,4.090058541355566,5.568910972209372,7.16221902131539,9.909912386187946,14.353925442363849,1.0930715050282134,1.1071742893766603,1.203961782934468,1.0787334980772536
0.25,21756,smooth,1.4906895662935542,1.2309467640733738,1.253974937382808,1.2671270071441636,1.5987216845352752,2.156067817419487,2.6493073249817503,3.982479975287601,5.005110704047441,7.421645381084397,9.31964379524128,14.486290130586116,18.985563121867912,1.0883123756756068,1.2049554645674245,1.1990951250081168,1.0820201594893823
0.25,23231,smooth,1.7052942936069158,1.25981348902288,1.2113879925043598,1.1266236994432424,1.2554669819044337,1.5050109857935712,1.7184802075898264,2.8053904642550296,3.4238713911149903,4.873180405219876,7.233910879045406,10.096471895365653,13.666541288009729,1.092155005252787,1.1264815378164736,1.342058221109564,1.0763124458696334
0.25,22771,smooth,1.4380689157929518,1.2330639589028745,1.2786973893712255,1.4193529005317371,1.6931835250998866,2.5677591852675214,3.104515276233968,4.615645747589144,6.095502748820857,9.458707603568955,11.31510800012017,17.186469192177146,25.820260161624628,1.0620963138762878,1.3763931865292753,1.2223390512812806,1.0371916964580765
0.25,82482,smooth,1.2752597199158064,1.4361397155620135,1.601728965616314,2.3077508787257894,2.8628408203369187,4.255744628483708,5.554364309489948,8.022385750938534,10.501328446102923,17.270410242003205,19.98659541743705,33.666174903817,52.46010469694812,1.0825156488940728,1.38469583021385,1.094046335533273,1.0375970594248582
0.25,22077,smooth,1.2640508359553333,1.3116158708974122,1.3549036354817034,1.7158759348215777,2.2724678384021555,3.3842360767972894,4.588276079491463,6.692177468514768,9.189158701616098,13.15730642337676,16.875860109430647,26.358754707006742,42.97934888364774,1.0657953645641425,1.350905969670265,1.1493586358467756,1.039490463164365
0.25,22705,smooth,1.8721019825144325,1.5201484040654694,1.327677377581416,1.1295595967461904,1.1358146121149524,1.1967027022576857,1.3692289662032593,1.7100197926972853,2.2558841747045837,3.164043541028336,4.007853637676951,5.751549588527909,9.681992326031722,1.1019093875111825,1.199567727878744,1.4435244657981572,1.2150454524982528
0.25,85099B,smooth,1.6207998525729244,2.4264808158587856,2.9871133729102186,4.999642191399731,6.565610427817155,10.41335500599612,13.168017207917691,21.24172440020162,28.18987912028193,42.01104627152135,52.87918759515932,82.80498520901466,132.51867984351333,1.0382446908735083,1.5257168379430497,1.0216425925205594,1.0259900911570519
0.25,21212,smooth,1.2677031670531678,1.3546845642128067,1.485162584423718,2.3015484029317657,2.8465849653841557,4.251449802799733,5.995065761633129,8.56727533557898,11.827982125023263,17.536036020786426,23.430555884692872,35.1452054098889,51.16714711308964,1.0679105235540058,1.4172897235810882,1.0959971731807638,1.030150904751426
0.25,22355,smooth,1.4552573148948338,1.3536731822219323,1.3381182031797212,1.8067691447768195,2.4034581637439207,3.2137511031544683,4.574080151008328,6.53219836564194,8.788230995533551,12.654716805001252,16.449802964156724,23.98500225355634,40.59297451677397,1.0717930920338654,1.450675179210701,1.0857302066456722,1.043184094645929
0.25,21931,smooth,1.284392163446908,1.4960517120161174,1.7466056643965706,2.416982696202398,2.948388721575701,4.611182303745131,6.259125051155858,9.687406319191572,12.828214109573231,18.88377682403433,24.86591938885798,39.307489637659074,58.6759339748365,1.0652771860604215,1.4704311783162116,1.06925632496301,1.0400327397504643
0.25,23077,smooth,1.2476004741692484,1.3062215594049944,1.6842185767274684,1.9055103055332496,2.654659477649039,4.571029788535813,5.026117548086118,8.357959542656115,9.285304577262815,16.22591870291769,17.253412871400727,25.796527857443333,56.50434017819583,1.088562578868877,1.467706779855455,1.0905510305533246,1.0442048105234987
0.25,22037,smooth,2.479045671985647,1.730698961424791,1.4883635105880324,1.23537116015923,1.1840640624565717,1.3337495251830571,1.529798121732256,1.9552149569653714,2.491459780302587,3.806663496073299,5.122432977465115,7.260577995052639,10.964937046221655,1.0861927864883312,1.245692368031774,1.5327693177150732,1.1226834337526135
0.25,23245,smooth,1.2829849278523167,1.9784603625883594,2.0745453040718176,3.5346924717153816,5.207727640059982,7.030510632290229,10.495869277354782,14.938759663505545,19.139727717952216,27.72482863708065,32.01857364710922,52.02465897805387,61.5071660857204,1.0385773469904391,1.526360436585983,1.0585920004673535,1.0163074698654413
0.25,23192,smooth,1.4692436487029514,1.23225878465866,1.3512256105728444,1.540438451578337,2.052553913470555,3.0900879582086884,3.5862191364914917,5.32837880073224,7.043059338304236,9.493894271554227,13.590824664017504,18.12480689378043,30.023157119257036,1.077541635040407,1.4444568468991381,1.1542572665982054,1.039128008215386
0.25,20725,smooth,1.2186045861739694,1.4084539358415136,1.5754253644549645,2.5007046968884112,3.0163703679462746,4.804538814219263,6.269480649608091,10.165355387484022,13.432690875783987,19.903276169478765,26.43786331049795,39.02246278784934,61.27546239183644,1.0542710367556514,1.348444206501744,1.081199540080946,1.025319448494251
0.25,23203,smooth,1.343296889337231,2.129036679874685,3.534903104321028,3.7954479700622623,6.373976335856967,8.950292576757203,11.878938944210612,16.326919838636194,23.10566106630644,28.400531485064107,49.03345661649269,58.590491604974204,95.12580908881606,1.04206346033291,1.5024456072718089,1.038269445556656,1.0187951836652538
0.25,23076,smooth,1.1632897225116743,1.215120991084867,1.2771023889467787,1.6463664080892288,2.0116166878931727,3.400640654548259,4.145691019258235,6.038709428428075,7.416078113542504,12.413723901045882,14.46254486511518,19.74134537455135,38.18756512678018,1.0614410867971131,1.2319092277411132,1.1342287059549996,1.0602446837250588
0.25,22386,smooth,1.3266080982773953,1.7489934868261703,2.2003698629081008,3.0060169667914574,4.205282434311401,6.589629070023605,8.317077920734276,12.689668953222247,17.381005859949546,25.364252482150967,34.51925611951495,52.43525877623096,72.07921338809595,1.047689837736647,1.520160490315848,1.0701136894311956,1.0295078867706666
0.25,84881,intermittent,1.4834380515354748,1.3009389339922344,1.2472785033533358,1.2831415460642428,1.074909989410519,1.1062901517825625,1.0367596187786792,1.1292410871867269,1.6190398870455374,1.955524179315208,2.87836921990825,4.021503706318367,4.172262619131649,1.0653159195199429,1.067871514295799,1.0531662548535112,1.2472785033533358
0.25,47505,intermittent,1.4428517644783247,1.275159834069612,1.185618215039428,1.5512073473588956,1.7870329753833083,2.6724394599318173,3.4014106155381842,4.5782729285470065,5.997975953218963,10.60222645145914,11.301106317720105,24.530331342675254,25.63134025746154,1.050950024005333,1.3959740120682929,1.1853833427167122,1.0950714806282147
0.25,22172,intermittent,1.5250419901339713,1.2202399058362976,1.1445121870577808,1.2729292581963423,1.4054064777220856,1.8787245579463856,2.2038141589409257,2.993255128086443,4.555512940896407,7.8059328422361185,7.71614669435151,14.465660666816557,23.621599460410263,1.0329837461812117,1.1654874161850484,1.2376839961382307,1.1064631743218754
0.25,35603C,intermittent,4.095561214536904,3.3987103849337528,2.9191591667589325,2.229837242775572,2.0003585193152285,1.621561773405248,1.1539682288618593,1.0236939088622814,1.0338800752890565,1.3035920471980136,1.217162530513683,1.217162530513683,1.217162530513683,1.0338800752890565,1.2418107334356159,1.3887772909647826,1.3462453010244162
0.25,90175D,intermittent,1.6162804583864754,1.4942558385042728,1.4289324219104529,1.2364588259459355,1.1555198884127962,1.0406079974013942,1.284619022369984,1.177694023683618,1.4559168446043058,1.7517423558466194,3.3927860019202787,4.398193395527911,5.606526131755094,1.0627009262311142,1.1141571487940853,1.0404503613686615,1.2433327123429012
0.25,84906,intermittent,1.319379444787839,1.1496029832295227,1.111871107096038,1.1008130523084032,1.1245117950320265,1.0387982855939633,1.132010623340103,1.332434470157517,1.6293378072719624,1.8510694660481029,2.6984234800268987,6.425191715968295,7.834054461599089,1.0387982855939633,1.064663809323272,1.0856795473533356,1.1496029832295227
0.25,90014C,intermittent,1.3473912795016858,1.2777709746679402,1.2130244177218288,1.1499024434049292,1.1014017127509328,1.065897643130628,1.2012114977998742,1.459756884066845,1.468353293657597,1.7122774362616622,2.320344836031444,3.3408194753986318,5.363661596989229,1.029005739103459,1.2012114977998742,1.0000000000000002,1.1499024434049292
0.25,90139,intermittent,1.4907811400422237,1.3198552327334874,1.180295566502463,1.0553734794410374,1.0888308032572636,1.0224590328742333,1.0224590328742333,1.173559867296672,1.173559867296672,1.1511008344224398,1.6613250226198881,1.6613250226198881,1.8626118427666563,1.0418216547702834,1.1228310043229113,1.1275560470493642,1.1886598974565197
0.25,90027C,intermittent,1.8351852782945344,1.8351852782945344,1.6871972782274958,1.6871972782274958,1.4050647761744346,1.269931452896911,1.269931452896911,1.1516080915749074,1.1516080915749074,1.2063284562656067,1.2778587829118306,1.4238859000787698,1.5148574588968766,0.999999999999999,1.4182714063049937,1.1077815207736272,1.4050647761744346
0.25,22957,intermittent,1.3105449443576418,1.2391363654078493,1.5547158714468434,1.7021601493716543,2.7327076446683614,3.312086136709077,4.581837313861166,6.70048078115423,8.245531427923568,11.774326924098906,13.884190909445175,13.884190909445175,14.062288971794336,1.1021473946763318,1.3853193456841302,1.07421461192068,1.0272419034256985
0.25,90065B,intermittent,1.5701094842369079,1.3471837488457987,1.3471837488457987,1.2410631842764805,1.1385041551246537,1.1385041551246537,1.0929296926526844,1.2635536208943419,1.370399683419076,1.506463527239151,1.535681308534493,1.7073605065294717,3.2958053027305034,1.0224244822582773,1.0224244822582773,1.0,1.1385041551246537
0.25,23047,intermittent,1.9876308794010737,1.8083328812455917,1.557478435414745,1.4168610643953776,1.2920305972983233,1.0728042098410455,1.3352140183366787,1.5107144794661738,1.6125969728204848,2.5380024955243266,2.749688059458571,5.474800629306129,6.843161720826767,1.0761134921065472,1.2000759507405192,1.2973471491347028,1.2350675419085333
0.25,90003C,intermittent,2.0585348118523905,1.9323759316487912,1.80730776222505,1.6327940374477368,1.4011997818578443,1.2446827849481914,1.2503181239774586,1.2094164697327756,1.1592437738592989,1.6811488820214524,1.6404290129067443,2.574986366115252,2.7987638611161607,1.0038174877295043,1.369023813852026,1.1152517724050164,1.3946555171786947
0.25,17084A,intermittent,1.6677201038818084,1.6677201038818084,1.5752756135734307,1.5752756135734307,1.4934407409318402,1.3311254149252703,1.1936411089899042,1.0224038147326413,1.0584765147997162,0.9999999999999982,1.2850773093923589,1.7914215812737655,2.4800706877870273,1.028109574669347,1.1296910204151824,0.9999999999999982,1.4934407409318402
0.25,90123A,intermittent,1.2817161242939827,1.2102575760225225,1.2102575760225225,1.1637697378774896,1.0388724710161399,1.0423260531239622,1.0423260531239622,1.037123821847623,1.2281899732456685,1.4254988021753212,1.6876912585028074,2.751691818070532,6.188618042562161,1.1973525451588634,1.0777012258030676,1.1591882770559714,1.2102575760225225
0.25,90124A,intermittent,1.3357293640888148,1.3357293640888148,1.218123545817347,1.1112497881323287,1.106873757685018,1.072058121080448,1.0985685449698759,1.27510439297986,1.442441331915745,1.5116565740612309,2.4641905114100524,3.87951278139878,4.144971417125067,1.0321961817593495,1.152452271991865,1.0321961817593495,1.153954606388388
0.25,37506,intermittent,2.2041275420537283,1.773417022344966,1.688948029123776,1.4558573939241777,1.3526487572181773,1.1044037157921167,1.2601456188802405,1.1139141350740638,1.3401657042430326,1.6691940748179772,2.4356213909113777,2.9964951041928227,4.619412503138333,1.1083705749435107,1.2485764499121266,1.1752447903590255,1.4642229475269897
0.25,90024D,intermittent,1.2634000460087416,1.1662640901771335,1.1662640901771335,1.1662640901771335,1.1004140786749481,1.0560731538992407,0.9999999999999998,1.037152058891189,1.1551069703243613,1.3616862203818714,1.6413043478260851,2.001725327812282,2.9898205659075523,0.9999999999999998,0.9999999999999998,1.0684380032206116,1.1662640901771335
0.25,90064B,intermittent,1.35101789019124,1.2412091301665638,1.2412091301665638,1.2449105490438,1.1415792720542874,1.1415792720542874,1.1415792720542874,1.0977791486736583,1.1480567550894507,1.1443553362122145,1.336212214682295,1.585749537322638,2.9676125848241894,1.0000000000000007,1.5222085132634144,1.0000000000000007,1.1415792720542874
0.25,90035A,intermittent,1.450676865173314,1.455897529290354,1.2865294724701026,1.199235112001457,1.199235112001457,1.0000000000000004,1.2270988890912404,1.1894008377344758,1.654039944151036,1.7796394099435469,1.7796394099435469,3.8719723183391204,3.7977296181630766,1.0000000000000004,1.095125356644206,1.0000000000000004,1.196624779942937
0.25,22157,intermittent,1.7315123222969457,1.3021428057508286,1.2725125804663133,1.1966911998103935,1.251926747616166,1.4653947240338756,1.9500040206704783,2.6237117983400986,3.56393924132064,4.672129135471199,7.671244587965908,9.40481380063398,9.40481380063398,1.0861058325115647,1.375285150182622,1.1720973933358445,1.0992047537021912
0.25,20837,intermittent,1.4854756607481407,1.3953537697055742,1.2237323937565467,1.219421190688494,1.155166518054245,1.0860617419684364,1.03258507700432,1.1732380770995474,1.1843039311592634,1.6503272358955257,1.4593054461402606,1.7028884194852556,3.6632824876853785,1.0356929523083986,1.2559776821656439,1.0,1.219421190688494
0.25,90187B,intermittent,1.592694901026968,1.4824085305861165,1.4824085305861165,1.4824085305861165,1.379676840036565,1.379676840036565,1.150386202808159,1.150386202808159,1.0473307046800162,1.16872118423904,1.2016499241543055,1.2016499241543055,2.2287625817925663,1.0028420342090252,1.0067152710144902,1.0125911331521682,1.379676840036565
0.25,21277,intermittent,1.2545646067415732,1.137630696004994,1.1131625832292968,1.0766652361631297,1.071057012068248,1.0480161516853927,1.4031971754057422,1.6182018570536862,1.8178123699542243,3.136083151269262,4.409803500832304,6.286946004993752,9.914205550353673,1.0285450478568459,1.0810477788181434,1.0088691219309196,1.1151002652933835
0.25,90197B,intermittent,2.054613413651111,1.7985922358170237,1.5988214341774645,1.4667148982474938,1.3514288310765592,1.2553661567730945,1.1248977636046684,1.2829443137680727,1.2266939375735433,1.5667619889507993,1.6266710413418637,2.779309832043153,3.592317252074516,1.1055103204174181,1.2400740704897077,1.1784714050850886,1.4667148982474938
0.25,84563B,intermittent,1.7140263890683924,1.5116886575569934,1.4048781395275967,1.2880209373641476,1.2932259049946535,1.1323673399051433,1.1626679669294604,1.4320485405333423,1.6023947159199934,2.503017627960345,2.5288329358132353,4.3312595708349475,7.937090975314597,1.096868599045168,1.123920527311392,1.1461307390740705,1.2852892105603264
0.25,90016B,intermittent,1.5047378023659583,1.3626331587310927,1.3149314342887408,1.2245306338649873,1.236536990171267,1.17547525160379,1.0440233064563587,1.0726855394032127,1.2054028603378248,1.7366546995468246,1.658937084338773,3.2704372903302055,3.8030427873580255,1.0400211876875987,1.0163321758578066,1.045671237714083,1.2245306338649873
0.25,90023,intermittent,1.5325540361711516,1.5325540361711516,1.3850463167181302,1.3105425672695195,1.2495368328187035,1.1682840758711956,1.1207763564181739,1.0674900749889722,1.01821790913101,1.225672695191883,1.405381561535069,1.8750330833700903,2.2137185707984215,1.0357300397000437,1.0277459197176884,1.015218350242611,1.2375385972651083
0.25,84711A,intermittent,1.237838185206606,1.1320673478568213,1.1371827003405948,1.1041192725403248,1.1296960349591927,1.0880534670008355,1.0242979242979247,1.2844611528822032,1.775907718012979,2.4452991452991437,2.5501638712164953,4.734792108476322,5.577732793522269,1.0000000000000004,1.082938114517062,1.024484287642182,1.0990039200565513
0.25,16156L,intermittent,1.6097231950605753,1.4796741640075752,1.404596985498223,1.289802059823073,1.1337069032609544,1.034269852387993,1.1029133265883202,1.1254053493138247,1.4072171634627821,1.7761952940566101,2.137442602537175,3.0157470101434796,4.31621137831739,1.0963758528549543,1.120943264067242,1.075777622123641,1.3648792383324253
0.25,22033,intermittent,2.5857936988203853,2.0854399096172855,1.6474210706166172,1.4132557899597034,1.270959357779301,1.2096027243597938,1.2235574583666553,1.3943019084128618,1.617892294419935,2.196433131645455,2.9035161597883175,3.9859559955013584,5.556427365649753,1.1309298107099721,1.253644540999667,1.498394960461225,1.2471299902753699
0.25,79534,intermittent,2.275774078107982,1.86472693325035,1.7237747004823403,1.7237747004823403,1.5963435506457133,1.3322389917535398,1.2912400809086664,1.0610238058192003,1.0907110627042167,1.151205850318965,1.2182044499766584,1.660028006846125,1.8772210984907507,1.1562626419791493,1.0711996265753845,1.1610393651781548,1.4567605414656914
0.25,84816,intermittent,1.0362520775277109,1.0191757369756196,1.0120840258425703,1.0,1.0,1.1897079589617987,1.4979255963910376,2.3295427564575215,3.373730052609861,5.444234782500021,8.951732626869784,12.167576821663726,11.728253127225887,1.0,1.0120840258425703,1.0,1.0362520775277109
0.25,22827,intermittent,1.0299632352941177,1.026378676470588,1.241176470588235,1.5230698529411761,2.3994485294117673,4.439797794117655,7.178124999999979,10.265441176470574,13.60753676470588,22.394209558823576,28.766544117647037,38.717922794117605,58.302389705882185,1.0121323529411765,1.0363970588235294,1.0121323529411765,1.0092830882352941
0.25,90011A,intermittent,1.8339742473168705,1.8339742473168705,1.8339742473168705,1.6029289992362628,1.3758498251443734,1.3758498251443734,1.1717738801870488,1.0859968110621308,1.093928959039567,1.0795412217115758,1.0269693031232845,1.200573472860524,1.3146865327669994,1.028665603687378,1.0611874103948666,1.1475379523803144,1.3758498251443734
0.25,90162D,intermittent,1.7826493448502017,1.6586104405341668,1.4179423133276587,1.3037829842457056,1.3037829842457056,1.204443018014875,1.09687007242231,1.1770090562772981,1.1770090562772981,1.1833303099228323,1.1833303099228323,1.8952178948690517,2.073050249082517,1.1654828851708687,1.3007828307494798,1.187167715557539,1.3037829842457056
0.25,90054,intermittent,1.9648432460327696,1.723675439728207,1.723675439728207,1.723675439728207,1.616745688728336,1.5002580312217777,1.2939083129058615,1.11896314454049,1.0448033587064045,1.1884272997032663,1.0774013030576715,1.1743457833397861,1.5715095901604053,1.1153775856878707,1.1197291747301448,1.1743457833397861,1.5050369844751215
0.25,22049,intermittent,2.0946657701574494,1.647783941278646,1.3953045329747296,1.209362918137502,1.1959713117050481,1.2698492743878524,1.316103546814591,1.879251414803609,1.8626940101977931,3.4404101529668947,4.955846921051157,6.454782316355689,4.591724099288395,1.0564240488597514,1.2214657925701808,1.3847425337591768,1.203031321790777
0.25,90019C,intermittent,1.7488713102488338,1.637477088426564,1.5295944874563112,1.477057835311992,1.3230971603669928,1.1593039470363442,1.0480473858500152,1.1382202009335416,1.207460951540904,1.260272924957105,1.5414779143903758,1.8035824905868103,3.0778738569706148,1.023039036987372,1.1130741914349571,1.1619475411006197,1.4315444248717075
0.25,22824,intermittent,1.2397556733141861,1.096587001849734,1.0937480463794125,1.0750447723871133,1.3179078516241243,1.696628924249166,2.203275831001243,3.0737907778076,3.328436257727139,5.149177548716391,7.881300771151475,12.427244411266047,18.59663664679635,1.0449489024789378,1.2011429369950457,1.0740334864358971,1.096587001849734
0.25,84313A,intermittent,1.9181054596360243,1.7210685954269715,1.537914139057396,1.4493117125524966,1.2370508632757815,1.2667988800746615,0.9999999999999997,1.1702053196453563,1.3995566962202532,1.837844143723753,1.9426038264115733,2.6968618758749625,5.269073728418113,1.034706019598693,1.3173121791880533,1.2078861409239379,1.3537680821278582
0.25,90003D,intermittent,1.85779150018162,1.666545586632764,1.423719578641482,1.2559026516527425,1.1669088267344712,1.0719215401380313,1.0748274609516888,1.0951689066472938,1.0842717035960774,1.5837268434435228,1.8352706138757704,2.227206683617868,2.555394115510347,1.0566654558663275,1.2163094805666557,1.1590991645477675,1.250454050127134
0.25,90122A,intermittent,1.7841564490670765,1.6610207439533131,1.5157956335934728,1.250897839813799,1.2363531486992918,1.1970965021737179,1.1744623597790091,1.0881086182159834,1.0818751791669088,1.8404987309228622,1.839880060179155,2.7237171300652623,4.088221611068858,1.0802681697041057,1.2230185970891085,1.1122758364784182,1.2363531486992918
0.25,35265,intermittent,2.2138111222618266,1.7522926255320623,1.7522926255320623,1.7522926255320623,1.7522926255320623,1.4682319964010104,1.3258642765685018,1.0485690556113088,1.0485690556113088,1.1025712011627509,1.2105581894314295,1.2105581894314295,1.7801155829324866,1.0870505588815451,1.047236737377584,1.3846593071945228,1.4682319964010104
0.25,90000B,intermittent,1.5936943844322695,1.4417703368502313,1.3674037539580384,1.232497742630146,1.1655765505991418,1.1167370220881676,1.0392668831180172,1.1978346714544454,1.172482268512618,1.3758097277358694,1.7822026690232942,2.301340100494427,2.706669414515972,1.0563722450918593,1.169116735275575,1.099004661446919,1.232497742630146
0.25,90194,intermittent,1.4874158420315393,1.4874158420315393,1.4874158420315393,1.4874158420315393,1.4126338620035246,1.2827707740273822,1.283538927296552,1.088879851791604,1.0745108671094838,1.202250237223804,1.816004699290598,1.9629479011341489,2.4834847047128457,1.025620170801138,1.3848447878541423,1.1175274501830006,1.4126338620035246
0.25,20836,intermittent,1.7639724456979375,1.6794813785267173,1.5990321500674656,1.5296979780661266,1.3206850023841168,1.053789731051345,1.0289157848816566,1.118274508212522,1.0984528604327943,1.470302021933874,1.7944242104515593,1.9601395976422573,3.6257646927533007,1.1006584220190927,1.1532023252746808,1.0286804167638919,1.4556483275674912
0.25,37489A,intermittent,3.4825129086528848,3.4825129086528848,3.4825129086528848,2.8291443043862166,2.665058157069508,2.522937613325436,2.207377826549856,1.7481386467444033,1.446750217112459,1.2992445576538048,1.0892613815983103,1.135761601436029,1.1449911519859846,1.0657550971464673,1.0000000000000002,1.2896988768291076,1.7222050631715495
0.25,90003E,intermittent,1.6672268907563024,1.5853541416566626,1.5839135654261705,1.428811524609844,1.2040816326530612,1.217046818727491,1.1949579831932773,1.06890756302521,1.0912364945978392,1.5824729891956815,1.7106842737094798,2.1188475390155994,1.8086434573829615,1.0641056422569037,1.2484993997599052,1.132533013205281,1.2040816326530612
0.25,22929,intermittent,1.0552393000210836,1.0221378874130298,1.05460678895214,1.05460678895214,1.1092135779042798,1.492726122707147,1.8104575163398688,3.487455197132616,4.024667931688812,6.852835757959116,10.29538266919672,12.76196500105422,14.373603204722839,1.0,1.1098460889732236,1.0,1.0552393000210836
0.25,21672,erratic,1.6207776549783983,1.2973776750728414,1.3359188184466995,1.4941826584949256,1.7946950668140258,2.2509796041394563,3.012438460765596,4.24531297096352,5.742027529388108,8.149583040289356,13.51562343012159,17.7144579523762,26.480136642218422,1.0861046920526471,1.4050838943032242,1.2340801768311063,1.0751130312468606
0.25,21578,erratic,1.9257701915070775,1.4824174299195116,1.3462808770469052,1.3000832639467101,1.4901193449902868,1.7983694143769096,2.1840827088537376,3.2314460172078787,4.002109353316667,6.696669442131525,7.677567305023572,11.525950596724925,16.027851790174807,1.1038578961976135,1.430981126838744,1.231314182625589,1.1535387177352212
0.25,22983,erratic,2.2033149213261964,1.5281931721665176,1.3514162424684628,1.226465407657798,1.220776876495144,1.4729252290100274,1.7565412028037939,2.5503145622065517,3.256062566622394,4.904390950184973,5.828233264359562,8.477664468246415,12.34705398385292,1.0812188026685055,1.3276976250600907,1.4909572153596802,1.0857592910332192
0.25,21440,erratic,2.5049094814360235,1.8409021172138695,1.5820803927585152,1.2486959189935565,1.18318502608162,1.0661245780914395,1.224608775698067,1.7038969008898441,1.706505062902732,2.458729671678431,3.728290886775086,4.289659404725374,6.914237496164473,1.0833077631175212,1.1638539429272785,1.213869285056766,1.1170604479901813
0.25,21471,erratic,1.7785613040396888,1.5170800850460673,1.3341247342310423,1.344613749114104,1.3807583274273558,1.7515591778880202,1.9500000000000002,3.4867115520907213,4.366335931963141,5.554783841247346,8.35946137491142,12.205315379163736,19.51158752657693,1.1315024805102778,1.4283132530120486,1.2083274273564846,1.1551381998582568
0.25,22678,erratic,2.3336685944179036,1.6985164697007802,1.5300477747045511,1.2393764143827004,1.2559089766155398,1.3219763640935374,1.4752954488307786,1.8623962786019617,2.49836560221272,3.0973723912496847,4.349635403570536,5.63703796831782,9.221146592909252,1.065061604224289,1.264772441538848,1.4186572793562988,1.118493839577571
0.25,22952,erratic,1.423975236955097,1.5329627988744927,1.9077878220869018,2.4706545663639243,3.2949460576610443,4.4880945086746165,6.010947537599391,8.841291929622818,11.794308600138573,17.21827676732447,20.737318012357942,22.83442718373386,32.82208218842353,1.0613349609513079,1.4685595580922917,1.098030597961079,1.076686964759557
0.25,21238,erratic,1.8625801886471065,1.3770285014614254,1.2667163704070674,1.2391638870531168,1.4839204182122014,1.8062215975729514,2.414233308449016,3.1666901883453797,4.054827573117542,6.532917859378003,8.08581097719435,13.095189800480991,19.15262681996957,1.0983890732231478,1.3925732489407923,1.1927788121909129,1.0615151919222976
0.25,84510A,erratic,2.482609977157173,1.681895217743718,1.5199690516542623,1.2572397023063882,1.2240439171763313,1.3327684032127327,1.4715938398054673,1.9881733107361286,2.6409991894480873,3.925023948124678,5.449819467983195,7.120809078181422,11.225517647925745,1.11086139562302,1.2772824404981207,1.3531427308230766,1.1259671358042882
0.25,20975,erratic,1.6814813943987748,1.4363673057122228,1.4131518181399594,1.5734921983147543,1.9224191053362227,2.7828793004297854,3.54129402071632,4.686457191393313,6.311147489911734,9.876691540753226,12.579977682879475,20.55165120241093,29.452786750018014,1.0840281716909592,1.4576988677833065,1.2108272323733456,1.0783313298868173
0.25,22379,erratic,1.460492744717774,1.4553207224558553,1.5425608007101659,2.2230751855868296,2.863243789383689,3.7171113909570344,5.543712635205453,8.404688579655076,11.71590126647148,16.46929574762377,21.25238776444529,34.34699849053209,42.40810097283564,1.0758838523368823,1.5074586900053315,1.1425724587082218,1.0506716099816755
0.25,21259,erratic,1.5898900244296232,1.383079315970549,1.3094117448161016,1.5026441474568664,1.707863971800269,2.4141353688534966,3.545052789964417,5.03196730318938,7.054541458507691,9.859995435295327,12.197730327390762,18.787412404162314,31.562531382344712,1.0685804613733,1.457805222360291,1.1486783489294081,1.07792458093475
0.25,22902,erratic,1.8211598721329743,1.5770619911431554,1.4184825152896745,1.3599136423829117,1.3849185490656992,1.8951120415635516,2.5446169741897173,3.704798171781276,3.797767966918809,6.849038854159855,8.032792432654366,10.479490065941325,17.25520841558137,1.1057903368804327,1.6818935509268562,1.0964259045779916,1.0791995000823418
0.25,82582,erratic,1.58776201948909,1.4260791884768433,1.4529429280885546,1.588229600152906,1.9836092469408346,2.9361678565364073,3.3129804493860346,4.886675673746825,6.568296718486082,9.175859548612383,12.086043865628804,19.465201744650077,35.33145070592378,1.0887968493266427,1.623718972536607,1.1132381929730006,1.0562269849824575
0.25,22070,erratic,1.7568901964762782,1.4633931892732748,1.337729532312063,1.4861181563017822,1.5873321835582166,2.364613979912749,2.4445571674951765,3.7115078962497,5.405363362754046,9.018666937201974,9.2838253694498,13.462040512664421,21.853302221771376,1.1024990700348314,1.3489905650806528,1.1404078319975648,1.12285685299787
0.25,20692,erratic,1.7627650536609047,1.369193959463911,1.7367061393623116,1.5466477105258598,2.043656916968638,2.9929087851309863,2.8690986008287527,4.396258473915083,6.315429027168543,8.917627477157266,12.936959273193796,16.702220989302482,30.599441718536042,1.0452866827331537,2.0893770480434144,1.146054753194519,1.1380793037085837
0.25,21889,erratic,1.5926729665213364,1.4314150999230602,1.3249817514648148,1.5926729665213364,2.0421195920219386,2.804494071692081,3.6017676418946896,5.240584742251765,6.791019747874285,9.547140405216128,12.749531456529027,18.806407701868217,32.97709562232439,1.0976148671309351,1.3600781234587382,1.2188048689064683,1.076624119631478
0.25,21115,erratic,1.6906229747918708,1.435866332109207,1.2711687908849707,1.4377717586976617,1.4648576192137883,2.43601588594028,2.783169101070699,3.466607952940397,5.556777835014431,7.584522840193426,11.450162570553397,15.561369691531377,25.186177902590618,1.0808144590859479,1.3540493084520033,1.195849050333173,1.1074128848934008
0.25,22365,erratic,1.5865112581766632,1.672507254843745,1.901507475122831,1.6695641347341823,2.1168331529598725,3.387995747655947,4.631190560562377,8.531271968049952,10.101953779701761,13.217362780496645,21.53614205127716,26.489840345550917,45.227457308955884,1.1188894103224691,2.3037533640447054,1.1473782000325634,1.0918199841015954
0.25,21918,erratic,2.145735903826305,1.618340662936993,1.4644552952271408,1.3335039862586884,1.4508265411048429,1.908420620489197,2.042807499627226,2.8801609801723074,3.908343161005344,6.024333654790177,7.7224880857631195,12.037738018470218,18.5925686823561,1.092585384557291,1.4953914027718873,1.3343495049370746,1.1017151950332984
0.25,20977,erratic,1.9764549233567157,1.4833723044946738,1.3020265003897116,1.2639971421148355,1.220934008833463,1.5315016887503259,1.715478046245779,2.3260911925175365,3.6243504806443236,4.992498051441925,6.51591322421408,10.247856586126291,14.363893219017903,1.0987269420628736,1.342913743829566,1.2192127825409198,1.1116199012730574
0.25,20718,erratic,1.589381312434461,1.3813492282502713,1.3985871184943977,1.4883639641628494,1.8978788380521343,2.642989863311075,3.533969865886641,5.210405283588137,6.18785069080339,9.741174089813645,12.537207719336962,18.63401217874425,29.007413948525457,1.0568096105377416,1.3618669168644324,1.1558033004028916,1.0571407546406164
0.25,22349,erratic,1.7365299949085033,1.3886609362364857,1.3211536733654807,1.7620174308904126,1.4410135074425694,2.260115606936409,2.463505945071725,3.6871125220881122,3.968462667345537,7.638144299020636,14.350894007008343,12.948575878283295,19.423672466980147,1.105723441852108,1.2965946868729228,1.1544820150348927,1.0977866962173177
0.25,22107,erratic,1.7741275351726662,1.3911565868810527,1.3129545039283759,1.3546501004933318,1.3541019550520732,1.6453133564772509,2.005225653206645,2.611949570619401,3.908678969486553,4.713721907546134,6.443084231682793,8.35223826055181,17.379280102320486,1.0844509409830076,1.3376941348437779,1.1759546866435233,1.1450758267860404
0.25,22274,erratic,1.7399974984124533,1.391203071179786,1.342864702599725,1.4362547385840985,1.5674100871707002,2.321240402563164,3.194524409721552,4.169534512286637,5.753802413069835,7.5176236842611734,11.914420690053298,16.09277907133374,25.19594069313213,1.0829353243404458,1.4292878172686503,1.2044239613600922,1.1101006407912708
0.25,47590B,erratic,1.4755310585157373,1.5659493647422702,1.5770385709216679,2.331522976787542,2.8516279968859375,4.529059267772123,5.3095431652199805,8.79091176299248,11.901861419015896,15.97811353080432,22.75114791257336,33.74991592566497,51.21868462723946,1.085477780543478,1.6078216935616274,1.096597438844197,1.0587083798941854
0.25,23184,erratic,1.6420707368866259,1.2929307169731528,1.2272448916654193,1.3059581817060386,1.622820311742781,1.9634156012371018,2.45136398480937,4.285513829290429,4.687358468953491,7.239717246301464,9.094659488417584,11.962360451489541,18.22689684644598,1.0732370848789776,1.191834594813686,1.2435060929941586,1.0523455604409162
0.25,23174,erratic,1.6666166493606784,1.7779491704129629,1.5222907125865548,2.380223557350845,3.771004767649613,5.11579806613088,8.144373953387873,9.86209228393024,14.675121592070852,22.012546341034025,23.742542919850283,31.50738955678666,36.14804122226293,1.066392971968301,2.0645543358001874,1.1114945771236846,1.063852092824117
0.25,22894,erratic,1.512135521518494,1.232125131040625,1.375394977317216,1.4025178354408072,1.620587989720852,2.110936905678588,2.340130437606107,3.7087233628039455,4.369811950904985,6.803903850970855,7.2179217188819,10.902921394179444,16.891935319275234,1.116570029037675,1.2996020075887589,1.1482312994591395,1.1111781132005452
0.25,22972,erratic,1.7197207512147188,1.3190592527888483,1.2763734963876907,1.2482871103346622,1.4335794617022444,1.6002961729540857,2.206229186002074,2.7113883277829296,3.4387840985605385,5.32198458626777,6.942339538861897,10.744438226783851,13.325424014121658,1.1043816309075363,1.2797378573638332,1.147008243708032,1.1662526614620303
0.25,22694,erratic,1.5623016569171304,1.4119946523740683,1.5414338170797364,1.5970769537890102,2.0964000314566227,2.828542046011358,3.670624958410705,5.671012116849254,6.378310658350825,11.064947037935474,13.717452981422458,24.596871275868555,30.344440344329094,1.0899308559226177,1.2900385343633365,1.2719340378810338,1.0756193022679024
0.25,85199S,erratic,2.7848601831101623,2.009409858655896,1.7316524231607813,1.4187416720566515,1.2963342795271535,1.5831657717502097,1.6954854077957133,2.0517601463459605,2.6861684777880166,3.5056244046180023,4.61636906668168,6.290421277772608,11.933314624192457,1.1137361500216405,1.2536008000008878,1.2493312654549396,1.1523922462705445
0.25,22361,erratic,2.121008559165613,1.596478095675588,1.3804829992777432,1.3488198977770511,1.4833050610598086,1.621764023831729,2.1182136166279726,2.932792701049075,4.556340230292208,5.992074539180385,8.169402574114404,12.416164176585006,16.077579026308452,1.0765717400869492,1.3492294537132605,1.3171858526096742,1.1087550883174175
0.25,23177,erratic,1.9237268030366936,1.4916306410797133,1.8514076339097432,1.7664092155208768,2.6541148249683677,3.1126238928722043,3.5599035217207913,7.113269717418809,8.879797553774784,13.581387072964992,14.428010333192729,20.541873154787027,27.138140552509537,1.0477778363559682,2.0611029101644887,1.1688633487979754,1.08552562210038
0.25,21910,erratic,2.2778393420015766,1.9379966180719732,1.5736349159443135,1.3579959613869195,1.2746872537431058,1.2139274691358017,1.252996125558184,3.026456199106906,4.31070642894668,4.189211485421598,8.093573515891778,10.405757486209643,12.448142402153971,1.0669777712109279,1.3071151825584453,1.1411175137903873,1.1784623719464147
0.25,85015,erratic,1.7248727430169561,1.5092221819160516,1.407089237862317,1.6537428180254388,1.6780108709643446,2.373287442807496,3.014567267748686,3.862729208841877,4.4844436383210295,8.348991598113672,11.239620803444996,14.53102408228698,27.14699644265535,1.0811220847911829,1.7293676936939046,1.141313467591889,1.1138982178171482
0.25,23133,erratic,1.561905009962624,1.280906924349174,1.6124995116360843,1.5571776472579992,1.9488975998541416,3.074218292158828,4.752601351791314,7.582181879745268,10.133538229127321,12.569588602237351,20.434630861994876,22.96621824006666,48.78995142406928,1.0604268951775695,1.7902900230507768,1.1700027348379276,1.0645161290322585
0.25,22745,erratic,1.6148173203284855,1.375265466361323,1.3575242731905313,1.3543539255751549,1.8292226479541767,2.2824049172964855,3.091212301004196,4.3605005461814415,5.899097830245686,9.600031606438844,10.867036702283977,13.893130035543377,19.70434948958375,1.0714873879219051,1.400866681822971,1.2361846592326855,1.1178989481155361
0.25,22919,erratic,2.6823303163429135,1.9610296582508513,1.7141798549727414,1.4321565306374493,1.26250286702306,1.4467545298964346,1.413373559872264,1.9118368355122741,2.255060957321054,3.1034316060622134,4.749152243335268,6.11954692214047,10.52577497838704,1.1348118350711902,1.2488964166622563,1.2132359427653978,1.158316131194975
0.25,84884A,erratic,1.8377909393730483,1.514072703927254,1.387419684156797,1.423834795375493,1.4289168609332215,2.2370192231793853,2.979753303408404,3.7044547994801063,5.0599125932084705,7.492609100620468,10.46699222758391,16.106982544953144,18.281517226136746,1.0761836226720929,1.4825515310659902,1.1597318332272137,1.1366855934031819
0.25,21529,erratic,2.0058515340802043,1.541674517021986,1.313866867635763,1.3089356367483576,1.321627849678979,1.7315758199394182,2.13439687531703,2.7219706082696793,3.445357903737729,5.2483224394556425,6.854034116436461,9.518761141465854,12.836809229119284,1.1362483514253827,1.4212524819200258,1.2213184249047075,1.0853055841389008
0.25,20727,erratic,1.2822925121659232,1.29497361115744,1.6712305095048028,2.2658759279643874,2.9175816590131562,4.386609515549774,5.551872421806372,8.36098324382623,10.960161464877276,16.61265524756216,21.54121727802057,31.98470086467936,54.26409736815762,1.057112200762756,1.6862410168599506,1.1191875979852555,1.033287653209098
0.25,22028,erratic,2.4399523479008067,1.6709435807764457,1.4666706278807222,1.272768111617436,1.221229996141081,1.3606068362283932,1.5220304443241583,2.0023378780646937,2.396688707993453,3.4961737284013235,4.710298677716284,5.945512521245265,10.840115715333217,1.1066184704446629,1.2486093853349334,1.3955940417246453,1.1059057783883557
0.25,22371,erratic,1.7400448089279679,1.3353219056476167,1.299199991545487,1.3137100524179923,1.5804447074737937,1.9070690311126142,2.2598442255664555,3.422371702739261,4.276430926614816,6.797091646939466,9.014911650321295,14.962889964491046,17.470710390598573,1.0832769699019293,1.3056042864389596,1.2372019783564436,1.0764446652012185
0.25,22297,erratic,1.5443342907440007,1.3188733438339664,1.4185861206337438,1.6530343741313824,2.038265542481238,2.97928286852589,3.637765218196974,5.1261929028073725,7.461743722783303,10.249606226257765,14.007041601037715,21.42670249235616,27.063504123042733,1.0563883998888168,1.438024645603632,1.1420735662003152,1.0433799684981007
0.25,20671,erratic,2.610736368746487,1.8484167135094625,1.5608019486602962,1.3417650365373806,1.3125351320966838,1.1788457935169572,1.3156267566048336,1.5674536256323786,2.159733932921118,2.964680532134158,4.281618887015179,5.805602398351132,9.394791081131697,1.1286303166572988,1.2297170695147093,1.2794641184185866,1.1648866404347016
0.25,22846,erratic,1.274044239912357,1.358835632546602,1.4129838481892887,1.9110344509719819,2.310363655057737,3.3971475810101928,4.632434329718174,5.574490137196448,8.951900292970954,13.650634218864303,16.391003345706903,24.412128217037242,34.40236882193536,1.049913786888753,1.3672820356457827,1.0805238731727733,1.0644725163946733
0.25,22227,erratic,2.330478520217043,1.6402843013456891,1.4185717833159857,1.2451643410770799,1.2461298878327902,1.468397165968373,1.7979907117307972,2.351856597154344,2.956303395660191,4.332165255110393,5.489983938374073,8.450875992624345,12.463002784367397,1.0941110893903445,1.2881291904200856,1.2186481288734128,1.0987750368519207
0.25,21651,erratic,1.7486089768764648,1.430151002775457,1.3653824358126183,1.187410548844614,1.5112270260439595,1.7402351626396635,2.060796474405435,2.586193354190995,3.514616615313241,5.0216316945046975,6.511859608800304,11.872139210378624,13.769131015796084,1.104468406444963,1.516403661599855,1.0641412557294851,1.1287938491869998
0.25,37413,erratic,3.5594439988248845,2.6871090513584797,2.3291395581434498,1.9870126654981528,1.425852206146909,1.384054741887248,1.3519437265018206,1.2953335379882418,1.7091589673509386,1.5590709987489633,2.8686313537922192,3.5323948915494,4.480975345685244,1.1905832334815432,1.4264975292871098,1.2526745425797732,1.2730608122159173
0.25,85135C,lumpy,1.6748018638001627,1.4486933140159486,1.3282768443088404,1.144521250145801,1.2529758798720625,1.258666732149324,1.9833387561159745,2.3921592701957772,2.3380931040621764,3.694302394823592,6.714275628786989,5.840963086197668,11.507824154506336,1.1256192715463498,1.2735814307551563,1.269726139244779,1.1871473912322812
0.25,20700,lumpy,2.1144314896786307,1.7611116443168162,1.6688685076340128,1.6003117333835004,1.593670123119333,1.5425189746582293,1.455516951462502,3.013988843630398,3.339843902963398,3.684091231922737,3.974262800456082,4.870110834270727,6.155834443467618,1.1781970907443624,1.3321619017272088,1.3331838651100547,1.3034985545859743
0.25,21824,lumpy,1.6199926123119643,1.3704772701218968,1.2771529378797335,1.5051701078857203,1.6902113133526093,2.3480900278948913,2.878281470914162,3.983359869569098,5.3837216115349875,6.732542765797552,11.10186857557732,19.6492274771045,20.610908303506555,1.0842170961291064,1.6576239666789752,1.1435478734922127,1.1066196232279102
0.25,21768,lumpy,1.6189413629790135,1.3422853479507608,1.304284841045418,1.9877025757748936,2.862116777075951,9.334381103363947,10.36335919213202,12.351504067666886,17.788488776022398,16.840824267844816,32.066004542269475,36.786413942878745,95.72725013790786,1.051319196306549,6.321549440664739,1.2165057325030688,1.0558316477902412
0.25,90000D,lumpy,1.5631001888521339,1.4673494833909775,1.4384018783131156,1.249928907015237,1.2650711051374102,1.1844625977984264,1.1564969265955813,1.171863948686663,1.0375006380139646,1.5928644518062447,1.8355418743756549,2.475122316391725,3.2621617614532497,1.087824749108602,1.225973609311843,1.0291724290467688,1.287961830966403
0.25,62096A,lumpy,2.338789295921019,1.9486879709015332,1.6179527149909072,1.4198493115094835,1.244089373863341,1.2078461938165759,1.1461418550272808,1.3795791114575224,1.6100285788516497,2.3541179527149887,3.1061314627175953,4.796570537802041,7.0227331774486865,1.0600155884645353,1.2643543777604578,1.2661730319563513,1.2670823590543001
0.25,17090D,lumpy,2.493899463152757,2.157149829184968,1.9014153245485599,1.72913616398243,1.5641776476329912,1.394826744753538,1.3733528550512444,1.092972181551977,1.135431918008785,1.3223523670082968,1.5536847242557368,2.6095656417764648,2.208638360175679,1.0841874084919472,1.1354319180087853,1.0905319668130795,1.391654465592972
0.25,21062,lumpy,2.424427768441791,1.8832676595004922,1.6869299414730252,1.3614388364142083,1.3118473662861438,1.2113461204149043,1.1695601784782999,1.408863070058526,1.618392536362059,2.038477139711423,2.771420293214352,4.1325172393811105,6.16762473199281,1.086480848351393,1.2822332966332517,1.2715767514631766,1.2326823897548813
0.25,84564,lumpy,1.3749735613295802,1.3749735613295802,1.2420317914843075,1.1608284659063175,1.305696109854709,1.1484633031254572,1.2364186583798376,1.1603891772285755,1.0998812293574998,1.5603533833363201,1.6654084571205423,2.332834388168497,3.1208369262808553,1.117420236565088,1.17591071050876,1.0413907554138258,1.114263866065763
0.25,77101A,lumpy,2.449553001277139,1.95135260652502,1.913154533844189,1.663183559735284,1.4525716939510045,1.879368396609776,1.9517009172181583,2.324277255311736,2.58063392546151,3.7523510971786864,7.444676651573213,11.639614536166233,18.264483919656307,1.0661790316962738,1.8568443051201682,1.0963659584349246,1.2519447347033557
0.25,85125,lumpy,1.511429117622962,1.348185269137286,1.2430701586694703,1.2415442280907776,1.2868783625092166,1.2603913482808535,1.5471434033372478,1.7963821449053685,2.9300563945708213,4.459421170494588,5.927113772291586,7.18324480432587,14.372504574377919,1.0638740202638117,1.5637716088155778,1.0693291367397653,1.240144604964907
0.25,85064,lumpy,1.7957762164570124,1.95706367896477,2.275843426774704,1.9927837570740572,3.0567178961527075,3.6277785346507265,7.727480326709605,8.754037917172136,14.463348968165931,18.12944257388701,28.78580711849822,27.79635576488505,43.45900451745022,1.1059708625540356,1.79832363454714,1.196648566590763,1.0764074052449133
0.25,21282,lumpy,1.7196778959195989,1.3948896148484153,1.3587673484675085,1.3062693772238292,1.2740381614265808,1.6816205081254332,1.5889219501030007,2.963149462119474,3.3164027549470503,5.108158721571402,6.325932707713442,10.342433259119007,9.027133315299926,1.1008343910609875,1.3289914480118197,1.1252002746623966,1.2488815830541626
0.25,20762,lumpy,2.216678297278438,1.816120027913469,1.5060013956734133,1.3737613398464767,1.462107466852757,1.4140265177948375,1.423098394975579,1.8453593859036952,2.4856245638520478,3.3747383112351717,4.240963014654582,5.866922540125608,7.409351011863215,1.1247732030704813,1.5978367062107444,1.1926727145847917,1.2147243545010473
0.25,20894,lumpy,1.8775155085638482,1.6104287776520618,1.4456205376302131,1.2528071475947093,1.2260348796379386,1.3533377550622294,1.2886582653817644,1.6726190940657795,2.1920838047676527,2.6670477156568144,3.7316023565214094,6.438254457492909,5.7565877258008085,1.0991338613397847,1.2901135343919485,1.1669696851468931,1.2587140571963638
0.25,90182C,lumpy,1.6618581721653396,1.6618581721653396,1.5322411831626852,1.39998483124763,1.39998483124763,1.39998483124763,1.39998483124763,1.1035115661736825,1.1035115661736825,1.3615927189988624,1.3615927189988624,1.6117557830868463,1.2246492226014414,1.0777095183921133,1.3615927189988624,1.0463405384907114,1.39998483124763
0.25,44234,lumpy,3.015271769684569,2.6174791598471647,2.357205870912152,2.0986896281432705,2.019584385921906,1.7679774299566833,1.605470475899699,1.6145419423213263,1.2898318842962375,2.645586027005959,1.978795080270737,3.4161630632786353,4.775647075919939,1.1653663742170741,1.8421183195181885,1.1782792690570536,1.3459516746249949
0.25,85165,lumpy,1.9573369668763312,1.5411775990497427,1.4470243358907415,1.1785871491885629,1.3435971287301742,1.4890198763036142,1.7095276700693907,2.2328997696624566,2.9063683797665627,4.640455314122331,5.364005586966544,7.647729407915571,14.7772808081392,1.0077904808706841,1.276005607989941,1.2565668537310613,1.1463122998671584
0.25,21586,lumpy,1.5859684556083546,1.3180503319758579,1.4895468108767904,1.5511963242777302,1.689381963352883,2.5097170379668396,2.789574023302025,4.144307648264454,5.440794099465356,7.063776172297126,10.272973657428555,14.97036205109331,25.03449528816066,1.1035346266313701,1.4633285043075879,1.0525703158057018,1.1732818027523875
0.25,84595E,lumpy,1.811960263665839,1.7685350478288542,1.7412580410139187,1.6783732549748112,1.507958431310261,2.196993187366413,1.4190673171989363,3.0723343082109538,3.4614739182829335,5.8450761774208555,9.743999668518605,9.547334509632003,14.733362337956887,1.0559213744508407,1.832967898097087,1.131521004756988,1.321286055797069
0.25,51008,lumpy,1.2532326010180326,1.8500068332378277,2.4214285543026617,2.896192328072139,2.929116546265813,4.635388020015402,7.101052798150945,10.210761030883864,14.410238827656174,16.78416798735984,24.968881195169242,41.45440072504254,35.8973144176522,1.0851565290988037,2.2675728099472763,1.0435936597143465,1.123077402602385
0.25,21292,lumpy,1.5624040557446368,1.3867079306633745,1.2834077214297812,1.307745467060733,1.329706799818629,1.391089271178758,1.5458101382689864,2.402288458281664,2.8144267381957753,4.545545181891181,4.5526607629650995,7.280963020830511,10.082540740457503,1.0844090926473255,1.6512245355068849,1.1474058858557004,1.1171762752049996
0.25,84251F,lumpy,4.886556588779916,3.5857052863970775,3.3293234082148078,2.7081616376445568,2.195672401736125,1.76883354813355,1.442596327783204,1.191649954631883,1.2720122060463843,1.2124065908026982,1.521828710794143,2.0627264793762867,2.921700986539825,1.0730773454160858,1.1705321073346082,1.600341561241183,1.4569985378173598
0.25,21801,lumpy,2.546571290516364,1.9768335205161025,1.7899162901245864,1.6604049677436221,1.6867742314623784,1.5292370778593292,2.059600517146817,2.3914213701778726,2.777696737796129,4.244632642933647,5.643015906182267,8.819691409616826,9.966455324261574,1.14763431451929,1.3112296601979776,1.2864353435892077,1.2582567189907798
0.25,84510F,lumpy,2.642341619887731,2.977546110665598,2.6925955626837745,1.7051590483827852,4.298850574712643,2.0852713178294584,3.7711841753541813,11.477145148356072,15.322373696872482,23.518310612135757,18.09970596097297,2.8778401496925925,48.928628708901414,1.0229885057471284,2.7342956428762286,1.0374231488906738,1.4434643143544506
0.25,21655,lumpy,1.5994763536578742,1.231968913536661,1.3904652934179809,1.3311269336500764,1.465013745099555,2.2252888445068124,2.8343168496330535,4.171781664316863,5.41387473616153,7.427633819360916,10.9827787310419,15.622505770309632,27.962771426644153,1.09632016293413,1.4452449852184648,1.0533813273933006,1.0804643556912605
0.25,20770,lumpy,2.2459187973824726,1.8715364772679906,1.6745573776565443,1.4369723381296633,1.489853146173049,1.6564773606139072,1.9248433512867666,2.315673207396875,3.0546267523121116,4.542889097805302,5.146251777204536,8.633951437741155,11.000935492685068,1.1008248081545333,1.3524561314135686,1.2320021859037005,1.2395370700554347
0.25,85162C,lumpy,1.2105748748354883,1.208994206477348,1.32224604154512,1.509585769914386,1.5170074488148375,2.31816208295456,2.3597072032346036,3.6204157225621767,4.652001953787506,8.285951725167235,7.820305822015383,20.975258809003712,21.957898593001612,1.06535690541769,1.449255796914644,1.057691003079929,1.0550248972226368
0.25,84856L,lumpy,1.8718039413845375,1.4828701364325416,1.4686593850818206,1.3056361021494927,1.2357523224627822,1.5790920045088823,1.7249232324017556,2.069965405993705,3.2648773661911576,5.13063318692424,6.424215804407786,7.655669141368953,19.61502312745388,1.0844987756053959,1.2827651883235525,1.2104209585260652,1.2074474287713297
0.25,47422,lumpy,2.558415985460105,2.2822295909180412,2.154020952695851,1.6033456078629995,1.4608076759861128,1.3009667639994382,1.4098717123863944,1.5420364908393829,1.6054295049928247,2.3929688742216983,3.0883987267061994,4.238031807072645,5.80681041590546,1.0918852266540857,1.4784665718260037,1.208706667523113,1.335545346085927
0.25,72134,lumpy,2.3685873528924257,2.1967822807889945,2.0339590585115204,1.8498259572352067,1.7799498591082383,1.6049747223603517,1.5196005304160454,1.9246954251616095,1.6889192773081332,2.093713741090666,3.6436992375269424,3.6823926736283825,6.1910119343610415,1.0475509696668337,1.8858155146693154,1.0856746229073415,1.5898288579479531
0.25,90108,lumpy,2.192947186081503,1.879743074258114,1.879743074258114,1.7664909152979553,1.7664909152979553,1.5622905840255912,1.5256356762634498,1.2365942166420099,1.2371252639431518,1.4990580232396424,1.553477727623317,3.2505658182554065,3.331145924211981,1.0310662671167907,1.5556145608112386,1.0560254902704524,1.5447660230879137
0.25,22597,lumpy,1.8565954170355623,1.4744036088570545,1.3711815101549027,1.4744945847173867,1.5536879616747554,2.1999028111540855,2.3435448189247534,3.888736522813864,4.1886218044729056,6.935646782893874,9.245807898923587,18.148221865715165,26.135649445601945,1.0908449438501429,1.3153556157623454,1.1497507039534547,1.1310429605763874
0.25,85230F,lumpy,1.879701793547429,1.5745072587346498,1.4001410289136427,1.5144215189483836,1.3737945105536333,1.1407700287307931,1.6720860511723101,1.4767148409849178,1.927074111689836,2.126582954510493,5.539648314804054,6.290295074488304,7.704537184382207,1.0595172792100935,1.4323993562274446,1.0856148697700267,1.2850965568306691
0.25,22647,lumpy,1.866586487168047,1.6865046264863919,1.5881399002929133,1.466113169482648,1.469872553393726,1.6845841981726817,2.1304300595526726,2.603127000446157,3.5127737580260323,5.912350875831696,6.3170142189288265,8.107873756086219,17.024662955131756,1.0396034994471486,1.7530290392038943,1.0560726271071348,1.2632577447576185
0.25,22573,lumpy,1.7516471760958887,1.5067644179020028,1.4066253942503002,1.2768184138926408,1.7305482924845463,2.0895829511472224,3.3050231963946683,3.9977345112401417,5.5097371812015155,7.043862072623839,10.69042372375627,19.15728238599069,21.45460071036888,1.1220225399554848,1.4012545282147297,1.166419488949942,1.1524176632975347
0.25,84874B,lumpy,2.438569401552458,2.1394290960687754,2.009139470828812,1.674876888406644,1.5335698188798934,1.4434938652867042,1.2074284283448795,1.2985894332693426,1.2214589767131283,1.4148067773975497,1.5897003589015954,1.8716050413154144,2.2333861948084404,1.055371004089809,1.3207495200734523,1.2604206660545874,1.5761288707119607
0.25,22286,lumpy,1.8805872155910652,1.4272002871839444,1.3358493417914048,1.4131504739952105,1.3328263529056121,1.635559796137189,1.8877951547156295,2.881402005564193,4.339512354105368,6.127565407560315,9.283679166410854,11.083812366858586,14.758319123711129,1.0397097930669648,1.4219502057049458,1.102595047021647,1.1239330974772215
0.25,21792,lumpy,1.6288103195805996,1.396150277774673,1.3701501212818994,1.3555739372463986,1.4436570125529564,1.699790970366975,2.1980863169425775,2.7318719889113683,4.2611976168386265,6.215166385352263,5.959479549747925,15.20970031633898,24.039805054716595,1.1146197784509455,1.4177574585573594,1.1588289869328539,1.1551514067582525
0.25,21085,lumpy,5.1618531133748755,4.321257593118713,4.3463717842063145,4.283963019353625,3.946789307633146,4.342173005383857,12.453491657379665,27.667582288216757,67.35126905146838,29.820457078277787,144.80830024015447,144.80585160652313,145.728382175203,1.1069158203707494,17.257593118711657,1.4579180335588373,1.2053242085105718
0.25,35637C,lumpy,1.1739226487838597,1.1739226487838597,1.1739226487838597,1.1210367657014986,1.4726733703437114,1.483968899879561,1.0392813620199401,1.4977729634195858,1.6769834878599759,4.46932390732678,5.1621852751904385,4.133187477284197,11.157902238438862,1.135995325004811,1.5181262961352877,1.0689633055636705,1.1207659580533205
0.25,23224,lumpy,2.0942060540536933,1.4644032787924592,1.3236531207090148,1.0892358104466877,1.1419414148593434,1.4750678632624084,1.80953739528536,1.9385451651492327,3.1933489831772497,3.5376088439970808,6.2265056301064305,9.52716282344539,13.708452417300238,1.207996102554862,1.7403527388061075,1.3251780628563135,1.0422912839712564
0.25,21814,lumpy,1.9636098574110314,1.5309701641570475,1.3785078084435034,1.2454687063146543,1.1944322402843788,1.3862882933258776,1.4642848584095527,2.189683268762231,2.0450173742860533,3.359444022846183,5.154826856252727,5.754551264129093,6.474002476335001,1.0798058872868121,1.2448216639373744,1.1903542756720027,1.219866597435795
0.25,84637,lumpy,2.051269592860223,1.5730980275469229,1.5080493235680557,1.874866838544599,1.3390446022607778,2.4226131848830232,2.6860534679731365,2.6337662924649403,6.122301381489311,5.914323433089084,15.238437630846681,16.009072242090483,17.240832496856534,1.0772138700093097,1.7214259214270535,1.2335493420866783,1.214156891030772
0.25,90042C,lumpy,2.5491115452600237,2.049848823146339,1.7687226718764533,1.550586101032654,1.1940645641455019,1.3272048562656995,1.2027770025118618,1.2778746860173036,1.5043538933854301,1.9505930784258985,2.6378593357521627,2.5959158991534106,7.088810587031339,1.0685273048655692,1.2399944180854037,1.11815052563029,1.248192855149316
0.25,84199,lumpy,3.679104626669145,2.9180403683143914,2.623186045475427,2.3361644723802617,2.034179550961271,1.6558675715249276,1.7091019993639167,2.0935904507441667,1.4785121770219902,2.5158091562355436,2.1359960790158152,4.2455285876928235,4.755201219315433,1.039492545981682,1.4811702109680063,1.1680614943067378,1.4863065158706135
0.25,21458,lumpy,2.1438655936749966,1.7276577721304534,1.4726810673443458,1.3667937314697165,1.14570097416349,1.193703233093322,1.4541860793449104,3.1095580968516208,3.6514188903007256,4.494140900748276,5.656077933079201,6.14993646759849,9.287590004235511,1.0196244529154332,1.406466186644076,1.2086686432302658,1.2470704503741354
0.25,79323S,lumpy,1.517181002407529,1.7267819362369594,1.3911505070401986,2.4076019552053682,2.214379514116874,2.419639600204272,2.500218866272708,2.7104034434960202,3.544028598526304,5.266031954475817,4.9932151455460785,8.296965054351785,8.296965054351785,1.0553366892828484,2.16590063471219,1.0407820821478075,1.1778288465747433
0.25,20663,lumpy,2.1369830415435467,2.4904813071559544,2.296151061071466,2.1794229803436074,2.0451889723315544,1.8480104180049295,1.720738779037854,1.636623900678573,14.664848576867836,10.415121582322119,25.494596827881075,37.71775177818544,52.149726702561544,1.0417742142698658,11.017866528071401,1.2145341096226439,1.5236609593440862
0.25,84916,lumpy,1.8049273432459216,1.6578479687906802,1.538223904849032,1.6202739150881749,1.4252671181494214,1.841773851801009,1.8339756380426877,2.2339093666035215,4.359627521581959,5.286263803548406,4.457053740580259,5.778256176158556,15.005980894479226,1.0710503920202596,1.3392222984869733,1.178169323527081,1.2881449245236227
1.0,22554,smooth,1.9829609097754064,1.4665670737377647,1.3346049430490434,1.2665607741850342,1.3517451260960474,1.73768122463305,2.0655417465359966,2.9804101908764475,3.511139409101951,5.506251256160813,6.735406186160789,10.701202014656948,15.857091946471815,1.0664848795735498,1.3307763148816432,1.3230491635093913,1.0733126947986693
1.0,22627,smooth,2.12229492499202,1.5337735397382701,1.3297638046600706,1.2276771465049479,1.208043408873285,1.467399457389085,1.7519629747845522,2.2694821257580635,3.144637727417809,4.064830035110123,5.39955713373764,7.954799712735416,12.484264283434335,1.0829117459304207,1.2417610916054902,1.3682293329077568,1.0850263325885745
1.0,20724,smooth,1.9210720888123607,1.4400204099755298,1.2063090947857684,1.1702357214460979,1.1818040651846564,1.5021858333495597,1.8128700139089857,2.7433647397490692,3.577225022117141,5.462597461432131,7.090375162702841,10.435821833925093,17.02707289704359,1.0970964934066472,1.223625282726599,1.361375522180531,1.058096012361854
1.0,22741,smooth,2.017973412348576,1.480548662645911,1.3345348938621533,1.182814406949608,1.186728505648668,1.257890553001152,1.5719161474069785,2.0033169292268065,2.7489166234760374,3.8288678944471077,5.334877085857424,6.426246237137946,11.286796332990564,1.1044002224247973,1.2304246458229522,1.3934230254105322,1.1352213887773246
1.0,22027,smooth,3.898032623041365,2.458619934367591,2.110632778003183,1.566141403305594,1.3093083589267545,1.1922160359180278,1.2327661029431098,1.4017829232421577,1.5430146239287068,2.360448777013224,2.9134022569925793,4.3498379454667155,6.318806776755387,1.0590898644881759,1.182037881567607,1.6506719108206367,1.1051948858288407
1.0,23000,smooth,4.444739091123029,2.901885752505047,2.318061731300395,1.7392967288851455,1.3956618402962706,1.1868449409812103,1.1317976887920032,1.3024524071986818,1.3998971970719754,1.879054213062165,1.9915460074067657,3.138171470329589,4.552654916580995,1.0684494098121058,1.113070215638431,1.6926118136665975,1.238344872858789
1.0,23109,smooth,2.023563716134321,1.518141894312808,1.3787207844593703,1.245673291411461,1.4384920069255074,1.5476377145824782,1.80812209944283,3.056259732734581,2.913632840220956,4.93968382145012,7.076964789171927,7.592920502291933,17.03202141914345,1.0586212090974723,1.3151516283958145,1.3682668354637157,1.0979763232088493
1.0,21224,smooth,3.8723239475576703,2.8067710350168724,2.305176006343235,1.7680109162656041,1.4617838505651748,1.2370415445040657,1.2042743080525895,1.258597481145471,1.3179177960944837,1.8985082332983012,2.3342184359499107,3.0458225000460954,5.0408991167413575,1.1101030775755565,1.1939849901347943,1.4736589773376865,1.2723165717025315
1.0,22411,smooth,1.5452729724171035,1.2805186742536778,1.18638222994127,1.3890007388956171,1.6107770211080428,2.0988425238236736,2.8543200636821373,4.1346296380934975,5.740537756042565,8.51287792225599,11.260855862032178,17.47943185020986,23.57029239699262,1.0385448326820392,1.3028354167142773,1.2218537900774702,1.0472773219985225
1.0,23322,smooth,1.7120111503909805,1.3635276381826706,1.1620614705690837,1.252944410421429,1.211792313252794,1.8093841980628589,1.9892056830067806,3.301582303782214,4.110275784248838,6.591079522366309,7.132888955194851,14.003791528571226,15.27272382588311,1.0832380643092696,1.1481424394859674,1.353067140552789,1.0680933804032369
1.0,21652,smooth,2.52140302465421,1.8613267967140767,1.5939647172602303,1.2986230370163792,1.2012766630623932,1.1104685392580416,1.1770758414184856,1.4158679368061569,1.7819202460691401,2.5876792555299466,2.988389672532992,4.581188301278132,8.17613970882035,1.0918959294540918,1.1488923789999694,1.1123391735612669,1.1445917140848816
1.0,22993,smooth,1.7053792792567175,1.3748591320027046,1.2831133705642235,1.2727830507625646,1.4540332072825615,1.9203375823295172,2.23123638276026,3.4300418221431994,4.356702812351307,5.930818161328291,8.049122235856853,11.689752322756755,15.412123412887226,1.0963537101500087,1.2364954546592875,1.3239838721795085,1.0279732538629136
1.0,21274,smooth,2.709489387115236,2.064150098290492,1.610614128947172,1.402499564535795,1.2699815860850523,1.1897690795530906,1.1715542339562561,1.4753216214198606,1.7115982780501156,2.5154652001891162,3.2879662577450346,4.677594744569136,6.768656530718927,1.0088399233583,1.125954910792048,1.3490494438500005,1.2519844725906388
1.0,22382,smooth,1.7255935750525773,1.3417434249967686,1.2283025284085647,1.2023970525158487,1.3761262000501493,1.679389425469678,2.305467229423398,3.0316502655812547,4.442693104890365,6.145607610478741,8.879490482324318,12.181915958476035,17.034719928943147,1.079299934556421,1.2078692164431963,1.3820900281266721,1.052234738595212
1.0,23202,smooth,1.3969409226670806,1.2808827074489166,1.476497771167777,1.4116017765284155,1.8999930540517342,2.6768258650769985,3.3493558654447266,4.677962957666489,6.5009319828230785,8.196792197657174,12.713668400429828,15.888055011910255,23.81489824185793,1.0479871050513385,1.3011681450640866,1.1526421161444267,1.0175581314581996
1.0,23204,smooth,2.1554344857653853,1.551046637801165,1.2830196782979564,1.217738426044105,1.1242610407301787,1.345972727692648,1.6879268135549532,2.3411988178272423,2.8352591857854015,4.526965581009378,5.488017413304225,6.859259205234363,12.466259697131056,1.1062991136945821,1.2366087816926916,1.312124239971022,1.0627966473230528
1.0,47568,smooth,2.559994345545277,1.753789162424212,1.5545529011031993,1.2815434337644531,1.2254946195539564,1.3253983776362446,1.4721953807752413,1.9144686264903452,2.7067526195423364,4.008293845745701,4.920177302011794,7.42399696363528,14.177251663900766,1.0773479058184723,1.2649402506162777,1.2469079621306458,1.0969564703809205
1.0,16161P,smooth,2.9626158976652355,1.981022930330077,1.7217152478015392,1.3791230077475563,1.1872141345085139,1.1916451504585808,1.1880689749078344,1.4568573408182437,1.8431015089632408,2.483905274046897,3.4997150890516098,4.714838235328905,7.448717642602272,1.0975954978692468,1.2048108541929254,1.5864671924343834,1.1579432720683382
1.0,23201,smooth,1.4238201169629021,1.3076913324851707,1.2003041900520381,1.4924940601280592,1.9200805704663442,2.4335621781171093,3.658445431481548,5.092579224393673,6.918724430212283,10.671994902076014,12.887041384463707,18.788763537165774,33.075088109964796,1.0852709073797597,1.3871756188578448,1.152729656404696,1.0339668948154204
1.0,23307,smooth,2.029493532716872,1.5693489975399695,1.455534972778665,1.1471226651512292,1.4270984769277504,1.7556098182720747,2.0368966240945006,2.7354015350513627,3.449699707613826,4.8220689747700725,5.894550270584185,8.95777602510055,10.663682110777074,1.047289701892604,1.3026182506087782,1.3558697170917018,1.0806385920997277
1.0,23004,smooth,5.00726805353201,3.3785054609152216,2.7213072165512293,1.9261481291294895,1.5726919296347894,1.2882921137669152,1.172133912063237,1.1863319877913714,1.209985065851543,1.519957521994825,1.6857751856133862,2.6703791876005587,3.527928984553871,1.0415550656844266,1.1299650726273622,1.7225127350457226,1.3054481535892852
1.0,22614,smooth,4.789804788918796,3.265844101175848,2.5632925917271363,1.998231149082175,1.644681470978346,1.3366271902671611,1.1725261899875057,1.2661087077293136,1.3521286196859752,1.5867282465614732,2.124382009931316,2.7628525422503114,4.183581351466479,1.0755727603228955,1.2079882753797606,1.8668251519188557,1.212309555389927
1.0,22120,smooth,2.3206253170127704,1.6703864385666554,1.4372398630504835,1.2597336906253735,1.1769411437820751,1.354136830170664,1.428122948740899,1.9505730472013374,2.64547249820981,3.7025030955364584,4.851324740422482,7.364835078768356,10.063837047977065,1.100272071547919,1.3155978674364488,1.3416353383458628,1.1155259801288941
1.0,23078,smooth,1.9754711673699012,1.4192217533989682,1.3250632911392402,1.1766150961087676,1.199118612283169,1.6262165963431803,1.7022597280825122,2.6191279887482404,3.052508204406939,5.40708860759493,5.58115330520394,8.456183778715419,15.816690107829352,1.1410970464135017,1.1870229723394277,1.3089170182841066,1.1096483825597745
1.0,22487,smooth,2.1060748186613973,1.5318858756522205,1.306029062616395,1.1802205585379537,1.2262629879417433,1.4263861168697085,1.695657823334535,2.2853301799410444,3.1398835610116578,4.031431915463247,5.479131577758755,7.639114741628889,11.315463055757535,1.0817026878239828,1.1410651012295214,1.40376338560694,1.0658000074623597
1.0,21495,smooth,3.113685482059587,2.1034350460022977,1.7965506605609691,1.4493544847538473,1.2637343269242147,1.1262980966085894,1.2078072256009458,1.4302345950604942,1.6972166487371818,2.3554251115264146,3.0959207821196704,4.480433574745537,6.947990160097231,1.0902313494831295,1.169064489192338,1.5351978566293132,1.1772278685476698
1.0,21519,smooth,4.198157019483341,2.6974368140463154,2.2830861432893856,1.7179571572252559,1.4427344814625842,1.1940373603945806,1.130411252002612,1.2187931099646627,1.3806012770523235,1.952834155375397,2.4354206167730177,3.546470835879249,5.229136351896997,1.112684067081992,1.1535441771495385,1.6437804591257161,1.1269299091029348
1.0,84970S,smooth,2.067866794513755,1.5079957951647571,1.3018073307549822,1.225876668604896,1.2188610904918014,1.4691570664135185,1.8425280709376168,2.6167973666967166,3.3061817500490314,5.01976808651069,6.234973963938317,9.563226852772102,14.699450616672904,1.0881441639599119,1.2228435291210837,1.3907890647744694,1.054929044068764
1.0,23145,smooth,3.174769650543561,2.2732409913275853,1.7817661777304938,1.4861376015246641,1.2921143320494628,1.094970413763408,1.348414742957085,1.4584764308892437,1.7813918182477306,2.3414469215961042,2.9864091231257985,3.937811935408933,6.831045498734127,1.0564261838563762,1.1557246667386776,1.441017665920413,1.1783371632429298
1.0,23240,smooth,1.505682675690273,1.272347779623801,1.1606183542364952,1.4030547793624177,1.7846042100030766,2.3483601898656556,3.0988555013451298,4.281807666940035,5.665810374535751,8.425913925943155,10.577070466206116,16.215800388028757,19.066947487670976,1.0624725049948587,1.3760738706095497,1.2181554054618164,1.0240678029235097
1.0,21930,smooth,2.072787466230842,1.5117452299711491,1.4098814792012409,1.2759425669306494,1.3270910264172306,1.6420735331867944,2.029806534809078,2.887358436986481,3.8312033711603832,5.869122108071266,7.420734283034529,11.729555417867052,17.051642460028344,1.0802391654852,1.3254933909072961,1.2112437040496242,1.0686372323803197
1.0,23147,smooth,2.970691817712304,2.006844396350311,1.5689370650008607,1.2563500651730157,1.185381569562972,1.1103969405572909,1.2772804407171483,1.604508005213841,2.071284523253238,2.6920218391087265,3.4333366124787843,4.678087110499005,6.712080371855091,1.0730331275669562,1.085264750006148,1.870300779616833,1.1111359779641425
1.0,21756,smooth,2.4478380497640613,1.7214038674265228,1.4800979633700657,1.2104422791492218,1.19023263018609,1.2943915664337637,1.42992914852206,1.9510375680860272,2.3579776173740137,3.3968881708836833,4.217138426425075,6.503223147149838,8.480489589313468,1.0839326595908543,1.1517145777615976,1.4005755807440803,1.1406440343335618
1.0,23231,smooth,2.992674984114095,2.016134790247727,1.7277377616313212,1.3427979880705996,1.1890959306417908,1.1174779172315215,1.1091239147224432,1.5021726939772027,1.73317630204141,2.3459992797871427,3.4042937441813192,4.693211877134483,6.333890214982762,1.09044854639112,1.2100847688980068,1.572223505538876,1.1137757431375617
1.0,22771,smooth,2.258720088451312,1.592386869192092,1.3817753441966987,1.1983836575670614,1.159817832416352,1.4132861242003842,1.576394556032328,2.1664121936451926,2.785966251612392,4.216271355990205,5.015215731697688,7.573261905388695,11.341630031326494,1.0410930055018814,1.22622212862295,1.4036775739068628,1.1012714876141838
1.0,82482,smooth,1.623297127925656,1.3286146657328504,1.2323620763037775,1.3629288080829223,1.5094080391578015,2.0164725355398283,2.5291707348777037,3.5509423021287887,4.594743931129463,7.484971129857291,8.642432262307985,14.51840976716716,22.595543681455453,1.0608983496234095,1.4654207161500397,1.2036077813385533,1.0501424462948654
1.0,22077,smooth,1.804345338888931,1.4107716197907887,1.2395222628879394,1.1871894799357412,1.3293349835667418,1.7081203843121249,2.1817166083980744,3.0566781714771833,4.117585334927971,5.830363814918069,7.447288121669882,11.591761804508906,18.865975451495775,1.0752256765332389,1.283431062591315,1.3758965822845446,1.0771582563746964
1.0,22705,smooth,3.251571188115049,2.57024251926534,2.134616279879268,1.638040968129493,1.4069628138265415,1.199975569973448,1.1006751998072954,1.1340315822157958,1.2870464055187985,1.5998182269353078,1.9134442450844293,2.6531119881813443,4.357043983871033,1.1370785019610246,1.075828752347442,1.825953144746635,1.2850309283281967
1.0,85099B,smooth,1.2647600499913503,1.3783418448772904,1.5056439557467962,2.2063806906808763,2.7801310913196566,4.264555698066062,5.336835502535621,8.531986416322344,11.292991224428073,16.794053226850142,21.12558251584305,33.06316665549118,52.89825024765009,1.0563405745041679,1.4270602907544725,1.0748629405251118,1.0368554642834995
1.0,21212,smooth,1.5907641639438674,1.2766066108198957,1.167331328451883,1.3506859765055708,1.5017480886535646,2.025942010248695,2.7373582650674666,3.8083517097809194,5.203261996967699,7.655197914707818,10.20313436574445,15.276779234344938,22.219620279664785,1.0790667164214185,1.2556738047106382,1.2715054020144803,1.0490691551878146
1.0,22355,smooth,2.0015441632903133,1.4758829391610429,1.2615973122603537,1.2407874425342975,1.381849487264875,1.6141715579851557,2.135075261750485,2.9113780929448767,3.848452031965721,5.466877073493711,7.074891552563089,10.280829987156862,17.363015148263894,1.0889399885441737,1.210048781466517,1.274106233834427,1.0692446274201413
1.0,21931,smooth,1.5474965836386803,1.2914496863636218,1.2466751626529537,1.3652156959433088,1.5076444308774297,2.1295637908749256,2.7841469805627628,4.193251134310227,5.504870427314669,8.04691524186344,10.57245318757807,16.68316072748127,24.88191486295951,1.0643371725371868,1.318159743754223,1.1695150278983586,1.0413295222359675
1.0,23077,smooth,1.7453792743749386,1.3777259836359483,1.3425204550640544,1.2583694624637347,1.4527496169768876,2.1803305407960356,2.3029142354206735,3.6873553476545933,4.046924405906701,6.987384685595075,7.407487694363858,11.030984124914434,24.119617302865308,1.1020145385793911,1.2136779998044132,1.2709358803012023,1.082129934478599
1.0,22037,smooth,4.290506613684032,2.8387646812647365,2.283262723489778,1.6856845059918042,1.3827621347786716,1.1686763104452615,1.124546591440498,1.1631121510354514,1.3440775498916624,1.8506513768305235,2.39484129096579,3.3025123345418756,4.902433111744257,1.0649864444934014,1.1566263645935793,1.8668639319786824,1.1277949445372173
1.0,23245,smooth,1.2676831597990967,1.3213557177738702,1.2366286704705036,1.7190759460040734,2.3593077185835574,3.047951115215769,4.461133813240894,6.28077223789583,8.01367306402844,11.569487494148772,13.340964791316116,21.659454727173816,25.588408840757555,1.068770669129461,1.3301888845312047,1.1356097314120164,1.0419705729792643
1.0,23192,smooth,2.2506138895656176,1.592224581104963,1.3790937249852087,1.2228477128504975,1.312293839449027,1.6292716079459546,1.7647256155330484,2.4662351071358133,3.1558448087178115,4.190709869024003,5.938413825373072,7.901847275877144,13.027943092920642,1.0679851274376737,1.353225288769785,1.338249283634381,1.031238761470551
1.0,20725,smooth,1.425448361241415,1.20256783211083,1.135397548453328,1.3878452104537167,1.5370284103283889,2.237183924588963,2.8322542753685047,4.4798777156088745,5.8771458038533435,8.657008904178504,11.47765867612914,16.917862105594338,26.544320290598957,1.0733136382567636,1.2808936529548345,1.2348193691037366,1.028269907035333
1.0,23203,smooth,1.2762516354279814,1.36841044003012,1.845196452997188,1.8300969654257804,2.855485352713638,3.8799455375211287,5.074865083389473,6.918605104716971,9.74032676165096,11.950730893341994,20.596947245175677,24.60705698330227,39.92588032138019,1.0492945595037952,1.3253386054881624,1.1397314956158298,1.0284136398164485
1.0,23076,smooth,1.6828578940449583,1.3450604706191662,1.1735243854344681,1.1508150387800713,1.198369922439858,1.6818226633363995,1.9450670435125565,2.69708820822926,3.2475515972130906,5.357433942421452,6.2117786249506945,8.441369790981993,16.295320099908,1.0594353884579992,1.1127251215985274,1.306871960036809,1.09558630209018
1.0,22386,smooth,1.4508211475839137,1.3290567674176477,1.3742517836532304,1.5736835425715816,2.0049127214376994,2.936399919228852,3.628099245742088,5.4363917838827325,7.397990552379735,10.749202350721111,14.604424703432397,22.15792539425173,30.440846014339762,1.061988768426773,1.4149374203485383,1.1585849567345157,1.045156822926399
1.0,84881,intermittent,2.234761249597492,1.9474145019945763,1.854336041557446,1.8678549853766542,1.4251069140881765,1.4369359899299834,1.192173915357573,1.1541851509837155,1.193118644699271,1.1742586535877075,1.3764333939202107,1.8073497281574495,1.7913292474898088,1.2031221308835989,1.0408948050531035,1.2579403835867309,1.4163196006056913
1.0,47505,intermittent,2.0856246146627697,1.4679406577089613,1.2350589288805156,1.1906709409595413,1.2100196977954774,1.420075157746869,1.6828211477363262,2.0919030187551053,2.6407176463351663,4.508421987717842,4.758705581614255,10.2376280821614,10.65445460566502,1.0545229829071199,1.1981237742521058,1.204249116317127,1.0884755737322673
1.0,22172,intermittent,2.5840911289542414,1.8157831092193089,1.5163369449550155,1.3102205668956177,1.2052699042275323,1.2561429815226857,1.305456128470544,1.6001620392763867,2.281283254329109,3.701085905001449,3.626934797329984,6.679537099738804,10.865398568249983,1.0788188062300486,1.1531150237012673,1.4725621553642274,1.2300474025345847
1.0,35603C,intermittent,6.150667448791934,5.074988902276619,4.35223777665039,3.2793891495973115,2.9218839178134317,2.2370037732259496,1.518747225569155,1.1985303443465027,1.2023590589130575,1.3037367620013953,0.9999999999999997,0.9999999999999997,0.9999999999999997,1.0645055171539084,0.9999999999999997,1.7965192783309023,1.1896244213329954
1.0,90175D,intermittent,2.677583890489571,2.4642264082148673,2.3286363113945217,1.9233165426853676,1.7270026909952718,1.4623498452380481,1.5093273304454995,1.1937417516437259,1.2006654169457387,1.1606452840208759,1.7329098021187068,2.095738398798365,2.488500850100876,1.1339751033397651,1.3854424685819346,1.2128977540691879,1.4623498452380481
1.0,84906,intermittent,2.0226906336703965,1.7409775276466486,1.654375468447974,1.5781009612223695,1.5152835671737956,1.2661178976712382,1.2302147299767252,1.0918355270943736,1.134797301739668,1.148654157188128,1.4047390498231402,2.70368052176886,3.249163039619199,1.09098344488422,1.1889387105681848,1.2604662783205562,1.3245539060342673
1.0,90014C,intermittent,1.834012239833828,1.73391047356168,1.6354732131654885,1.5375907880612827,1.4447018805849468,1.3562516554444954,1.2498152872457584,1.2617902499546931,1.1120767289810827,1.1190581740621464,1.1740788758312066,1.446271590481381,2.060797680286623,1.1362580681136993,1.1656643385889323,1.16853052291135,1.3507033025246398
1.0,90139,intermittent,2.6173571428571427,2.2970357142857143,1.9906428571428574,1.6907500000000002,1.7056071428571429,1.431714285714286,1.431714285714286,1.254392857142857,1.254392857142857,1.0000000000000004,1.22657142857143,1.22657142857143,1.0715357142857111,1.0000000000000004,1.2924642857142852,1.0715357142857111,1.701892857142857
1.0,90027C,intermittent,2.7687172874156105,2.7687172874156105,2.539855622139624,2.539855622139624,2.087353662545197,1.8633404131583604,1.8633404131583604,1.6456673999342586,1.6456673999342586,1.4932615236794857,1.3471958835874496,1.0561834686085612,1.0904953349010085,1.0561834686085612,1.0561834686085612,1.0000000000000038,1.8633404131583604
1.0,22957,intermittent,1.7795492582564432,1.3503266942976735,1.2805145909822448,1.1813759423312278,1.4862312300471137,1.6450934518020037,2.1285060855392874,2.961832116809642,3.5587231904757726,4.973313880637548,5.803021009495591,5.803021009495591,5.876433029859568,1.084010234571472,1.2425219573033779,1.1558216427305044,1.0426455082089796
1.0,90065B,intermittent,2.244776895443373,1.9061022877670637,1.9061022877670637,1.7386793344677633,1.5725326148610324,1.5725326148610324,1.426805634335413,1.229154849688032,1.267441860465117,1.186802798260541,1.0678767252788801,0.9999999999999964,1.5692002268859875,1.073619776895443,1.2404046133484599,0.9999999999999964,1.5725326148610324
1.0,23047,intermittent,2.9738507559878715,2.6837671191062453,2.255428257463218,1.9798538898272318,1.5987871634683868,1.2937262163977126,1.169329073482428,1.1237459555157603,1.0505484218880365,1.286257910909422,1.254247980301578,2.276449400704094,2.67831342463523,1.0730143871716067,1.042306831362813,1.0835961824138687,1.287641684133412
1.0,90003C,intermittent,3.364474173169826,3.1501300631735423,2.936231884057972,2.620735785953178,2.2005202526941665,1.8923820141211452,1.813303604607953,1.5524340393905613,1.2877740616871056,1.2570048309178754,1.1589743589743593,1.3782980304719439,1.3884057971014496,1.0635451505016722,1.1380156075808252,1.188331475287997,1.585804533630621
1.0,17084A,intermittent,2.6915536223485517,2.6915536223485517,2.53550952140114,2.53550952140114,2.3837466025978578,2.0807672988820345,1.7878077831631127,1.3624873017621812,1.3770433210522248,1.1159649489598067,1.1122580611580095,1.1978365933067856,1.3569785871491744,1.1704005919916338,1.1395578627575356,1.2277693002370993,1.7878077831631127
1.0,90123A,intermittent,1.863405413675715,1.750095625454221,1.750095625454221,1.6458893804745571,1.3385810457599672,1.2525818872639645,1.2525818872639645,1.25068531575525,1.1458256301717435,1.0432418303986948,1.138829034437914,1.3522140480167248,2.5179520852724195,1.1342772628170004,1.0083449146383452,1.2333834835715447,1.436718261911744
1.0,90124A,intermittent,2.0700442067118985,2.0700442067118985,1.8610548121438615,1.6562234155281674,1.5728157078596015,1.3959022974953512,1.2427488754302023,1.2294331332439845,1.212553392812902,1.1576576711032565,1.3632800723545433,1.8299160938101617,1.8510523346576429,1.0516779745505433,1.2494798771405626,1.1995839017124506,1.4727760083816643
1.0,37506,intermittent,3.8726433226554735,3.0783740196619904,2.92025626864023,2.4548414890091683,2.1675245774881255,1.5744880150226443,1.5220545675466695,1.2158091240472766,1.1943974373135975,1.2182039103059763,1.4344504584115783,1.5602606870650628,2.274286976692807,1.1382834419529435,1.1882337346735876,1.2710747818402734,1.735234728819176
1.0,90024D,intermittent,1.7675,1.6230645161290322,1.6230645161290322,1.6230645161290322,1.4895967741935483,1.3636693548387095,1.2336290322580645,1.2466532258064515,1.1776209677419354,1.0292741935483867,1.1272983870967737,1.1432661290322572,1.3792741935483974,0.9999999999999993,0.9999999999999993,1.2031048387096928,1.3636693548387095
1.0,90064B,intermittent,2.1308684018486987,1.9543906592070057,1.9543906592070057,1.9558501581123817,1.7819265385550962,1.7819265385550962,1.7819265385550962,1.4982972512770618,1.3849428362928728,1.383483337387497,1.3259547555339335,1.1579907565069318,1.5696910727316984,1.0000000000000009,1.2685477985891485,1.0325954755533937,1.7819265385550962
1.0,90035A,intermittent,1.9465612907188632,1.9483221064269773,1.6670010851538666,1.5254601666632541,1.5254601666632541,1.121967199688786,1.1985626829917488,1.0737495137282205,1.2304621117503738,1.0486271779857097,1.0486271779857097,1.6422268176327333,1.5050879384124067,1.2912102536803112,1.1477037734690123,1.0486271779857097,1.121967199688786
1.0,22157,intermittent,2.6103509277162957,1.8127189698440778,1.5759542518616036,1.3212292755173405,1.2075599621508208,1.110366561072942,1.2086970831447728,1.3355049985600858,1.7010885753075238,2.041882585263503,3.2080125066853116,3.7919693915332964,3.7919693915332964,1.0679540872999542,1.1511515201382316,1.142138478627556,1.1782712798782242
1.0,20837,intermittent,2.323676976149055,2.1722571074017747,1.8727966566775265,1.8711070132923702,1.7298250048560284,1.5866421476113854,1.4495842476379346,1.5047088630786625,1.2768470508004177,1.3433911787383144,1.0363273327808626,1.1317921840422014,1.7840089503599437,1.0363273327808626,1.4190315595187961,1.3263267984056941,1.5866421476113854
1.0,90187B,intermittent,2.564477852467521,2.3827018153320347,2.3827018153320347,2.3827018153320347,2.2039692263540736,2.2039692263540736,1.699558584621004,1.699558584621004,1.3833490372448616,1.294905410273469,1.033477929732774,1.033477929732774,1.3099099207579692,1.1494671206251041,1.033477929732774,1.1942588907720257,1.8664555418752578
1.0,21277,intermittent,1.9574759368104657,1.7371538705692948,1.5879805786382868,1.5038808306468985,1.3272071148774311,1.1785934171832395,1.1782721922454769,1.1578858810167547,1.0965688842659693,1.5087489180965696,1.9383566795029215,2.639447951999814,3.9918266099169073,1.1450152135699707,1.2171225638848846,1.19058071605118,1.3838867452648005
1.0,90197B,intermittent,3.4648868392091097,3.0150376953081133,2.6572923763391754,2.3964777783600733,2.1427765008871686,1.897204732564204,1.5004514452987547,1.3623416260515642,1.2702378011195048,1.2091042716358098,1.0978081569602196,1.4486238280265407,1.7241262449683388,1.0829581271383764,1.2599137038229384,1.6599910659250015,1.6361360874241662
1.0,84563B,intermittent,2.7898151745039055,2.4322398814702564,2.223675529643672,1.956064616688551,1.9032691992821436,1.5077660739109355,1.3004702503828458,1.191165328444891,1.1511270277992696,1.355476061293873,1.31112813540386,1.9949539782267411,3.417935328733835,1.2135525855343638,1.049336159597796,1.5116715840029757,1.548566053364068
1.0,90016B,intermittent,2.440595005014087,2.186858316221766,2.102144119192016,1.9347452366171625,1.939616064180316,1.7187574614392818,1.3386180220619834,1.219521512821737,1.1426388424621552,1.162074399503369,1.0651831335657345,1.5882240580679177,1.7389331932572518,1.2248698724989262,1.1794088152428268,1.40666634831193,1.7839883482164174
1.0,90023,intermittent,2.457158034528552,2.457158034528552,2.2040548915449314,2.0772023019034966,1.9557680389552896,1.8262062859672419,1.710190349712262,1.397963700752545,1.1842939353696322,1.1706241699867193,1.1458167330677291,1.1404515272244342,1.1794599380256785,1.0556883576803915,1.1354581673306798,1.0834351482957127,1.710190349712262
1.0,84711A,intermittent,1.7120196833356383,1.5531766815823402,1.5549522862024814,1.4824112532288791,1.4912892763295846,1.2936417293853644,1.2104470686909157,1.1175601943350175,1.1660190319831891,1.2151805272385776,1.2515804219514675,1.8877643888663358,2.119295647091891,1.040653761560391,1.1285461902573748,1.3685115704286035,1.4240750572164051
1.0,16156L,intermittent,2.51545555893382,2.298185872098916,2.1578798013580625,1.9465693726563293,1.6081483733657649,1.2918617614269785,1.318678423026249,1.1610013175230567,1.1046316002837728,1.0823147866626144,1.1679537853450948,1.4001013479274422,1.8526603830951704,1.0893888719975677,1.111523259349346,1.3907367994324589,1.5473598864903215
1.0,22033,intermittent,4.508781631172772,3.588071975415277,2.738507308521353,2.285163048075025,1.91589497668911,1.5382137117753945,1.4127674216541364,1.1805619987646108,1.1907552266884691,1.3125088104654303,1.57824782589751,1.96448197026356,2.564397133491052,1.0626241474673275,1.128036887336252,1.8351129405552986,1.450679334941216
1.0,79534,intermittent,3.7853926542142062,3.082152552365774,2.8461000213803964,2.8461000213803964,2.615677661373399,2.150984470057727,1.9565524435201205,1.5059703136439324,1.3409719657654506,1.1888018555592264,1.03933992886159,1.045954893843097,1.1363939694325162,1.1393289147181362,1.0243023835902225,1.3702825451741785,1.9464323893564504
1.0,84816,intermittent,1.2065217590429866,1.151365264305277,1.0991362333177617,1.0454434704551492,1.0454434704551492,1.1010652817088475,1.0409844925027252,1.234662416531561,1.440515512077158,1.8971320747803917,2.8753702838613973,3.717946745074318,3.589138340065757,1.0322021012521416,1.118562281882884,1.1190275983988727,1.0454434704551492
1.0,22827,intermittent,1.1290836653386456,1.0344906089926011,1.0075128059191805,1.0636311895276038,1.3038133181559486,1.7797381900967586,2.534092202618093,3.427660785429706,4.400113830392715,7.089470688673892,9.03130335799658,12.081274900398395,18.113830392714803,1.0000000000000002,1.308480364257257,1.0225384177575412,1.0344906089926011
1.0,90011A,intermittent,3.0375491001087416,3.0375491001087416,3.0375491001087416,2.6381260957368897,2.2403453096913073,2.2403453096913073,1.8520893899380837,1.6646945251991745,1.6679789618517122,1.5101440269856419,1.1846208472958881,1.1046270610949573,0.9999999999999969,1.0745567120126023,1.0472958877965408,1.6015268192006311,1.6646945251991745
1.0,90162D,intermittent,2.3777173913043477,2.208978558665873,1.8739716721262656,1.708527211137582,1.708527211137582,1.5480243076235853,1.3847760944014293,1.2841209425253128,1.2841209425253128,1.031473347230494,1.031473347230494,1.0140987939249595,1.073397483621205,1.0738488311494945,1.0378852739726026,1.2350962254318083,1.3847760944014293
1.0,90054,intermittent,3.2199425903144303,2.819269724107217,2.819269724107217,2.819269724107217,2.6245331604869677,2.4258766882283687,2.039483489203716,1.6659699899907843,1.4846731131305917,1.3926941545299423,1.1962776300646856,1.2360367033965198,1.0971577355362407,1.2470953432896366,1.0971577355362407,1.9361570785436715,1.8559466645501805
1.0,22049,intermittent,3.359218305108003,2.5507541366022113,2.0720632125418805,1.620530354141176,1.427244971469737,1.2069730477638907,1.100639215103315,1.2678871596665564,1.1359161130232933,1.7172702427645234,2.2732044230483357,2.822403403048564,2.0619775645790215,1.176853323575491,1.4323106654011963,1.6520451452813738,1.2061497295628407
1.0,90019C,intermittent,2.865849333170118,2.6769257086538794,2.4894432987964943,2.396278579731343,2.04667913801239,1.6930442952486477,1.4325741715500564,1.3263762684519937,1.139984578218459,1.0900562989189047,1.0622604732624588,1.098228587630557,1.4780082674978177,1.1588841075088572,1.047560083742155,1.168209367947593,1.5958441751387071
1.0,22824,intermittent,1.7726912679446674,1.5003705872970983,1.3892654329840117,1.2723783126684562,1.1407521380809602,1.1320215570563705,1.2432955865934503,1.413805951645392,1.4699247969141385,2.0601383436557157,3.019207546309998,4.639348195246548,6.85117669843573,1.1568502358221875,1.1657496920707715,1.1562819572906506,1.2540687536606383
1.0,84313A,intermittent,3.1310955999714127,2.7897658241417918,2.454105819853729,2.2874907687543176,1.809514734259237,1.8216642447054336,1.321414107725659,1.2604997975081589,1.0933130047406916,1.2723157919813235,1.1846725587821905,1.3622936369916945,2.4128213069061655,1.1172070419515456,1.0933130047406916,1.6178383400433645,1.4722347952450148
1.0,90003D,intermittent,3.1753514017240043,2.838471693717481,2.39450182495923,2.067639978255805,1.8595169682379435,1.6488312495146387,1.5650384406305817,1.4887007843441795,1.2289353110196477,1.2724237011726363,1.2099091403277156,1.2924594237788292,1.3477518055447675,1.1590432554166337,1.2718024384561666,1.3272501359012188,1.644637726178458
1.0,90122A,intermittent,2.908315472224577,2.7023341676419865,2.40946451950251,1.9120260500027595,1.9060936204690295,1.6564459589324416,1.4135782168629731,1.1447207835028792,1.1421783137027093,1.2179667865878658,1.1398358390093435,1.422453106410494,1.9011230450691767,1.0627555058396823,1.1463745126008273,1.2521076297990963,1.6185914085743562
1.0,35265,intermittent,3.3629037563318205,2.64717452799158,2.64717452799158,2.64717452799158,2.64717452799158,2.17900138148806,1.944786527202158,1.2990987435037167,1.2990987435037167,1.1395434510887443,1.0005131241365703,1.0005131241365703,1.0369712518913239,0.9999999999999998,1.0005131241365703,1.780231563712914,1.9671074271429512
1.0,90000B,intermittent,2.3817882596762594,2.1463912318869895,2.0292888176020023,1.800250185648975,1.6859295695423442,1.578364749011721,1.3707857030060124,1.3407138317295961,1.1526073729723811,1.049941858264674,1.1124641263535398,1.21711076685751,1.279235635206612,1.09617073702317,1.1402821081371035,1.1719377054700184,1.578364749011721
1.0,90194,intermittent,2.379037657660918,2.379037657660918,2.379037657660918,2.379037657660918,2.250013571958524,1.9007799352165178,1.9010875662763973,1.4268290476104302,1.2229239427444307,1.0759305839561357,1.3217278007998448,1.1824252185085296,1.2918152042127358,1.22913085177612,1.1336385516005902,1.0876748520656545,2.0141148368650583
1.0,20836,intermittent,2.9690058849802092,2.8162633541478073,2.665225225841891,2.5188742044838106,2.0793950397779484,1.4983939942057158,1.3707914006389796,1.1742460671253954,1.0487739767167665,1.2055790091534628,1.108031055719929,1.177911559305848,1.7631753224418134,1.1655255497810466,1.1011843544062063,1.5251835740773387,1.5081943087330094
1.0,37489A,intermittent,6.096550067681599,6.096550067681599,6.096550067681599,4.9396655526906414,4.650118741042726,4.37018732930478,3.7966148066024155,2.9424284889426877,2.375059450053207,2.092770714466365,1.5654141461699846,1.3680511039815222,1.154372899365175,1.0000000000000013,1.0000000000000013,1.7474275425137464,2.3771686345495877
1.0,90003E,intermittent,2.697744507097025,2.5581372739646127,2.557553956834533,2.2818393933501846,1.8714757923391019,1.8767256465098194,1.7613260742757149,1.3909196966750925,1.3999611121913282,1.2795061248298671,1.3314213494069596,1.283783783783781,1.0517207855337387,1.1661481625510437,1.2726035387905892,1.2337157301186104,1.8886836476764535
1.0,22929,intermittent,1.3626062322946177,1.2739376770538247,1.129745042492918,1.129745042492918,1.0705382436260624,1.1218130311614731,1.1509915014164305,1.5592067988668556,1.7396600566572262,2.534560906515587,3.690934844192638,4.441926345609078,4.9832861189802005,1.0960339943342776,1.1218130311614731,1.1507082152974515,1.1889518413597735
1.0,21672,erratic,2.575280244833882,1.7573092968081634,1.5038145048199467,1.3028672728715944,1.270587301447307,1.30667736785938,1.5732870006967528,2.037148426130898,2.6457846414365402,3.663856133635553,5.999753049398949,7.823350943263115,11.651385128282019,1.0733707875078278,1.2748031009939762,1.3233818120882328,1.0952523746946192
1.0,21578,erratic,3.193776291662172,2.2313336689078245,1.8772726183199702,1.5456441232517162,1.398045278586752,1.301492707247211,1.3532191181581772,1.6742500509354121,1.9414152854180837,3.039343112932787,3.430098634930899,5.059070099114312,6.970238737281106,1.1371570848164514,1.4343682210956499,1.1842843274727657,1.190456501156533
1.0,22983,erratic,3.9510054619856336,2.5091705158151707,2.066889829466622,1.576443913661989,1.3093872389750434,1.1855287237218781,1.196407383340066,1.4430551994239444,1.7211387625353447,2.4107968176469545,2.813711515832734,3.990067967473964,5.75426684697659,1.1262343911905723,1.220334041693742,1.839405328509456,1.125234373627918
1.0,21440,erratic,4.531577098700387,3.2275377590446084,2.647488584474886,1.9563751317175975,1.6956094134176327,1.18047067088163,1.1761152089919213,1.164805057955743,1.0890762205830704,1.356585879873552,1.8609764664559192,2.118018967334035,3.242852125043908,1.0744643484369516,1.1784334387074116,1.680084299262383,1.331858096241658
1.0,21471,erratic,2.93681560348227,2.3598901932235266,1.8830042163375498,1.5553432220098888,1.3715230381897046,1.2811144477811132,1.233187733187733,1.7746534413201098,2.084705918039248,2.526936026936028,3.6941335274668643,5.306958473625148,8.400855400855411,1.1024661024661013,1.3885855552522197,1.4829526496193146,1.2127430460763795
1.0,22678,erratic,4.0255871206882246,2.807114602638931,2.3695056844900555,1.7266742275455726,1.4613427014467097,1.2480982545434425,1.1641171751818766,1.183010151863019,1.371995242178638,1.5447152222621774,2.065475367209761,2.5714088130342136,4.118281651959845,1.07797847915687,1.1144090066664822,1.5469005006777123,1.2596608669193101
1.0,22952,erratic,1.8742640885416004,1.5302625165556158,1.510986803994274,1.5731624223895726,1.8184345979824514,2.209507452897844,2.813252658468183,3.983345114721809,5.220545550590647,7.542024340263514,9.038373300736739,9.932776162976156,14.245013410367475,1.0884507516695967,1.2677796463541917,1.2752031970520172,1.0786186938735929
1.0,21238,erratic,3.128566356954176,2.0670227113897353,1.7124019093349565,1.3590292408820492,1.255326702408674,1.2093980506078639,1.3719945295301355,1.6101413433940468,1.9552653272439546,2.9907206596197025,3.652921294517411,5.841449210331998,8.492782400972361,1.0941528551056132,1.1832280757854343,1.309367363025503,1.14907718055903
1.0,84510A,erratic,4.41097266881029,2.836699490889604,2.414673767416935,1.7817859056806002,1.473288451232583,1.2293006430868167,1.1456993569131833,1.215467577706324,1.4388565112540193,1.9491559485530552,2.6055734190782407,3.3284431939978596,5.157556270096474,1.076651259378349,1.1847702304394425,1.7187165058949623,1.1647072615219725
1.0,20975,erratic,2.6532121201710845,1.9344796193551714,1.5951470360891151,1.4068068605390183,1.3716642046137735,1.5842554580277237,1.8226501709122753,2.2423256952436583,2.9074613085524823,4.423340261435659,5.596528505419413,9.067277599326717,12.945442053008632,1.0813143068175963,1.7484287235687117,1.3802188364223458,1.1202380747891507
1.0,22379,erratic,1.9911812760310157,1.503421070203407,1.3481098039379338,1.4190925765176239,1.5798479246133408,1.8252625011476584,2.5599407181430425,3.7318189785408356,5.125668251133053,7.139041098748839,9.17945177323907,14.79027347695079,18.238831702960535,1.0706280412990674,1.5221686183842607,1.2601875693812654,1.0752364179652618
1.0,21259,erratic,2.5566980133160127,1.7985371974284536,1.523514052402925,1.3247133435460945,1.2525611056392556,1.399474085886985,1.8129852370771322,2.3821422037760134,3.2158472742459208,4.401953236884955,5.403801882277285,8.264648260288672,13.82983518524335,1.1009418778053521,1.3892440769985561,1.275559776994678,1.1163840910056866
1.0,22902,erratic,2.9291482687050427,2.305438821109984,1.8740238220707048,1.5368564835336265,1.3390849752780853,1.3198515353459643,1.4895547772554572,1.8485428433910984,1.8096250906026299,3.0440999377909526,3.491145198203356,4.496744012616841,7.327653349110717,1.0819009715645667,1.4160529785198046,1.204738160780905,1.2139610803447944
1.0,82582,erratic,2.4779519994109487,1.749214303464711,1.5282309137160417,1.3152733459309092,1.3308435538192398,1.5868570793399508,1.671940279275383,2.2832132457214156,2.96044153348706,4.046938597789214,5.283409360107787,8.448407402503884,15.275898957903388,1.103648931176594,1.3445227092671475,1.2309023881351486,1.0952131805859504
1.0,22070,erratic,2.8047752210881947,2.0753758144420633,1.7272985364884244,1.525345295044502,1.350220733317246,1.45888398370406,1.3991795250330017,1.8221925703010757,2.4710349624540418,3.925589450224986,4.0058057830709615,5.728576092665402,9.219824832853085,1.1044615100713981,1.298493903218021,1.3840191917327915,1.2370576461737197
1.0,20692,erratic,2.7954117305415522,2.014877251505968,1.9281081765314707,1.52034639126129,1.5299592699871192,1.7745627294320871,1.5990886008086431,2.173419012799799,2.9161051087498793,3.9928964474791293,5.678299912880949,7.254588641762031,13.222987512937573,1.0227849797839166,1.6507420010573441,1.335490212138588,1.1620339689796648
1.0,21889,erratic,2.484935908509829,1.799545658708495,1.4881145700169292,1.3310299554296372,1.3670231143972635,1.558943440555573,1.8228932729848306,2.4647583180734514,3.1057595964481863,4.265193656497254,5.6483951214455965,8.281389282382595,14.466891821856755,1.0766679335245135,1.3603893860346192,1.2661092492139707,1.0930881387554845
1.0,21115,erratic,2.866630895185439,2.103083683011926,1.7723400730430567,1.481189063817476,1.2902113896725913,1.5342157514854655,1.5808851710725775,1.7912140626429531,2.656598725579165,3.5076541903323055,5.206241546514874,7.014452832334783,11.283995064524671,1.131245070088199,1.3817130253524192,1.6105474767505965,1.172074012348578
1.0,22365,erratic,2.488358576136091,1.9385808848323063,1.8001711525508417,1.4069452814742214,1.4301869074894051,1.81932358467311,2.2641293603297066,3.8637655374940323,4.49466220043151,5.790422217513773,9.348324708377007,11.457868524172037,19.50012490178932,1.109246195029816,1.9676199325118116,1.1967405167388996,1.1459549545613066
1.0,21918,erratic,3.6605279393968067,2.503906232432875,2.0840909124978664,1.5718284842627477,1.3892301870678547,1.342495238874342,1.2846933638056792,1.537849262536809,1.9340423750355742,2.7967722641114596,3.5186400773172863,5.398181938496085,8.268403921629936,1.1037511010069623,1.3769954914661655,1.6218074010367944,1.1347146397680825
1.0,20977,erratic,3.4033881199538647,2.3319780853517886,1.904152249134949,1.5557381776239916,1.268238177623991,1.1850922722029997,1.1404700115340263,1.3010380622837372,1.814244521337948,2.358477508650516,3.0032151095732416,4.628416955017314,6.424134948096879,1.1277970011534026,1.1553200692041532,1.4699250288350634,1.1685841983852367
1.0,20718,erratic,2.4951188865261926,1.7601891230105022,1.5119611444036332,1.2690331206907657,1.2807526258135171,1.4658644242541403,1.78540015464914,2.440009021199821,2.8326809072749506,4.344319865970745,5.55085701398285,8.20255815452027,12.726665700109521,1.086079966492686,1.2391262323603323,1.2813406147303295,1.0917745988787937
1.0,22349,erratic,2.8126945956208074,2.028173648905202,1.6808884951271992,1.5900139222883176,1.2326161245411962,1.3985951145424593,1.3736742184533577,1.7937476268826722,1.857207948360968,3.35255031008733,6.161587140868262,5.54126059992407,8.24986710542969,1.112340210099985,1.2196304265282858,1.342652828755849,1.1475762561701053
1.0,22107,erratic,3.0070614409853778,2.167265868089703,1.938575136634047,1.621551904815645,1.3565060376932623,1.2554855143727728,1.3083495896948076,1.4524481274283767,1.953923291469836,2.2384767923646147,2.9661276540861174,3.7730988118077655,7.720331468554018,1.0827381624131418,1.279152627081754,1.500169281119506,1.2250632788946754
1.0,22274,erratic,2.747939068809305,1.93582328772086,1.6299201778249337,1.3625577408438097,1.2369322367240287,1.3807970391382254,1.6675551528380823,1.9983397620533796,2.6384050056153288,3.356179961964857,5.236290960968376,7.0218629227266955,10.938862684954946,1.0913767982267484,1.492620123649626,1.3812546768365788,1.1339612561176242
1.0,47590B,erratic,2.0650158612830705,1.5897255844035858,1.3874700063557137,1.4919612833499938,1.5816353500821756,2.168453545899726,2.4372341170179155,3.848326655635172,5.141077503296853,6.826763990267647,9.676021323836196,14.312510114542794,21.68542049899341,1.1010566722384152,1.6080846345745174,1.1565930019963098,1.0895186737559466
1.0,23184,erratic,2.7012159995321205,1.7728922268631113,1.5570398818604065,1.2716655050906271,1.2517747744674212,1.215702233637617,1.3515686150277075,2.083130504286459,2.207579649187792,3.310317232102385,4.104447292877994,5.346724111881701,8.118787801989464,1.089455651351733,1.208247352337692,1.471192751765514,1.1403892173251913
1.0,23174,erratic,2.1516943097684655,1.6290050047892306,1.351377403524387,1.5337488635356178,2.0189952524906634,2.4604684232393272,3.72862708148993,4.4272914859478245,6.470695298905342,9.634601711606638,10.362394371828556,13.735785720618383,15.728095137931588,1.0498332026652801,1.843907594798081,1.1475639244918288,1.05728388923753
1.0,22894,erratic,2.3827603952325327,1.7204279333392007,1.6297085711159267,1.4242326927178857,1.2786530503175337,1.336260864255976,1.3256751281191244,1.8237280663150777,2.041129747821595,3.0379460975901766,3.1714667231239213,4.724575797438951,7.262324849678569,1.1021329267141946,1.2868449035032836,1.2928799625098424,1.1350073862271244
1.0,22972,erratic,2.860479956626611,1.982046147544714,1.7197281644073061,1.4366762370419033,1.2735125519659505,1.1835206844764026,1.2845567386060757,1.4230142130955163,1.6852124840960951,2.4501037834971395,3.1277595626252777,4.754319035812721,5.849781055405936,1.1393469059854096,1.2076154727442177,1.5387174773783647,1.2219027700003362
1.0,22694,erratic,2.415025122213303,1.7967999439369033,1.5919976300600127,1.340279635929649,1.4140525124336902,1.5754547693980423,1.8723003707809291,2.662885593058368,2.929653555547061,4.942586292572912,6.09199338285574,10.836900984926679,13.344446143326179,1.0760812320290174,1.189198085360312,1.3810995162434334,1.085142642355669
1.0,85199S,erratic,4.876779331101184,3.3795139714963844,2.71375945657622,2.054922138229761,1.63905518545564,1.4733031453231629,1.3201137874381754,1.3208021083871213,1.490598941516807,1.7654402828781337,2.2152524134954494,2.9160891887084976,5.385545854021176,1.1492349771313113,1.2271059865774128,1.360281241472293,1.2385972507418592
1.0,22361,erratic,3.5614159175281905,2.410240200731242,1.9637609988675884,1.5484921335879114,1.3904932403460994,1.2008075914327634,1.3029176393556374,1.545463207619774,2.212002829196432,2.7789134468676635,3.7066351741433907,5.547890501791449,7.147470031407017,1.1069573067418188,1.306228141220389,1.43097420373879,1.1932765050872998
1.0,23177,erratic,2.9193761929454864,2.0136533645200085,1.8924114875823344,1.524603638690601,1.6847314010834429,1.6954223992409274,1.7920220219115806,3.188670189878305,3.8978452508357537,5.805283714156469,6.129433895649673,8.658180434039085,11.419039685779557,1.080745170294692,1.7998995995013074,1.3706985006123324,1.113733905579399
1.0,21910,erratic,3.9584019339056753,3.3161348546148215,2.564483937558768,2.0753513490144937,1.7429198805359314,1.371073555425059,1.2402863390891772,1.821394732196574,2.2864165462779167,2.1344709319710513,3.7494334823631976,4.714916436396923,5.561987297035392,1.1253075767455776,1.8681211789331018,1.3967731011301534,1.4635789504022367
1.0,85015,erratic,2.677480104467129,2.135790402925784,1.7920552045130271,1.5940140609274267,1.4201624685760321,1.5098762788937992,1.6773922420008471,1.8978738749571704,2.090669543765286,3.638051853274815,4.812064262045708,6.153486807921155,11.389940224194701,1.1097822575008147,1.5735159552861913,1.365495273023756,1.200857386141731
1.0,23133,erratic,2.431851695807879,1.7929862135149686,1.685678674250404,1.3724808651077873,1.3883037239894203,1.7337558223907494,2.4238290850361612,3.599132785618987,4.713497413571142,5.744013763078433,9.278017695386565,10.383499520164776,21.954854528006038,1.1223579804788988,1.617711771177117,1.2327610420616535,1.150410785759427
1.0,22745,erratic,2.572657212454654,1.8683305787938163,1.5609239686286531,1.2765545514357055,1.3017479468647506,1.3507203759307975,1.6222681109453112,2.095802033129874,2.7207577963197354,4.310850696661354,4.83332056394484,6.144045998985745,8.676444369855005,1.122871920601159,1.3041461596368147,1.4065639521378996,1.092464966270573
1.0,22919,erratic,4.750714393981699,3.332635559349347,2.784245837687773,2.0889199128846196,1.6627900854400846,1.3966829143764312,1.2068798812933286,1.2575567805601884,1.3253950905856355,1.621641630302113,2.3220971511994293,2.8980606457068525,4.846713628132197,1.1164171007810073,1.1749503394468326,1.5197581192012832,1.2043653421193288
1.0,84884A,erratic,3.0261288713548518,2.2424568675477086,1.8581077327737925,1.5760967729188857,1.3274773492705005,1.4754468440164954,1.6890231366442792,1.8790727932969635,2.406401132522157,3.402655837763473,4.666062876283291,7.089819498554266,8.005049275823765,1.0989462206597118,1.488202607847596,1.317673152593274,1.1643823613797133
1.0,21529,erratic,3.398817516626193,2.3699204799771443,1.8790724251226136,1.572760027300287,1.36106852054664,1.3234020602193544,1.3695141501198342,1.4965604812469224,1.7265527038394972,2.4729235115788133,3.1328841483738836,4.256765550846801,5.7102963350951645,1.1448899258765455,1.3185880037458526,1.4688554513277148,1.193397139818739
1.0,20727,erratic,1.7019510646679867,1.3251028106781393,1.3010922609684632,1.3780529922897544,1.56861744791445,2.116327797327023,2.575636754093699,3.7532592310971853,4.866856679667559,7.309121960166493,9.451675843407921,14.004089348623449,23.728451055962893,1.0783122407970422,1.3261702926232595,1.304062504681494,1.0743174330551357
1.0,22028,erratic,4.294910998591513,2.822890046990675,2.308726445167458,1.819336219251428,1.4945399855566985,1.2757554087460121,1.1875334566909566,1.2427972996080108,1.3398121548194994,1.7541110230358343,2.2602077061887047,2.775793602992543,4.937967842794826,1.0899036741102364,1.2117903288642147,1.6091568061853518,1.1579376164557265
1.0,22371,erratic,2.8451706895600863,1.9394612754379843,1.6343870066363964,1.33875029872971,1.253449179182677,1.219354927661452,1.2721197860176126,1.6896083423718213,2.010694523595053,3.056547236060813,3.9958637424858097,6.557340018751037,7.6353521333897065,1.0706610658676032,1.1384704119712494,1.418476662315937,1.0899107487545279
1.0,22297,erratic,2.407481947206144,1.6748484531351884,1.4713449633308913,1.3175601156022831,1.326246387428654,1.6028304848694612,1.8095621442774428,2.3856656389119197,3.356233748460387,4.532116664922436,6.146845490625429,9.352570862750463,11.783760938342771,1.1187741005804255,1.323219475281558,1.3420571732182678,1.100129609802043
1.0,20671,erratic,4.638272750274099,3.186935987180568,2.5957240448680103,2.0353799443366785,1.6989963734502822,1.3155941637851056,1.1462848949987343,1.1211098928902758,1.2953529560597117,1.5653200640971574,2.1119170110483263,2.7517078519018288,4.321076157544054,1.0691152905456682,1.2506957915155599,1.5882179303365085,1.3114615838745045
1.0,22846,erratic,1.8794432126839105,1.4715830140109663,1.300461386166732,1.3198235798860383,1.3662365534686622,1.7215272297964805,2.196072892725941,2.5309069904720602,3.952428743272935,5.927063660945572,7.089106154317396,10.517184073708195,14.790233096875879,1.0974200307928859,1.3721430875244178,1.2768950911919767,1.1199472179905106
1.0,22227,erratic,4.121442419496026,2.7431901978605717,2.2001423810567333,1.6462100174473675,1.3843983172930117,1.2229023941332775,1.241182014242895,1.3611239840830192,1.5695565590486216,2.1112799566031146,2.603336434821447,3.9127236454340526,5.698634147743402,1.0891827518941237,1.1902721046889957,1.6069486506131703,1.1613091153813457
1.0,21651,erratic,2.9842433142825073,2.266830048546868,1.9500266586846515,1.6150135164208148,1.502596883272377,1.3481226673650937,1.3943018230798718,1.4673314188967994,1.815169960807054,2.4196755123612097,3.0167341708213784,5.3625803268261425,6.172089994107012,1.1240143302122414,1.2829071061763968,1.2895659311364065,1.2257452739296772
1.0,37413,erratic,6.324877862005234,4.726281298436412,4.062654674378448,3.305311484100891,2.3494645072693734,1.8268942894274698,1.7117837853758386,1.2833896008747545,1.3672283603135265,1.0986992809781344,1.5821595691023072,1.7775052555233606,2.2007031908666166,1.1538780424049868,1.3105703209274753,1.1455222204632232,1.5826735243116274
1.0,85135C,lumpy,2.7173419335445175,2.2399639789732992,1.945917510829872,1.5558510604422133,1.531119084648139,1.3242707588998555,1.5203777367637366,1.4808131988786122,1.3886411488007222,1.8468125594671732,2.9953840098739377,2.598123543969719,4.879923117780354,1.0792997553168595,1.3266042285220812,1.377251473384815,1.3531665513942863
1.0,20700,lumpy,3.56608693132349,2.9187625214535884,2.6989127986543675,2.173715451984137,2.0807224607051937,1.7432790830311515,1.4806048364258568,1.9236291766168765,1.9281625849417259,1.9405839327605392,1.9748859650393766,2.2689460047919123,2.7752852685139717,1.1174728035015968,1.225999971022017,1.3819305134240565,1.5165839696416081
1.0,21824,lumpy,2.558196367766365,1.8883735144753984,1.6113349618201485,1.4116650663568642,1.3420483387483773,1.4439158244268688,1.6101320201400613,1.9615784762305244,2.527643816554647,3.0421159635779604,4.871218048893618,8.477710899518591,8.857155552280258,1.124184763172211,1.2535313382563626,1.3308577299298374,1.1118876647542424
1.0,21768,lumpy,2.340877187342613,1.6348860385122317,1.383824648257091,1.4438711544025455,1.7036208356104197,4.3480802820372615,4.733153309544469,5.531862067487485,7.8178652179038,7.379855552340849,13.91630179702319,15.922619774755958,41.3405514300103,1.0990741633715881,1.3999528509124417,1.242424534670652,1.1113200672946066
1.0,90000D,lumpy,2.669726143926864,2.4858550028920554,2.4020427461025036,2.0356001942293434,2.0420988452116253,1.8647263551590991,1.5671695036981281,1.359598627459877,1.1591559264202491,1.2547267776235678,1.216100486042763,1.4192036701209616,1.614203881353195,1.195284462017573,1.2599460392912782,1.2811276776293554,1.777014907780178
1.0,62096A,lumpy,4.014734719031878,3.294358227351672,2.6609333856238444,2.207406577399294,1.763516163370497,1.5024931368704129,1.291837077707435,1.1471230881281866,1.1238164603058993,1.322034847890637,1.5850187685584651,2.2527312454479302,3.151493080844864,1.047565689954619,1.358395428315313,1.2423104935850748,1.4419855454087063
1.0,17090D,lumpy,3.9735614307931573,3.4136858475894245,2.9925155520995332,2.7110225505443237,2.432445567651633,2.0456842923794714,1.9306959564541215,1.4997083981337485,1.4101866251944015,1.1653382581648524,1.151049766718508,1.4652021772939303,1.1990668740279875,1.1742807153965769,1.3012247278382583,1.3130832037325075,1.7429043545878693
1.0,21062,lumpy,4.133601131808769,3.153545659267429,2.797353813209321,2.1137721203900712,1.9224986740497558,1.505383916937757,1.2494512988101854,1.1480244894004712,1.101839189251296,1.179921821725214,1.4261299766607933,1.941628378688901,2.746075870438202,1.116031514763073,1.1139186891289488,1.7564002717732161,1.3727739872783302
1.0,84564,lumpy,2.209922058145825,2.209922058145825,1.9725166469641413,1.7563498901333758,1.8158181223159482,1.3856084740895094,1.4217141864860712,1.2076712950903972,1.0,1.1890240237231777,1.0493164225557174,1.323295063682571,1.4639376999472387,1.1274319261055135,1.059468232182573,1.4639376999472387,1.7563498901333758
1.0,77101A,lumpy,3.81424982872802,2.9681205754738524,2.603014386846312,2.1045900890614297,1.7716830326558577,1.68951815482987,1.517926467229961,1.4644439369719107,1.4152546243434565,1.7761589403973523,3.1786252569079734,4.728796528887864,7.284859556976469,1.1473395752454902,1.5184288650376812,1.1231788079470184,1.3116693308974652
1.0,85125,lumpy,2.463469733747849,2.166086821170601,1.8925820442814054,1.7767924377489936,1.6034768293178856,1.2854957293362559,1.2881250166521532,1.2753445768670382,1.6258727481030544,2.1005551652524646,2.665066657692044,3.1426728423367187,6.019103349922341,1.056458861820084,1.5383770776628398,1.2234585715467623,1.4735788176200113
1.0,85064,lumpy,2.631549827110209,2.1358798216337216,1.9657733636058772,1.5599496877087142,1.867820329885558,1.9615922581445147,3.6653114787361027,4.0083763013702445,6.437006775626537,8.003801602741436,12.607091628301525,12.151570004631091,18.929533671942437,1.0966426221007732,2.6658807328159972,1.3079730327621697,1.158606774123551
1.0,21282,lumpy,2.7033806253237747,2.1612439631690643,1.872261492956334,1.668195718654434,1.3807757223308437,1.315711635834964,1.141249310673285,1.5558396417172156,1.6519443191123167,2.2799418458916128,2.723199812837355,4.290302635316926,3.7163901004328057,1.0666766932370795,1.3312444644975845,1.3825721495295875,1.2951237445898296
1.0,20762,lumpy,3.7830814983928636,2.9527771936675786,2.3587671603232305,2.071585208327076,1.8135720508276012,1.4639370362582242,1.3362672354231142,1.320676499744659,1.4647180750397983,1.74877587190964,2.055874312836077,2.6900177235723497,3.2882033104028316,1.13334735197813,1.5892036408423191,1.6856018504611125,1.3905193907897508
1.0,20894,lumpy,3.2570776817898888,2.7655267819889326,2.412425871585989,2.0002393997222963,1.754449414838679,1.5293777659217915,1.3605958317088351,1.3884482793999957,1.5225018638978327,1.543428819622566,1.9163896469880137,3.0558758951839744,2.6634860703561674,1.0277447178161274,1.5472267252169971,1.3118574682453348,1.497828302519169
1.0,90182C,lumpy,2.689782635392362,2.689782635392362,2.4692251013140125,2.2475991649269313,2.2475991649269313,2.2475991649269313,2.2475991649269313,1.6233206434974827,1.6233206434974827,1.3916124278521431,1.3916124278521431,1.1566990052806112,1.0000000000000002,1.0637480044209753,1.5014368168979515,1.3300257890212452,2.2639813336608134
1.0,44234,lumpy,5.16145350572636,4.475076430019009,4.0195987620379245,3.5648732974093917,3.3589813520179725,2.649174115909698,2.321564105383879,1.8093682937174995,1.4123180368560804,1.8206991029487998,1.3632149309537658,1.8925486622782985,2.302526510926423,1.161056980817876,1.4673621039071232,1.0854212684398237,1.7701475185772861
1.0,85165,lumpy,3.2614502162577845,2.477031778559141,2.2090538221840923,1.6392123371398852,1.5568832430221857,1.2381086000809018,1.2553025386396874,1.3245172539484271,1.5332588025586433,2.1905135511172937,2.420433582411328,3.3861723927934815,6.3250556758222425,1.0861258295808642,1.145896214044087,1.0870987673528534,1.174321999617715
1.0,21586,lumpy,2.4497545328498966,1.8370709408324402,1.7324007742096181,1.426801479792646,1.3608595861816537,1.500904854314643,1.492193725242008,1.9524887941672453,2.406648772918426,3.010097640389038,4.271722540149715,6.134529723574639,10.16533289615651,1.0535160325696724,1.4112124412384826,1.213212016770308,1.1933293682413928
1.0,84595E,lumpy,2.54434089101343,2.4730098124967066,2.2955751641169595,1.9377489228069162,1.7095085907859193,1.6744881213597367,1.2865339732012093,1.7055956846094666,1.7318825866687502,2.4660888954435483,3.794064622188856,3.6124245597163678,5.397248219521501,1.1130359257732558,2.4802583710985973,1.243353513383668,1.4014307559001014
1.0,51008,lumpy,1.7265730831443775,1.778857353590898,1.796500567781417,1.8523101948713452,1.7648901133006898,2.2895630456452474,3.1283432466873315,4.212325603473153,5.736197069444605,6.590028955026651,9.656159971957798,15.907587640986899,13.741899530074122,1.0301700058056078,1.7832216027136674,1.064499786397347,1.2268633636758643
1.0,21292,lumpy,2.458379983529419,2.0876581400525698,1.8660751001448577,1.6056765384147231,1.4944178768303238,1.2789098712728741,1.2209481220577472,1.3846724909505024,1.4900896889999076,2.0649798394392516,2.0378176371186756,3.0730692849991703,4.137737696684732,1.0969757514016973,1.3840397662537334,1.3639011370402772,1.313963038789204
1.0,84251F,lumpy,8.42419862701941,6.155949894314164,5.703935004769892,4.582439316377875,3.678528005187647,2.811578678272364,2.158730772348345,1.7090615471907522,1.5730541647701406,1.205957064739589,1.1687992966747927,1.231533660471002,1.6022197143053087,1.1310791178506179,1.1234971723583218,1.62235302186668,1.6921680248907291
1.0,21801,lumpy,4.281851724031504,3.192132501690502,2.6509586058478747,2.288070526903534,1.9921650491157488,1.5020204655965312,1.614706385748719,1.5652685302873455,1.6160391466963002,2.1311745411795133,2.655257110630387,3.981884552037995,4.397845135983736,1.1580553474577926,1.2748388762159697,1.5873065041540027,1.2261771084979642
1.0,84510F,lumpy,5.0057099352874,4.470118005329272,3.9180307067631013,3.1714249460728334,4.263672122827052,2.518208349194265,3.040603984265955,6.281690140845078,7.968024362390554,11.719578733663223,9.008501459205668,1.6439538129678959,23.50361629234871,1.2009897221164838,5.799390940236013,1.2776297424184715,1.7669077528232462
1.0,21655,lumpy,2.3721300874327027,1.724001402216325,1.5607779777677009,1.3096428265547373,1.1819252855057174,1.3978748986679606,1.552785610286107,1.956234518024653,2.412069351282407,3.1793260066645055,4.5686408792533815,6.441098947209093,11.375831487059662,1.1346379964771967,1.3390239724549478,1.2486009373338103,1.1465050488418769
1.0,20770,lumpy,3.7501525113536225,2.9613747552840697,2.521841021367538,2.010252152104657,1.7601405098065803,1.5044178452239032,1.4562182766416405,1.4607367992950582,1.6696903122395883,2.2012053380967402,2.4063650065191093,3.853170441904159,4.817531628661755,1.1074537182866098,1.5299101678222962,1.4161785638813207,1.277058305190172
1.0,85162C,lumpy,1.6401116220878802,1.5726496561902852,1.4796573143256488,1.3464585400182778,1.215346570944047,1.3032416344523232,1.251313416642638,1.638523304287481,1.9432041990235538,3.185246726843552,2.95063019563188,7.688995156852494,7.976045724004114,1.277872533831169,1.7629545643366449,1.1839467498130682,1.1751108157111507
1.0,84856L,lumpy,3.1713081736574984,2.4012565763361677,2.2101421248638284,1.7694266870466233,1.461651620966584,1.4258983085198917,1.304324547995642,1.3155459097933582,1.7885185404122703,2.5067481864934917,2.976359813202481,3.465210231639022,8.61549777481284,1.0885784980197106,1.2636361333254502,1.3907918626548617,1.3457392097418441
1.0,47422,lumpy,4.153777128851913,3.689015147290825,3.460660537519934,2.4144079843045345,2.1802164732042133,1.7041367022193774,1.4549480263569898,1.3913640625656805,1.2997665754186163,1.4444331969044868,1.6102898977169642,1.9611619585703661,2.541478973343628,1.0559910164563888,1.5046080122708752,1.2011980917690632,1.5067724011677233
1.0,72134,lumpy,3.4738323979834487,3.202419861124322,2.934306097212974,2.6583658327784643,2.528545610196899,2.2559688005326737,2.1204565775706268,1.7484523922762287,1.5577018928945092,1.4980576429182906,2.0673223627889303,1.7690630647769443,2.586249405497964,0.9999999999999974,1.999984780747642,0.9999999999999974,1.8547360410919813
1.0,90108,lumpy,3.0143641942577997,2.549772693688447,2.549772693688447,2.3918665194753266,2.3918665194753266,2.0837208695878933,1.8331667289622144,1.3768808184765695,1.3770633589179695,1.3481220065540718,1.1288735516285238,1.5932477421485962,1.5019688290465367,1.1091591839573038,1.427774832019339,1.1171822709769426,1.6176690454873395
1.0,22597,lumpy,3.034159093063889,2.1789318075837287,1.8425999918733322,1.5698341966305287,1.4454574830162323,1.4888519533993663,1.4455435869950097,2.0133170928974873,2.038131485612896,3.182878078700971,4.163634323174349,7.99215776570816,11.44822732224364,1.1715423447758107,1.3542327361522546,1.5201879969118701,1.2854966071162515
1.0,85230F,lumpy,3.1290336289640868,2.5757265979591746,2.23690099228702,2.1799151896719318,1.9083706928391833,1.4387474095606334,1.5068753853785617,1.3177273366497124,1.3513022125172527,1.2778117760871397,2.6816591484041665,2.8962804304186203,3.447011316800895,1.0813409551361373,1.7770862212579028,1.3693359975644872,1.4486640982489325
1.0,22647,lumpy,2.9168775958270983,2.5470065151084325,2.2949341263959004,1.9483141982128123,1.6520717671901437,1.5679222972710498,1.533806933392998,1.5529808990632092,1.789689254344053,2.665652031368233,2.742649332407265,3.4173553911628893,6.946005242541322,1.1098400978276222,1.5035667616042117,1.1428025376759057,1.362024360569998
1.0,22573,lumpy,2.8112761501655887,2.0740304022230824,1.8202397264548889,1.3958453559840878,1.408962808119935,1.407226745352816,1.830118384501415,2.0259161139848123,2.603931874899773,3.217844190287077,4.77576752122309,8.401530769504074,9.373289982975454,1.1365968368705952,1.4409013699340452,1.4708292484326946,1.1503969995304577
1.0,84874B,lumpy,4.059370330472253,3.5543142092643434,3.3098133926399553,2.6950064287451787,2.4459186155610384,2.218160336379748,1.7393647704764224,1.5870625847030613,1.3646940264794798,1.2549362337978263,1.137495221878584,1.1597352051985954,1.2152309135768122,1.161462278903292,1.2740660944504287,1.748462313653259,1.857945581540814
1.0,22286,lumpy,2.992455487277412,2.1111011419170045,1.8597994306506558,1.6247463138092084,1.3513006384943744,1.236035190821754,1.2067065802857684,1.5102181530572554,2.0589371170325985,2.717205604550897,4.020494820949497,4.683751698149269,6.174409317122136,1.1219419903431016,1.6579203242502074,1.2756029222308563,1.2049296797970703
1.0,21792,lumpy,2.628273025688003,2.1371330966830793,1.9431800832092825,1.5712479483949768,1.4259895415855566,1.3002166113210423,1.3822951257681584,1.5056442994007397,2.0800459941219143,2.8356998358715915,2.674319630520244,6.596506546051381,10.33937364021528,1.1121226000992401,1.1598343448223207,1.3884022290927143,1.2510496583839075
1.0,21085,lumpy,5.259512665108618,3.7525177233401257,3.584723750252261,3.2024203995807596,2.7952653130309684,2.6028279224795106,5.788726067794631,11.920445150412412,28.28984903424884,12.635123786707979,60.23635677132497,60.235341219053204,60.52884884546033,1.109793569470937,6.706375194484769,1.047743976668338,1.4194719128187432
1.0,35637C,lumpy,1.7560133969349438,1.7560133969349438,1.7560133969349438,1.5899645846576251,1.575520680316441,1.5066397089852408,1.193753438706886,1.2193561138205293,1.2134054816326305,2.1136763048390317,2.373343411304058,1.8414722740068372,4.401045366893277,1.0967618732205517,2.01919265839419,1.1113286362155308,1.5051921135427628
1.0,23224,lumpy,3.4602943067701455,2.2397941781664463,1.9894985294446554,1.5086311254501128,1.3393774742233455,1.2875970119210036,1.3320456654961867,1.194756323947127,1.6247490829997082,1.7689655509829783,2.799724899912774,4.18242784214175,5.838376601954771,1.1717600254970812,1.2051284918700091,1.3360841012278852,1.3032943515018673
1.0,21814,lumpy,3.298742319932345,2.463962694145658,2.1666994983544536,1.7847186607388492,1.5770672925065636,1.472687998206711,1.3198983802656648,1.5353444440293313,1.3343720600072673,1.7537708325549943,2.4706365837836297,2.6326490756747782,2.892054505130225,1.085179549707739,1.2385669307919316,1.3584490084264138,1.4953350700164045
1.0,84637,lumpy,3.41425425263704,2.520799763612478,2.275039645928906,2.175715433639305,1.6579374763506187,1.9347521544851964,1.8280397692245545,1.6240524304123654,2.9916190844660346,2.7944704026665916,6.668579166436397,6.92204313647127,7.40707015522497,1.1922721262547453,2.094442342277225,1.558205112943071,1.3449599714294223
1.0,90042C,lumpy,4.2603542470160125,3.386077512685715,2.8692180075890623,2.511800778355418,1.8303119061928073,1.7528750722050097,1.5677443446702495,1.199828458401162,1.1614183106069884,1.21489377840793,1.3691470181519019,1.3516097097990711,3.0970649271337134,1.1638883540369644,1.2749177786724397,1.1551187274025059,1.3672993478696363
1.0,84199,lumpy,5.953297133150831,4.700955449491858,4.238183932476396,3.6072718305751343,3.1415956619864285,2.559162013340994,2.1525189293658338,1.9664779049957979,1.5445943188745408,1.7101406825211434,1.4697580771344254,2.0720799207901877,2.194029598530954,1.061129115235997,1.7750293844842453,1.4962886050787878,1.5720367359251757
1.0,21458,lumpy,3.4417965169569205,2.7083524289642527,2.2285174152153986,1.9346356553620532,1.4685494958753436,1.3625687442713106,1.3428047662694773,1.889035288725941,1.9834440879926694,2.262660403299727,2.6714023831347373,2.746333638863433,3.956748395967009,1.0810609532538937,1.78643446379468,1.4733615948671,1.2609990834097151
1.0,79323S,lumpy,2.3386010246605626,2.2608702146409954,1.8781012412433347,1.8854202452613176,1.6427429834650256,1.6450133683848889,1.514451298749795,1.5187381439603267,1.7783088619695606,2.401649016415482,2.2899371163124203,3.560964316121225,3.560964316121225,1.0133086379184157,2.036460589403874,1.0530851842447235,1.25008588627164
1.0,20663,lumpy,3.4174603926494744,3.3189266731112133,3.000947968184293,2.794099672918813,2.500193862710113,2.1010290805761267,1.8099122032920996,1.6161278569895554,6.674784923504646,4.732326182928045,10.692702750277371,15.428871099134389,21.12987690448924,1.0929155021745973,10.782695984088638,1.3142283533131711,1.7620868867520132
1.0,84916,lumpy,2.8764515203173553,2.590913414574633,2.373016424439884,2.0097415944370134,1.7615490934175686,1.5326888289490987,1.5295548105817163,1.407248275628191,2.2049444536807985,2.407528261169852,2.074277641438196,2.548647591255855,6.200563941336215,1.0644214886628605,1.2945121179562145,1.4743728447937157,1.3893031461772667
5.0,22554,smooth,3.793251440376053,2.510652066527337,2.0346717303955404,1.5315457411345628,1.3015113584509124,1.2277163364031018,1.2362786372007146,1.4633858634055594,1.6240479409673605,2.356240760611727,2.815514194850336,4.375794320370236,6.432494067903905,1.0808737104683317,1.1978823675088768,1.412444844268976,1.105470924733555
5.0,22627,smooth,4.203687473945767,2.8114362898116867,2.2243207846303825,1.7030933553912153,1.4074767030030888,1.2026617167728533,1.1999094051264882,1.2450607740609825,1.5331738075778012,1.8398128362432036,2.3409337836817663,3.3680794215057865,5.2073276810009785,1.1000810758469477,1.2238760163202065,1.6531168247153338,1.152639232175623
5.0,20724,smooth,3.68814016800223,2.4906752663874836,1.958203335287551,1.463841563163468,1.2287093664205997,1.119258412263048,1.1187267437292923,1.370446283649511,1.6533786897549834,2.3501484700324777,2.9844068054731916,4.317724033495305,6.972022465363027,1.1082095245586505,1.1443618252716097,1.6935847939320572,1.09792963325404
5.0,22741,smooth,3.971495122682295,2.735299637520376,2.3147512644481023,1.7276186609946897,1.4335137480321054,1.166650389438314,1.1295869154487244,1.172925598514436,1.3763980038867318,1.7481677991717086,2.2925299223463718,2.7017794986133614,4.637891227309009,1.0719848797300353,1.1339097572457668,2.0023421206363166,1.1394596920318392
5.0,22027,smooth,7.90722944546418,4.8706558055113724,4.08416492472445,2.863012228946086,2.1782343040801155,1.6150537687535973,1.34181564787016,1.153357234086329,1.0501387318895936,1.255864872104445,1.4177577700975086,1.9412223758197813,2.6826301568753825,1.0506078475452638,1.0847793541820563,2.4150874194421585,1.1859278184789748
5.0,23000,smooth,9.20368311553383,5.921765423039844,4.641736381958384,3.3638164855644037,2.46664096827014,1.8141499880974943,1.5084835691199943,1.202675146276891,1.149061715912747,1.160348183150906,1.113007967191427,1.4968062039681562,2.086515467835607,1.1020793496945889,1.1540000939807407,1.7172416446216432,1.2929529419844499
5.0,23109,smooth,3.842468233809841,2.64669286326118,2.093417191564456,1.5980261982127737,1.3970814732193655,1.1631874330381733,1.155013045703808,1.535763342831508,1.368849107676287,2.1113061451500306,2.897564068681788,3.1007405511570907,6.762357842183845,1.092807006418323,1.1335387613211194,1.3766192587297286,1.1219049640427694
5.0,21224,smooth,7.823047269733149,5.598218496201205,4.520318874209364,3.3405516673528197,2.6042441708147757,1.9010142595157002,1.581713387477076,1.2540514240802427,1.1032748231595488,1.164100452861261,1.2535424229948695,1.454979602530033,2.1774243048018302,1.0540963359407156,1.1226542909540018,2.177978217747664,1.3862494853849319
5.0,22411,smooth,2.7151326571933154,1.897863151465685,1.5207620445186982,1.260711415517088,1.1727190940712282,1.189760505638019,1.4000128296392906,1.8172771674560124,2.4068360494536014,3.456476312527307,4.518440841278802,6.949329985608717,9.329843716515146,1.0787326720059895,1.1512857093817788,1.486467998049713,1.0742178858842646
5.0,23322,smooth,3.2551105464334076,2.277206703684926,1.752559733856356,1.396470068602955,1.1339060457994916,1.1813797078264197,1.1565230037711762,1.5942433846189066,1.8753922838003718,2.839492382574082,3.0116360414297496,5.817964830633721,6.2870921544586515,1.143268002636659,1.1902185073790763,1.6512442996391765,1.0974937601542674
5.0,21652,smooth,4.713426713461091,3.389440191925077,2.840666090023813,2.191732930460924,1.7069545215409259,1.4038916639911503,1.249708864932359,1.0707109834502682,1.1188696654141361,1.2429113138432946,1.3937429134624428,1.9036617639746374,3.167211899060077,1.1925254562855405,1.1330909305210846,1.5208846822744926,1.2873805456089098
5.0,22993,smooth,3.0947501999782743,2.1858316627329377,1.7459436505663586,1.3381607924077383,1.2077798955175238,1.1898065395364452,1.1970600724859517,1.5832847789375983,1.8910291227619727,2.454088938485696,3.260579097579523,4.6673793464413755,6.135249503757617,1.0653311738971567,1.1600566851996321,1.8291494257414016,1.076322572362509
5.0,21274,smooth,5.286019024667412,3.959246850447697,2.994041321342503,2.4115112952839985,2.001770704755187,1.5411082701463592,1.319395462293541,1.1529296224455803,1.102921295479927,1.2763670918317367,1.508978428260739,2.056060071709868,2.807774446991531,1.0956376496404705,1.0895173298849903,1.7756495033209914,1.3643218911028827
5.0,22382,smooth,3.2208579007331584,2.1891874945562346,1.7376238924879663,1.334323519410036,1.1945751521361587,1.1068662718659992,1.2536175534552025,1.4405854715877802,1.9550771689421134,2.586826440766937,3.6589535249724325,4.9594889628010135,6.882879041068354,1.0759167077574752,1.1404865217513367,1.609091544341342,1.1016905791700506
5.0,23202,smooth,2.3381195660539453,1.6928607939543114,1.481841350523936,1.1422743780376687,1.186606176760709,1.3415941879280286,1.513780848496173,1.966267937596312,2.6084094721261404,3.2303940616522415,4.9346185792500465,6.152423778784131,9.164830343557611,1.0599742589252419,1.117291334198684,1.416712136504502,1.0882831712590288
5.0,23204,smooth,4.2320884584578256,2.8196598723108672,2.2245045482190986,1.663976177103032,1.3344999950147396,1.1342892846816246,1.1289620355814638,1.251312619023088,1.4054136602777785,2.002170582311629,2.396317554430733,2.9101686015015598,5.161190746027587,1.1036349194215769,1.1361730483537005,1.5282421640017678,1.1434794457720008
5.0,47568,smooth,5.013933311246663,3.2098446787363826,2.6743959620369107,1.9385325356147565,1.5745358875918383,1.2733186521934015,1.1616954767797634,1.1690175978796793,1.374143784226219,1.8411794282150726,2.1513565763062026,3.102374836786003,5.8209280299339365,1.1129741001305713,1.1644417593982033,1.452863796698693,1.1333993335022317
5.0,16161P,smooth,5.862734973303688,3.8062132147258763,3.231577170885984,2.372467050234758,1.8561786529974946,1.449798702447088,1.2285946089896975,1.1163033126272632,1.1137726853275918,1.2758276235087165,1.5878395186612684,2.042345170682292,3.0727729103486947,1.0999929809929418,1.1254193340613827,2.313769141417157,1.1635291016978433
5.0,23201,smooth,2.3724350977951296,1.7206059124502395,1.388760235285988,1.211831261278674,1.2193101163173452,1.2600906500723037,1.6558314295507452,2.1326990073827212,2.8143158186298862,4.216699586215512,5.0754769624115745,7.337202048929297,12.849652085930353,1.073609633951868,1.3120887435670987,1.2728248268958906,1.1076264689652957
5.0,23307,smooth,3.8338388326215536,2.6595719199301215,2.11827096575299,1.5002535052484276,1.334832830100858,1.2437054382353916,1.1891198267550427,1.3541732782044427,1.5806120243848618,2.066482223652833,2.434127549031163,3.641743436065295,4.259103898616033,1.109036347590075,1.193461906963952,1.2916780007314241,1.1033334240058512
5.0,23004,smooth,10.22955267215719,6.836222523390225,5.431123586589345,3.7423333120683138,2.916014271421525,2.11798569434698,1.7296399624698335,1.281111216571778,1.177214894434737,1.0770292663723795,1.031373787699379,1.3211521076487178,1.672466208068365,1.0502157362183222,1.0773233460352922,2.2645845619068794,1.3421372589597054
5.0,22614,smooth,9.867159679059391,6.650205676311853,5.160941422331966,3.9178073466135253,3.077596601317244,2.1931064404623366,1.7466957178965403,1.4068397150824548,1.2531331552634684,1.0977735793123207,1.2570065853583705,1.3948361179617073,1.9192295143670932,1.1547454207365095,1.1206708690693865,2.5343572134500465,1.324958028549661
5.0,22120,smooth,4.597826546536936,3.143047260174886,2.577632154491299,1.9518001542228216,1.558262344509211,1.2981443395920542,1.1621427150762758,1.208532424049432,1.3804216649883667,1.7272724687236147,2.1391368944635434,3.1060233548791523,4.176031680332903,1.0681797971895954,1.1905853925922603,1.5243587305493709,1.217139248191238
5.0,23078,smooth,3.681336957557019,2.394332143982299,2.0152466499131796,1.4865886628226452,1.2386565950369626,1.148795873660149,1.0501432349859692,1.322780590377246,1.4065236026346448,2.2836492318062236,2.308867381254168,3.3893280777205472,6.265010367135814,1.0872817589695873,1.1274534944207957,1.7024082526797035,1.0930477913971086
5.0,22487,smooth,4.183426972222742,2.828386602764776,2.1858442043782897,1.6825775454126985,1.367722130859737,1.1947092268071104,1.1286424730080222,1.2531209862683719,1.5256995147112267,1.8134782982309063,2.369032344650637,3.2172448233241937,4.7081253023221015,1.0786842349799775,1.1073452793237826,1.7236683404178292,1.1259915190451668
5.0,21495,smooth,6.104200075163806,4.02867788228532,3.348651642975331,2.528539288392635,1.9895880275283189,1.4696976782547047,1.2536629600594524,1.0933735964179876,1.074848779608503,1.2110878515225751,1.4419482900234537,1.927573212436378,2.841635646009089,1.0788884089591202,1.0503015054867906,1.7733985603240523,1.1943911136656995
5.0,21519,smooth,8.577836846587257,5.44062277374849,4.522077563937754,3.265892610401306,2.562058087558044,1.7903672838250781,1.4885527718506972,1.2098434261770012,1.0794570910604906,1.1571620416019002,1.2767764886909794,1.65473046112476,2.267655539962992,1.0990209699068805,1.1309831849534284,2.449208262291981,1.2286427934643864
5.0,84970S,smooth,3.9968994759275933,2.6542303819933046,2.1463631613528484,1.5813281918022142,1.3113617541761937,1.145742819766769,1.1714516950962983,1.3440237503437227,1.5607375650516524,2.1770827694312813,2.6384589182443863,3.9567386003892713,6.008204351108608,1.07211966006056,1.1859638568156055,1.5422599095640122,1.1003116237096624
5.0,23145,smooth,6.211302751949962,4.31677856119554,3.2679727660889353,2.552952681255092,1.9635605400900775,1.3729341648173639,1.3022878685730874,1.0894904585334793,1.1317628304165845,1.1823828150603488,1.4374689832111391,1.728311656694477,2.787159283500471,1.0282205960841597,1.1183782081893687,1.385795012968531,1.1882935616168995
5.0,23240,smooth,2.5345441128624793,1.7571387119307305,1.4246078128434243,1.1925497759089825,1.1950552044200207,1.231685109438733,1.4488991452898268,1.8329713500000107,2.330794122464431,3.359568514214734,4.153388176389503,6.3290229027040725,7.392925330003654,1.061330094852436,1.1623376929094458,1.532503047226496,1.0532594978190553
5.0,21930,smooth,3.903377893027925,2.5828404503801705,2.115600979719032,1.574637610213694,1.335935785943124,1.2022575371794106,1.219450529011119,1.4236628281882355,1.7384203210076576,2.4734533133570715,3.0606206891224974,4.745341418471673,6.8334096673042835,1.0964302630724714,1.2806408003752536,1.394299125763804,1.110738081306326
5.0,23147,smooth,6.089048911028315,3.9707797073060958,2.967286610391835,2.1652541701081938,1.7623906489335315,1.2831873614332439,1.203256814224013,1.1153453332890089,1.2348123163630866,1.3436435097696748,1.6519627573473927,2.0949958701672653,2.866281897523889,1.063286426275453,1.125697788301961,1.8655510577741874,1.1216088703181375
5.0,21756,smooth,4.946604175469263,3.299526540912537,2.645216247228991,1.9263716494666348,1.5483087077692435,1.2744706142813327,1.1456422084724867,1.2026019991781016,1.2651844782978623,1.6154074613216343,1.9016523316991836,2.8202255442174904,3.584737166538366,1.1115298574413515,1.1502865425910593,1.9115534435756052,1.1754462916230162
5.0,23231,smooth,6.195620922206209,4.059860997655027,3.343664437373519,2.4084053739832374,1.8677455490922057,1.4210340486760993,1.1794292054961004,1.10615754914635,1.0839810047197926,1.2219251027301932,1.6062085126501175,2.087206790654483,2.7752454035404392,1.093811334576789,1.1594431947740325,2.1142074995772027,1.1704289691885257
5.0,22771,smooth,4.502878184821163,2.9637451601548754,2.371099017139144,1.7580266969918499,1.3942869520483034,1.2139441691712018,1.1229252971597221,1.20754338938077,1.3991877183007062,1.8927625700592963,2.189835648336177,3.2106300598380897,4.729369398640778,1.0452982427639235,1.1550808220290798,1.3748138521105777,1.1697777055749599
5.0,82482,smooth,2.911582684386757,2.026422479447553,1.6345656905878536,1.320316971833851,1.1831429208072544,1.1887380354587298,1.294149066426781,1.613319410714984,1.9778067748777586,3.0733629414555717,3.5072486762275243,5.809371165358418,8.983013636964058,1.0929422501253856,1.3246044598664897,1.4125683546337526,1.0524664815720386
5.0,22077,smooth,3.3746159423542306,2.337362424861726,1.8649935175597316,1.396693213991315,1.23680728991288,1.156753156544061,1.2299388888877913,1.4774429467154673,1.8278866137460155,2.4524379491959403,3.0676736314260635,4.689761501165899,7.558584868558815,1.078410339951941,1.1191074499323688,1.5856673710318632,1.1242511876894339
5.0,22705,smooth,6.597476025777867,5.176409132211562,4.236607616023991,3.1449219342138393,2.5425677866442595,1.9500304480148223,1.5284224691208057,1.2879188298912312,1.1596988370233257,1.096578248787521,1.097329746518323,1.335213063877833,1.9660245752636705,1.0665759462597324,1.0530275803844147,1.90572323476785,1.4169677675696544
5.0,85099B,smooth,1.7356757785864296,1.3567328091092403,1.2093953081500863,1.2680802476319526,1.3824458755603586,1.8434302354599756,2.196492718793963,3.3575575449140516,4.383971008189653,6.447180302459293,8.08360013271206,12.615019151429841,20.152366335910454,1.1080524597347254,1.2466065662799473,1.299817279950072,1.0438919953145953
5.0,21212,smooth,2.8387587063323654,1.9677545300670294,1.5725738256466713,1.2830667607460988,1.1619211185572402,1.18911068289476,1.3759989399637687,1.7058338860439133,2.2177329022616643,3.1391842174329962,4.130775983754875,6.126440493968144,8.865187190936828,1.0749040437243051,1.1845607036830048,1.5869604592614281,1.096278739885579
5.0,22355,smooth,3.716184492421448,2.4863665748216395,1.961641903479668,1.4853640020923762,1.3002674725327033,1.1514018873157212,1.2305639459459732,1.4111214564260661,1.7264179031260813,2.298033758754056,2.9080634687501052,4.152481491357294,6.935799792413723,1.0740686666637518,1.1809824940757276,1.7321570758797253,1.1329586677954229
5.0,21931,smooth,2.687943226521667,1.869581797205234,1.538386143697642,1.2404696397912904,1.1239171947610662,1.1942162025880496,1.3582110120966122,1.8162331309548168,2.286871077678593,3.2268694514040965,4.190797976016124,6.551821902285022,9.726531268107978,1.0833807432323996,1.1824243953929423,1.4112530015197282,1.0682419023002774
5.0,23077,smooth,3.1630302498023912,2.215531410360965,1.7989849817447272,1.4002358756884934,1.2185990489692984,1.315458640201749,1.2160960064238486,1.675683474900568,1.7408064941093795,2.83592838412607,2.9609864120547544,4.319003048818741,9.356705519240169,1.1140860444399834,1.1215010727325194,1.5146355846078565,1.134348769807912
5.0,22037,smooth,8.96208878617931,5.840059206233172,4.601833608415507,3.2621938217258757,2.506902442429176,1.7889379686925941,1.4773239874599693,1.1585891077553214,1.1090240755879703,1.1544042034406732,1.2993244666982722,1.5969704522860224,2.185482543532621,1.0908005172286641,1.1074333439512114,2.1446392355311743,1.2486028620551892
5.0,23245,smooth,2.0149393749953277,1.547561092198241,1.2561450216049976,1.1852008420893603,1.3191911708874087,1.4432799467143604,1.9351718269097986,2.585061097116068,3.229953855045277,4.583449230124018,5.243337426276852,8.47689919595495,9.975441355305918,1.0912469366855337,1.2778525068918427,1.3617787662391565,1.0847567819785635
5.0,23192,smooth,4.283517240248562,2.8547780400691987,2.2140201394563364,1.6513679296182857,1.4082981362480855,1.2549693759620655,1.141384946997517,1.3067288235054124,1.4673792892813387,1.8198720131410928,2.453516397577531,3.227916585481734,5.194036634455788,1.0221622481090422,1.167444071999948,1.4453379129898312,1.1653114660836348
5.0,20725,smooth,2.454701482347598,1.7238809908045032,1.4035066500954383,1.1910296369518523,1.093861028977197,1.214349232417144,1.3667842841506594,1.9350212615253484,2.4502699302703985,3.502518231779209,4.598426387373413,6.729166387575939,10.51364984832872,1.0914818865867078,1.1998675836314652,1.593701687821272,1.0734125303218327
5.0,23203,smooth,1.887918035271562,1.451082954143577,1.4040490422439331,1.151664101857763,1.4208070229913337,1.6896047735807838,2.0666584799294028,2.707422604909165,3.711868642448431,4.511417732694177,7.704251534921038,9.195490558270333,14.869665913511426,1.0755221595678681,1.231551906680046,1.361705540761655,1.0580788776155305
5.0,23076,smooth,3.2226765578242973,2.3153169816555574,1.8219987977355145,1.4270879436653212,1.2147363275444076,1.1776180630330089,1.1677092898051944,1.354291489684966,1.4984245050567764,2.3080307304087033,2.6129038650821403,3.4706336990771636,6.627965200388432,1.065906553662613,1.1164677205197484,1.892833314616759,1.1525290492201796
5.0,22386,smooth,2.357241935557368,1.7026898292296946,1.4252364829896949,1.2159106133031976,1.2277470336690848,1.4297245659135076,1.6165959599181592,2.2278688962130824,2.93542834488923,4.171160369675756,5.6174682665899445,8.469440298094534,11.598654694800064,1.077585689483562,1.2596038686149917,1.3744144641465679,1.0903489682369703
5.0,84881,intermittent,4.5037572849700025,3.917981323010635,3.7238127322821803,3.729263048572189,2.7675493747156827,2.7723184014694393,2.2037109358235987,2.0317523839769285,1.7341629687486593,1.413273451380603,1.1814966053541887,1.3552254370981967,1.1921236492227913,1.0470089780013283,1.148522191799638,1.5732359429047102,2.0205792355824115
5.0,47505,intermittent,3.9644315050276986,2.563466141545147,2.0582635906315607,1.6276243344028156,1.4700460047193034,1.2226741587021348,1.2439936396919435,1.2405837449991797,1.3750646499284187,2.0312645356239485,2.0476542120065,4.214975582981081,4.297245375478866,1.0518749893900554,1.1564335874061376,1.449155448418695,1.2736454637536003
5.0,22172,intermittent,5.156073296622576,3.475318836364353,2.777438167683032,2.1176058802940148,1.7149427893929907,1.3758054099888093,1.1799829428091126,1.1561768229256537,1.3618786573131474,1.7967482881186303,1.6945431778631201,2.8670426479070437,4.573520929567608,1.1224864060104418,1.1959457127785968,2.0709598860224694,1.2530675829566125
5.0,35603C,intermittent,9.47956967696442,7.80970561025775,6.694726306385797,5.02573481336822,4.469438534271736,3.366136319474402,2.2525428679321835,1.7077440303860953,1.7089245712595733,1.7401832404747093,1.2004658614709829,1.2004658614709829,1.2004658614709829,0.9999999999999998,0.9999999999999998,0.9999999999999998,1.7443407974639145
5.0,90175D,intermittent,4.895363301331771,4.4998115281011595,4.238542358334372,3.455265469918435,3.065948492079831,2.545797946526173,2.4571487391229963,1.8125320764673982,1.603396408595478,1.271253831053789,1.2689276528869522,1.2958211430675683,1.2278306304530042,1.1598495414333687,1.1195223542169848,1.305566590021427,1.8118688003618657
5.0,84906,intermittent,3.5842793764013074,3.07481333815584,2.9075863822135495,2.744029578040025,2.5852550928379237,2.087355593500084,1.9381457462408282,1.4796169658770282,1.358433732124716,1.2269073433876987,1.1814626961362937,1.370172236381326,1.5640229798043543,1.1678260308808661,1.4335227755954987,1.5269195865728702,1.9381457462408282
5.0,90014C,intermittent,3.3207334364852614,3.1368962858231457,2.9536624829834692,2.770629796084606,2.589407152653063,2.409793436748026,2.076107729421241,1.9328959988034107,1.5835232480931887,1.4385014740080384,1.1633405054579227,1.1144521510815335,1.1896523321869406,1.2132000780208596,1.1609099334094022,1.1558476733715484,1.8759801875532478
5.0,90139,intermittent,5.49277476204081,4.809061245357352,4.131212125768762,3.4560997248244436,3.462355081725636,2.7981895553584044,2.7981895553584044,2.174683848848924,2.174683848848924,1.5187284784145079,1.6141226711576928,1.6141226711576928,0.9999999999999987,0.9999999999999987,1.5187284784145079,0.9999999999999987,2.7981895553584044
5.0,90027C,intermittent,5.143066488812068,5.143066488812068,4.7151704022394645,4.7151704022394645,3.8613180340804476,3.435223194995021,3.435223194995021,3.011483833392827,3.011483833392827,2.6119920341180225,2.214855712326451,1.4209987412403478,1.4337460311496042,1.2709104401901279,1.2215839705412612,1.0000000000000002,2.5921783117590693
5.0,22957,intermittent,3.3457437979224967,2.3242290902843092,1.871218691120669,1.4915464205735116,1.3580236056064043,1.2513114711132725,1.3590661428741995,1.6063687961024247,1.7593794864775918,2.2384946693729875,2.4843540782718287,2.4843540782718287,2.513631320382174,1.1159481992935167,1.2122064223790214,1.4959378904054477,1.2427358740568384
5.0,90065B,intermittent,3.959956610622054,3.3530894071509034,3.3530894071509034,3.050331678417957,2.748024531686762,2.748024531686762,2.4529266969836043,1.8958488047060789,1.909366264758647,1.637248112144854,1.351612499478493,1.084000166882222,1.2849597396637316,1.0786265593057656,1.084000166882222,1.053427343652207,2.15467478826818
5.0,23047,intermittent,6.082709209813805,5.477427417003374,4.57228308410047,3.972941225475903,3.0871495813721,2.4757362435956183,1.9382846669721332,1.6763610613571043,1.4031324197109178,1.256366892989544,0.9999999999999987,1.4184779439330186,1.3397342441787798,1.0410047069604689,1.3307118757029193,1.3397342441787798,1.643595617944766
5.0,90003C,intermittent,6.744419609596186,6.310385933541947,5.876531068395174,5.227894501564596,4.3632245566979595,3.7175383698405606,3.5117866189837583,2.8850543883176876,2.2568022649381616,1.7223364625242144,1.5089852481001342,1.2488451795559532,1.0788556101922218,1.1224854716137698,1.0736700938757262,1.2292951870064055,2.0351363433169425
5.0,17084A,intermittent,5.395176388468156,5.395176388468156,5.0787281764201175,5.0787281764201175,4.763996323131751,4.1347517261839135,3.5095241390991396,2.577343090551749,2.5831787103346358,1.9707325182686999,1.7153574634478184,1.4957776183339824,1.3056899292693283,1.000000000000003,1.000000000000003,1.209962671370691,2.5831787103346358
5.0,90123A,intermittent,3.3315253224191075,3.1244333568317715,3.1244333568317715,2.92059923299272,2.3109972691620637,2.11367882881958,2.11367882881958,2.1130001117886876,1.7423898139973126,1.3725939766430089,1.4068013149999887,1.1500797349923677,1.4007145350389145,1.0711295448375253,1.2204472916338693,1.4243863599550264,2.116257953536971
5.0,90124A,intermittent,3.3629557932550793,3.3629557932550793,3.0118554496371304,2.6621061074380723,2.4934074428249025,2.1527291101526838,1.819770785588413,1.6738461448936897,1.5267635029827742,1.3673288480991417,1.1509426459648915,1.1609621690507193,1.0262315401125215,1.12834513479464,1.1609621690507193,1.2767293157609398,1.8141737797101505
5.0,37506,intermittent,7.556766193528799,5.987332578888896,5.673733257888889,4.736425175442833,4.120517323470352,2.8815165713260513,2.6091799556993904,1.9858817684361605,1.7256570912026716,1.4830871038304156,1.3156521919141042,1.1129079002753268,1.3916877704096762,1.0632284241541825,1.100180100607926,1.1819637176629703,1.6774146247213957
5.0,90024D,intermittent,3.468142377604661,3.1802520742288936,3.1802520742288936,3.1802520742288936,2.896668566723668,2.616045981379441,2.3338083475837608,2.33892266768003,2.080641585914244,1.5600418012540374,1.5985337893470135,1.3736303755779335,1.2351320539616228,1.0557191715751535,1.2351320539616228,1.1059123440369987,2.33892266768003
5.0,90064B,intermittent,3.5659040950907754,3.2691117805096472,3.2691117805096472,3.269600260522673,2.9736627859643407,2.9736627859643407,2.9736627859643407,2.403280957420825,2.127615403403077,2.127126923390051,1.8701457298705524,1.3384759423593582,1.2385410730277628,1.0681429618171419,1.0000000000000027,1.3879345436782597,2.127126923390051
5.0,90035A,intermittent,3.5984534910166026,3.5991054506860745,3.052217420968842,2.778447426275491,2.778447426275491,1.9649609582290954,1.9933212038511106,1.7257448260177395,1.783769236600713,1.2737169282086274,1.2737169282086274,1.2721400955196749,1.0000000000000027,1.0000000000000027,1.497066181487372,1.3592297778788534,1.9649609582290954
5.0,22157,intermittent,4.9132830066555915,3.3334462070374467,2.787481514848411,2.2346981680098015,1.917897500263962,1.5161366704797987,1.3710375238424874,1.1455346058906328,1.2843292771688775,1.2312819683008152,1.6740059564828116,1.7132760093189505,1.7132760093189505,1.1991991798121906,1.2437328541823764,1.367585087925913,1.496912737589255
5.0,20837,intermittent,3.849906026746731,3.5944033956925012,3.084518556870059,3.08395834522705,2.8318169840308745,2.5790453847363137,2.3283045526476607,2.346581457500832,1.860435587050899,1.6772002579448384,1.164794466728856,1.1964464245588688,1.2073944562108274,1.200321784217838,1.3980303723579397,2.2941127999642292,2.1030533503159203
5.0,90187B,intermittent,4.231297162812388,3.929524053034318,3.929524053034318,3.929524053034318,3.6287554714161567,3.6287554714161567,2.736941465120716,2.736941465120716,2.149021239163152,1.8780536596222739,1.3082149405430619,1.3082149405430619,1.1576791259512076,1.0988902166309844,1.0479941231956227,1.3049618988066143,2.149021239163152
5.0,21277,intermittent,3.5657509733272073,3.1458939822057372,2.8198893578551645,2.6534164575540053,2.2494833413630113,1.923682869255137,1.6519827414623436,1.440858164880606,1.1469054426336849,1.0935905496578262,1.1145294081538142,1.3024071363067313,1.6599930430124052,1.0869111905191509,1.1328454451262981,1.730163749630287,1.686222653365303
5.0,90197B,intermittent,6.3738582708422316,5.537422987267033,4.869060527358496,4.370548221126245,3.8746551380660677,3.3817554529168357,2.5648707994474855,2.1115400929335375,1.943467269266875,1.5184802992221726,1.209181689402622,1.070039042083263,1.0373239302020745,1.2045548607062864,1.1517026788411924,1.7466908691807081,1.9276583865497043
5.0,84563B,intermittent,5.444979897491015,4.732252881024788,4.306955800848297,3.7439898081158387,3.6087657486395335,2.7666294583999855,2.227252994030773,1.7262012536130524,1.4813910534417853,1.217586430743654,1.0856662267804098,1.238538368042912,1.6804978666981425,1.0304615478304089,1.2385383680429123,1.6046110522363954,1.7015544914856267
5.0,90016B,intermittent,4.450592231318585,3.9765720257794803,3.8185159379898965,3.503144051558962,3.504920745514718,3.0428932241769724,2.268454973001219,1.9707019682982054,1.688346977878418,1.3139696916913437,1.151471869012368,1.0879463508099678,1.0157638042152952,1.1077860999825855,1.0157638042152952,1.4382424664692586,1.8157550949311965
5.0,90023,intermittent,4.929024738648719,4.929024738648719,4.412405568860999,4.153975168963337,3.8977194391341112,3.63820170420223,3.384120644441443,2.6362544506115366,2.1354620463218934,1.922458087853828,1.7049839742450836,1.2877955525865064,1.0959342197838136,1.1726517471981608,1.0573942335709388,1.5751931263369745,2.3818109458393444
5.0,84711A,intermittent,3.0825738459732297,2.790511755368679,2.7911518315345267,2.6476010813749093,2.650801462204146,2.2273500685910768,2.0799588614363764,1.694271961608296,1.4769387633664146,1.1424579568061164,1.1555795182059847,1.1501115308595522,1.1161738241012804,1.0369780685460472,1.1501115308595522,1.1412831436424193,1.9405686063547665
5.0,16156L,intermittent,4.968332385840453,4.531799729364005,4.242571522367505,3.808392918625041,3.0901986532256127,2.3807480122666966,2.3913412495696247,1.9783491204330177,1.6053758877741386,1.2458543850237411,1.1627819458567892,1.0206820347342913,1.0825519853312104,1.000000000000004,1.031107125413363,1.6263301598994364,2.104298948683252
5.0,22033,intermittent,9.140721147630998,7.247918655974713,5.478937373309635,4.535382003068791,3.7208971440060905,2.8080564732419804,2.472311042938881,1.7134655096577946,1.527722251282413,1.2923253438473739,1.3052591083755498,1.2721662130762543,1.3258151686911572,1.0631882702377442,1.194481951020559,1.9502243588326407,1.5723013928169276
5.0,79534,intermittent,8.168593478583155,6.639797593839423,6.129491271304255,6.129491271304255,5.62161572479923,4.604203088679968,4.111866047177754,3.100545735792268,2.6209164221438384,2.146825585526113,1.6739039829482034,1.2683671842438733,1.3074134473103436,0.9999999999999968,1.406582955476798,0.9999999999999968,2.64193186554368
5.0,84816,intermittent,1.8282757089954715,1.7303099770867396,1.6332331840086691,1.5357119215152681,1.5357119215152681,1.5526017592978387,1.2907063614754606,1.2683004301729652,1.1683743600669532,1.0633766658563484,1.279206341171164,1.372624466734047,1.3335111581849377,1.1084505373407156,1.2131628588228287,1.103196452700165,1.5388232074225838
5.0,22827,intermittent,1.569134467276243,1.3983547995936159,1.2470422442893194,1.215350834070724,1.2366532297709176,1.1344345033264518,1.2080752466161948,1.3696457247730465,1.553927834037951,2.280372300331011,2.791597024219184,3.621866089863334,5.310851112640499,1.1712057155966311,1.123291711729427,1.1471831678301023,1.2513682692622818
5.0,90011A,intermittent,5.672578166573005,5.672578166573005,5.672578166573005,4.918319847620563,4.164674892371248,4.164674892371248,3.4145874466000588,3.042058514897278,3.0432852423035293,2.6817968572570043,1.9551399049452038,1.622724959426819,1.2811095583615553,1.1735537464089236,1.1875384388401835,0.9999999999999992,2.6817968572570043
5.0,90162D,intermittent,4.462398831916892,4.144068240644682,3.5083344685815683,3.1912404246177704,3.1912404246177704,2.8760012016165932,2.5597315225250714,2.2669562422934106,2.2669562422934106,1.662136152940642,1.662136152940642,1.1456261505304242,1.1678840020818713,1.0930501849581316,1.0355507351168936,1.073860996713023,2.2448014363509974
5.0,90054,intermittent,5.6175211373380645,4.915966192570614,4.915966192570614,4.915966192570614,4.567143173724757,4.216952037402392,3.5203809491565066,2.828305104047719,2.4841727736927477,2.1712139772667816,1.821804622359564,1.835681242478432,1.2254970006063415,1.0539429176451793,1.0611743957352895,1.0273115645169826,2.144242518444193
5.0,22049,intermittent,6.5126330468565525,4.896685690863485,3.9296060164579347,2.9731077161607655,2.507513889445803,1.9013103082632734,1.5996899100471818,1.5347581432027482,1.2231489278283458,1.3195619533884917,1.4060708127831911,1.4899554913990134,1.1936770163643735,1.1209662688070043,1.318033780201469,2.052880138649402,1.3065346111177945
5.0,90019C,intermittent,5.508496244413701,5.142083531514652,4.776225122711458,4.593517639948203,3.871556574428855,3.1480434574411147,2.6072378232166296,2.272642165419633,1.760327761722072,1.594249401834454,1.2898078868519463,1.1567660510772602,1.0090817344024283,1.0224958935221125,1.0155116619143416,1.545306663962554,2.0923736206781376
5.0,22824,intermittent,3.3139665975189425,2.7703314959987337,2.5079309986993237,2.2433573352166762,1.7526026108219037,1.4551327323962957,1.3498611168482333,1.119759390102975,1.0673046795108805,1.1420436628076243,1.4289650711643875,1.9643518131379265,2.7221258945293934,1.120185056636316,1.1904507632276489,1.3823054703942588,1.583946981596093
5.0,84313A,intermittent,5.909535716213056,5.255401054127467,4.603407026317209,4.277868719756795,3.309510532280405,3.3140976057275457,2.337329783598064,2.051699016027774,1.4633124066845355,1.530895288805742,1.2351729596517422,1.0396017340936514,1.436230684823084,1.0883776150815803,1.3071810185101889,1.1993757982407234,2.340082027666349
5.0,90003D,intermittent,6.119113905104027,5.464780721448886,4.5943421643466555,3.94387067804221,3.5139949109414763,3.083131267774286,2.8760065858404436,2.67175572519084,2.047148630444545,1.7142643316868744,1.3405178865439304,1.197515342014668,1.0440053884149074,1.0614279299506058,1.1956892680736393,1.4337374644514278,2.2532854363119297
5.0,90122A,intermittent,5.356514368143197,4.974553008686692,4.407543775684352,3.4590936048204566,3.45690783412167,2.905823501924774,2.3572371933836336,1.7990751274954295,1.7981383686245211,1.3669591719038998,1.1851379122467516,1.1362323279396105,1.1595612610114012,1.2458331158358917,1.1588326707784753,1.1943394691720655,1.7929341526750302
5.0,35265,intermittent,6.102351674018385,4.796481205952383,4.796481205952383,4.796481205952383,4.796481205952383,3.9291608055922413,3.4954540352452574,2.2150108783133478,2.2150108783133478,1.8084079451092967,1.409256238611206,1.409256238611206,1.0738125204490798,1.2986532863014397,1.2986532863014397,1.0000000000000009,1.8084079451092967
5.0,90000B,intermittent,4.578582270224163,4.121793549843827,3.8936283696483907,3.4392842358785236,3.2121885623251676,2.987690262045435,2.541596608085902,2.3468917071212636,1.9082845996562934,1.5025266247695026,1.3434210163198232,1.2005107941645015,1.041252399051668,1.0870883979979689,1.1527866631543298,1.5336291222920533,2.107420313852407
5.0,90194,intermittent,4.294477886054522,4.294477886054522,4.294477886054522,4.294477886054522,4.057031561472651,3.3583589864251024,3.358470095357607,2.423795611850748,1.968458134807814,1.53367581027823,1.6224518473494,1.1904472461324278,1.039110344241616,1.1389972745632508,1.1217753900250311,1.571309059299499,1.9577916772873734
5.0,20836,intermittent,4.975609742100282,4.71491633567652,4.454794522120242,4.196244588949549,3.4204518912205977,2.387728773445494,2.1354663618171372,1.6506138597497042,1.399065939205704,1.4516524830143374,0.9999999999999997,1.0234353075668905,1.0102416127641967,1.194484473161819,1.0234353075668905,1.2646480715340476,1.6342281975484634
5.0,37489A,intermittent,10.479643940541548,10.479643940541548,10.479643940541548,8.48502136367688,7.986253746778221,7.490791990029372,6.495154959801942,5.003821563395679,4.010317346168128,3.5140451204793246,2.534297547100987,2.0672235313805145,1.594540217470363,1.468780266120374,0.9999999999999997,0.9999999999999997,2.050459621201474
5.0,90003E,intermittent,4.8948055614369395,4.638047850942197,4.637836121109464,4.125591079116381,3.358388030206789,3.3602935987013898,3.1123226762650855,2.3596231208977345,2.362904933305103,1.7009316112640276,1.719775566377302,1.29031688898299,1.000000000000001,1.2322676265085748,1.2441244971416445,1.0320417813536584,1.8602935987013902
5.0,22929,intermittent,2.0726607422895973,1.9181913225300573,1.6194458964976477,1.6194458964976477,1.474037288726259,1.362606725910437,1.2443805541035022,1.1155253528489282,1.1710228262763553,1.1610907823662677,1.516727652901203,1.6204913748039764,1.786983795086261,1.1710228262763553,1.1155253528489282,1.1610907823662677,1.3512807109252483
5.0,21672,erratic,5.083638721418003,3.286975242967118,2.59824182437588,1.9308515401948034,1.562093189039702,1.2211045555663025,1.182949851873345,1.2039920760299891,1.3465984603425334,1.676424756316428,2.5833503490917202,3.2821965015600827,4.795180420772838,1.1210626430667057,1.210683746905818,1.5342840664438473,1.1299645713999127
5.0,21578,erratic,6.233492440441273,4.230515686793951,3.4691550608359973,2.682115351864817,2.140384033152307,1.6188016822146953,1.397483537381498,1.2479315287528139,1.2152522848979104,1.510491371317193,1.595662951539346,2.1695827104660577,2.85489124264385,1.0896917043540781,1.2087441103563088,1.6312716426665612,1.2451416352867712
5.0,22983,erratic,8.07989677467952,5.000254659154366,4.024763647188427,2.870790464622585,2.179053777552766,1.5992451485475518,1.3393669300896884,1.1767202711149447,1.1856565186876795,1.3114537952253575,1.4247435120220704,1.8041288679618357,2.478814255987496,1.1208709690736878,1.151409642716682,1.9640834986517395,1.1970091310806572
5.0,21440,erratic,9.39083313858378,6.630754849263846,5.365944145828464,3.884347978499649,3.264109605047908,2.026291189530264,1.8538794110773544,1.337374386538911,1.1352827763496143,1.0759231128768405,1.1150677728441227,1.2219560645010512,1.5191049310586593,1.0491060995559711,1.058366440757186,1.5191049310586593,1.4693561579808363
5.0,21471,erratic,5.6281797634074024,4.444870402442246,3.437426248275457,2.6248862535591626,2.1423078052073854,1.5930313793407105,1.3001966712654476,1.2697918807056687,1.2526668036516264,1.2867056095341538,1.6699386503067497,2.2256670678369126,3.3546951595385606,1.136366571755657,1.1710100683946336,1.3661784131270742,1.278785921859864
5.0,22678,erratic,8.402872602294366,5.789327016859412,4.791927917885839,3.369339556917932,2.6476824114068083,2.0156982954809344,1.641400770981376,1.3102851702196834,1.1861850355301649,1.0552575356462772,1.2060401281872657,1.282789930797453,1.8642887000139374,1.0719543913427154,1.0502995680646514,2.143200501602341,1.3290720356694998
5.0,22952,erratic,3.5035640492100324,2.5111935423033525,2.107792352585069,1.7376482589247109,1.5943908815356111,1.480239402410906,1.6050506239821287,1.9611050271797201,2.374985490605103,3.262009142221246,3.812127040823236,4.146891967786537,5.877180394759747,1.0900720312006686,1.6715187611425364,1.5303728263259315,1.134753256929343
5.0,21238,erratic,6.336137025899411,4.044605366002794,3.228900816006925,2.336394035954577,1.829914417063773,1.3987057354900525,1.2335395297704486,1.1251734288318682,1.1638292591826376,1.4602322834284314,1.680654591901218,2.5279388993897403,3.5652971466941317,1.0711739569734107,1.1199820375390017,1.6408009111147672,1.1835547809165803
5.0,84510A,erratic,9.077370176935297,5.7519923427453765,4.807597605720747,3.4113208070635404,2.635461966887923,1.886320286869612,1.5276500412687186,1.191993175055661,1.1224883303162088,1.1718096506377582,1.3626583990511656,1.5810288742309815,2.2575584177781525,1.122273316825846,1.131546640587611,2.17406382432704,1.2513230265576338
5.0,20975,erratic,5.199357895868818,3.592242022263773,2.7461289897353534,2.1129428558543872,1.69357427559484,1.4249133627732238,1.31861494912773,1.3108600934537298,1.4782178921917213,1.98919488953103,2.437727693732647,3.788932636304057,5.304694540900774,1.0851396775950384,1.3101303981323118,1.5946968304130444,1.170422970052485
5.0,22379,erratic,3.6520638807451933,2.43902456077001,1.9724970126458996,1.5351269864542432,1.3583140773831117,1.1998616491592935,1.3843850266060092,1.7262368345130203,2.2156325757007145,2.9492381141760453,3.7235243108213663,5.9052296741167245,7.234593097798289,1.0852533590897306,1.28401486407873,1.52220697557207,1.0922344421621306
5.0,21259,erratic,5.014299034985092,3.2795157499564347,2.6489552326535843,1.9623230951961805,1.586608358673126,1.2988749755458504,1.2915816275791159,1.3467990223683854,1.5732778415869877,1.9629595710200474,2.3219816603528693,3.4276176478359046,5.619375582780593,1.0945561427190174,1.2278019408356526,1.3599707173622826,1.1857056257753706
5.0,22902,erratic,5.385675475881152,4.118512958667072,3.2334296542158283,2.4869385623027425,1.9993394329471283,1.5265165932033888,1.382782305591643,1.2578281093961416,1.0881098639246052,1.4445453250351377,1.5076167208515925,1.8305220251625052,2.8334633913314056,1.169681389799059,1.1327427920581696,1.3063585248942349,1.265737903720226
5.0,82582,erratic,4.771117962058793,3.08956535450568,2.510429146280764,1.8525464445059208,1.531008550154792,1.3047563146964238,1.174619951034554,1.273489918763149,1.4394609536197445,1.788103517644899,2.237142922876898,3.4504414241167423,6.115155215302634,1.095923399322025,1.2572245918096512,1.4462516406454742,1.1700101510993097
5.0,22070,erratic,5.470413520114539,3.9031133320232443,3.14243283456388,2.5051289969400066,1.9768058167934641,1.5607310294489196,1.3403778669885729,1.2781673731787417,1.4036495325790954,1.847820106117175,1.8139692877796798,2.4298082591729564,3.7451447180034307,1.0753375817635644,1.222318295387552,1.635552061985911,1.3133264085792076
5.0,20692,erratic,4.8146862777502335,3.39074480670911,2.900591008176531,2.1441582527353473,1.7645568225637638,1.54433872926684,1.25272747781424,1.3018653613596602,1.4103139189901708,1.7130633005694968,2.2302229986910165,2.7089422448867144,4.81157253294091,1.1532765147043786,1.524748631342583,1.1543835073830124,1.3031717176486637
5.0,21889,erratic,4.8153085343106214,3.2270463692583484,2.5363870114858997,1.8873558206413974,1.5582029533192836,1.3319421517633745,1.2558009156881675,1.351280267715935,1.5272543543637063,1.8907264943954776,2.404480850489509,3.418960212899223,5.856739444150293,1.0868865564103356,1.266996120610598,1.4874534109903352,1.1389451244623012
5.0,21115,erratic,5.731295501934161,4.015881485106908,3.3253011564850317,2.4164940781667936,1.8997465581757802,1.5887161722361356,1.37335982420545,1.2536704935345762,1.4582472898172956,1.6862977936419905,2.316683933874449,2.9915342206638833,4.6647156226274324,1.092579981606161,1.2274076221099146,1.3607820089401665,1.2226286340117525
5.0,22365,erratic,4.72740079445806,3.2920132698071365,2.7449579283945673,1.981098292193383,1.6379806015347844,1.4610855942442404,1.4467822293681238,1.9064825635576896,2.0586932787548813,2.470281797660362,3.811339770327297,4.58736119859893,7.677864158639474,1.1305735449422343,1.5665092877875375,1.5615542572785253,1.1713567009261496
5.0,21918,erratic,7.336974934694562,4.874851481989295,3.9453223080360007,2.7568266260809207,2.176527187412453,1.61958883087333,1.3430016683266695,1.1923167665139498,1.226137557136568,1.4172042708677155,1.6461819978699557,2.3438850378037577,3.4426999891529744,1.1088099977863737,1.233535993274321,1.4418541637457307,1.1518466003064396
5.0,20977,erratic,7.045567547719517,4.699934387546876,3.747927790184618,2.8642303779638474,2.146580628073703,1.6197126294943027,1.3198516797389952,1.1408139555881947,1.2144684488373356,1.301076886959975,1.4999548538166583,2.1081883137599595,2.7876142950874896,1.0928807478615756,1.1682929325154845,2.1901075683061753,1.2752231726329861
5.0,20718,erratic,4.8143667636295975,3.154462914083571,2.512461393892938,1.8163808558609116,1.4651815409088422,1.2392119383072004,1.2166047151566854,1.3086852916745513,1.390118119453628,1.8983653139963377,2.341318075836342,3.359698271023693,5.123622928579897,1.062032757863138,1.2040839889289061,1.5274612495710422,1.1466374601912104
5.0,22349,erratic,5.680632496935276,3.970464855246756,3.1337616187949044,2.4924713829792737,1.863088310600065,1.5382224084332912,1.2863771084524298,1.2466003548355393,1.1517051244252032,1.6419936998587898,2.7295801457618953,2.415648971442468,3.462191393945037,1.075017198661348,1.2475934805435291,1.5081338029990299,1.2908203114897392
5.0,22107,erratic,5.999941455037469,4.217507545795171,3.7073532472939217,2.8576446711074106,2.180864904246461,1.6462453164029973,1.439640143630307,1.2318575666111566,1.282238759367191,1.2450952331390506,1.4627133638634444,1.7123360741049143,3.2290083784346377,1.1173566298917548,1.2150226373855122,1.9468867089925055,1.2848342527060768
5.0,22274,erratic,5.3598512735973625,3.6229316880199955,2.8919344502151336,2.1276858379814496,1.6879344688876254,1.3560785965221152,1.2761601619705347,1.2138685603241537,1.3727669699612954,1.5627779200443894,2.266833752130665,2.933039108201762,4.452601545015372,1.0667618296908625,1.2208982535884543,1.4991779101746396,1.1936752600144578
5.0,47590B,erratic,3.6379866195299697,2.438723130411527,1.9514377110286498,1.5633539347440912,1.337519744759803,1.3124338707251026,1.290701471768129,1.6951915764049095,2.131788540935379,2.6844935730284507,3.717110975997069,5.416584971417096,8.137079927623423,1.1142739987630796,1.309777103600441,1.2154599379868292,1.1150069576772639
5.0,23184,erratic,5.323508281811387,3.2896735980448977,2.8020572962213226,2.0002023492909538,1.6486769258280043,1.2333875545774464,1.1162861375834006,1.2388380444901776,1.1743972461673247,1.5607840015435004,1.8230153495270274,2.2655399157505376,3.380764503856009,1.061861629162768,1.099713887514186,1.6704416312490051,1.1209397791255529
5.0,23174,erratic,3.8003120610267707,2.4117138901657484,1.9579942045809315,1.6338978911696473,1.5758134777486563,1.4513117488304474,1.8460435796301882,2.019159315846957,2.71557426704049,3.8974108676115136,4.13124489890488,5.443984775101956,6.169899742023694,1.1160802077340133,1.241312536931675,1.550840477826114,1.1351475220642977
5.0,22894,erratic,4.599794582850957,3.19486156425253,2.8389025875419107,2.3004164724632017,1.739859133576903,1.4424932216726067,1.2096526639703709,1.2234693008174091,1.1721532277868816,1.4744578591010002,1.4357383866327862,2.003524792891396,2.9602694165877277,1.0686910185282636,1.1772805124966788,1.432372402058804,1.2511201154696219
5.0,22972,erratic,5.773773888318535,3.879859190181807,3.2413385828363572,2.535309404344224,1.9373128631289265,1.546325435491886,1.2334105501424715,1.1128936975637678,1.1019840096913907,1.2965234644617358,1.5144446919946968,2.1201800314824597,2.508857424398218,1.108726496822034,1.2266559326001985,1.5638647976667581,1.2773052533173648
5.0,22694,erratic,4.789971154757937,3.323350750015623,2.664869064624966,1.9551795366145799,1.6665431461633555,1.3820707658868412,1.3447384416927128,1.4787042932260217,1.4927930593130019,2.2255137717349833,2.666651080942785,4.5556124118878625,5.5556897578634095,1.0532909401643675,1.1652621307549007,1.5143240813854497,1.1039202174077392
5.0,85199S,erratic,9.932180113136907,6.805423937935274,5.34990601185173,3.9465124448033175,2.987614416170796,2.278962820289988,1.7726260649210355,1.427854659574373,1.250882248833403,1.1661955442365535,1.2517071351178062,1.4399575834505218,2.3520651935666943,1.0633772772999475,1.2506532037878315,1.9661152434204596,1.3694722118796316
5.0,22361,erratic,7.103410144806517,4.65396766496712,3.7159191806995793,2.6822861414723156,2.1494765234775106,1.5317114759671187,1.3205262879637214,1.1661438242419366,1.3275343858038546,1.4125580014160959,1.7156597770709918,2.388263492817975,2.999184731453014,1.0684781110277184,1.3465916586663305,1.5328652044866455,1.2628084865008826
5.0,23177,erratic,5.2809298450121505,3.505744319301242,2.9213013889801016,2.125277057201025,1.7653633348656994,1.4097819662441713,1.2659400242989427,1.605747602942142,1.8096514415183564,2.399411817823603,2.460077083470149,3.340905546069484,4.368012001707501,1.030679467393446,1.4863462106784007,1.1399015728639923,1.1208564556380118
5.0,21910,erratic,6.970977299056603,5.81531650457766,4.4352584464520985,3.519446545617871,2.844743182178204,2.0632366609770636,1.73839744050569,1.5720990181776766,1.5505673804435858,1.3111383680488191,1.6957368693272292,1.9438383380845694,2.150119634347056,1.0593355824548172,1.4565012567809246,1.5427467740714422,1.400101025973472
5.0,85015,erratic,4.985942973458891,3.864306849894463,3.1231612616052633,2.4374057619350946,1.9982493526363243,1.6253807908891635,1.4855791340971618,1.2980846713638332,1.2357232133694047,1.6883496466765089,2.066857335248225,2.509011150911031,4.4319810873219545,1.105456410381251,1.4854270755859038,1.5992483765907197,1.2933633777040965
5.0,23133,erratic,4.491397655545537,3.1920807033363388,2.6241411181244363,1.9110595130748422,1.588029756537421,1.3919860234445445,1.5261789900811533,1.781476555455365,2.144948151487826,2.410293056807934,3.7717290351668185,4.13177862939585,8.523690261496862,1.0885302073940486,1.4704553651938688,1.3935211902614957,1.216947700631199
5.0,22745,erratic,5.179848431390214,3.5656366973806928,2.777054121076714,2.0347479367814847,1.6410118062857133,1.3306011657807464,1.2592752348850396,1.2715445714087257,1.4199664489488975,2.004568096906468,2.1473165953887174,2.653039551082305,3.664371713031308,1.0482846232402179,1.195302752182756,1.3394841915963311,1.1838155688755363
5.0,22919,erratic,9.395346859403004,6.514717978400937,5.369961361340016,3.8887710519768675,2.97797063258747,2.130824359111057,1.6846773087995615,1.3341888673947597,1.1758503297741083,1.1083684940061849,1.2943354505897333,1.4307817093418216,2.113259254746053,1.0548709590612995,1.1368911618507973,1.58084162211289,1.247903053012648
5.0,84884A,erratic,5.920272408728694,4.2466884184646645,3.3962594887250352,2.652943979486741,2.0225688178615373,1.6494559243914924,1.501756315841935,1.3114841392254684,1.3881303269186915,1.6511114307079098,2.0866973297536466,2.983365518044899,3.2805979666058724,1.1182413812406902,1.2374310091920997,1.5155039588788133,1.3082170458667421
5.0,21529,erratic,7.040032408673102,4.769145271014542,3.6920087803350223,2.885782652202648,2.3128764090871687,1.8127244519589858,1.5413595451637812,1.303830646766696,1.206221085013708,1.4213737986096913,1.6004011933611306,1.9733789691334658,2.581053534031765,1.0869480107551142,1.2119868294974652,1.4444108973831533,1.3203986187163406
5.0,20727,erratic,3.117280363442073,2.1504573969410967,1.7387463633273708,1.3792637647593258,1.2544629129865215,1.2725676212928947,1.3499127101364137,1.7146781437392522,2.112957992320179,3.031054000801612,3.86470557167895,5.662619492986519,9.529996251136877,1.0872052954554512,1.2639198008987547,1.6166145919231287,1.0852093579658808
5.0,22028,erratic,8.795327689655762,5.714352590590371,4.574580352917692,3.4892022265606992,2.692575939842525,1.9838173523897544,1.593974688797334,1.2632542065186991,1.1264826517383504,1.1204454525677965,1.240605690753281,1.3646758839981277,2.1672097159804657,1.0597501129780678,1.1456374123792008,1.980353498773007,1.2827668167835355
5.0,22371,erratic,5.85298643839569,3.844962008271616,3.071314802346831,2.2735327498316824,1.7884687890737716,1.3810079830720396,1.1784130037510823,1.156561508127344,1.178614985091854,1.5040261613927093,1.8410156775993114,2.856975088967972,3.280101952486292,1.0693296143118207,1.1723400981052234,2.0162633451957324,1.1809666249879773
5.0,22297,erratic,4.607153867913434,2.9814605866629376,2.3813881199007074,1.7823835843713352,1.4517031278307329,1.282477346190885,1.1970428475623507,1.2760030130916922,1.5663881357925444,1.9563959863584504,2.55678946816389,3.785329930361984,4.708073369418393,1.0682331776993084,1.1370861369176826,1.613634557746157,1.1820600266347132
5.0,20671,erratic,9.105428443248092,6.204659123008159,5.0013292790322845,3.810162338201818,2.9983550171975475,2.1680208696808068,1.6161208314640345,1.3150889786152238,1.1896715019191468,1.1019723177641527,1.220311383613313,1.3753717827293417,1.8967150191914615,1.0915208613728127,1.1229084625226398,1.6337171626539062,1.3792433079108717
5.0,22846,erratic,3.414688867548474,2.3595227617099526,1.900667714333719,1.5141857021964014,1.2786380739368284,1.1885777572937206,1.2563528623815592,1.2429141817329834,1.7267490747491703,2.392604236192143,2.805983070337561,4.080326685605858,5.675711337155081,1.0938202801417505,1.2491479676852004,1.4134156360839338,1.163132010672947
5.0,22227,erratic,8.42173577145042,5.51675059950266,4.322184579318378,3.051204696100067,2.3679985553796588,1.726067563099903,1.4458471845916359,1.2074560048561316,1.1493452647542692,1.1924000750887236,1.3229224097962202,1.7897372830790739,2.4526187192642506,1.097650570383608,1.1452028208527891,2.320902059963572,1.2635890143816586
5.0,21651,erratic,5.924682352212484,4.403627364586177,3.6599162699295302,2.977405456437746,2.3842259566972324,1.774168118945125,1.5871761231344432,1.2739433559785545,1.276519918503481,1.3821007970404482,1.4846931258194034,2.3576082029567447,2.6139684318301835,1.1650299793443293,1.3229276056784793,1.75948485641917,1.4621525441384722
5.0,37413,erratic,11.467556542821779,8.545574810811098,7.328973768835354,5.883213979262062,4.170254238873874,3.0048613060249076,2.767935856208416,1.8318684726153909,1.6671681408832464,1.179410152981713,1.1597855636372376,1.0355659093764447,1.1892006618604258,1.2100762636428515,1.3738442168742324,1.368956179814327,1.3672020892976957
5.0,85135C,lumpy,5.202672746786908,4.230592257171026,3.6157481134172746,2.8206081527070745,2.667778879794118,2.158181440747046,2.0187890241789797,1.573644327688513,1.3948310798707746,1.356409424644411,1.5839918848847137,1.359281319579774,2.0951352003922117,1.0687443900633995,1.2677207744693821,1.486173730013408,1.5693993018527446
5.0,20700,lumpy,6.890114463993479,5.6123256073780965,5.153708133818382,3.923329117409516,3.7005933484533906,2.916372203946402,2.3478123088101563,2.0532052653794945,1.7750114346387376,1.4998797093901604,1.32655998768715,1.2540785675369805,1.3573220421229348,1.181268361575422,1.2285198170151024,1.1449280697946345,1.6594373416312134
5.0,21824,lumpy,4.849271867368305,3.426162429942066,2.828891034136711,2.1390653404168467,1.8058507369010175,1.4777692051772913,1.4196100543597965,1.3106525818700834,1.4685380667513304,1.5451976725599448,2.1920368792433846,3.5269493611035183,3.612589220423366,1.1992911452308987,1.4488536699050965,1.8263666620097745,1.2420376553923687
5.0,21768,lumpy,4.327569383762253,2.8326970405283705,2.246962502443531,1.7824977151936694,1.6398126041111474,2.3657026761055175,2.393836285899025,2.583204960911849,3.352320477712489,3.120600599145559,5.607521231573271,6.328599426250465,16.236500428557786,1.0704848133476126,2.3912595088877686,1.3512281982693943,1.1699114815068525
5.0,90000D,lumpy,4.998773127082559,4.644276675978227,4.470074607876903,3.761569090860373,3.764006016821047,3.411946491677389,2.7292723898440028,2.2231154357745813,1.8624048234705302,1.612696188675178,1.3126650327919087,1.2460532458543394,1.0336295782572986,1.2084408778487903,1.3750047672608552,1.4419746610550808,2.0430647453676403
5.0,62096A,lumpy,8.071894245302174,6.596156015249611,5.287170926481536,4.314105890049404,3.344920932121185,2.712851632114417,2.2328047102348347,1.6475670554264705,1.3746982787791286,1.1910261905299009,1.1651740395677783,1.3022851857700402,1.5324279816824196,1.0876401452773594,1.2980441697308787,1.7391775135915541,1.6366486949852241
5.0,17090D,lumpy,7.855193881864649,6.736097767188041,5.896276084700819,5.336113139387418,4.777103109027324,3.9508858229891244,3.6809884324199684,2.837285269589947,2.5774566696130052,1.80734791130241,1.5772645171207877,1.4770377771799683,1.1473809615310686,1.0094923331155616,1.0621421159832438,1.3384573997924745,2.0347027400945397
5.0,21062,lumpy,8.21452032456812,6.236265656960705,5.516976736252058,4.089863896369992,3.6527861763369436,2.692682779704158,2.0854910969229707,1.611990192350765,1.3048544303766179,1.1193728760847326,1.0730035999946606,1.1338287260884143,1.3096737062936363,1.1422727185077108,1.108909109158304,1.8581253031515834,1.5071216210804137
5.0,84564,lumpy,4.504177266142921,4.504177266142921,4.007051104764355,3.5186327154831303,3.543014477355684,2.567048476002968,2.581851688568447,2.0943040764969556,1.609368796054667,1.6868679677210012,1.2297975579902019,1.3421278180459,1.0000000000000004,1.4200623783170983,1.2297975579902019,1.0000000000000004,1.609368796054667
5.0,77101A,lumpy,6.422051883154939,4.96540608902187,4.211619729171165,3.32274283599124,2.7599710046577624,2.281871741879762,1.863644776211481,1.4853018291742495,1.198479286837965,1.1402109873839419,1.5237360806934217,1.8670686942842125,2.6401492951664114,1.0576668003331384,1.9769579567537565,1.1634997995002938,1.3391066966902125
5.0,85125,lumpy,4.142377030779229,3.6281358775920127,3.1219424587936433,2.875910911561411,2.472486796242689,1.813298989779642,1.6071785904176759,1.395864595025698,1.306997814143084,1.1909730017132405,1.3122301648254304,1.4041973178944895,2.2356467182607527,1.1244591481065735,1.3544543037750356,1.3499422224847915,1.5565995155668455
5.0,85064,lumpy,4.828525813647909,3.472219532337194,2.771125359643673,2.0319739681993934,1.8331318639670138,1.551627839838564,2.0505668162000945,1.9712158123168666,2.802989072780312,3.3549654491823895,5.079310020915827,4.850485067873971,7.414454946480957,1.0303607625443243,1.7609289424254582,1.4558092993617164,1.145765171948936
5.0,21282,lumpy,5.194765010061077,4.1363849242108595,3.458801262237208,3.0026678811016474,2.325688206738176,1.8289746099112112,1.4785971984018556,1.3559231159300917,1.2987606949410393,1.352893488238391,1.4299261326382642,1.9413905926507316,1.6252273028238813,1.040247538023765,1.116682654573994,1.573339276313031,1.529390295501746
5.0,20762,lumpy,7.225634654980044,5.564201663273405,4.396298469006292,3.816108216294559,3.112736809413714,2.307107445621542,1.989521147497614,1.580500822434636,1.3669553814831412,1.2741985575761758,1.2574392951217566,1.3659086464911367,1.4606094068118276,1.2258762092089666,1.0693835766129476,1.133798037659448,1.569814923450315
5.0,20894,lumpy,6.471883940241873,5.480010658437953,4.742307729003082,3.88156049345024,3.286121132738442,2.5994417268305052,2.23368625211431,1.9462955113256128,1.8007260549740947,1.4110783695043267,1.360720657606542,1.7153433802513647,1.3599703417378743,1.1122686526071568,1.373779288556085,1.414885149197686,1.7466154007613561
5.0,90182C,lumpy,4.47860958192571,4.47860958192571,4.1065880851690375,3.734210763102142,3.734210763102142,3.734210763102142,3.734210763102142,2.630600158689908,2.630600158689908,1.9562989259801555,1.9562989259801555,1.280930217339736,1.2287425051737817,1.0400896516183915,1.021823952360305,1.0400896516183915,1.917395358729172
5.0,44234,lumpy,9.389224955161524,8.137989324738491,7.304598904852799,6.471482180306922,6.0627361394003305,4.6360599669462,4.016110526272467,2.82825217287119,2.183036330827013,1.997798547425434,1.497508617859113,1.5231957372122342,1.3385389561986825,1.040854459930727,1.3541443922408627,1.0000000000000009,2.3373110999122892
5.0,85165,lumpy,6.265367807064625,4.710963047813718,4.138160218739658,2.9794826539588684,2.6347722062079124,1.729423064721628,1.5795805689357447,1.2933305925142198,1.2173806800546678,1.3144519762191782,1.246672005405043,1.61922134443608,2.59646768720023,1.0154321119968996,1.069898389633016,1.61922134443608,1.2072738738491557
5.0,21586,lumpy,4.524228730488805,3.2889996385704503,2.9029227793053196,2.1294654430814997,1.8619517338281664,1.5326953543352184,1.286583692327216,1.2852487079665862,1.316312876801001,1.4378986329123318,1.8403096840544872,2.467539182789018,3.905513618480094,1.1258430682873724,1.1557352643794199,1.580909010764233,1.3616244036471832
5.0,84595E,lumpy,3.9811664134415787,3.865172610863286,3.528665896370011,2.8547243671948004,2.5022712040054746,2.023254179816783,1.7142764453737132,1.5649928507562836,1.3860335154698975,1.4292698026229191,1.7524783211413881,1.5082566680433929,1.974856665709682,1.1273184713351283,1.5946778237012333,1.0253492653352245,1.350053284337303
5.0,51008,lumpy,2.8872488504653115,2.5842067535280777,2.223381965922634,2.0132770549797674,1.7997459997951912,1.750986190505809,1.8561789020883546,2.0457505068381563,2.4325586421323733,2.634654976249145,3.598047031816303,5.703424447975197,4.866444455752875,1.0690116608899407,1.2984332779847887,1.0713788950519947,1.4768205180397944
5.0,21292,lumpy,4.693598055173586,3.936553995963154,3.482653943671104,2.829439077234769,2.540839165314455,1.9663305716506352,1.6981940296119522,1.392232904246603,1.309766824609429,1.2846140114065707,1.2127145468738012,1.4872587597605547,1.7730975503574176,1.0776970614562096,1.2591117424704943,1.8672998692277678,1.5152505850225795
5.0,84251F,lumpy,16.62523677074978,12.135310021354295,11.237970174886618,8.997993080164038,7.203360162838205,5.423321235683586,4.087251283005731,3.190837593606611,2.777703100927486,1.9138920113659807,1.539787087272947,1.2051233571298086,1.3514842393276516,1.3478731622724673,1.3476205739810407,1.0,1.8935633314672327
5.0,21801,lumpy,8.113896091670732,5.98046862297074,4.837070507389626,4.074002379057448,3.336471464147262,2.2906179131044992,2.0993108863272663,1.6900148049258479,1.4751024791832488,1.4372298956809004,1.4808580010782795,1.9085470634044455,1.9109535056866438,1.0702542938563826,1.406363336842013,1.833640984827094,1.274273232180603
5.0,84510F,lumpy,9.063865005287601,7.527196652719667,6.521587199411468,5.714009839532853,5.841280058853281,3.866200744861833,3.5184606188790286,3.8873511425812715,4.229895627385165,5.320796358453256,4.069888270725085,1.1327417352521951,9.053841555933614,0.9999999999999988,1.5883029104786381,0.9999999999999988,1.7696905604855397
5.0,21655,lumpy,4.096094310195894,2.9240144603080656,2.4377197340184398,1.9203309306008305,1.5323071456977368,1.43726252170555,1.3206286469697475,1.2061892504383376,1.2817038403133736,1.46736726371581,1.8730505513142188,2.5353325667727877,4.195017959144647,1.0972905297756852,1.1842031384678169,1.563606111240213,1.218484668769405
5.0,20770,lumpy,7.2663194674374125,5.650049275283284,4.738966037059687,3.6859832269272874,3.0195348257446804,2.2371516159566225,1.877089914732336,1.537629177200151,1.391798878938616,1.37201787154148,1.3384471858554605,1.790081839818332,2.053188870407948,1.0937757331889486,1.3219047136774977,1.6350707577486863,1.4920540197334853
5.0,85162C,lumpy,2.9294912719843085,2.775337617352497,2.4822673750067707,2.0449475715258645,1.7380254501638694,1.3810465449773175,1.2325375310446358,1.2436021633793615,1.2246774776438674,1.5463704969184024,1.3314763528002544,3.053299544219905,3.0279683644393813,1.1359038040278784,1.056601796659744,1.4176350402814442,1.3097439977410783
5.0,84856L,lumpy,6.7268166231015245,5.028507691297625,4.525526190670302,3.4945791881516284,2.7310920913937258,2.2944770271137993,1.821201589845077,1.5099884780241943,1.6066951553590887,1.7028340308806258,1.6927694371114335,1.7962587127276275,3.890998645789111,1.2076516885791053,1.3416723963905999,1.2328737770075648,1.6662652853763253
5.0,47422,lumpy,8.034292308412871,7.126870512952957,6.674718673589615,4.572189534461551,4.117777583640566,3.084729930964291,2.3820239424329284,2.114916569533472,1.8369620567678615,1.529248081114218,1.3509826203275153,1.2443571122259656,1.3478186635911835,1.0000000000000016,1.3658394317699811,1.5807762306961215,1.7576977157394975
5.0,72134,lumpy,5.2694054118973055,4.849824007095147,4.4312438217713845,4.010288194155742,3.802283981412193,3.382349205029424,3.17261739789178,2.216698770359284,1.990201444897129,1.6348944042570879,1.8076734754210442,1.2113416110048691,1.2907659155788394,1.2949532533281596,1.903590763375004,1.2666188575704718,1.7199449387027337
5.0,90108,lumpy,5.199064710124611,4.382078958376752,4.382078958376752,4.108700834683991,4.108700834683991,3.564589427536026,3.0403458083630333,2.22622530020586,2.2262882725924684,1.9974001400385935,1.4839562851689543,1.4252510274244774,1.1748578248438082,1.2495115891681485,1.2188290434644373,1.2188290434644373,1.6791227046939918
5.0,22597,lumpy,6.055281608040674,4.215133357894897,3.446970808042719,2.6472362931329707,2.2522485824346536,1.7532270475517924,1.505999955175799,1.5071284240872673,1.287587746321761,1.6380221675332018,1.9792141531233987,3.4203876978801637,4.767595169838495,1.0667448075685266,1.3725874062083092,1.7823124490567026,1.3122599300349271
5.0,85230F,lumpy,5.868735470096195,4.807587739752532,4.147010962033576,3.9124458566828357,3.383801626940652,2.460781589900524,2.1669499444631537,1.8824682173402192,1.5755861428128675,1.2282663573957995,1.6519672533980203,1.5199859684102541,1.6214716009145091,1.1468110527369533,1.5198569758422027,1.5059071008365894,1.5790202051390396
5.0,22647,lumpy,5.13912249727286,4.444567243109939,3.9527563829429533,3.2664495243281917,2.5980141894011095,2.2462518693111067,1.831761724776771,1.5166536120354694,1.3591938135930959,1.508988402967526,1.3753482995814619,1.5342241718118104,2.7055426417906507,1.0560123604665668,1.3940047547888261,1.459507400349808,1.4284485861586362
5.0,22573,lumpy,5.445810526379858,3.82079202911479,3.2759331656247963,2.330250265618824,1.946671576446296,1.6127477254545572,1.558127061089857,1.413538742688112,1.4759128519187872,1.6080474229933661,2.169709601497588,3.4950472978396387,3.824489199689438,1.0357490793212176,1.2333862225142054,1.6891885054856568,1.1638163443165566
5.0,84874B,lumpy,7.499053014495621,6.562545342949998,6.0972576583841285,4.932724865720666,4.465742237607972,4.006641096988008,3.0798369772479512,2.6486176579732326,2.1915080760207863,1.776009358142856,1.3576716098239958,1.1784184892659995,1.0114537094224727,1.1137435524732686,1.1107645607849157,1.0703401571931697,1.9476776063288164
5.0,22286,lumpy,5.5673524916589106,3.8444288190937552,3.3217730585634153,2.6981777362459543,2.1136741818656404,1.588631482010338,1.3099879351600092,1.2099846724108168,1.3092037755507184,1.3960794219141648,1.8859933109975608,1.974744121644087,2.4815671167672,1.1098072741710154,1.4186044891762877,1.1854403666596904,1.3105964928745588
5.0,21792,lumpy,5.131724866202887,4.108017985965496,3.6442681089755715,2.7231043201138507,2.2786689174356374,1.7314425107681126,1.4876989924528587,1.3155851873159579,1.3776390392345372,1.511585656646705,1.3370551766424668,2.837511260153065,4.266841025563388,1.0955939683428844,1.2083563582961778,1.8041944543273034,1.4114554552129777
5.0,21085,lumpy,7.796988245113723,5.059998608889198,4.661735178873664,3.8485706336509704,3.195806960191046,2.450263151793374,3.246416730425914,5.091724049987251,10.752433284644452,5.007753124203007,21.791674201850174,21.79131251304162,21.726593401497773,1.3182177552108696,6.413607382161334,1.0000000000000002,1.424342120516566
5.0,35637C,lumpy,3.3727804212028354,3.3727804212028354,3.3727804212028354,3.0091980926276674,2.7038871180507433,2.5275321702263076,2.107510920168563,1.817592378723251,1.6654255401056342,1.7116972842015585,1.811503775221609,1.3073127916108427,2.1412389707580517,1.0,1.5927585552013843,1.0,2.1050676768143393
5.0,23224,lumpy,6.345709455460576,4.017937738985441,3.550102413141819,2.6216933163845586,2.1836944382973686,1.7889445270725794,1.617465557791376,1.1912346701936587,1.1616977422791297,1.214792523326008,1.4064340155729735,1.9154903736793063,2.337301799692244,1.0162744260489625,1.5275311227876978,1.022511334921852,1.3326636165734314
5.0,21814,lumpy,6.59946920669375,4.8709005147727025,4.253904766709321,3.403835128209149,2.9223457437344105,2.482314275176721,2.022848790717048,1.910273706915652,1.5309978246064213,1.4007659894154927,1.5890149100698674,1.4549892593776788,1.45959364929601,1.0997422386988247,1.382237308102137,1.4541568696693306,1.6354276240216352
5.0,84637,lumpy,6.771384812693614,4.946695846417489,4.384976607349942,3.804312413648804,2.9796018463378617,2.703419909716144,2.1971094427017714,1.7293339511511674,2.0423985958480304,1.731943864416659,3.1211318264564474,3.0675383884272622,3.1835177327553836,1.0762444525577755,1.6368971934749628,1.393720790953656,1.605266501708175
5.0,90042C,lumpy,8.110634288837767,6.4259826003487035,5.418126389668642,4.741330911859641,3.400438620530285,3.1006071953912997,2.759763787808986,1.8086282776182059,1.5236589929059312,1.2736815831223673,1.0620823587444876,1.0554038019704597,1.4497660246107427,1.0554038019704597,1.7047777196768943,1.3291305655257009,1.7858647460785604
5.0,84199,lumpy,11.32315597676505,8.930544401316931,8.057693339760718,6.772519920800996,5.898561876427706,4.805985339931501,3.780403804242695,3.013016648630391,2.50399107735117,2.0447177169964195,1.778984834025326,1.4861696319383477,1.3585240896968511,1.0454182575122082,1.2315435481220303,1.0000000000000002,2.027764254878441
5.0,21458,lumpy,6.42815752763172,5.0253675287047965,4.093593733233179,3.4821547376327935,2.5555317094108814,2.265157205708767,2.0070823049683444,1.9610473226741074,1.7457452516364425,1.7250134134563802,1.7528060950745783,1.5302071037665006,1.8583324391029106,1.2305826805451219,1.6662302822191188,1.7643523983260008,1.6738062023822298
5.0,79323S,lumpy,3.479188606502176,3.1917116009563884,2.6799533557213815,2.022278066793522,1.6848889712495874,1.5535979823637618,1.2501344638845826,1.1194536472481225,1.0660206373814123,1.1226627013003452,1.088859158685464,1.3414885491007864,1.3414885491007864,1.1639962214518473,1.2272281456639356,1.1037473615699969,1.2304688382772353
5.0,20663,lumpy,6.321161255411257,5.810665584415585,5.218948051948052,4.826371212121212,4.243563636363637,3.4637885281385286,2.8820132034632038,2.4942716450216453,4.050584848484851,2.857608225108229,4.905678138528149,6.342630519480547,8.294701082251121,1.1184621212121175,3.9832010822510573,1.0,1.8462149350649355
5.0,84916,lumpy,5.1186288795750725,4.585978065342494,4.185154575174052,3.301679363455583,2.8900486159868146,2.054522844704283,2.053404852569766,1.4712854681824428,1.648148194593185,1.397321982472397,1.2784421521687925,1.3399653567018985,2.535008364286631,1.159438100516907,2.3601331794483613,1.265375600655212,1.4525565181316689
15.0,22554,smooth,6.172111151474865,4.000362877619524,3.161577796643541,2.2356436541776294,1.7483053496321905,1.3946412958692562,1.2306297234008925,1.1620803187618427,1.17767712369571,1.4818476016998205,1.6849081337275351,2.4903074833208985,3.591387519624512,1.0777607915485963,1.2232709535084847,1.7966090750304944,1.1406647949682027
15.0,22627,smooth,6.9286375466910615,4.568849575832817,3.54860407795819,2.5979151012229527,2.0369680667632255,1.4931056951296104,1.3259644040786847,1.119063565182355,1.1790032706429845,1.2491868767719025,1.460032633829559,1.9948662521190261,2.978749895637071,1.1297303625295378,1.3410788765831414,1.544983138583063,1.2114828245868146
15.0,20724,smooth,6.018958003775438,3.984954159948076,3.091573643552446,2.160992288557637,1.702322140683487,1.3127114869652248,1.137994368701586,1.1018845755860682,1.179828433787961,1.4657876426621097,1.7755396395493277,2.469411434377552,3.8891377151294466,1.0700342563219896,1.1081362640835561,2.2395861120975473,1.1359342955715914
15.0,22741,smooth,6.4915661109783915,4.420662476755629,3.6957364897422913,2.654753211397895,2.0889964505553578,1.538154651011935,1.2930109735980406,1.1368583256709401,1.1133503546672505,1.226956731618051,1.435058740358046,1.6141558145703794,2.629221703346556,1.121013897525295,1.1903252160634643,2.562920186716385,1.200413208630686
15.0,22027,smooth,12.972912848066438,7.9587534639210045,6.646142674984909,4.610450299583141,3.44173219534456,2.4277970709101377,1.8813105117064437,1.4253493493714056,1.1483522202436205,1.0846510101399607,1.085129827092429,1.2836340278667686,1.6015012208890027,1.0280750833689456,1.06988277610038,2.1619124671003602,1.1834012442572404
15.0,23000,smooth,15.28596266188607,9.810869763065078,7.665092452357157,5.520484104170316,3.9786268317895988,2.8335351006432514,2.2723948835244543,1.5805996009300185,1.4203087812567616,1.1654114164236873,1.0085974338632517,1.090735617854432,1.417573331684851,1.0194276161922127,1.0484323109311515,1.6178127908454312,1.3808465297739863
15.0,23109,smooth,6.341274302545036,4.30013267861754,3.304254994867101,2.4170430722657605,1.922687959625393,1.4100951213316568,1.2523183279135237,1.3098146488110358,1.0641740021287363,1.3985041745479592,1.7570785092129781,1.8695384169677474,3.8196485696111355,1.0104839620522361,1.2481568378822643,1.676385977213707,1.2674050203741456
15.0,21224,smooth,12.673983486587407,9.049989279631706,7.286177197574366,5.349184645196265,4.124364363068534,2.917420800750831,2.3314131063581898,1.6818235144199072,1.3640839344156186,1.1607043888783266,1.0909168139874497,1.0816568430335802,1.3539744248421297,1.12910559765042,1.0874862961329832,3.122309288693452,1.3490754188023133
15.0,22411,smooth,4.353024324787826,2.9349442084409274,2.2655431109887205,1.6599985616454769,1.3726786402509379,1.1426595666864803,1.1377041280160107,1.245683491931384,1.507486635289228,2.0202858391538525,2.569723006111773,3.865973019173755,5.134740871827242,1.0845081227076216,1.1534189502593644,1.746153047068,1.0815350316161392
15.0,23322,smooth,5.309566148882128,3.6212374750845338,2.7235996141404013,1.986400580457379,1.5036262833028617,1.2591775556480154,1.1102018349644025,1.2158806615212543,1.3030107983234942,1.7661142251904047,1.7932355958259716,3.338155157443504,3.5287697991658233,1.0921854164716822,1.060683001142567,1.8176086898102122,1.103582730466321
15.0,21652,smooth,7.669710146087013,5.490694553338561,4.584339048274318,3.501923092308431,2.6303182552762534,2.1007328351760886,1.7736641358785223,1.311447949501576,1.2159263644654945,1.0399379170200163,1.1218418484087245,1.2770632990383544,1.8415183928828567,1.0114665503944185,1.0132866377586123,1.8415183928828567,1.4197491479591022
15.0,22993,smooth,5.076135666389096,3.4921303194986195,2.688214927466363,1.9021097208221938,1.5498367445325854,1.259921330586843,1.1039767497918216,1.198256782223781,1.2889923083665693,1.521362909234343,1.9287674760047337,2.6691912828154454,3.4834854494455887,1.113295459525792,1.1201379453915945,1.906960818687821,1.1374852083972473
15.0,21274,smooth,8.460920875962845,6.31899306673367,4.752392879857409,3.7723996325290323,3.0757987389778343,2.256456260747348,1.8513901866407032,1.3803128214389468,1.1625273836538235,1.064142528482926,1.0929041984343209,1.3852320641974913,1.691371499014589,1.0429187245302578,1.091373069403331,1.8716403495685394,1.4553342179856625
15.0,22382,smooth,5.26131762487715,3.48252834470822,2.673722332427319,1.909590791965855,1.5436073804137818,1.2063241268624751,1.1428029508119835,1.1014615441925735,1.3129796902377613,1.5891662469044692,2.144338286082011,2.8254792041843024,3.8501290156549275,1.0765580944448616,1.0968457431067233,1.843533529971021,1.1131731320928553
15.0,23202,smooth,3.7822660267513837,2.5956316347960824,2.083760222180582,1.461319768529263,1.2881969034607905,1.1762303542551535,1.1528184539689037,1.323844796893949,1.599687371219735,1.903914556218821,2.806262763242347,3.4793065788312165,5.104647130486567,1.0935141049827333,1.1657743388149933,1.8975944095514985,1.0827620763131982
15.0,23204,smooth,6.917786844077981,4.544317466375522,3.5517251318972756,2.511551079852788,1.931155450966541,1.4217173546147126,1.2190247327801966,1.0864181426871378,1.1044191858609989,1.2988173166860917,1.5151759174611943,1.7306540780380881,2.899715380283216,1.0362494707051126,1.0544610459943344,1.9923431257524402,1.2509628560414598
15.0,47568,smooth,8.178905856773117,5.17283523210686,4.2586275176101775,3.001798703604817,2.3366769461896357,1.7058493636830505,1.4117319420633483,1.182590133190936,1.1392155710500698,1.3166267664470241,1.408351707874185,1.8501455059237155,3.3351950596970323,1.0642781041050815,1.17387638511675,1.6208618958438208,1.1917356723293469
15.0,16161P,smooth,9.839931606458597,6.3560072413968625,5.374137198959663,3.8809317209973893,2.975749881990337,2.1761524164213917,1.744263804816646,1.3734130881971827,1.1520524136446937,1.1109072455619096,1.1538023118324352,1.3645319933451785,1.8540366535699049,1.1276118315099675,1.208100784879952,1.8401139718813042,1.2458340853556962
15.0,23201,smooth,3.7037738584983835,2.543532447867144,1.9778810293206113,1.4951036160939906,1.2873984439315378,1.097508287470134,1.2033601520107442,1.3526114859521925,1.6819638433135495,2.361612260467657,2.821022507349776,3.995667198864096,6.909314795488087,1.0886369726537655,1.1461555148169102,1.549827097059586,1.029787331123341
15.0,23307,smooth,6.213471566078345,4.22374712354908,3.253825656595602,2.242157231797999,1.7769395446238712,1.4271902504632439,1.172366046767037,1.1121033077874958,1.16028479870857,1.3496415653813978,1.4746636919269405,2.131814179368828,2.392724236734402,1.0467668311312328,1.0867588789381395,1.48818735432715,1.2759542580313965
15.0,23004,smooth,16.77774430346653,11.19419889051381,8.872528574579857,6.085062990710708,4.701216921706876,3.332844324708535,2.654493194388843,1.7879098276946706,1.5757685928806606,1.2103417920081045,1.0300553926094165,1.0332345443998732,1.2253858283155916,1.16376206096455,1.1527208147125378,1.3939298932180808,1.3677986544007712
15.0,22614,smooth,16.53918534574023,11.12522005674775,8.617158710188415,6.511247403941611,5.071508525547069,3.518832276967527,2.7401652741295597,2.021069639353844,1.6705907160477695,1.2310054920327302,1.2318454693073444,1.132537290903207,1.3375268738127426,1.0358383861303633,1.1929669974552315,2.3251688096298557,1.4264464699549153
15.0,22120,smooth,7.194153698265243,4.873128464424796,3.960611128333116,2.907681754699033,2.230220417051513,1.65890676567206,1.3701368184270175,1.1769149956162521,1.1219456669529568,1.1948862266682247,1.3381389845259202,1.7721474127245807,2.296431548721974,1.1184471113003156,1.176939330458113,2.1091354088933807,1.15893820231471
15.0,23078,smooth,6.049577615225273,3.862150440186432,3.1802620080269293,2.2385705269290526,1.747244788969446,1.3432078586224758,1.1115233363542205,1.1439385357327807,1.0720441157431384,1.497333797255307,1.452190412998447,1.9897640471258407,3.5777487377006745,1.1050661897980323,1.03055816286898,1.7472002848265156,1.10061577550492
15.0,22487,smooth,6.932974697125191,4.625712470809317,3.5051497981830795,2.5983194774098335,1.9597910494061443,1.5091504981019699,1.2270098909118725,1.1325451973669651,1.1749038881659906,1.2257076293549911,1.4798246586625243,1.8965386440700218,2.697580572857603,1.070091781422084,1.0832797386331903,1.9857469228373765,1.143075958234387
15.0,21495,smooth,10.283454575971147,6.759974006114015,5.592124799343554,4.170957140213488,3.2133485490333347,2.2664595667398766,1.7958927651785221,1.356676426328422,1.171722467927246,1.0738057086131272,1.116370696914447,1.3022119190287578,1.7290008277302529,1.0972281795529102,1.0920516377439244,2.139403689926798,1.3241811997641628
15.0,21519,smooth,14.310280444889344,9.056666421635924,7.504133272219783,5.380043759607547,4.166234439647127,2.805050119596622,2.2534356552878716,1.6598809366804534,1.3132941428284186,1.1373417119433022,1.0943211603502787,1.1951037452948694,1.426681577507908,1.0627069698994152,1.1173201780652797,2.889116202945991,1.3564085628154323
15.0,84970S,smooth,6.582220082873106,4.295441180990603,3.427329373538695,2.375385720198074,1.8563604906244173,1.395088216183915,1.235384269168188,1.1352227021130952,1.1682002750047125,1.400619225216756,1.6124927001760085,2.2986344593627033,3.390570902824127,1.1010041293594328,1.1174745694503652,1.8685346671053902,1.1408853521987872
15.0,23145,smooth,11.00703221047455,7.610656711352451,5.7259754741876385,4.418027268603011,3.3108246726486277,2.2028917047898404,1.9082782408738141,1.4031413957064243,1.301752684783399,1.0788999054568376,1.2298500122940743,1.2755555709471977,1.775736692097506,1.0580020570929882,1.0512247322142836,1.775736692097506,1.4092409880972578
15.0,23240,smooth,3.9899614257750033,2.647603184452605,2.079601719527642,1.5169940358149634,1.3237645426320885,1.1002442074691987,1.1197814713646623,1.2290612485766554,1.4481645524409013,1.9528333343995103,2.3311347464421743,3.5012718139481285,4.024833756604952,1.0897646364555211,1.0837471426500007,1.4873846131702517,1.1854132282510887
15.0,21930,smooth,6.24062084136175,4.054315027055841,3.22899725002346,2.2820239679080117,1.8051383100220753,1.3847583270479056,1.2095312640306002,1.1349259150625697,1.222284463449639,1.5152657139771677,1.7901835120349194,2.6556162749147694,3.7380614914499453,1.0588172860192935,1.1072851381819828,1.7960268120606744,1.129355540479139
15.0,23147,smooth,10.196603004479762,6.6088956502179785,4.898402922176224,3.509544463083887,2.761854885928327,1.866995938051421,1.6133639653592537,1.2508128762110151,1.2132073711460276,1.065197222284226,1.2377175706605623,1.381163822386906,1.7082843260982905,1.1039479942376071,1.1098652064943095,1.7082843260982905,1.1997074160752887
15.0,21756,smooth,8.127876307502904,5.371172460360355,4.249198157699381,3.019149146695399,2.303133432545355,1.7170140330482437,1.392105434568047,1.205639074752595,1.0948581952594019,1.1785172990397186,1.263298728458551,1.7320273013716816,2.079756720056524,1.108727459139679,1.0841722351195642,2.4507713626968415,1.2374072746311737
15.0,23231,smooth,10.52359020753564,6.863113531525924,5.612382683275587,3.984047507148863,3.001788291493179,2.157271381423255,1.682440293355312,1.3031209600699107,1.121665448470584,1.031061918135558,1.164666891151564,1.3531475956751209,1.7435386796457064,1.127680459348292,1.1124710984945552,2.461589625133353,1.1683983742703667
15.0,22771,smooth,7.3604019957403635,4.784971434334565,3.767401918616034,2.6953351645417927,2.0196963674440402,1.5311344988994953,1.2647351965780531,1.0945455300517917,1.1129070533166425,1.2533504588897655,1.3727715518008536,1.8886295006496268,2.677249509073972,1.0810606375215805,1.1188545257150313,1.3802407465635174,1.1713168682775763
15.0,82482,smooth,4.681106874037535,3.15066213804938,2.45467796889109,1.7843865220782396,1.4434900625300207,1.1804522675846376,1.1048932686663995,1.1625377297444475,1.294787369772408,1.8257228213934513,2.029079753729099,3.2512730585088896,4.948746734143945,1.0643436179493124,1.3649334608738353,1.8192877488126478,1.1037624356772957
15.0,22077,smooth,5.448646575252274,3.68664781102966,2.8799004471422767,2.0164664351211226,1.6349725322737512,1.2772808185500217,1.1600328486346987,1.1572630806745743,1.249768553967792,1.5110465556295896,1.8065228971411387,2.6498168683774486,4.171446442089114,1.0656422419628886,1.1718274384858651,1.8295705165268668,1.0982917451264815
15.0,22705,smooth,11.332799729079417,8.880648354597229,7.250221902983745,5.35077903129737,4.277682827266888,3.210211456266938,2.4226690164799054,1.920885565670868,1.5744333059999522,1.2652816888978522,1.083722417690973,1.1290298165213115,1.3994771256690313,1.0609831581095062,1.1225798962927045,2.1612040289863472,1.4398821662996473
15.0,85099B,smooth,2.6022376885223983,1.8360100276641902,1.495831231252529,1.2493650775741691,1.1715503443651618,1.2788951490153668,1.3939576123800608,1.9406451628501489,2.456258720613182,3.517545054374726,4.375358696919441,6.779645920942429,10.789663645580323,1.087669999908664,1.2045821600633126,1.5218995181198034,1.068061346911298
15.0,21212,smooth,4.526304896016971,3.043867571321375,2.353366770076721,1.7056802305281102,1.3946269936784812,1.1639372350707375,1.1352592183478314,1.1840253458783874,1.403610639870864,1.8306423594768446,2.3389834832380973,3.3913005112809587,4.846196741831835,1.0957142072882975,1.1361969174427702,1.6742020500282317,1.0836186879142187
15.0,22355,smooth,6.085768998488621,3.9968325078699145,3.100069169196094,2.190899792857195,1.7558173418236105,1.3407432099764152,1.2082378506243638,1.1317275143517764,1.227527119163601,1.4452973261551305,1.7430220597914972,2.3910838899931934,3.8889940618776233,1.0915054712544427,1.0978535984128954,2.02707190281165,1.2058105987121246
15.0,21931,smooth,4.331536907234974,2.8978789629553114,2.2862351572502817,1.651219454627613,1.3514791182997041,1.1541860376815054,1.11924666178878,1.2455171158758112,1.4480683487965094,1.8940886236115044,2.3948476150633433,3.6616086240311057,5.374498571353801,1.0971878491585874,1.1261459414053807,1.8805626924202692,1.1103937189053237
15.0,23077,smooth,5.064433408211318,3.466836044277247,2.6988856261333187,1.989925302443909,1.5462258789141787,1.3514980107716041,1.1003443936236434,1.2494045846978266,1.1857391269046516,1.7269208909578078,1.7449694173049344,2.427924301063629,5.144641938888733,1.0795082410890682,1.0812132939998376,1.5338304148962076,1.211737800752388
15.0,22037,smooth,14.967106292539183,9.728062552634688,7.6383438998986035,5.375469014371858,4.079758904370155,2.8048480286056585,2.222948646952979,1.578758174195696,1.3761700432122155,1.1681638950205473,1.1322697227638026,1.181477115320011,1.3927604199423487,1.0435312832202535,1.1553185386079752,4.018544858942869,1.2960084691033424
15.0,23245,smooth,3.0427998865893087,2.1603459334585287,1.67017203192406,1.2952577609656812,1.215161306345538,1.0923522753251222,1.274434126621987,1.5391148104304515,1.8387195698538583,2.508771897349136,2.8162160627917587,4.506677069845374,5.252557833744738,1.1181266750521468,1.136439293040452,1.3743447493719365,1.0881629288341743
15.0,23192,smooth,6.979055962019479,4.6015170208590375,3.490989251102203,2.4991799887248454,1.9861566846544143,1.5221665547901284,1.2319775646915143,1.1702335907118724,1.105925206471589,1.2224793090905002,1.4926505239447045,1.915771341855952,2.9139875673290505,1.063168368565068,1.1412556922657686,1.7099860123076704,1.246531514808329
15.0,20725,smooth,3.9257626742900156,2.648218162508281,2.07169285259492,1.5290412985814488,1.2626720731264063,1.1152487426887783,1.085645333835141,1.2832708909574133,1.514665133748012,2.0269757250645073,2.600781272958335,3.7401055342316067,5.783173605615426,1.076951210395663,1.147007689511795,2.2947430341993784,1.0940099141342146
15.0,23203,smooth,2.8884150127319788,2.028158238061805,1.7042835511217762,1.2411166285929853,1.2351080384369535,1.2289155419212185,1.3401646774041436,1.621799845958775,2.097204204172736,2.493321278123002,4.164576936780221,4.959106901466011,7.952417700594159,1.0425813300988167,1.1552852775361788,1.7890725041653996,1.0431813180479728
15.0,23076,smooth,5.346185721178814,3.7647195323636327,2.898107870184498,2.140143576445801,1.6990787976117245,1.3557218786488043,1.1888667479456196,1.1315724530650875,1.1043857484355022,1.5020350432607832,1.6182516676304708,2.0427340668083525,3.803221445856803,1.0787681450350464,1.12763496664739,2.12678779931711,1.2604708040354629
15.0,22386,smooth,3.7085223236587996,2.5346024615994285,1.9873536857592746,1.489694713610887,1.2909141306936873,1.1947481803599007,1.1930140153918471,1.4203192617309612,1.750880151431157,2.3664832095647834,3.121375106185199,4.634870480410283,6.297986960563392,1.0968873772941803,1.2300539410253224,1.7098057153456832,1.099642817243422
15.0,84881,intermittent,7.284396059535034,6.335158179704176,6.019333267774609,6.022271841178206,4.448069391981397,4.450640643709543,3.5106592701000157,3.2068090447901056,2.6240864681008604,2.0288014901112374,1.481562187270426,1.5752292145100721,1.276154170981008,1.0143990096776205,1.276154170981008,1.1399478229683069,2.2998866219710417
15.0,47505,intermittent,6.2885925933958875,4.003478369314438,3.1847801235006363,2.4057754124745947,2.101986981192948,1.5304951502548905,1.4318934565267092,1.2101761054373357,1.1718155388851688,1.4111904264865756,1.309964366822016,2.4637310639436145,2.3975760763379634,1.1529678198875246,1.163852974055468,2.1021948338669767,1.3570095603192978
15.0,22172,intermittent,8.08008249639466,5.406610049466822,4.286077958059164,3.1854928332549375,2.5027292040338462,1.8532691005515267,1.467608793412694,1.2664618040658941,1.2799682626652127,1.319283273804293,1.1713686854850809,1.691721414430667,2.5863472601996262,1.0148503848281067,1.2784046561874884,1.2743728775011238,1.2551702392705586
15.0,35603C,intermittent,13.444508192601091,11.073366809782241,9.491784865571315,7.121056016140802,6.330829244110566,4.754767967302396,3.1738412231788296,2.389050185206691,2.3896083186144423,2.404386720584896,1.6219980829330776,1.6219980829330776,1.6219980829330776,0.9999999999999998,0.9999999999999998,0.9999999999999998,1.6219980829330776
15.0,90175D,intermittent,7.7687934156605865,7.1396157908179125,6.7214506439150785,5.46723591658671,4.841356673960614,4.006289590365549,3.8194184631172536,2.778532099114833,2.3879470418101874,1.7923146658935543,1.5111376484962267,1.385391859772162,1.0694765615832262,1.0317907903002024,1.0783190330574541,1.6222288182196576,1.96655369103581
15.0,84906,intermittent,5.294591745125572,4.539489422435026,4.289067010427936,4.040452567850648,3.794193964227343,3.044789484588292,2.803242558872954,2.0732326603899542,1.8454920466840081,1.6126562464031673,1.422225547294031,1.1790985474551694,1.274592205520132,1.1950415506088727,1.0921604014640551,1.695263921180454,1.5866324440045119
15.0,90014C,intermittent,5.260108011636949,4.968222013602059,4.676654638688319,4.38519347148163,4.094688173638393,3.80503253745156,3.239209643873283,2.968777602662558,2.3946705079343564,2.1232825973601783,1.588366146533546,1.367745519929425,1.21265504857535,1.100684906283708,1.1424245351544855,1.113402612069146,2.6660584185085345
15.0,90139,intermittent,6.943043872382775,6.076378896122419,5.212186139090857,4.3491470843660665,4.351784118210113,3.493359872712405,3.493359872712405,2.652076347201004,2.652076347201004,1.797113208623608,1.83732797474533,1.83732797474533,0.9999999999999993,0.9999999999999993,0.9999999999999993,0.9999999999999993,1.797113208623608
15.0,90027C,intermittent,8.307874398090073,8.307874398090073,7.615924563994659,7.615924563994659,6.233069386557681,5.542089436733702,5.542089436733702,4.852377797110832,4.852377797110832,4.175722291911139,3.5003350969125564,2.1497845263626427,2.156648322745114,1.0,1.0,1.0,2.8165173694007204
15.0,22957,intermittent,5.753434197732759,3.930932584803968,3.053120582994924,2.340874161875658,1.8942610088081255,1.5862713706741385,1.5255689262733874,1.5456727810130035,1.5111761716203445,1.665512800061243,1.6847809334110788,1.6847809334110788,1.7017341387466063,1.0299068868771137,1.2711052533419551,1.5478885556420818,1.5603441094626394
15.0,90065B,intermittent,7.144769332690917,6.0469916887496975,6.0469916887496975,5.498509395326427,4.950298120934714,4.950298120934714,4.40642315104794,3.338593110093953,3.3467236810407126,2.8166706817634304,2.2784871115393877,1.7511443025776912,1.872018790652854,0.9999999999999934,1.4113466634545844,0.9999999999999934,2.8085401108166703
15.0,23047,intermittent,9.366969612728012,8.431807197998419,7.030489917242265,6.098376921925455,4.706994846352886,3.7686846438423545,2.868344631439386,2.42166670230738,1.9691850394542694,1.5816264995830034,1.137801253127472,1.3526377691764853,0.9999999999999993,1.3549986100121887,1.3549986100121887,0.9999999999999993,1.9776447191155402
15.0,90003C,intermittent,9.75906679891328,9.129975419379878,8.50097028763638,7.558497563499936,6.301953512441244,5.360903876838156,5.051791797835181,4.119884427961534,3.187243951873733,2.299840441588685,1.9870628315149426,1.4418474276596662,1.1499849066367673,1.0101772392082473,1.0549398421665435,1.2684031221700007,1.983354176549226
15.0,17084A,intermittent,8.774102922469629,8.774102922469629,8.25847529766837,8.25847529766837,7.743778107467741,6.71450250595167,5.687404517330688,4.149825988933202,4.152989466575339,3.1328202462569097,2.6503002560533395,2.1871847763930936,1.740056934678968,1.000000000000004,1.4581188478900655,1.000000000000004,2.6259030730360053
15.0,90123A,intermittent,5.012940633876479,4.700197871819345,4.700197871819345,4.3890893547478935,3.456717113108521,3.1488770860084365,3.1488770860084365,3.148536618303086,2.544909120872329,1.9416901846879941,1.9588497570376677,1.4123527405647522,1.329221398996109,1.015525327363992,1.000000000000001,1.1054877671956143,2.2387714322989978
15.0,90124A,intermittent,5.738382705581939,5.738382705581939,5.135989051149249,4.534363824220415,4.237064022202204,3.6405982370849848,3.0485234662755207,2.7641771564651894,2.4791721945086946,2.18714160965979,1.661371154897444,1.465723334103783,1.1877439950396982,1.0581809395777706,1.1877439950396982,1.2627740729360697,2.1667233931287244
15.0,37506,intermittent,12.512879991163215,9.908730702867,9.388059488304592,7.8279722250789385,6.79286220332979,4.718676082410612,4.220781483893821,3.1815920682260534,2.6903831430758856,2.2089194367313043,1.7689295685593378,1.309449262776197,1.4633330667062792,0.9999999999999998,1.491322241647907,0.9999999999999998,1.6998065049383133
15.0,90024D,intermittent,6.178325262118576,5.664130894729418,5.664130894729418,5.664130894729418,5.152494240443838,4.642616013916968,4.131778644976256,4.134815929286755,3.6382058394846957,2.6425878038459727,2.665447364709201,2.188659551459871,1.7631858573510766,1.0000000000000064,1.3591330104847468,1.0000000000000064,2.6425878038459727
15.0,90064B,intermittent,5.396747166091671,4.947203055692459,4.947203055692459,4.947449482503696,4.498336619024149,4.498336619024149,4.498336619024149,3.610953671759487,3.1720675209462788,3.1718210941350415,2.742360768851651,1.8745071463775258,1.524273040906851,1.2885657959586019,1.0000000000000027,1.0000000000000027,2.722646623952686
15.0,90035A,intermittent,5.1227807563599725,5.123090209060487,4.338159835918104,3.945539922996654,3.945539922996654,2.77139361663848,2.7848548091108634,2.395174696844302,2.422715987190098,1.655269691626786,1.655269691626786,1.3918462811701642,1.0000000000000013,1.1705084379835182,1.0000000000000013,1.2778093627433378,2.0382965708322835
15.0,22157,intermittent,7.725294987185304,5.220494067465365,4.335507590443936,3.446942311576771,2.921607385041565,2.2319938457986948,1.9164641280367676,1.4390472399220362,1.5118942531931803,1.244678360348685,1.4770440552671398,1.258281348782668,1.258281348782668,1.1596629617290484,1.2013431819791542,3.2233347455293,1.410684399125925
15.0,20837,intermittent,5.698811748704065,5.319462283086165,4.561316239878465,4.561039795864414,4.183348994330816,3.805347193281412,3.4283475017829397,3.437366487741332,2.6909347596290156,2.3472465718236104,1.5878565305526842,1.603475617346529,1.355609835911327,1.1964134719827726,1.3853292327471258,1.3853292327471258,2.679116778028363
15.0,90187B,intermittent,6.647867481407113,6.173261975317722,6.173261975317722,6.173261975317722,5.699182565183514,5.699182565183514,4.28243911475726,4.28243911475726,3.341411817436898,2.8829399206398216,1.9513823505127748,1.9513823505127748,1.5559835132316702,1.3462965481305782,0.999999999999996,0.999999999999996,2.4135953741022718
15.0,21277,intermittent,5.637940772977463,4.9692019090560535,4.439419732469348,4.172699066751261,3.5123547345433437,2.982680180158094,2.4815255091584287,2.1017851066562985,1.5888996156980344,1.2923511749206449,1.124427690138277,1.1339896408115149,1.1435351662284925,1.14582808297157,1.1072829095944117,1.8070096129425093,1.7119282172173949
15.0,90197B,intermittent,9.600790085594143,8.338648190606904,7.329329255980275,6.57372578717856,5.819437589587393,5.066652559093994,3.814328224214058,3.0814131837942935,2.828590223433681,2.1099082964709166,1.6177439056578076,1.2110251695585033,1.0261735464001316,1.2430993481969215,1.1067339080461887,1.3795876220538839,2.1091567129220326
15.0,84563B,intermittent,8.70632958380899,7.562742036953884,6.877836640882307,5.966813688678742,5.74199963213814,4.376698243986806,3.4782523013541766,2.6002395955594824,2.164280613328482,1.5654766497257184,1.3424240791194215,1.271211596050188,1.354129132232616,1.144160008863496,1.0587499491637673,2.1182352873247194,1.9404177591924041
15.0,90016B,intermittent,7.0367716586033096,6.284322815779085,6.033480524011052,5.532186102874349,5.533122492632815,4.78699428067824,3.541132297184404,3.0491237411524934,2.565230563027293,1.8652975791570658,1.6121143129928672,1.2435531401187951,1.0379696866766435,1.2545878508018986,1.0000000000000007,1.4473923381285227,2.078840345546181
15.0,90023,intermittent,7.256673095904936,7.256673095904936,6.493905012364367,6.112461677438256,5.732085619317012,5.3501086459884695,4.970799864672091,3.83992940626624,3.0849287261388643,2.725779617803293,2.3644366627021633,1.6504668464063115,1.3016940403402735,1.1615145564697549,1.1615145564697549,1.0276794402726162,2.7260167904265966
15.0,84711A,intermittent,5.349874052134135,4.841239621049066,4.8416099738426706,4.588727875375354,4.590579639343377,3.83609981286948,3.5809955976405363,2.8483665859893117,2.3829708435575823,1.6799700553947279,1.6875622876636223,1.344753319915024,1.1552941373524988,1.1611271938517704,1.1552941373524988,1.6402236633102296,2.3719528479478456
15.0,16156L,intermittent,8.471799352839179,7.725338940240023,7.228718102753846,6.483595701978346,5.244815204183335,4.0110044645904726,4.017025517796922,3.2839452234343214,2.5736111300738633,1.8709228185628664,1.6575918517810586,1.244596753273352,1.1136490859194745,1.2313941264011607,1.2223147604549278,1.4218423603620882,2.339540980025395
15.0,22033,intermittent,15.25888027920058,12.091859371294905,9.125850026969815,7.543923452623019,6.165929954911329,4.601097728020901,4.01794209436917,2.670914810989787,2.3033418252790137,1.776035428177337,1.6511352078152524,1.3685201865390648,1.1341815724489213,1.0552794394447276,1.0301714516015583,1.2603078120399216,1.7303582859877684
15.0,79534,intermittent,12.124949653909555,9.852914675314429,9.095219508954337,9.095219508954337,8.338727112425069,6.824920172899893,6.0761163683271535,4.56532396584632,3.822808059249909,3.083032640875627,2.3438357700149064,1.6379815058567562,1.657301947822766,0.9999999999999983,0.9999999999999983,0.9999999999999983,2.3387506418694004
15.0,84816,intermittent,2.8973819908768577,2.73832137236331,2.5797304916255572,2.420904741999907,2.420904741999907,2.4298297597400036,1.9695584641279662,1.8504255565569572,1.5830359993156753,1.2056734211313798,1.212430237473317,1.0472086464673522,1.0265401843323918,1.077326245525291,1.244318024820262,1.3621134437305307,1.8210669455697965
15.0,22827,intermittent,2.3168630123649105,2.0546198033297634,1.8020153831175152,1.7270957063577062,1.678414954726901,1.331661960860676,1.1904391003797088,1.151981306591373,1.1247687664297534,1.4252263654950852,1.619121799240579,1.9709862720280382,2.7480284295589446,1.1086554376399564,1.1873722130269693,1.1622529451854744,1.410281374744426
15.0,90011A,intermittent,9.689295985487234,9.689295985487234,9.689295985487234,8.398577227906872,7.10820769792002,7.10820769792002,5.819863687975528,5.177123516136675,5.177821971323696,4.54136789616803,3.2663643802956353,2.6464636930723624,2.0213245919464335,0.9999999999999996,0.9999999999999996,0.9999999999999996,3.272440940422716
15.0,90162D,intermittent,7.822609945175394,7.264092944648784,6.147600862171022,5.589806419745023,5.589806419745023,5.03309581446994,4.475783077444349,3.9321989443303687,3.9321989443303687,2.833770814367884,2.833770814367884,1.7869453754240445,1.799951421235044,1.000000000000002,1.409429179100518,1.000000000000002,2.842080232524912
15.0,90054,intermittent,9.743996013507804,8.526363794108358,8.526363794108358,8.526363794108358,7.918677783759494,7.310200703865029,6.095450237810278,4.883299000262505,4.278325228355706,3.6913765410951296,3.083351500941008,3.0913752063321165,1.926575131585387,1.0000000000000058,1.0000000000000058,1.0000000000000058,3.078266053862137
15.0,22049,intermittent,9.756100113329964,7.32317742484932,5.864667546884984,4.411445658393654,3.6911591495577016,2.738067512596548,2.2622620126421915,2.0672765852279182,1.5864792232110454,1.4721250592811461,1.3528213372045128,1.232206193738575,1.0841424884944482,1.1966286005642,1.7323230861374472,2.528511725977486,1.59680137866235
15.0,90019C,intermittent,9.139612943374406,8.530759165508194,7.922211976623118,7.618061017773035,6.406362606070883,5.193805745221551,4.285399843222302,3.6941442728733183,2.8014970445044782,2.506543755088486,1.9319666253133212,1.6552860391730568,1.167412273263261,1.0567189615102317,1.0098108473963643,1.0914714624082977,2.2087698470460397
15.0,22824,intermittent,5.601644248114426,4.672938937261195,4.213896850986463,3.7536292487536036,2.854744826214792,2.27223726261665,2.005493799980114,1.4609772310839022,1.3277076260954785,1.1624777353237778,1.2205928724628188,1.418825334147689,1.7424689288808655,1.081088305896054,1.1788179480988021,1.9869593625271587,1.5593196312657127
15.0,84313A,intermittent,9.551943551943552,8.491952953491415,7.433115740808049,6.903944288559672,5.32087870549409,5.323350246427169,3.735753504984274,3.2280844588536897,2.2035192804423573,2.2399333168563937,1.7268268806730345,1.267682421528577,1.4813883275421742,1.0000000000000004,1.0000000000000004,1.0000000000000004,2.2031073569535105
15.0,90003D,intermittent,9.145548098434004,8.166308724832215,6.86165548098434,5.8843400447427285,5.234675615212527,4.584519015659955,4.263579418344519,3.9440715883668904,2.979642058165548,2.378299776286354,1.7565995525727067,1.4676062639821026,1.1733780760626393,1.0375838926174479,1.0677852348993264,1.1780760626398183,2.351275167785235
15.0,90122A,intermittent,8.740912749083378,8.116913679604735,7.184142308189017,5.627654957891344,5.626465977385253,4.702357178228196,3.7796072139352423,2.8516483826632246,2.851138819589186,1.992254093909105,1.6852369536714968,1.450521151828075,1.2550983248049816,1.0659034909090266,1.2861816723213544,1.185334025522625,2.5651836197451847
15.0,35265,intermittent,9.780490045590087,7.685619791686604,7.685619791686604,7.685619791686604,7.685619791686604,6.290781309212567,5.593337186735619,3.512052089832759,3.512052089832759,2.8290888489938406,2.150106606543383,2.150106606543383,1.5051619003142696,1.0000000000000004,1.0000000000000004,1.0000000000000004,2.150106606543383
15.0,90000B,intermittent,6.794684732213098,6.115745313622171,5.776388973176075,5.098658822311735,4.75983153649602,4.422289097639807,3.7486402253527005,3.425835736914275,2.755890247039845,2.102194292241438,1.7969997650714482,1.4998166365901024,1.1945465301872014,1.1042993414182005,1.1511584658234812,1.095602144960978,2.095014265114823
15.0,90194,intermittent,6.289003398050508,6.289003398050508,6.289003398050508,6.289003398050508,5.9401687857951915,4.900336614393058,4.9003908555748765,3.5124292072810808,2.8243064307707035,2.1462182728969577,2.1895569771708447,1.5128248488425884,1.2060271524974873,1.0916229280666239,1.0916229280666239,1.000000000000004,2.1435604549877953
15.0,20836,intermittent,7.2538333131121275,6.872626483643834,6.491697451709668,6.111532362994357,4.970967647464889,3.4510249362334724,3.0739156203935747,2.329257853846701,1.9524957849244635,1.9780531580642868,1.2495307982913777,1.2609204971906467,1.0,1.203857090461309,1.2651808961201778,1.4584593672296506,1.9780531580642868
15.0,37489A,intermittent,15.734680672689816,15.734680672689816,15.734680672689816,12.738349412123098,11.989210555919126,11.24172624536378,9.744398562392794,7.499469149497847,6.003208915332424,5.255318974230964,3.765943784861441,3.032667217908178,2.2965832605962766,0.9999999999999998,0.9999999999999998,0.9999999999999998,2.2965832605962766
15.0,90003E,intermittent,7.1195462478185005,6.745252027512577,6.745149368647984,5.9971768812236945,4.875782773842522,4.876706703623858,4.5066728261985425,3.3923108510419877,3.393902063443179,2.323529411764706,2.3326660507134793,1.6248331793450361,1.23426752900113,1.1212401190842844,1.2815932655784843,1.1935119597577202,2.6632275947028026
15.0,22929,intermittent,2.934464719693537,2.711084565638258,2.269143633892161,2.269143633892161,2.050047369938625,1.8470156938666227,1.6407711002183136,1.2791531078798861,1.3053919347530587,1.0000000000000009,1.168142686493389,1.0668534003377699,1.145569880957289,1.0000000000000009,1.168142686493389,1.0668534003377699,1.430242616468262
15.0,21672,erratic,8.347495010510926,5.345834146033922,4.161631863379612,2.989167932509402,2.2973577872477917,1.6208205025149387,1.3984833529366563,1.179938806108355,1.1145464539656815,1.1808864642500394,1.6221503762064926,1.948974224092586,2.7235596482828863,1.0905575027533307,1.1395973339480294,2.0720830944486166,1.2491020889852962
15.0,21578,erratic,10.080793293413173,6.807582275449102,5.557110419161677,4.246143233532934,3.300794251497006,2.3663271856287427,1.9204119760479046,1.466628982035928,1.2624728143712562,1.2354165269461048,1.1881619161676629,1.4048670658682612,1.6817302994011931,1.050989221556885,1.2314673053892213,1.6553619161676638,1.4837441916167668
15.0,22983,erratic,13.55534083218407,8.351740001552626,6.695145459063074,4.716536920049168,3.5149299261187736,2.45002376396361,1.9343851777113732,1.473195879550166,1.3301570173779913,1.1785383057328216,1.1679585355947184,1.2323697064341326,1.5361692880034206,1.079135824010875,1.0990992569533018,2.6584713237221305,1.2588310563489447
15.0,21440,erratic,14.825757925338008,10.45304785196807,8.439650531432175,6.0875363388860695,5.08724408964361,3.08805931121468,2.772706997062126,1.827034593081384,1.4960546352268012,1.2402288773014631,1.0362696691430946,1.0925507206251057,1.0244412655930357,1.0956270284404657,1.0585113746481474,1.0244412655930357,1.5502899420115976
15.0,21471,erratic,9.291794493417733,7.316599355364842,5.627334860782105,4.234495747737952,3.401518387635432,2.390033396761291,1.8506368684711276,1.5031455089122758,1.3047163216962443,1.1344899227214482,1.2512426701875663,1.463079103724129,1.9909323909751102,1.1423051531979334,1.31010446196264,1.9994757485146235,1.4453225117471162
15.0,22678,erratic,14.451055636613168,9.936108834835675,8.196590250434713,5.7267603381768035,4.437264738605854,3.2964909826181383,2.5953803822810277,1.919046762470103,1.5560330182079822,1.1891018594394365,1.1783489563554725,1.0278482867973795,1.2642322733662472,1.1213998760817847,1.1293013277903239,1.809372480829321,1.535673122405879
15.0,22952,erratic,5.556521444334597,3.8802418129504255,3.1327561198399754,2.4031261230578234,1.9995036727766986,1.5706696792401416,1.4743268142460684,1.5021381454547582,1.601834687678599,1.9963997255655066,2.2100804551351954,2.348976890127294,3.2371282748534,1.1424707518260948,1.5399593763552204,1.4423815113857636,1.153535067151865
15.0,21238,erratic,10.542718778151329,6.68991272229124,5.305177685796322,3.7702928032689393,2.8440066493563583,2.03120124116085,1.6170206251729553,1.2702345134567035,1.1484530629628102,1.134142325272854,1.1850453267075283,1.584437601442917,2.089497039387816,1.115404407651863,1.168901109469053,2.1490410638970148,1.2944184070198985
15.0,84510A,erratic,14.899117558794591,9.41741026488431,7.846414204150474,5.52877715605496,4.216469703358443,2.9187948960481975,2.2786660436776107,1.5956801027172198,1.3357683088506231,1.1409360790436358,1.1345390450793356,1.1432153072969498,1.402819405349351,1.08926597454102,1.1396901009318252,2.061599942259556,1.3007479667384618
15.0,20975,erratic,8.397977572974934,5.746778184805383,4.329630318646674,3.233266647468746,2.458169152947475,1.8331470484324472,1.501546001983117,1.2575318671078433,1.2110596350718206,1.3505383740012595,1.5590041310569727,2.221695051179239,2.9734366616944934,1.1120972050506786,1.132961520685508,1.4083674459345261,1.2179851532748656
15.0,22379,erratic,5.782871791490133,3.7706384872813596,2.9797448029146536,2.1242048170922696,1.7087851761486335,1.2831210537595406,1.2413396198420676,1.2635869368106942,1.4449209515488222,1.7567760760975284,2.1304884683229193,3.256414382037286,3.9267950345373306,1.064996785308033,1.1878530803343283,1.3638995037834436,1.1369791786874166
15.0,21259,erratic,8.092752459409892,5.224390557161586,4.181495575202791,2.991262887519507,2.320121182248474,1.6965008096614842,1.4584579279881513,1.2541789484165702,1.2301921557038609,1.3236190256899774,1.459011598867772,1.9976724336841603,3.1229798749534368,1.0985886924468098,1.205110127270544,1.8352927745228649,1.1666019407823904
15.0,22902,erratic,8.781017324465147,6.681771382841841,5.213350689840073,3.96132309392086,3.1321183006528375,2.240508835952058,1.8804091904556195,1.4600856321246705,1.1562861553677584,1.2095207542668405,1.1029681711160084,1.2083927357460287,1.6842138787970742,1.0915003688643734,1.1701675003271719,1.4500029532312393,1.4399052186491341
15.0,82582,erratic,7.67202601939758,4.890902323438992,3.9170599966723167,2.7904851843305116,2.176026266026941,1.6128898296670635,1.3221596027453837,1.1823556640200859,1.133852645303909,1.2113191995970505,1.3980203460155534,1.996364483739915,3.376465665248702,1.1536695864741928,1.1869282811792323,1.8168364434776767,1.252671780296762
15.0,22070,erratic,8.798139063376839,6.238011621802647,4.9923154903061135,3.901015550044351,3.0004254086638547,2.1601527850690605,1.7774479100667977,1.4356727792762616,1.3269039300519536,1.3893846961495975,1.2830958889230821,1.5259227747506365,2.1446298944624496,1.0659111891529849,1.3315472203616883,1.4453847685595862,1.3167212758639417
15.0,20692,erratic,7.547048140555562,5.293667019798302,4.433970804727378,3.2337424156955548,2.532465638457411,2.015219514879683,1.5609647372838213,1.3858646451027063,1.2418722397259332,1.3002242615191995,1.4710317405720712,1.6216776962976198,2.724480277368852,1.0599933959798034,1.2946149718641227,1.3384615384615395,1.3674146636765132
15.0,21889,erratic,7.833721165042681,5.176556847069748,4.028395697804552,2.875382405839934,2.227461882087837,1.690761301378265,1.4012520075716828,1.2328896387597683,1.2186408338664834,1.2790897372746854,1.504156687785094,2.0022930195954056,3.2766230898580613,1.1013533533760231,1.1941196786375499,1.6322694854765998,1.199736161202108
15.0,21115,erratic,9.350498537764707,6.499621934677529,5.364846977855705,3.7918180431470123,2.91145070471048,2.1831377945588115,1.7464485642538832,1.4018219304130182,1.3137860166676782,1.2784578215236444,1.5422785283499778,1.8303380609267441,2.6626197548562134,1.0501309697006473,1.296135860766989,1.4239908280204625,1.3435949501626252
15.0,22365,erratic,7.301010198784109,4.9804187137123135,4.060124952007262,2.875956580387429,2.243236797350775,1.7268244662047558,1.4766058638081494,1.5018499812519597,1.4591478585447282,1.5505714347726594,2.183334376970074,2.5239137924453576,4.0613244274114155,1.0356549552329732,1.4142638282075792,1.6790355499262906,1.2361818961540694
15.0,21918,erratic,11.971051745530955,7.914260842505148,6.373405147175108,4.389750174442564,3.383970046327183,2.347813672102397,1.8523121929541642,1.4253995173991931,1.271412930912809,1.159987637393002,1.1985239976850557,1.4924116776471485,2.0048163719234493,1.0968724474844282,1.1849164858000063,1.7326137022578634,1.3048842217197572
15.0,20977,erratic,11.390302294004144,7.563476543466537,6.00635382626378,4.533520006756624,3.339997921038441,2.3917088414337035,1.8504804350227058,1.4218797710543583,1.2719216751232758,1.128954087433326,1.1414246084081,1.3748010368820798,1.6465960252853677,1.0932511710400643,1.0955575190192492,2.6065013025993538,1.3629282173554305
15.0,20718,erratic,7.793774075349974,5.038939866865707,3.953999770338125,2.7635161233075487,2.0903545492189757,1.5613353794118572,1.3458551251135262,1.1671903653363682,1.1097592378009524,1.2584705215064433,1.4479659265290772,1.949627495398065,2.855742764781,1.1422389944985534,1.1365513833648253,1.7242804797845346,1.172296862331625
15.0,22349,erratic,9.182796870025635,6.383958043598464,4.994462224158442,3.8327859787872183,2.840627670447881,2.135193780265075,1.6730450227040425,1.3661634355992693,1.1518406192925723,1.2534558737286572,1.7590941840786887,1.5080595164290163,1.9915383455371052,1.1141234228648984,1.434602302240244,2.0098691375814774,1.4090414034617378
15.0,22107,erratic,9.995906756566018,6.996330195541948,6.131266082538028,4.654571512328589,3.4854456423786413,2.5010911696687406,2.0691074123535604,1.5836291977460015,1.4003018359879684,1.168278991998089,1.183674798866485,1.2168767575431862,1.9550177518647602,1.1638925985038509,1.1564118432624335,1.7791494305288644,1.4054916777955113
15.0,22274,erratic,8.53850460332317,5.729661534948496,4.528380386779093,3.244452474949773,2.4906128451291947,1.7943199567917714,1.4920472210311821,1.1991758674146178,1.154101465000108,1.1256211316266427,1.4362218017667783,1.7266346825708627,2.4721909271611593,1.0817409309580654,1.2216546923414422,1.5117879183062912,1.1994905569141614
15.0,47590B,erratic,5.675021212055713,3.703611650792234,2.9070623938917186,2.142583526892542,1.6835757628357764,1.350013183129413,1.1784061437442797,1.2306253806676637,1.3998267595253462,1.5899524474701954,2.0921720190464734,2.944584334228917,4.333175095548879,1.0808824763787181,1.1956480092377366,1.3496811635738328,1.1834743794685079
15.0,23184,erratic,8.92397429749182,5.456125190555694,4.620913730630273,3.208219736523565,2.529572990334184,1.7349160037758227,1.4284846377974105,1.2564294200180612,1.0597825405798702,1.1961765507160136,1.2629553134942124,1.4308263866946436,2.0561445841944486,1.085186228405612,1.0898011228521052,1.8222434482153562,1.2284854293745022
15.0,23174,erratic,6.0636901646604136,3.7093732729688287,2.9963431773347633,2.2866487451917625,1.921254698439771,1.4531334521591777,1.533105563465079,1.4931778837531888,1.7363680282839666,2.3089770851556777,2.3686932939036502,3.0789180504265663,3.4048622217992994,1.0415867276167607,1.5102955762382466,1.352421595072264,1.221626913687786
15.0,22894,erratic,7.6531441563059515,5.27963247446349,4.635883981855663,3.6995557040591764,2.6872865999179316,2.0761596870448944,1.6282625721520945,1.3813441046513393,1.1618158357836714,1.2028179492281537,1.0539555278545136,1.306416838776044,1.7754299130434146,1.0773636824821267,1.1896740998503539,2.219569250751755,1.2782043865962383
15.0,22972,erratic,9.247764597770372,6.181588384864292,5.129349607952826,3.9620348293124863,2.93147643628406,2.2485446684569785,1.6073817271362059,1.3060284797188106,1.1422739904184998,1.0884348355426685,1.1260638360008464,1.3711734677321996,1.5001570525009622,1.0800396654911524,1.1500201831933055,2.405329790782703,1.2818209783202654
15.0,22694,erratic,8.09926048525729,5.548645437403713,4.361009743214547,3.099099139289899,2.483079492258368,1.8241901473378654,1.5768594193329635,1.3814523516360626,1.2537488772699965,1.5336313400786352,1.7385994575206567,2.71949743333512,3.2414791484501926,1.1128313912334853,1.1971632850931204,1.9130902883111167,1.2224507337152104
15.0,85199S,erratic,16.270366068479092,11.127035079127083,8.715331364861358,6.399458035501575,4.797911317798701,3.5351561773502325,2.6523438780019712,1.9925150535853615,1.5590763001347052,1.2434155232377413,1.1554560003117444,1.1236417676217056,1.487404938125091,1.0963619874718042,1.3271782420671456,2.2697773424388465,1.3995543483362904
15.0,22361,erratic,11.280652936583964,7.349531826516268,5.847069052573958,4.1503551805553585,3.2456674683659124,2.2002133757410736,1.7532458595039113,1.3364171751348446,1.2785139358818887,1.1322462941727627,1.1973783281136365,1.458563579364291,1.7348658949590485,1.0691767088804056,1.1407535343716102,1.6954851066931167,1.2208837410254514
15.0,23177,erratic,8.494565415678535,5.601223900893879,4.559992703029901,3.2433605864110513,2.484505547355677,1.808693344831589,1.4890761040813278,1.4300104479344597,1.4591485762616299,1.6154463589777606,1.567419028507934,1.9612298711421428,2.5145524801406363,1.0087165624637222,1.4437884542032204,1.1725932436690498,1.2749166652846646
15.0,21910,erratic,10.82348110522571,9.022761680765278,6.865385603605029,5.429323464305479,4.358570835639181,3.112283579729623,2.58338603842201,2.016345165625741,1.7647294252510082,1.400289548580916,1.3589621709226025,1.3671920705194107,1.3537680844335553,1.0085006719898812,1.1370859356470864,1.1169993675389362,1.5487775713495138
15.0,85015,erratic,7.9443752917899895,6.126495849664597,4.918100097569743,3.7392253524352626,3.008098028808887,2.267111468821446,1.9214717692139405,1.4600367028631724,1.2460467044738595,1.3065274914299942,1.4178822896119099,1.5631582785285014,2.4976581899469092,1.0573888375309617,1.3629219371475523,1.8406557439559936,1.3588946255425234
15.0,23133,erratic,6.62046253221326,4.67441681448509,3.741835402791258,2.6559858094313733,2.088925332173098,1.5847083235717392,1.4882392315673212,1.3702633956959738,1.468700425047692,1.4371364503497435,2.1108905920546213,2.2076341243013475,4.299685397771019,1.092964958666622,1.3333679172663073,1.4189865792027834,1.2797181967267983
15.0,22745,erratic,8.641731954657923,5.892380475945027,4.528053660022153,3.2409006663635314,2.456408824444971,1.821109357350203,1.5246632118232915,1.2749215658319755,1.2038866566165187,1.4278637645532393,1.4049784501121567,1.63620549878563,2.149915344245645,1.1248332825764367,1.198430219953112,2.120235635728021,1.282394218269277
15.0,22919,erratic,15.214701378044156,10.529163331803925,8.658997682570446,6.231560866645954,4.738132518015117,3.2790969774655863,2.5373823539295826,1.8473527876709182,1.5114722707449035,1.2246823050296933,1.1999971195015908,1.1485555329230674,1.3921387083433618,1.0923635243858192,1.1049393003543697,1.5522429823857506,1.3239929743272154
15.0,84884A,erratic,9.498842817285686,6.775410401161148,5.384113157058253,4.139326336263252,3.088711931849034,2.309656896270867,1.9186960630651473,1.4603698323497474,1.3233182048079788,1.286181345851028,1.4306720835694937,1.8224000605222326,1.8927042030618608,1.0733768662293848,1.285525850987179,1.92240390417231,1.4382638415635243
15.0,21529,erratic,11.633400982672546,7.841949838454257,6.045197665658517,4.6651269852774835,3.68100041951376,2.7370098992068774,2.186462884014329,1.6545820347076248,1.3335046530884773,1.3185822631339652,1.2837307732011967,1.3558750595775468,1.6911082850672894,1.0739321617697777,1.3143893219471603,1.516146886922375,1.4346854415547052
15.0,20727,erratic,5.09828856046994,3.4334171229527675,2.648865880007632,1.9096030115824507,1.5622059211749668,1.2939331059056478,1.1894239667733477,1.2440543770500578,1.3990932045371807,1.8255746083277047,2.2544118719512376,3.217144104241787,5.325701221161261,1.0912782998520205,1.157114551380188,2.0589692881129524,1.1185768878969167
15.0,22028,erratic,14.839103720167294,9.622182386109117,7.674615238826198,5.8198565123015005,4.438586950188206,3.1689698396144377,2.4520099665702406,1.7683330569839288,1.4425886667575796,1.1904414727739958,1.1337116764540704,1.0791829980305236,1.4065969339323185,1.0587225787958694,1.1823444011440256,3.5732853064646726,1.3494038519767637
15.0,22371,erratic,9.5403448252368,6.227130053421339,4.925604770133106,3.572669112109344,2.6962085156540305,1.9385526186833706,1.522084192199426,1.2423629705682113,1.1013433163577897,1.1256247906882406,1.2327337124660471,1.7098167280647831,1.9021214975165592,1.0581282667702285,1.162362509361707,2.039724030798113,1.2706186823225307
15.0,22297,erratic,7.688459672216229,4.910976543962519,3.8488181335058576,2.7613072248576764,2.10929265748,1.62541435089322,1.3440912007422319,1.1806489912499754,1.2132869556562356,1.327584705319866,1.611431730080498,2.2465452244559896,2.7106537723927238,1.064975552186439,1.1577688237500159,2.058120211081233,1.2331882401662204
15.0,20671,erratic,14.926927654471287,10.1574012664783,8.17300965757843,6.195268422534955,4.822883827417348,3.4403692229419724,2.475383623000118,1.9128546638926494,1.5789913599651129,1.265751483160563,1.1978122813871301,1.1499513941255028,1.302364880211501,1.0685660812762903,1.0929326149960477,1.6825264152486155,1.5586586595680891
15.0,22846,erratic,5.649907351962314,3.812767760538875,3.010564253534375,2.2485823308241693,1.765908863114773,1.4031757331530919,1.2845011140894407,1.0816064090340198,1.2723290123282294,1.5251248371270625,1.7157764445255423,2.384912440536923,3.2324681899837318,1.0720229268555954,1.2632569575977823,1.7881970768965878,1.2579319441695986
15.0,22227,erratic,13.709752788008815,8.956475625491079,6.988621655871604,4.881559092778472,3.728833395854894,2.598530344057733,2.0555135250664174,1.5352203379804499,1.308257971766664,1.087405141989074,1.0606142405423702,1.2165136148672762,1.4789257729665704,1.0932484878057536,1.1078796036824514,2.9751286420705036,1.3153100826288335
15.0,21651,erratic,9.338604858625368,6.915350081984764,5.712573936328253,4.632157736761108,3.598760707477025,2.5564798342670385,2.1876150768982265,1.5720091490996493,1.3930704535502396,1.2683476568954257,1.1420518493436422,1.5113596875020885,1.5561464122681476,1.0645905096244122,1.3613190470651089,1.5110588667653073,1.407210510054155
15.0,37413,erratic,18.524422045704252,13.797962605294614,11.829084550109524,9.474057703869034,6.712394532626646,4.771095202227857,4.380763563052385,2.8257028566887556,2.4742688977493374,1.6861157947109098,1.4128140699176985,1.0831814522537708,1.165923241173909,1.1972974093550686,1.4997218632742046,1.0000000000000004,1.6765822697338868
15.0,85135C,lumpy,7.63750813117771,6.196183142247651,5.280814459145068,4.101645851332503,3.8513000509145137,3.075227276333116,2.7437211442351925,1.9992196954071646,1.736145987633398,1.4540990510861518,1.3023507216735726,1.1045370168710202,1.2895009367982129,1.0855789326413947,1.2696024485121573,1.5157366234013487,1.7017462380231896
15.0,20700,lumpy,11.202509897692986,9.117599263623566,8.362722107891406,6.303525438225375,5.929651881036601,4.618574576903178,3.677533779590986,2.885078462556277,2.3545922785584037,1.825766907406183,1.4786954333817417,1.1863162444469142,1.1157795385694218,1.3218156648888173,1.5069962971791437,1.7539996025808144,1.6568221524173317
15.0,21824,lumpy,7.3162052883856,5.129599790636134,4.209899133536798,3.088920992665913,2.5343358435259185,1.905057890548941,1.7211391020475229,1.3570164209196178,1.3594153818921433,1.2435375209776753,1.4927038132257493,2.089129975409059,2.0550676938934225,1.1590650870083865,1.656932912516479,1.2674729264655964,1.223900342121901
15.0,21768,lumpy,6.1391016775205305,3.9707528661437754,3.109241839968731,2.305598624864887,1.9465074195148717,1.929134060724635,1.7970567500354275,1.7419180017488158,1.9634243399632507,1.7801005639305685,2.894064647216017,3.165399502143368,7.893277141587753,1.063350652078977,1.7950715422254295,1.1325293640338936,1.149187569649202
15.0,90000D,lumpy,7.632701243665155,7.088810936550844,6.818416543543415,5.730884051002747,5.732124659442529,5.189474960767997,4.115092917689015,3.3122838456352537,2.7652299869994987,2.2746858427957934,1.7585231343105991,1.5429016039195251,1.0713387688444778,1.0457784514279365,1.1763562732719854,1.3312386698646488,2.24664809205673
15.0,62096A,lumpy,12.055931251404179,9.844989889912378,7.88109413614918,6.412491574926982,4.945821163783419,3.9750393170074143,3.2439676477196135,2.296506403055493,1.832610649292294,1.4131318804762971,1.2362502808357678,1.1405189844978667,1.0911143563244212,1.212637609525948,1.0911143563244212,1.3266681644574245,1.5895978431813078
15.0,17090D,lumpy,12.405923767904833,10.63526745973942,9.30701221979445,8.421360362547544,7.536315448733513,6.215222141296432,5.777757546330016,4.447458930161043,4.015294974508376,2.723739580804403,2.3072347657198353,1.9590920126244227,1.4901675163874717,1.2804078659868887,1.2804078659868887,0.9999999999999996,2.278769118718136
15.0,21062,lumpy,14.188084136099299,10.762416771639373,9.516763552868658,7.03205957590267,6.260712056637426,4.564592667931654,3.4874226372029344,2.591171074001772,1.9985831531902973,1.5799820844048904,1.3454216144308813,1.1725922146317898,1.0660004031863104,1.1090900859447435,1.1269515811964839,2.0434900217082776,1.71499312077594
15.0,84564,lumpy,6.751500634765423,6.751500634765423,6.003003323787885,5.258861037728484,5.27105510749927,3.7832060378722825,3.790609580233117,3.0469027966655298,2.3045025205733842,2.343262242344811,1.6147980459907063,1.6709778674346851,1.0000000000000002,1.0000000000000002,1.0000000000000002,1.0000000000000002,2.3045025205733842
15.0,77101A,lumpy,9.885930324623914,7.635368171021378,6.439216152019004,5.058115597783058,4.1912193190815525,3.367790973871734,2.690696753760887,2.0340775930324626,1.5400395882818687,1.2789311163895491,1.3602216943784649,1.3052810768012653,1.5865558194774334,1.062446555819477,1.4197941409342871,1.407648456057008,1.6542121931908156
15.0,85125,lumpy,6.486554677840871,5.67759211685533,4.872831728028547,4.474140649870811,3.8131166110177457,2.748319797442864,2.370468561444552,1.989905458529832,1.673278893635293,1.2523968520725837,1.2256372480066353,1.183583691781482,1.437580419476868,1.095313645214071,1.2980928831076535,1.1595774136948176,1.7162364054992485
15.0,85064,lumpy,7.2327989245451665,5.0827540499902355,3.9294995441300555,2.8237532445682425,2.3235374119338004,1.781686066637938,1.832962712560436,1.5262867342485553,1.8118838197498834,2.0232286333455662,2.8250769206318673,2.643144349925447,3.8678987364063335,1.0918529985208656,1.626105719811429,2.095647743603617,1.1175565370982778
15.0,21282,lumpy,8.621539782330688,6.860360755135439,5.701748329920139,4.926897452178033,3.7686194900778918,2.840731168564044,2.2550093452929234,1.795380116436089,1.6331601398663937,1.402004990118135,1.3140966365888345,1.4667584800708278,1.161114638574148,1.0108852541114821,1.3663945055043323,1.2174260648715383,1.520081201205498
15.0,20762,lumpy,12.77074986271838,9.811975024914073,7.737944639915395,6.703146291362445,5.397791291260755,3.933189611340479,3.350098639386606,2.5151619923122293,1.9933901441965458,1.6417864914885396,1.4339522870101093,1.2999247493339299,1.157782342532896,1.0214362708210438,1.321320344119259,1.1853606947466904,1.520917651365698
15.0,20894,lumpy,10.147872354452339,8.588648898483594,7.4224744198245505,6.061888469615423,5.100175434407737,3.96068173889245,3.3792134280909574,2.838722931589846,2.502462603036087,1.778430583673089,1.4919575636176914,1.5473236363921476,1.1013546187571224,1.334052698742808,1.2209661044189302,0.9999999999999994,1.8783554993145466
15.0,90182C,lumpy,6.1544596488335666,6.1544596488335666,5.642135850300883,5.129649058385355,5.129649058385355,5.129649058385355,5.129649058385355,3.598382431186817,3.598382431186817,2.6056815371587443,2.6056815371587443,1.6124916629821424,1.5885859668317834,1.0000000000000064,1.0000000000000064,1.0000000000000064,2.081893870699411
15.0,44234,lumpy,15.353513863567361,13.306738999406242,11.942640321975162,10.578690831754217,9.900974465431192,7.531112076611184,6.51081439017204,4.498585525774614,3.46451550425277,2.9086301248984854,2.1810145627655646,1.9675586989977927,1.4119900153001004,1.0000000000000004,1.3353339624870815,1.0000000000000004,2.4437964293779904
15.0,85165,lumpy,10.317007012720476,7.744311907119954,6.785098216232534,4.859490931404753,4.2404246767136335,2.66882602980936,2.371658291054979,1.7847021583506284,1.5281208160205177,1.3665734682661566,1.1144795653441344,1.3191068023529888,1.641006260163405,1.1337256943610496,1.6003196719265615,1.641006260163405,1.4349815180837393
15.0,21586,lumpy,7.042673967419426,5.092544528809357,4.440814084344155,3.1817737685910465,2.726987208855795,2.0597030028867924,1.6160447534364994,1.3898585664488594,1.225617205697672,1.1535422884686957,1.2725850358291375,1.5085254525532632,2.1660246630222177,1.0362583790371722,1.1844381578498657,1.3950665059433534,1.4422163359532416
15.0,84595E,lumpy,6.4129789592665265,6.224952499210071,5.6670374241404655,4.550708690500538,3.9842270443731738,3.0983270312369657,2.6809143434510148,2.2235771582076813,1.8760114862947745,1.6478112370305797,1.6957280872448117,1.3131029300770078,1.4380509311518779,1.2866326787662588,1.233216255530452,1.3970386151474803,1.9304402310457156
15.0,51008,lumpy,4.284914787938351,3.735318655775687,3.1000054807790947,2.7105951891875937,2.3764756529270867,2.067268365645728,1.891583162859242,1.7578418472005648,1.7791386557475817,1.7656109686785268,2.1305156195177557,3.1200834015307795,2.590041471228479,1.1736882317367086,1.441564354886533,1.1777810152370336,1.5770201706723974
15.0,21292,lumpy,7.535257286313394,6.306610160470741,5.569596707774383,4.478878960011763,3.995035636610314,3.028790511216895,2.5559081178944405,1.8981361705505657,1.6893349967660478,1.346603584318628,1.2257769376420202,1.2082035467921657,1.1966799452618804,1.1270834630071138,1.2394948450725323,1.7438604538717741,1.615813571049054
15.0,84251F,lumpy,26.268443010363402,19.17064434839144,17.751424608004257,14.205151592088429,11.366736748416029,8.536008680558707,6.412414454146852,4.9936825283787,4.302789464552785,2.9012295988587056,2.2308937329177354,1.5813318713590574,1.6584213634275962,1.0,1.0,1.0,2.2234828926447356
15.0,21801,lumpy,12.816867236747118,9.428713895524945,7.5913241684748085,6.365974600094586,5.1540847759562185,3.47100275568203,3.0614852672835666,2.331282640421046,1.9093236502198534,1.580675923539128,1.3978797553782494,1.5204037517328715,1.315881131527837,1.0831264711235242,1.552242602857711,2.4231852788529618,1.5576626295552813
15.0,84510F,lumpy,11.606312194547488,9.517537144988125,8.22858152269917,7.310722487193075,7.078490254960844,4.802567273155509,4.081002571198649,3.378790555261145,3.238454140414924,3.4175744371822776,2.597028400949967,1.0566645076448997,4.438006634085069,0.9999999999999996,4.397672181985908,0.9999999999999996,1.3624801271860099
15.0,21655,lumpy,6.078568177477647,4.325753007261748,3.5520982384320106,2.7630001618257447,2.1445789687763788,1.8845218486623134,1.6137421255738622,1.237626380803676,1.1687058168336673,1.1544922097669847,1.2495545418363303,1.5784861566094182,2.296366151885845,1.08840234253699,1.1064277477209543,1.5679288783143204,1.5553886952325555
15.0,20770,lumpy,11.557457664765245,8.963158077601257,7.498121329364216,5.806774257993346,4.698078767671477,3.3768583514603128,2.7327758537466074,2.099630966547502,1.7202617233887056,1.4078154683833632,1.2390198898359444,1.3278329894067338,1.3165516590994515,1.225526716458475,1.229685477776714,1.3277498514063386,1.5280646590287237
15.0,85162C,lumpy,4.42662109611529,4.1850397621001925,3.7095738525505606,2.997529501998197,2.515066539284417,1.8436050970841125,1.6048750622334056,1.4467510798336856,1.273478477333585,1.272263412139888,0.9999999999999998,1.8697512009365294,1.6932424613480073,1.2105494032320998,1.2082928535866626,1.0435216706810029,1.3759933797112371
15.0,84856L,lumpy,10.679765859759735,7.966145764646474,7.141557140394313,5.479142703912288,4.237483462593638,3.448057540426576,2.6392079781685207,2.055747257590579,1.9674611120094152,1.739350216109163,1.4549698991490536,1.3702773544278162,2.3406023381150125,1.0451247095322374,1.4136734964578077,1.5994107886006237,1.8216246011622914
15.0,47422,lumpy,11.50378652378089,10.202483407795292,9.552576072975254,6.523261433779597,5.872275225098373,4.366313828613181,3.307422918553586,2.8905375912380977,2.4684743353604235,1.8875150319285774,1.513038770959074,1.17276014750318,1.0774577203224083,1.0957086698075154,1.1392798564545974,1.5286462892066897,1.812003851218157
15.0,72134,lumpy,7.715397414825185,7.099127678235244,6.483346635732951,5.866406142552122,5.559143257825306,4.942701040969136,4.634594919385203,3.1393307991134733,2.823041447120706,2.2381439545103023,2.3224772224589603,1.4141995224664001,1.247230169842334,1.09224819572114,1.3151597753472781,1.4111557530623735,2.1815033515283107
15.0,90108,lumpy,7.446577172272057,6.272672998992813,6.272672998992813,5.880870519464065,5.880870519464065,5.098528303264448,4.325671691151995,3.15313548930212,3.1531655546082598,2.782604213867408,2.014903801757962,1.725593950860406,1.3447653080727506,1.104476938836428,1.2536609879030052,1.0099000758075278,2.3746566649414906
15.0,22597,lumpy,9.623229107231241,6.662732846714109,5.415720975263651,4.075674672825283,3.4082443077271503,2.456759493702622,2.0203597433287985,1.7159257029929027,1.2942373500346924,1.3279266465079809,1.4329633163593927,2.04622555317123,2.685816582423748,1.2342844463962903,1.163341973864467,1.509093032550645,1.262200040657226
15.0,85230F,lumpy,9.46792836497399,7.749660622606681,6.6771648978191225,6.264137896576624,5.406042897302514,3.905511206052984,3.3172052083117287,2.877304231093379,2.2819721785954683,1.664869380554556,1.7496090875210304,1.3918108863469147,1.303077210242412,1.0360142261975454,1.3580202105522514,1.0974886701371176,1.8393145456522304
15.0,22647,lumpy,8.417966827996045,7.2684710488438435,6.4497531247711954,5.304766091483189,4.169548007567607,3.5373603106828417,2.760907510147239,2.148755771143484,1.7327546647471457,1.5946820059640547,1.3016780043165126,1.278546125307823,1.8088365874904258,1.0943166722056819,1.276789811511888,2.0583877165901807,1.7830526113755738
15.0,22573,lumpy,9.008282797530656,6.264517687057213,5.348165941448158,3.748878590484299,2.998639254691392,2.3527309545660975,2.015105894113676,1.6276863561017625,1.4316630253096931,1.3510986076099416,1.5851137452961879,2.1649525234003795,2.270440497868981,1.0682168593880343,1.9017159960527268,1.6336460120982745,1.2954865911950948
15.0,84874B,lumpy,11.612086397881212,10.161026705558836,9.437027890616767,7.626352825150271,6.9014791352258475,6.180673613969367,4.7346225809209646,4.028208753124198,3.308431209971984,2.6101318476365454,1.9103670697056643,1.5759262241787608,1.247828222273919,1.036307311767663,1.009732984178679,1.0579405840585776,2.2399742309550654
15.0,22286,lumpy,8.96933835427199,6.170998458812429,5.31399167581223,4.258723092077823,3.29646473461105,2.3661926750697386,1.8563932661048188,1.514672638152232,1.4240839399972203,1.2548739687206971,1.518417635208892,1.3502163874681625,1.5508748679932938,1.187986428083335,1.5381761923496744,2.1864428740042303,1.5657459969057923
15.0,21792,lumpy,7.980039242878006,6.371042886859537,5.627443459274448,4.143537465146127,3.4099759526724984,2.4793974890459256,1.9937329418880836,1.6170927813758609,1.4339495153652098,1.288169600047208,1.053868964194561,1.7618724458935142,2.432910906864554,1.0227992269448087,1.2380714928521892,1.5627045129309698,1.5563607394184378
15.0,21085,lumpy,9.961503253951225,6.331594487183416,5.783198986524453,4.679076633871742,3.8320853894014157,2.757759932979843,2.735681082130343,3.1759090119635074,5.483834452038698,2.7660056599340006,9.975344551036462,9.975185173833514,9.76021597654295,1.1055209897732954,9.980916112422227,1.0107620477927266,1.4699686353837822
15.0,35637C,lumpy,4.763135930095717,4.763135930095717,4.763135930095717,4.239157804181981,3.742613146200187,3.4831833900000726,2.9326344838252103,2.443336402278269,2.1952941233329226,1.864270473124984,1.9112581949287486,1.321083168407747,1.5372818813840603,1.0608482370482062,1.8614799080766489,1.2482906943306642,2.42263189817869
15.0,23224,lumpy,9.698149744533628,6.117707350652649,5.400456129986159,3.969655301412542,3.26761335434849,2.587617777395345,2.2608205932444387,1.5647774362698237,1.3103358944680958,1.3374012159968436,1.1957064440067455,1.45520038553438,1.4308358509197094,1.1997237825602893,1.6573955389663624,1.4308358509197094,1.621085498597532
15.0,21814,lumpy,10.526605465325911,7.753806104200886,6.763706925533857,5.384869223931555,4.599230709809103,3.8356470912076,3.0617249116632768,2.7370896735158836,2.138200596442885,1.6717986528354971,1.639570210060611,1.3035236406589383,1.1735994780490069,1.1375564990550637,1.4981019799103967,2.2761589310304484,1.9116429669533797
15.0,84637,lumpy,9.849189094208523,7.1822709472436,6.347121112322501,5.409013215560266,4.258724109123679,3.655887608652539,2.8476230796026596,2.1518220333322726,2.022429562738719,1.5904945790616458,2.077021612851189,1.8634858621968782,1.8259954314298303,1.1836865258007085,1.8610903941856043,1.9029523074567627,1.6669064326824372
15.0,90042C,lumpy,11.44660875503939,9.06428086093892,7.636264804574391,6.681952966838449,4.779303387934729,4.3202910216071,3.8419845359926685,2.440652777632592,1.9886323169180697,1.5530738111913696,1.1355703528706673,1.1324284206014865,0.999999999999999,1.4320183003529752,1.106363658537435,0.999999999999999,1.514574077752109
15.0,84199,lumpy,18.153967298852134,14.315133088691237,12.917690928516588,10.834412902964203,9.43637896547226,7.688767592177827,5.976970796344062,4.635908144837402,3.8983761125470946,2.9547338168795387,2.579969695798916,1.7253135712097067,1.4243689844420309,1.1637268429349554,1.469555600864369,1.04401874560805,2.531658173814217
15.0,21458,lumpy,9.935505282371812,7.758803031141103,6.309430831351292,5.348205099839594,3.901487914154544,3.4287847779191325,2.9727307926323356,2.6259748879915925,2.1919685823330943,2.0197687925217105,1.8725814480889427,1.4348138724486983,1.4424359754411207,1.2600696941202514,1.3457492117926904,1.5826981580839694,1.8059627191769458
15.0,79323S,lumpy,5.200432246393995,4.727075019816939,3.9767955501656496,2.823890082045515,2.3255940000406503,2.095134856809913,1.6137898794723615,1.3836356122248492,1.1920786444536287,1.055521304056206,1.0386311745855386,0.9999999999999998,0.9999999999999998,1.0275336887961461,1.0552164280729808,0.9999999999999998,1.545375708836661
15.0,20663,lumpy,8.677936106983656,7.901958890539872,7.088810302129768,6.547581475978207,5.738510549777118,4.65851441307578,3.8499158989598814,3.3108999504705303,3.661585141158991,2.57326894502229,3.329790292223878,3.6258497275879273,4.338436750866784,1.0,4.336895195641422,1.0,1.9422258543833584
15.0,84916,lumpy,8.983660554819474,8.041612712573084,7.334295289815186,5.7141923766179215,5.000549923779994,3.408509787719405,3.4078554742628504,2.279278303827492,2.225211099843243,1.6056807325064186,1.5361054016261142,1.4145348593739826,1.9563654605730403,1.2009969257283426,1.254468875427886,1.096983794560423,1.7845173445304
50.0,22554,smooth,10.75702491947606,6.919676409043031,5.418119705744935,3.7381506040018495,2.8190309259237907,2.058487707752186,1.662821801872684,1.2729847078351868,1.1484568583191717,1.1310341708779013,1.1490565612413246,1.4829724918184461,2.0161924983012933,1.0494097865741137,1.0818415294637176,2.1672248692740093,1.2095781480014458
50.0,22627,smooth,12.190143931759994,7.997967835829171,6.170324450156289,4.440806797500337,3.408103980747009,2.3231093023959186,1.9280413211515501,1.3892806580505728,1.23699988622185,1.0901382188486715,1.0790177249074784,1.300619154767571,1.7597715987654268,1.1339480873989043,1.088856894451803,2.6815392791458033,1.2754852254031568
50.0,20724,smooth,10.33942661289306,6.7967787407179525,5.247250758187353,3.5732418141839393,2.7396612781297387,1.9417962056430433,1.5357123742772125,1.2013120229603742,1.1012997783866716,1.0737861196731748,1.1638191877110728,1.4525072968350194,2.116585202310481,1.05355989080773,1.1089562754483713,3.211657932579384,1.15779496179866
50.0,22741,smooth,11.438016999606617,7.757903564515718,6.457304618363463,4.572648495393248,3.5230115751024718,2.4812721196143936,1.9347636671083248,1.5187169204734419,1.2562464649390452,1.1497189891568638,1.0932269047577117,1.1047177202860803,1.5588536192826579,1.0921311092540145,1.1749108691667007,2.7877162870166114,1.2065415670978215
50.0,22027,smooth,22.96270253126568,14.067379748693613,11.730173782006398,8.106895863523164,6.010121499376645,4.159564608193225,3.1312985830250017,2.2331191662053738,1.675995954419339,1.3141857131627246,1.1504567888372947,1.0919361439863597,1.0968314855355554,1.0606459712836274,1.0710073804942246,2.2183070894138917,1.4732970470886138
50.0,23000,smooth,25.86210176761437,16.584452771084813,12.942278115617135,9.300697017253848,6.661341994176035,4.687564081315798,3.706466502751224,2.426970060642514,2.1135232275265183,1.5199816723168063,1.2083002519765802,1.0179501433830227,1.1839065735740877,1.0516058992993211,1.0283457849053397,1.0535240427683727,1.2058649894094853
50.0,23109,smooth,10.476363327633374,7.064714884855423,5.371155818638497,3.864782876419815,2.9531776452612175,2.032513677874812,1.687722452769929,1.4498580669315446,1.0614245869859698,1.094275949484616,1.1391694643340018,1.1950286575205127,2.03044306550068,1.0908887174420157,1.0659907537979196,2.03044306550068,1.363296809643599
50.0,21224,smooth,21.89193496303193,15.620308745266284,12.563047024730656,9.201718187117581,7.066739638245495,4.941027221753918,3.8872232636748323,2.6933117773611968,2.1000130006835844,1.5659910504971717,1.3155161061694527,1.0964147469689531,1.0232649329626053,1.0717281263498701,1.0693418718468106,1.725553472650337,1.535311534122601
50.0,22411,smooth,7.554305816327819,5.026017848557108,3.823845024465192,2.655161648907312,2.0651963924983896,1.505282459738964,1.2830431615361209,1.1200323116428594,1.1475142721146314,1.3066306522271918,1.5398718512008722,2.1647776658609734,2.775270512331283,1.0400346258191058,1.101326619585959,2.0946758988429894,1.1619111863514486
50.0,23322,smooth,8.969733267622567,6.061494975277331,4.519896531958338,3.1804857703612495,2.3321426401614795,1.725634123359385,1.4087625382217415,1.2215185526625125,1.1453516739830274,1.2605676534728154,1.1538543251181046,1.9402695550221378,1.9167797171091132,1.2047024015498884,1.0325769236719893,1.9167797171091132,1.1146950355038137
50.0,21652,smooth,13.303838941399128,9.509160995780631,7.928861284233125,6.035214215283227,4.473005171042854,3.53223216278286,2.918579242179661,2.0128776286018817,1.7414575753400363,1.2064547276048443,1.2490926640189617,1.108205607522047,1.1803593387145859,1.0715775897643962,1.148380018721125,1.1803593387145859,1.4485493557107587
50.0,22993,smooth,8.851491294779173,6.031403032712274,4.57829513636835,3.1345521218615695,2.434123198174842,1.7664828833811517,1.3900857847373456,1.2188605436298068,1.11937127680413,1.0943560095405998,1.234976148501504,1.55070315830712,1.9788721237051632,1.0355280744812008,1.1579427218362204,2.8460930208441355,1.2132058948920923
50.0,21274,smooth,15.553458719855929,11.604240333715794,8.710434972860678,6.878266231782862,5.5714471391611315,4.012411807138612,3.2354351353283395,2.237544326593212,1.74839463900047,1.325126670618843,1.1565054578302543,1.3178033505886018,1.3022310059058844,1.0194441295379921,1.2438199107366579,1.248506922205432,1.515990789166801
50.0,22382,smooth,9.239053795939741,6.056944966911588,4.592148896822099,3.184438797596,2.4556498196963674,1.742048742390571,1.4408771294024891,1.1514428780451165,1.129598287176356,1.1419757166900215,1.3688792706938417,1.6624445765589275,2.1377921194917646,1.063503247633072,1.0748552700200806,2.8269573637926273,1.1606895538298299
50.0,23202,smooth,6.588538893627936,4.43143506886567,3.432285357040197,2.3019151441813444,1.8459983706691956,1.4223225810105233,1.1911911643102207,1.1354952337187263,1.1350573476398043,1.2225131719767894,1.6252922779968273,1.9801140896924778,2.7640473607498994,1.108279435622023,1.1548550230803598,2.0559787205999096,1.2150636282085958
50.0,23204,smooth,12.110473969835034,7.91536291371541,6.16547972793047,4.267819643463033,3.225872292859385,2.2212884876901255,1.7463917280165444,1.3083996145130903,1.1951561102864523,1.0520744513862652,1.1660006847464846,1.156741140852198,1.6496023129214608,1.0220010351891293,1.0458344012483747,1.6496023129214608,1.2640856232826103
50.0,47568,smooth,13.700986277257233,8.628059891270075,7.072564138673416,4.933861571368829,3.777575862411182,2.6385526312123,2.0797608567556227,1.5536755134319802,1.2580133285576702,1.210401385027954,1.1196580042402235,1.2051269355313394,1.952648488710638,1.04387415142495,1.1726067723957265,1.855742830986335,1.3542617967766848
50.0,16161P,smooth,16.81194744193028,10.840159882247203,9.152157847375046,6.57021106285207,5.000502166217636,3.5639064798430002,2.7896696910287053,2.0467376045160797,1.5383985820176926,1.2804108916789314,1.065525187711542,1.0946409882401718,1.1877712006005312,1.0714550312513238,1.0399322645491043,1.8147017288180316,1.3362197527431547
50.0,23201,smooth,6.2860900752899385,4.228957573237611,3.239582198342772,2.2928208046016687,1.8050095096633991,1.3263587318306735,1.1902835370126092,1.076524437138795,1.182376606212132,1.404850238509071,1.641079916643907,2.181583113599161,3.616285121611868,1.041462196045882,1.1591824759419116,1.8458553312730248,1.1767189251447845
50.0,23307,smooth,11.138772801395998,7.516959082996931,5.7194998056248085,3.899531360139706,2.940641463625789,2.185620603349017,1.623392220092797,1.3076783576665356,1.1920462359108468,1.152533146041447,1.0783320380529755,1.4326551207692353,1.4317222085322665,1.0745094922379068,1.0953688822112946,1.4317222085322665,1.2673130542422621
50.0,23004,smooth,28.85997891648292,19.244649618300496,15.240743369673119,10.435301713914244,8.037683624256587,5.648051707325644,4.45624739750336,2.886728101692831,2.49667319670043,1.7469399910395051,1.3733260126676798,1.0944023262147184,1.1935755009531512,1.214953133098487,1.258455544525753,0.9999999999999997,1.377574604903675
50.0,22614,smooth,28.001441569784493,18.822499794971453,14.569275360497384,10.990732095889589,8.534585929103596,5.864271664828631,4.527931417931791,3.2218545631917386,2.5734233071349273,1.7229305918035858,1.5665635587644227,1.2025255933437855,1.1498704570588971,1.1250891146986288,1.181640861216623,1.3380238988788629,1.5120171276959533
50.0,22120,smooth,12.508691487855776,8.445658028504855,6.842005431472904,4.966127964654744,3.7504346859571687,2.6564856992108092,2.1078848306898976,1.6092007714650904,1.31532338310523,1.1545594234435883,1.0968183706992705,1.1909755936574151,1.3985851768611925,1.0903438486825858,1.131523195220436,2.2710362680749863,1.3481901455546732
50.0,23078,smooth,10.54024329207774,6.684381971955244,5.459987869328063,3.7742995173180187,2.866535038979327,2.004525673761272,1.5579706149317545,1.3582217113578716,1.103795712698184,1.2183542156205724,1.0863207587183907,1.2597363487525763,2.0921273635723567,1.0942926460982503,1.1211858368042897,1.8707659289295324,1.310235572559233
50.0,22487,smooth,12.295402886788997,8.165000891810378,6.1428709299849595,4.489102905676734,3.283672214638006,2.3819417121659905,1.7735754793012766,1.4179126586647761,1.2369594340592858,1.060508358202986,1.0942133734593555,1.2146006047740956,1.5907610436515447,1.0915398940358798,1.1061322458796483,1.9145443717285513,1.2158346409103007
50.0,21495,smooth,17.758609877758342,11.657552586640975,9.627310860790105,7.1491198989914135,5.4653374754322614,3.7871114907801036,2.9099097201059316,2.048958256005658,1.6364453067827223,1.2690475184275847,1.1327891613067622,1.0707970995723517,1.1336986896916927,1.0460312575868915,1.0691887252189451,2.5702248489500064,1.3450637171789321
50.0,21519,smooth,24.95337396497136,15.780321736222959,13.060804838058159,9.339585437615401,7.198812491147205,4.780173365971645,3.7889064999338284,2.6753199428002983,1.9920890151109805,1.4985236672864524,1.2752663836852185,1.1272615738617189,1.047702182909501,1.032386576505575,1.0692307346602807,1.9079770365215483,1.3611841046025042
50.0,84970S,smooth,11.404566468013288,7.396044909137559,5.872463842279276,3.975375373342581,3.030452352703743,2.1156355548547596,1.7150377036921132,1.3058107316171619,1.1643290813310905,1.087146706140858,1.1182585905007394,1.3966033063961427,1.8864860317933398,1.0626818389170938,1.0950009084085963,2.6546336709975953,1.206022039473715
50.0,23145,smooth,18.739517905790002,12.933822488290298,9.70955745966029,7.458361710834094,5.535867155066463,3.612999326019608,3.0102192630958924,2.0737408531232475,1.7958182773287719,1.229713154794606,1.3068596619903377,1.1041129795030669,1.1336364357198274,1.0625283185038774,1.0661198127580527,1.1336364357198274,1.1944203343848938
50.0,23240,smooth,6.972048305028302,4.551452734715971,3.530774915187103,2.4229123622968745,1.9605766889369165,1.392184914845279,1.222442618485212,1.1001595296500668,1.125992408686278,1.302843024868231,1.4128658354585755,2.0316782117455663,2.218520240038028,1.1285309282074287,1.1208852750291867,2.218520240038028,1.1767324930569185
50.0,21930,smooth,10.69186357841805,6.9005373645735455,5.438980212085646,3.766693741290357,2.8917999917635067,2.046046746790794,1.622702028523173,1.2512488684234107,1.148310050566392,1.1144151721997608,1.1821976307744595,1.5545141746167863,2.0387460686238943,1.0847152869604086,1.17206677305374,2.079700901768583,1.2685679779160042
50.0,23147,smooth,18.678921231828248,12.080634201371593,8.927883897226865,6.354210828449467,4.937537354040832,3.2388319583268603,2.697158110082683,1.8944911751988531,1.6727228024412168,1.1891442566032342,1.2840358372129588,1.1618515861881387,1.1406939111713232,1.029730078146582,1.008184558593094,1.1406939111713232,1.1651611719138222
50.0,21756,smooth,14.29631146800194,9.416322220685592,7.413857310879085,5.220036825209201,3.9019510677229916,2.7867510165237395,2.14519716966499,1.643919079960369,1.3168827011682929,1.159710245020789,1.0702562610842383,1.2507982543493095,1.3002810914604441,1.0425189191325068,1.0507288221944135,3.6177730973572046,1.3040144753484846
50.0,23231,smooth,18.087341186968377,11.776151156038258,9.605814125713867,6.783145265573234,5.056331755711529,3.5530893881386048,2.698092825508522,1.8923812431428075,1.4937588745404389,1.142016998436448,1.0584636508277705,1.0032267062681215,1.204672244701394,1.1194913150902681,1.1138831832824347,1.4226986166197582,1.1305009258791507
50.0,22771,smooth,12.958901959306944,8.387566673259432,6.565701611460109,4.63478593920215,3.39492231525346,2.414479281451413,1.8724472657292386,1.3813270921825502,1.2306196257193176,1.064303003475329,1.0472858214742053,1.2400535583663768,1.5771604647585309,1.0589832700741846,1.090609705177832,2.0967770797818743,1.1852912275414325
50.0,82482,smooth,8.270723327066996,5.498731411217628,4.227271807172269,2.9384712630966545,2.259960206196434,1.622973771174524,1.334325833436549,1.1477634678555764,1.0941217083657402,1.2531123856008333,1.2994819670947209,1.8892309571287258,2.7324628162386673,1.089684946402977,1.266325081194226,2.2523299622155926,1.1971915427997715
50.0,22077,smooth,9.419423956451931,6.319767725324317,4.898036228542801,3.3394652014354533,2.6042148687773543,1.8455808036078718,1.4983330759255797,1.2464610961201625,1.1157430629077012,1.1086676775346886,1.1909481711470784,1.5584353734543133,2.27908000275004,1.0749502115527687,1.1502598884833999,2.201909064724912,1.1923282314323005
50.0,22705,smooth,20.186680584021474,15.811820366982374,12.897567259456578,9.499059869641796,7.563629950022462,5.631206550019008,4.1888702594521,3.23973729224974,2.5438615212181213,1.8679232510793013,1.430415535699477,1.2844013195724728,1.258726241160757,1.2242867044737116,1.3196468802575203,1.3254127608278088,1.641013957082128
50.0,85099B,smooth,4.421167707487231,2.9903352470744053,2.3346855796650106,1.6981076049957045,1.4035402124730803,1.2056799911419853,1.1313449648164022,1.282443862510431,1.4919970484198752,1.9716134552487325,2.389768268689668,3.6156324073769888,5.680155230384955,1.0759291414987089,1.183063116741869,1.982879747897363,1.1390546992899437
50.0,21212,smooth,7.95522421497547,5.290637736003718,4.038914861198293,2.783097232330911,2.161978136171758,1.5835208048444662,1.3268885504612615,1.1113683029501542,1.1206448252907728,1.2132232420776943,1.4294349911285236,1.934421848106005,2.6531219444719243,1.081695340723347,1.1705472835541813,2.257678241272269,1.19202051232004
50.0,22355,smooth,10.58166909322204,6.903191932278903,5.320785825192821,3.6600939037312834,2.822015520925872,1.9944167778982267,1.6019693282426717,1.2388500628165868,1.1454505050979578,1.0800407845619495,1.1641903420417536,1.4318339021207616,2.1445975346856736,1.0483042331192471,1.11666167194676,2.688441641207449,1.1928117729360057
50.0,21931,smooth,7.473452652079364,4.928543406431161,3.8248518622159535,2.633027251502394,2.0463786988273247,1.5131448212320364,1.26708609767989,1.1050800959735583,1.1094246756645696,1.2153951133243126,1.4258528718934274,2.0356941824437307,2.8781413555994626,1.032924133649821,1.1215535672730943,2.2027494236380623,1.1782743708123606
50.0,23077,smooth,8.966658671144158,6.087482438405921,4.66433954880004,3.3648032289887584,2.483154395944286,1.9185502735009745,1.4160244699058753,1.3111707068102012,1.0929127808727859,1.2892581658030906,1.2067209280096383,1.4786456426506427,2.9269293406218804,1.1963562059382074,1.150639251041972,1.757243312166239,1.2812452094496256
50.0,22037,smooth,25.251609049296157,16.397760966461586,12.859208392890446,9.026276162938489,6.819928254127349,4.624111262896868,3.6060086189413028,2.4530129774718374,2.0403773520549215,1.5216442918323931,1.2967621674255256,1.1149680507217061,1.0152350355138846,1.058568310273083,1.0742953685237029,2.1987374134781534,1.2751464668906793
50.0,23245,smooth,5.255663966924854,3.6190173229336633,2.7404802622399522,1.9224849076389474,1.6043835976653844,1.1948395331135793,1.1524657568063024,1.1534781532337781,1.2418422870889854,1.5247891007330143,1.6172709904129154,2.5052088827928314,2.8279856255048266,1.0188293743620194,1.109382568361472,1.6518975734842238,1.1925186161942047
50.0,23192,smooth,12.156786990226479,7.984801085253354,6.009470218920669,4.235686824894231,3.270141916907072,2.3302746758434028,1.7601775777876547,1.449089472523142,1.1366584382397755,1.058318402808008,1.060424496055221,1.2820041838201335,1.6653725059694822,1.0659295340301418,1.0580231744446138,1.6653725059694822,1.411807890779907
50.0,20725,smooth,6.866565465240894,4.56315161836764,3.5141301899391735,2.4365524011230044,1.900387429334585,1.4271905960185378,1.2023202637568984,1.0977414723879502,1.1272608292985586,1.2822487022309064,1.539523978478776,2.0961762163912847,3.1312566116627245,1.0774886143847227,1.0994310922366755,2.5716117628007416,1.139546031000897
50.0,23203,smooth,5.052484701517316,3.422993138858079,2.69277079786045,1.8325336826391732,1.5505504772241134,1.2684692285609476,1.160509855615954,1.199141828287306,1.3410750721480291,1.496495058627278,2.3317106151578333,2.755286496826059,4.295309545369129,1.0602185261097063,1.1529529138921213,1.5841184881982537,1.1656236769136992
50.0,23076,smooth,9.505895798849217,6.645966343501223,5.074714274454166,3.662280286907859,2.8221565381886977,2.03430480018917,1.6429593284464417,1.3102270040198627,1.0942953416883423,1.2063371955545046,1.1678174509340262,1.294214550327107,2.2360447702372537,1.0695534799400959,1.0632103728225741,2.215346417592812,1.3160597461968946
50.0,22386,smooth,6.337309483878174,4.241619670638384,3.2375873923971743,2.28248419388816,1.8076094199402735,1.3858818731310383,1.1990235527619966,1.1307916827342357,1.2090191106436117,1.4348785135299562,1.7793698618616378,2.5167649347147987,3.331653311410655,1.0712307957713092,1.117043168936985,2.0293480770492933,1.161688269188335
50.0,84881,intermittent,12.922771093313694,11.237671643224692,10.676284618809037,10.67784858021244,7.873533093484869,7.874901559712846,6.194728588044561,5.639714706347775,4.542980614883125,3.4395605884189266,2.3617113309003686,2.411562600633834,1.8590901562175772,1.0000000000000002,1.5200202452956497,1.0000000000000002,2.9049564030365476
50.0,47505,intermittent,10.142986469634662,6.421489472526878,5.091129103544808,3.7800212879890887,3.2593679205930246,2.235563507097579,2.0010852929509286,1.520238857958559,1.3149793950675277,1.2444299472475737,1.0086788370066204,1.5682902471934403,1.3495496574854615,1.000000000000001,1.2799263906046479,1.3495496574854615,1.2559199092374824
50.0,22172,intermittent,14.381511004992284,9.598307073068618,7.587074781993515,5.58650688045189,4.338879700214311,3.109057822325578,2.3733116674059063,1.912732463103672,1.743434242943029,1.4114149591622138,1.1558150492526782,1.2574956785594373,1.735795898120399,1.2497744284022632,1.398723534199142,1.4907194386756157,1.4360627151220715
50.0,35603C,intermittent,15.750388616634437,12.971406953653748,11.118463955566018,8.339627281364942,7.413354075799078,5.562351368732663,3.7096386469419653,2.785275881766321,2.7854720430563877,2.7906660528672957,1.8671476341141133,1.8671476341141133,1.8671476341141133,1.0,1.0,1.0,1.8755953627146125
50.0,90175D,intermittent,12.923384728389857,11.875904316124478,11.178226136590036,9.085331691508706,8.03949737812677,6.644771439906865,6.307017250067512,4.565080809273579,3.881166818275162,2.850427581888204,2.2211150410874008,1.9138662156624944,1.2672171015147913,1.1220564810382803,1.1012525930219956,1.054087391181102,2.1675292689242522
50.0,84906,intermittent,7.855961534756335,6.734245799269245,6.360909683827602,5.988378480419546,5.6168961017825305,4.497717058764932,4.1283323296699965,3.017787797558167,2.654549669446998,2.2890431528775346,1.942415482186786,1.3104798030004956,1.3529937931382228,1.0833205911132955,1.016582786647685,1.016582786647685,1.926878240811151
50.0,90014C,intermittent,9.766361008280247,9.223976028549785,8.681768533636495,8.139620200328928,7.598004321472869,7.056861735462597,5.982090087368909,5.45165575199455,4.372269498654445,3.8413027088285765,2.7837470880003616,2.28105954571022,1.8148747141513377,1.0000000000000007,1.3948950966623355,1.0000000000000007,2.7727430293358326
50.0,90139,intermittent,7.650538220351772,6.694622826579032,5.739524823527439,4.78480826947905,4.785680152914941,3.832489394879362,3.832489394879362,2.8849658791770763,2.8849658791770763,1.9329194681511042,1.9462156905484485,1.9462156905484485,0.9999999999999999,0.9999999999999999,0.9999999999999999,0.9999999999999999,0.9999999999999999
50.0,90027C,intermittent,10.588324027856478,10.588324027856478,9.706106320310822,9.706106320310822,7.942070263924855,7.060223389462732,7.060223389462732,6.178861450571382,6.178861450571382,5.302491495496819,4.42660647599303,2.674922013850882,2.6775463710574208,1.0,1.0,1.0,2.6775463710574208
50.0,22957,intermittent,9.897653085857762,6.722184239293151,5.1517691291599315,3.890259282692093,2.9894838137407214,2.383659219877606,2.129066827557463,1.916327294921005,1.675307967413325,1.53209303251785,1.3189206458782605,1.3189206458782605,1.3277013985132005,1.0532101242420222,1.315810315620091,1.024866396939349,1.4896136000701516
50.0,90065B,intermittent,10.434528574067395,8.829837624354587,8.829837624354587,8.027670270127631,7.225621662986973,7.225621662986973,6.425473009227088,4.833903612550247,4.837466025139197,4.043373472780528,3.2457185078329096,2.4528134263372237,2.505774626826286,0.9999999999999971,0.9999999999999971,0.9999999999999971,3.2457185078329096
50.0,23047,intermittent,14.919097105136773,13.427920664602556,11.191837568846244,9.702118267373777,7.470782624689617,5.978102040607788,4.503565188069036,3.7679654210477915,3.029592389360637,2.3222423183429894,1.5880056814117691,1.6906634785363208,0.9999999999999996,0.9999999999999996,0.9999999999999996,0.9999999999999996,1.6004148656795723
50.0,90003C,intermittent,16.24103086716569,15.193484953961203,14.14598210120641,12.57524454747056,10.480970869605782,8.91094381328989,8.38988366501841,6.824421016370147,5.258592353899482,3.715348897293651,3.192458679910147,2.1867890540336874,1.6743409957011317,1.0000000000000033,1.0000000000000033,1.0000000000000033,2.166421461328128
50.0,17084A,intermittent,13.268225911311601,13.268225911311601,12.487967085071316,12.487967085071316,11.708130361332572,10.14851079928081,8.58987913670074,6.2533236829952905,6.2547588315005305,4.699270485421298,3.9340313235124436,3.1775952439867927,2.4284121427642185,1.0000000000000018,1.0000000000000018,1.0000000000000018,3.1661894955408956
50.0,90123A,intermittent,9.098328808149443,8.529991468932645,8.529991468932645,7.962544002921375,6.2607206975907985,5.695052977990594,5.695052977990594,5.6948675877394415,4.570094963429826,3.445544807421592,3.454888476079672,2.3612243359134255,1.9179141820737924,0.999999999999996,0.999999999999996,0.999999999999996,2.9068699083891736
50.0,90124A,intermittent,9.722013498388403,9.722013498388403,8.699480576720775,7.677338217844879,7.168052468311983,6.148532459609134,5.131244238287602,4.628542261529593,4.125505516664386,3.618897911989072,2.635309680125429,2.1776898084700256,1.6782239234149259,0.999999999999999,1.3961899239846483,0.999999999999999,3.1026378268895614
50.0,37506,intermittent,18.817418037716912,14.898341077891233,14.11459726007623,11.764234921311395,10.199559127293723,7.068418185505074,6.2949503706733285,4.7284340985094016,3.957982622861797,3.1919278450080246,2.4445845949745153,1.6884479493533409,1.757874874981526,0.9999999999999999,0.9999999999999999,0.9999999999999999,1.660329533229996
50.0,90024D,intermittent,9.355321557487345,8.576014011405626,8.576014011405626,8.576014011405626,7.797868386766057,7.020521583117965,6.242739058929066,6.24411884064162,5.472799504474678,3.9290715307887822,3.939456203677994,3.177141758687712,2.438138362630557,1.0000000000000029,1.0000000000000029,1.0000000000000029,3.940109784489203
50.0,90064B,intermittent,8.77790693013748,8.046504869934667,8.046504869934667,8.046625115235079,7.315433484307988,7.315433484307988,7.315433484307988,5.858341015671971,5.132139564712013,5.1320193194116,4.410417251192433,2.962854222614133,2.2799110184776943,1.0000000000000013,1.0000000000000013,1.0000000000000013,2.235660747925768
50.0,90035A,intermittent,7.771122931596945,7.7712637729767975,6.5771581484926696,5.9800349155606805,5.9800349155606805,4.190355313322939,4.196481913346522,3.600696673523131,3.6132315563300015,2.4270834698075388,2.4270834698075388,1.8887615129639583,1.2919903834815996,1.0000000000000018,1.0000000000000018,1.0000000000000018,2.4270834698075388
50.0,22157,intermittent,13.542927139671077,9.139080302303023,7.571321449042008,6.001679499580211,5.064000770216368,3.8194625946422343,3.2125985243731034,2.300133338532524,2.3384640256849214,1.7570217541263684,1.8792880812812915,1.3233409377246241,1.3233409377246241,1.1660879116404534,1.6732888480468695,1.9164755216473326,1.7166671785338767
50.0,20837,intermittent,8.361502425426563,7.80432041629566,6.690199771483082,6.6900780847584675,6.133626195975247,5.577037409626836,5.02088973765515,5.02485976704567,3.9158955971885963,3.374411175532855,2.259742940459516,2.266618240400188,1.7673134796636558,1.0000000000000002,1.0000000000000002,1.0000000000000002,2.2571266758803223
50.0,90187B,intermittent,10.512202319041313,9.761445609041285,9.761445609041285,9.761445609041285,9.010938475099337,9.010938475099337,6.762023756546743,6.762023756546743,5.26439263078345,4.521289586564464,3.0281508298465645,3.0281508298465645,2.314969181923749,0.9999999999999981,0.9999999999999981,0.9999999999999981,3.0279567151347266
50.0,21277,intermittent,9.290825198130797,8.18598320218347,7.30468496033748,6.863131272606595,5.762439642013111,4.881194609979349,4.014050178186207,3.3617763011011164,2.48883199977504,1.8776893075427763,1.4849822274378885,1.3348680142122318,1.029903914472558,1.1116873958681543,1.1553726517079592,1.3234969924941453,2.073351120036246
50.0,90197B,intermittent,16.251889597781144,14.114051847219535,12.403982036535746,11.122133428294598,9.840952785938445,8.560535533165147,6.42768367081655,5.157357474091599,4.729589534213777,3.466491682601471,2.617802453167047,1.8125071503329586,1.4192587331547992,1.2611581634200177,1.2611581634200177,1.0000000000000004,2.218160648232489
50.0,84563B,intermittent,13.637629424355202,11.844136053002753,10.768626150381905,9.335639485074413,8.978775333886443,6.829874833288814,5.402799041090158,3.9853263480599206,3.278022187886299,2.2429777583130637,1.8869414605016799,1.6022661237521636,1.3900279574540788,1.0753346572694882,1.2467237456821862,1.2467237456821862,1.9132671978771718
50.0,90016B,intermittent,11.533048506351054,10.298097843259395,9.886434832850346,9.063300652709692,9.063761070335563,7.8319182262185265,5.777708564670621,4.959140192653178,4.144562106726611,2.9354331988191644,2.5226191443454398,1.7647491626718677,1.3753396708465369,1.2314095098809268,1.3032346595166517,1.0000000000000084,2.1339770152298927
50.0,90023,intermittent,12.605845346789131,12.605845346789131,11.279483483505318,10.616271651031452,9.953616033532855,9.290126093571354,8.628026691048028,6.645405682481228,5.323091828184103,4.671498708526994,4.018762258087384,2.717831779506205,2.0716463054420005,1.0000000000000036,1.0000000000000036,1.0000000000000036,3.361885096165207
50.0,84711A,intermittent,8.147009907102053,7.3715050606870065,7.371674267510888,6.984577520745906,6.985423554865314,5.826036891339035,5.437924903630763,4.2885214427135,3.5327714929866323,2.3969045779799005,2.4003733178694735,1.7006308268474264,1.342510748672173,1.1829971800279842,1.1829971800279842,1.0209455090255692,2.764331031468643
50.0,16156L,intermittent,14.096826226230775,12.853513415271372,12.025147102255946,10.782502215053274,8.712969988867938,6.645918622350456,6.648924279255742,5.412290705863644,4.187011836335961,2.965549673989595,2.5688279528364046,1.7822068746166262,1.4266101733421181,1.2077470068382683,1.2077470068382683,1.0000000000000029,2.5788945180271257
50.0,22033,intermittent,29.523906337739255,23.3911906831201,17.643553492443367,14.57811510734053,11.8994511246843,8.843936009309889,7.700240411321182,5.039552317950696,4.289393699253573,3.1781185864473174,2.837222761829257,2.1363822466054763,1.4635661886620457,1.1935450635928626,1.1452258167203198,1.000000000000003,2.103614102853488
50.0,79534,intermittent,14.600139300069651,11.863116431558216,10.950648975324489,10.950648975324489,10.03861601930801,8.214253107126554,7.304997652498827,5.481723740861871,4.574739787369894,3.6687458343729173,2.7629608814804407,1.8692209346104676,1.8762004381002193,0.9999999999999994,0.9999999999999994,0.9999999999999994,1.87859843929922
50.0,84816,intermittent,4.5698490047881615,4.31687001853307,4.064113323403959,3.8112454827118567,3.8112454827118567,3.8154690141054703,3.0645345358754645,2.830450295328645,2.348499764424266,1.6367996699296719,1.4622894511454045,1.028687240141603,1.0189064305984978,1.1865139395871653,1.0986972599349776,1.417451049699589,2.5786939102664417
50.0,22827,intermittent,3.7196528849241464,3.2929175053453528,2.8708343449691025,2.734619872964654,2.611069775456019,1.9434371597966806,1.575112976872048,1.3564430103147684,1.1432006328271238,1.1881642530995224,1.1816950055215727,1.2514704615408705,1.526460475716822,1.0439376258018023,1.0726263108841556,1.5233589962484553,1.6704913025430566
50.0,90011A,intermittent,12.881838880029635,12.881838880029635,12.881838880029635,11.164733943793678,9.447768296116935,9.447768296116935,7.731610522083637,6.874102718159764,6.8743812952781935,6.0193806854201775,4.30854373434886,3.460145402197597,2.609657741658121,0.9999999999999999,0.9999999999999999,0.9999999999999999,2.609657741658121
50.0,90162D,intermittent,11.318571494388115,10.510206649206681,8.893712190212248,8.085660986855396,8.085660986855396,7.278080246235413,6.47023813742828,5.668355223288172,5.668355223288172,4.059701809908247,4.059701809908247,2.473447650167099,2.4790932030095445,1.0000000000000009,1.0000000000000009,1.0000000000000009,2.473447650167099
50.0,90054,intermittent,13.415906376002969,11.739069787956643,11.739069787956643,11.739069787956643,10.901118290715155,10.062840035726495,8.387193779473439,6.712621155818236,5.875789970852768,5.046404194555017,4.208312658279027,4.21162691542892,2.5566130769259043,1.0000000000000024,1.0000000000000024,1.0000000000000024,2.5566130769259043
50.0,22049,intermittent,14.03420953230409,10.528291368756133,8.42527735835093,6.324546033845263,5.276910463928276,3.883210100332455,3.1866794945604795,2.856940470435133,2.1582550091739945,1.8633223796447855,1.5662531561136095,1.2686178264793486,1.2047026212923173,1.2447769743791304,1.3717125718805758,1.3370609193601504,1.512600906730896
50.0,90019C,intermittent,16.903118484273836,15.77649568100437,14.650042987430036,14.086884684520918,11.836973228006514,9.586585464345749,7.899356003594099,6.78249749682503,5.104011674403004,4.545956662347753,3.438352122993693,2.890435648768121,1.8309381311965012,1.0000000000000009,1.4649029430026963,1.0000000000000009,2.8849921385239985
50.0,22824,intermittent,9.201928930384714,7.6706906632291165,6.907689463774438,6.144084125675962,4.627546565519424,3.6247780868802906,3.135476620436663,2.1514364397552352,1.9068360514204048,1.4675774026379595,1.3173233325094218,1.2361424473216713,1.2167850833491434,1.2542666066355803,1.2124803504396235,1.3002319785960694,1.9110650219269836
50.0,84313A,intermittent,14.225502274552937,12.645488027472181,11.065989100333658,10.276350062466303,7.909420611498563,7.910524868517632,5.541570946348265,4.76153894454681,3.197352381406044,3.21362176815366,2.4311604009102536,1.672808645249855,1.768290068832021,1.0000000000000002,1.0000000000000002,1.0000000000000002,1.672808645249855
50.0,90003D,intermittent,15.712268429548772,14.029141363671302,11.785486970558843,10.103351525866707,8.982896456299484,7.862187716196478,7.303966484741332,6.746483203935736,5.070989315089553,3.9754400799446534,2.8693981090014598,2.327642401414405,1.7831885617649315,0.9999999999999984,1.5107848412637377,0.9999999999999984,2.8752094703666686
50.0,90122A,intermittent,15.224713343558165,14.137417670086617,12.508160517954243,9.791755618497245,9.79113432868016,8.166403716643696,6.542383150112475,4.915640742477829,4.915374475413364,3.3247260476284652,2.783681711078575,2.2804177124533807,1.797685863021402,0.9999999999999988,1.4870217076928085,0.9999999999999988,2.7863147964938433
50.0,35265,intermittent,12.395648117646658,9.739798653517838,9.739798653517838,9.739798653517838,9.739798653517838,7.969894572300037,7.084933071288259,4.434248987130456,4.434248987130456,3.554793440593279,2.6768515585164727,2.6768515585164727,1.8118515075758421,1.0000000000000002,1.0000000000000002,1.0000000000000002,2.68650116945134
50.0,90000B,intermittent,11.994261945085471,10.795115923391565,10.19560294957632,8.997097322887306,8.397864521886703,7.799312140578797,6.602967847031296,6.012220279845519,4.817837196000502,3.63205942003373,3.0506376051067035,2.47345840708709,1.891996567472258,1.0000000000000047,1.0000000000000047,1.0000000000000047,2.464252728891758
50.0,90194,intermittent,11.548417601926474,11.548417601926474,11.548417601926474,11.548417601926474,10.907144300993997,8.986999815438159,8.987029696879148,6.426000369123683,5.148712900872714,3.876953499204626,3.900828770554477,2.6298164049111024,2.011701220744751,1.0000000000000022,1.0000000000000022,1.0000000000000022,2.62061292108663
50.0,20836,intermittent,10.292116188976864,9.750670142932957,9.209342346930901,8.668339738543933,7.045302350872569,4.88159739659948,4.341895538672868,3.2665615950933358,2.7270075497190374,2.7378865535692873,1.6694209665872395,1.6742692183031118,1.1840254403804897,0.9999999999999989,0.9999999999999989,0.9999999999999989,1.6717859674242503
50.0,37489A,intermittent,19.084146800674947,19.084146800674947,19.084146800674947,15.449344397624516,14.540623405610814,13.632504441010326,11.815408137239542,9.090150144342172,7.273442245354106,6.365175686936184,4.5509729987966425,3.648023701854115,2.744052900333042,1.0,1.0,1.0,1.843795248534743
50.0,90003E,intermittent,11.476542331369565,10.872716290461376,10.872666644601841,9.665312437942678,7.854554180181374,7.855000992917192,7.253235255179718,5.445877738796585,5.4466472496193825,3.660562984047131,3.6649814655457735,2.477038789964917,1.865343880320382,0.9999999999999976,0.9999999999999976,0.9999999999999976,2.477038789964917
50.0,22929,intermittent,4.612536443148688,4.258833819241983,3.5537026239067053,3.5537026239067053,3.2020213799805632,2.857920310981535,2.5123032069970845,1.845072886297376,1.8574538386783288,1.2167541302235183,1.2960932944606416,1.0000000000000009,1.0371428571428591,1.0909620991253668,1.0000000000000009,1.275957240038872,1.8193002915451895
50.0,21672,erratic,14.480231326904846,9.24184979361951,7.155078582747843,5.074426381373069,3.821621321841618,2.5767777530150857,2.0935105429157415,1.5597394234492188,1.2632468134010202,1.087905045461221,1.212966795284317,1.2783728241211,1.5771895896730672,1.122431541142072,1.1739840420997707,2.2834617284609933,1.219387749862121
50.0,21578,erratic,17.81067439691558,12.006510117156362,9.785281992718506,7.445412682888491,5.732238613731581,4.0248361460729765,3.182441824106574,2.2493191597046884,1.7948162976177444,1.4342444967879635,1.2360705953215363,1.1778969038916713,1.151630137807697,1.0872434293279458,1.2296095996194936,1.9231601559284346,1.5425759358399271
50.0,22983,erratic,24.124324150296307,14.840429879799737,11.87969054145366,8.331773708502986,6.16763135223325,4.214899471730332,3.2475152727798693,2.309216064174751,1.9560305652321655,1.4598725382708873,1.3158317194576685,1.0734590964740165,1.0973492227614665,1.0650620032441307,1.0680211869441296,1.5584560108494738,1.4458564538517356
50.0,21440,erratic,27.29152435812476,19.232332500722165,15.515343834429324,11.177116786460724,9.322161050789282,5.613022718390512,5.004689809858797,3.1799034850724714,2.5629386076702185,1.9874853443441916,1.4406807021121137,1.4717676844913428,1.0000000000000004,1.0000000000000004,1.0000000000000004,1.0000000000000004,2.0266095733292557
50.0,21471,erratic,15.36853470437018,12.089037596401027,9.279906812339332,6.946352827763497,5.547573907455013,3.813864074550129,2.889249678663239,2.1420147814910027,1.7150915809768634,1.3021706298200515,1.1959334832904887,1.136903920308484,1.2347718508997443,1.0541436375321334,1.1708178020565547,1.3595951156812345,1.452839010282776
50.0,22678,erratic,24.989244374991355,17.169586923151385,14.146879451259142,9.861850202597115,7.602678015792894,5.5973503339740835,4.350181853383303,3.115871029303978,2.3974879340625903,1.6770719530915073,1.4948244388820515,1.063389387506741,1.0093899959895463,1.241249602411804,1.135390881055441,1.2579690503519534,1.4615618647232094
50.0,22952,erratic,9.992321430858253,6.912032360026722,5.498598630026492,4.094850767253019,3.255622762212834,2.325183442937729,1.9627810167247328,1.6677263454216915,1.4892012364125926,1.5481635313394446,1.509004679851644,1.506814149736923,1.9110588450361412,1.2019284943528543,1.7139382037689481,1.8204571308364734,1.2935091252160593
50.0,21238,erratic,18.56199732970876,11.753892480159822,9.29887585905452,6.565677306020792,4.883165472671533,3.393181710424355,2.57780857047497,1.8643315053800589,1.5348761532866275,1.1959628367004551,1.090332109821615,1.1689214951182467,1.3033691754933687,1.0597243451857208,1.0625057515840663,2.850757196366421,1.351495681604341
50.0,84510A,erratic,26.24907709797022,16.576897121027706,13.796220419935489,9.697067200122117,7.361068598032482,5.0328067067561655,3.873280228807398,2.5884600089177043,2.0405012392395045,1.5269519528566782,1.318301779925525,1.1176213028685287,1.0496137670069066,1.072709415408347,1.0868733003137272,2.0576597855734016,1.5191509703024384
50.0,20975,erratic,14.72657547392647,10.043235994296436,7.526929906247334,5.558849393470581,4.1392484699183925,2.925128905279014,2.2448139972323116,1.6738534559624645,1.3965843903850648,1.2173151937196467,1.2639864855673368,1.4868491758150095,1.7566433552596665,1.1906934927165793,1.3771288013979446,1.7964875336531467,1.3841535362229578
50.0,22379,erratic,9.946399046478478,6.429419271786386,5.037159770391561,3.465861109963986,2.668420865260972,1.8292875217696538,1.552947814063303,1.273409081523526,1.2218557499654676,1.2379484477506943,1.3588675650312783,1.869641304456173,2.144316621549073,1.0576201549614874,1.197622746671717,1.4671227886802056,1.3432679187570045
50.0,21259,erratic,14.202659780217568,9.126402901317116,7.280568132050541,5.141054387057321,3.923215596599986,2.7304316414267182,2.172932252962031,1.633234322451633,1.350590668928541,1.1838508265543837,1.1472355116643147,1.3232367060338859,1.8085376035990683,1.0943046417633107,1.2875452776011025,2.0671843874390174,1.4349974631904776
50.0,22902,erratic,15.171803305608037,11.524590203328836,8.972086466071307,6.787659490531446,5.334217659080009,3.720491385533784,3.0220430608164186,2.164441534072875,1.6231110203288786,1.394900107837277,1.0838016795380516,1.0105764638384673,1.1294896403121175,1.0592702510295608,1.2071320791367417,1.6175781770193467,1.445260817020066
50.0,82582,erratic,13.004978938605483,8.24456806320004,6.568361118813547,4.617663673263014,3.5179039944055934,2.444288188914065,1.902813123021669,1.4873924932783522,1.216824897202627,1.0595986887878919,1.0563609968747014,1.262815857407915,1.8675008186992619,1.030041528491119,1.1412483704920922,2.2364847648035195,1.330841644394608
50.0,22070,erratic,15.323001680221507,10.840132840047646,8.65697922993792,6.715799604004134,5.116201910561731,3.5481450512349237,2.8643090976500565,2.121256774132477,1.7419037777374593,1.4520994880451839,1.2352814962648597,1.201020754285353,1.3633127972927155,1.043581632733554,1.1813408640913776,1.8037958806963823,1.4497077361184516
50.0,20692,erratic,12.437504682687473,8.71156688512397,7.241813981176619,5.255426809083937,4.0381262711368,3.085957114075035,2.33899796618112,1.9042620288875842,1.4849261736006767,1.339788063267705,1.2503218283391468,1.15087448762885,1.6968247632773792,1.1385612332053288,1.1878530746355676,1.4547240313477852,1.390036194619984
50.0,21889,erratic,13.213908686565563,8.688189463127836,6.7368557036447285,4.734162921907416,3.574359627029634,2.5687472727690293,1.9818643925069088,1.5053070957765238,1.3024872346452105,1.088643618853683,1.1049649000589463,1.2597443484118884,1.8080881058280454,1.078085885766343,1.1633955843738273,2.147331715495269,1.3689388487831764
50.0,21115,erratic,15.315599021058219,10.615992017462206,8.752631134586212,6.12414583242586,4.660698047225176,3.340729172884539,2.5763742908937015,1.925994550320802,1.539203381016682,1.247032764219904,1.23938068111848,1.2436491662808227,1.5155641740864374,1.0779483200049051,1.1558821204382332,1.2525493947758584,1.2741555928045307
50.0,22365,erratic,12.59692457214998,8.530004834482977,6.896339786811974,4.850503809688124,3.6963704560753117,2.657607981975406,2.0872931991059436,1.7148589692420138,1.4724233141238725,1.2995214405052058,1.5174110365029774,1.583826115192446,2.2707054387545553,1.054720751485761,1.2846674549107084,1.2152231290218931,1.3631459783645894
50.0,21918,erratic,20.721654559524357,13.675398659729982,10.993494852600216,7.532807266008356,5.756020414602241,3.885063539211244,3.000509209045714,2.1515934988630474,1.7580360204469996,1.3082067332274983,1.1714569958885044,1.1673873486967186,1.2768587523026023,1.042245255761883,1.1744851293262615,1.6379497423164626,1.32831213338857
50.0,20977,erratic,19.73085049426524,13.080735900393691,10.372446127368935,7.794285000109781,5.706563687000816,4.005259326691337,3.0334239162561167,2.2064513731841897,1.7832664235734035,1.363716050404414,1.1975912486425229,1.1463221025146486,1.1150279264504939,1.1109288943760336,1.1269247463650023,1.870812088006742,1.436154239804354
50.0,20718,erratic,13.376018193762855,8.607099265141425,6.717469853566774,4.635813316484597,3.417207250221678,2.4105389561202912,1.932495862606217,1.4275821465624632,1.2145117516343151,1.0619155145984487,1.0679412113140212,1.2349931970835422,1.6106766299177528,1.100668803871381,1.093054563338922,2.230934781750231,1.2204315454287629
50.0,22349,erratic,15.571439741377105,10.80496376265606,8.42677753483704,6.382502295932149,4.715103963788246,3.4116030582100545,2.595176694369493,1.9304368099764295,1.5307512744911278,1.2918989846719873,1.4040115550071246,1.1309278409139385,1.2317597786806709,1.0925409926956657,1.7120673625070768,1.672615713558647,1.4495037090321827
50.0,22107,erratic,17.498975801528026,12.229422359669593,10.705725050734436,8.083084653760055,6.010837294138009,4.230070923604494,3.4199156676689926,2.4844582399001855,1.9993571419061682,1.4886653467154323,1.3023772435842564,1.125446719807067,1.3189793391494873,1.0722093206815826,1.4364245678300886,2.6240915825530546,1.5691081960603066
50.0,22274,erratic,14.73451828549393,9.861998154696074,7.766661862532419,5.510675413326133,4.1774274202278585,2.8740172041487804,2.2460974477598814,1.6230522739599509,1.3640851406928984,1.1137219721183176,1.156969185121089,1.1897491024752274,1.458519205379596,1.0677441943282446,1.2561310342830774,2.1150340724692147,1.511839424625162
50.0,47590B,erratic,9.819776401887781,6.346779091675786,4.946118763166768,3.525656009661872,2.6659097598286605,1.9080181437019121,1.526558530831225,1.2616933590234134,1.240307771121363,1.1568052299531408,1.3454021474694071,1.7164196810028733,2.3667405531273595,1.0287514477961621,1.1921549902710555,1.7550546515276904,1.317718115784084
50.0,23184,erratic,15.253128653614153,9.29063671223747,7.852367149693014,5.396566447928171,4.1828871472140445,2.7654378726566495,2.1754846716546314,1.6545189305260033,1.2651394594787417,1.1909514712554223,1.081023665006006,1.0229957070721605,1.344028231342855,1.0800849080597297,1.081850665172964,1.4478017385065218,1.42822996565003
50.0,23174,erratic,10.231424719027405,6.175094042736092,4.978576130907936,3.664700787345805,2.883335750181637,1.9305986787978784,1.7332136838098875,1.4747673581586522,1.360504362069473,1.5330606208926794,1.4444160925564682,1.8061120416080632,1.8530493480660444,1.145876956202608,1.143022310429937,1.1576119351797554,1.2358438236354345
50.0,22894,erratic,14.05328570950323,9.671616157496107,8.456241782166863,6.710787299679194,4.800546816588931,3.6031674996892757,2.7416201670868015,2.113833511173944,1.6240508486902834,1.400879416369827,1.0729729152533367,1.089343550734981,1.225170744302397,1.0320848063063697,1.1406266774769118,1.628511710736888,1.4665968772137883
50.0,22972,erratic,16.379411835752958,10.928334765439425,9.046278192072458,6.956082309866348,5.085554018006578,3.840719089801679,2.618094229130073,2.0170061735850613,1.6360336297620401,1.3135072335736282,1.1865669598745727,1.1699519985644424,1.0915884184602491,1.067374207596719,1.0283594965888265,1.4259540184666903,1.443214750347674
50.0,22694,erratic,13.901259808017437,9.480626587613768,7.397247328242907,5.193844116135981,4.059002541461012,2.8203434802911107,2.2842357666480657,1.6932280954543644,1.3822429752347278,1.2815900687720294,1.3056677611750558,1.6484644375155006,1.8361350454440784,1.0738003392110564,1.35097549717467,2.642219050636222,1.1883686751724802
50.0,85199S,erratic,29.50813723382651,20.166627544770876,15.775350948308327,11.564509556025124,8.640396434139614,6.2855084625400215,4.650522498223046,3.393453886611732,2.516156619971029,1.831239227420481,1.5268067728597194,1.252930607557418,1.1943419134800388,1.0365290459591507,1.3310177508974737,2.1669508024888953,1.8230894215679094
50.0,22361,erratic,19.603731794282126,12.746983097411688,10.128174724005735,7.14588792962649,5.537978159567678,3.681871349588905,2.837034390911237,2.0079230113270294,1.7155869971840423,1.2897703816357833,1.1490052360461245,1.11053504298898,1.1673270885980378,1.10077042841795,1.0671845944957357,1.2753352106387579,1.5440978688397669
50.0,23177,erratic,13.713369407870214,9.020899203152847,7.282457294903171,5.136342011925086,3.808957276399283,2.6588939609208606,2.0927345153295325,1.6529727166872354,1.5300720364413967,1.3318224506335032,1.1714875999813343,1.2254953544513656,1.4939208022856878,1.0373424554820583,1.119374214590396,1.4939208022856878,1.174283027965543
50.0,21910,erratic,18.417181163220228,15.349281745432434,11.669582885268644,9.217567712567664,7.3817697851744954,5.241498487539905,4.326907326038499,3.177989290847439,2.619819534062055,2.0040462890489015,1.5532413535147165,1.3425907955375291,1.1208846302234383,1.0769896510931336,1.3473915487234813,1.0147461916042921,1.9351707433405847
50.0,85015,erratic,12.977337650061667,9.990142120149052,8.000407440470193,6.025157386744348,4.812808226553182,3.5180199498706206,2.8828203418843104,2.0356019045767546,1.620200132397196,1.3394687888414405,1.2389022950900448,1.1549793989073998,1.4582930670451018,1.1187055704828095,1.104760687433726,1.664569387590743,1.3988227100128316
50.0,23133,erratic,11.286246731050387,7.9501580993303085,6.302848876716842,4.4308115231760805,3.40934570672231,2.4201009227418218,2.0783501156573245,1.579427753639602,1.4837536350262086,1.1752809065886922,1.5207273713183564,1.4241849647765668,2.3506744961298884,1.1600103645436508,1.272717912814282,1.0616936304960098,1.5750788780667495
50.0,22745,erratic,14.994214253114075,10.189425408757748,7.792426672406036,5.5293129310116065,4.0901651686103255,2.9160995594751116,2.2932976206202067,1.694846311837433,1.3768652520471785,1.3063449101540057,1.1071162942014832,1.1340242762978197,1.3082121597888323,1.184378146200545,1.1458648029748144,1.9561982175800356,1.2999617196231428
50.0,22919,erratic,26.367839896102392,18.235004482742198,14.983976448259238,10.759605169126987,8.160189147287374,5.578660399328775,4.281552592901198,3.011325545174395,2.380962640129166,1.7761311232858437,1.5354548614523225,1.2808629265359965,1.1797097194803898,1.0957009726489408,1.1658914236500806,1.0351401688478745,1.7647426217558972
50.0,84884A,erratic,16.74999840092365,11.92389288191354,9.453908061832243,7.226575938197476,5.349671414038985,3.8641703846537774,3.0793918470365567,2.176405580033449,1.7736848889223416,1.4238684273520252,1.3352989804353814,1.377640066973838,1.2497892934246935,1.0473880299282476,1.1887364938619687,1.3222868923873292,1.590568033914632
50.0,21529,erratic,19.669779232674234,13.236122572962087,10.188194159317355,7.8264155360151895,6.140262215773447,4.474478457396903,3.4830509104353107,2.501096683938401,1.863467215596952,1.618554636336782,1.3635277812354272,1.1628026656312314,1.3329378607696305,1.0821448410523562,1.1079368854027525,1.006803416199266,1.530641196895918
50.0,20727,erratic,8.711241905755085,5.815462566225221,4.407019127797794,3.051449621073824,2.370359044913428,1.73005043919134,1.410400750163747,1.1727742378190509,1.1345576400577904,1.2067155226741948,1.3686823002253754,1.8058274448619989,2.8335498363778795,1.0537275379343423,1.1300102670387082,2.3782495972728985,1.1278561399568396
50.0,22028,erratic,25.609703092522818,16.594817356440647,13.218781779514817,10.003544569124356,7.597192109391896,5.361397908795636,4.088222077433557,2.8322844979378914,2.212651310243883,1.6311363330000939,1.3762940928165943,1.1225918780618236,1.0667092773143088,1.1284595957911319,1.1572530208750156,1.9634424504059105,1.4700644493105015
50.0,22371,erratic,16.98366085772932,11.06038752648428,8.718097962006086,6.276737707958706,4.662794633265884,3.255537953847162,2.460200308313193,1.8095544028211046,1.4478184684197521,1.1744524807108125,1.0885394573082623,1.2004145024877435,1.2316338750014704,1.1088398245158868,1.2273602462022635,1.9601008434063714,1.344737241734466
50.0,22297,erratic,13.374389821200074,8.503286346584346,6.618365626849819,4.67270441280193,3.4770736321912357,2.5118058504682104,1.9373526533775538,1.472016570658078,1.2516533952100102,1.1214698374436287,1.1749025897693475,1.4119878935322208,1.5596667283079297,1.0543034738723138,1.1632170791520273,1.5923917336279745,1.1485523441180754
50.0,20671,erratic,25.542606837806193,17.372613322013184,13.969944067883583,10.570689518442672,8.197390456553482,5.818890034380292,4.131526774176995,3.1275616116286558,2.47938348719719,1.84179467921835,1.5685343359752202,1.3055834153577743,1.1454654867586882,1.0716294952114833,1.241226494749657,1.102287199055824,1.5350730289643464
50.0,22846,erratic,9.46807291281221,6.335318798553335,4.965517723469962,3.615991906997186,2.7520549500251894,2.0175371065593284,1.681880505783527,1.2348109778489085,1.1930351313771577,1.1135912063031799,1.1407380789633481,1.4090836734161802,1.7673687047562692,1.0678159823202802,1.149795367316193,1.616823079675605,1.1410199586702383
50.0,22227,erratic,24.48948119532416,15.98360554351528,12.453925446531096,8.666303485385182,6.581830260031913,4.509377746773681,3.4850178394329783,2.4728400022872816,1.9845410474128067,1.4078611169524797,1.2101860367774497,1.1104506597566088,1.067816463304521,1.1710401599432563,1.066466479307599,1.9835076094083544,1.3865553188156954
50.0,21651,erratic,15.430487535069908,11.411542987599386,9.406461021229743,7.6185700274728045,5.854001025605594,4.085025545811568,3.4325672897477912,2.3447245136642474,1.9429707182987788,1.5681085662077903,1.1924661845389355,1.219147488013574,1.084862982669812,1.1885447009438475,1.3929931488272298,1.062499096531144,1.4910315862512011
50.0,37413,erratic,32.16560392280506,23.95476605035472,20.533833683673066,16.432688047240216,11.640656128775426,8.234090941135424,7.551698610230718,4.825393490970714,4.163264966336485,2.794578468850862,2.1731530516155875,1.522381969208302,1.565486431247564,1.0000000000000002,1.607909388254924,1.0000000000000002,2.12867972968392
50.0,85135C,lumpy,12.802391046557213,10.37795724554029,8.836060419389096,6.852481707566306,6.41756801631487,5.100232717148051,4.470003020824339,3.1685499051548227,2.7272333481593165,2.1218844574597067,1.5820832223803174,1.328083895233264,1.1121559035590343,1.1085218446232108,1.6136562785620907,1.721870477984382,1.8645587165777466
50.0,20700,lumpy,19.796889542628374,16.10790237302972,14.768187713990462,11.092836591494878,10.424869782982299,8.085649681311805,6.41236161052381,4.817868025724484,3.8319986301963183,2.8470099593140072,2.1932562243966096,1.5685056631616867,1.296248908653699,1.0626225593018448,1.2985352851295473,1.1649926623437614,2.1061252240876907
50.0,21824,lumpy,11.772230314658056,8.231478208651945,6.741106615414497,4.891988017782574,3.9702821809747917,2.881742939437857,2.5313856772140775,1.8324666228808697,1.702892932673504,1.3854209668747277,1.375113975767447,1.532643376142852,1.3854473693420668,1.03782061345007,2.8993521571327285,1.4749922583462989,1.4605785578808603
50.0,21768,lumpy,10.419349672643323,6.710508206900702,5.229948786219244,3.7789479321302104,3.075273964660119,2.4160846070431945,2.0884941714964755,1.8002035397302079,1.653221729922774,1.429517903443041,1.8684617366789253,1.8769950930350263,4.2919695574120516,1.1337495893215357,1.723733707887705,0.999999999999997,1.6043035743356273
50.0,90000D,lumpy,12.932081759751783,12.009023804897533,11.548283126092196,9.702293344163179,9.702923983060613,8.780496667103794,6.941191657487563,5.563226433629229,4.638560349586523,3.7426198673218756,2.833656691825244,2.400758720341561,1.5144670132076326,1.3762035346044932,1.2551208662974214,1.0000000000000069,2.3809566589621753
50.0,62096A,lumpy,21.14136524822695,17.260053191489362,13.81072695035461,11.226004728132388,8.642299054373522,6.923510638297872,5.632848699763594,3.9263297872340424,3.0782446808510637,2.253528368794326,1.8584574468085109,1.5060815602836886,1.178079196217494,1.278628841607566,0.9999999999999997,0.9999999999999997,1.822304964539007
50.0,17090D,lumpy,20.3326436415725,17.42877606239058,15.250746060798983,13.798653111570905,12.346858586662423,10.172349992042019,9.448939598917715,7.269904902116823,6.549100748050295,4.389115470316728,3.676010663695687,2.9965183829380866,2.2576396625815685,0.9999999999999998,0.9999999999999998,0.9999999999999998,2.9530876969600515
50.0,21062,lumpy,24.72839521981257,18.752412591483726,16.579351010136353,12.236680383703815,10.882274439409537,7.903023306853169,6.008275485831171,4.398344039253021,3.327625560918028,2.5380988001885583,2.035021028191147,1.5642234577713476,1.1280626221110617,1.0407292969172248,1.0587994262250398,1.258785966276873,1.7870460505921335
50.0,84564,lumpy,8.182227743213472,8.182227743213472,7.273698492447294,6.366753150758758,6.371188096176155,4.557455803706845,4.560148449138837,3.6533614983580645,2.7470497203005846,2.761146511091597,1.8599032420825714,1.8803356691841526,1.0000000000000002,1.0000000000000002,1.0000000000000002,1.0000000000000002,1.8599032420825714
50.0,77101A,lumpy,14.55491198063679,11.237192334463087,9.457658716417807,7.4176906153485636,6.141072321731497,4.883656344984138,3.869616618223664,2.864621917223674,2.110180725630721,1.6373700171037033,1.4945488504842557,1.1128144860319753,1.0583379677722857,1.0772394833212657,1.0610241935201796,1.0947279322007801,1.6128687002235027
50.0,85125,lumpy,10.268594994823783,8.98590254647342,7.70520603591844,7.0666100283566635,6.003927290100673,4.300234852065235,3.6715373034538112,3.0415516787069956,2.4419344796027063,1.6430560400444107,1.4806036059098897,1.3108868865433378,1.1320452103119196,1.0000000000000002,1.039802713012556,1.5542284858816873,1.991761306094432
50.0,85064,lumpy,10.351863660757228,7.214625842606194,5.511802525216326,3.929951088577534,3.11144923190727,2.2750152850653875,1.9955683341753132,1.4614435159891102,1.383427015907562,1.3739411094420122,1.6187804378542812,1.4399130330723129,1.8668947159346023,1.0809034911474864,1.5237257810096037,1.5836956365239374,1.1393852410036445
50.0,21282,lumpy,14.039039611229592,11.168550501695625,9.262468971786175,7.990554312484705,6.0846362269692,4.514619969933224,3.558444044331014,2.6638866552459532,2.361297765968605,1.801706114743209,1.5354315980841173,1.3867181764150618,1.0140413592979751,1.0308612732930114,1.110384400237737,1.2590506240604138,1.428316085725273
50.0,20762,lumpy,22.66160498684348,17.39740984446794,13.710935610668146,11.868878790394476,9.513883825604855,6.889658508061749,5.841432381997407,4.290230248078859,3.2746517764005634,2.5341185133315762,2.054575183451303,1.6143281513378496,1.1697605838678349,1.0,1.2515800454071317,1.3604416547253353,1.755707474129125
50.0,20894,lumpy,17.702591427218312,14.980156223157712,12.940027348472173,10.55985131623149,8.865030011133749,6.838866539940763,5.819649491147186,4.821881277189692,4.169299577312966,2.83717381463063,2.210652063903132,2.0013448539378587,1.2913388235456515,1.1696317804840222,1.4533308637263738,1.256536391169332,2.149948229651809
50.0,90182C,lumpy,9.33893241360018,9.33893241360018,8.560937438700092,7.782868264259531,7.782868264259531,7.782868264259531,7.782868264259531,5.451480323475882,5.451480323475882,3.910033483608725,3.910033483608725,2.3683640451201438,2.35748144585054,1.000000000000003,1.000000000000003,1.000000000000003,2.35748144585054
50.0,44234,lumpy,23.189976489024236,20.098142892132962,18.037109853821494,15.97614441570699,14.94759126718405,11.348627148431117,9.804110385643595,6.727930385238106,5.177173056899544,4.203824363958106,3.1526607285042254,2.695206863662038,1.7220016728930945,1.000000000000001,1.4818290727043248,1.000000000000001,2.6226706663544
50.0,85165,lumpy,14.367487599952138,10.778355589526731,9.434749053022848,6.7445356446765405,5.857326684682585,3.6293031669025577,3.1908659310997374,2.31707513748093,1.8955981306057033,1.5138338956420156,1.0942320983533773,1.179741655501835,0.9999999999999997,1.333925554843595,0.9999999999999997,0.9999999999999997,1.4711624597160802
50.0,21586,lumpy,12.089238231126043,8.725257335074794,7.575946002805762,5.381559771219222,4.577776078369845,3.339104705206352,2.5410559410565527,2.017769453650396,1.6077504505624265,1.3265735173210564,1.2252327566270098,1.1841347265704998,1.3602852780955836,1.0902682973172055,1.1541611184747411,1.2607261364921432,1.5399509933768083
50.0,84595E,lumpy,9.386288480812873,9.11048053110621,8.285763846652047,6.636111515895745,5.807632668780999,4.452409997620099,3.882630217636521,3.1020841096047143,2.5629788939595124,2.0762951352806387,1.9041059037202557,1.3496036890382384,1.2112440629892574,1.1413255638078514,1.1928755296279607,1.2166571520009333,2.256844728308975
50.0,51008,lumpy,7.305449595836596,6.308453490867953,5.165338789006615,4.454816892245466,3.8748248267908267,3.205394562828391,2.7065755844647073,2.2292463597933123,1.9335520626737888,1.7222174710240734,1.704770911403096,2.109569447312276,1.6336012075741193,1.1434744684522669,1.3718370520547953,1.0480785607992322,1.5735862681004318
50.0,21292,lumpy,12.661835382355118,10.589473471131644,9.346144481594854,7.488615359981477,6.663510846735551,5.014028730466989,4.194451441498681,2.991081248252237,2.5952305273180976,1.8412839518078534,1.6350754880118374,1.335654434703914,1.0392840844075608,1.0635427798379773,1.1793998964903514,1.16992891131889,1.7875641263436386
50.0,84251F,lumpy,32.960296473666695,24.05277848635907,22.271402872834244,17.81863250872043,14.25589055586909,10.696042152890918,8.025949499744861,6.244757515346602,5.361115317041397,3.5863874488662195,2.710483641632091,1.8423998384141786,1.8714188049307106,1.0,1.0,1.0,1.8707028368210665
50.0,21801,lumpy,21.26970793524428,15.636480374617783,12.569136645817627,10.524030119837796,8.485626899842845,5.674488744034841,4.932469431792553,3.6720279336987978,2.9238124269377614,2.2220683790673377,1.7723185203621825,1.653982403063649,1.1934122008660124,1.2685378162511112,1.8225135701455883,1.9094019252040308,1.452593108585425
50.0,84510F,lumpy,12.87001547512553,10.506820155534806,9.077029559448642,8.104355888709687,7.6934358043474,5.267980855245545,4.360609602413336,3.1260145348647397,2.745665985412898,2.471593023787291,1.8649550437808922,1.0188509229573812,2.143742368543054,0.9999999999999999,2.143742368543054,0.9999999999999999,0.9999999999999999
50.0,21655,lumpy,10.980832291882406,7.805844672826588,6.375193974455252,4.936161990855825,3.791914211703512,3.246466557018932,2.695199605379558,1.8846097901113474,1.6450500719310068,1.4351805351808702,1.2846164806317986,1.463131972509748,1.6505792142429934,1.1015381740715127,1.6369246342304486,1.4809259401795265,1.5807596772649912
50.0,20770,lumpy,21.139041448782976,16.378869424650826,13.689054652937372,10.584917131726142,8.525850964039513,6.060029968775524,4.8361928710282225,3.618360314238438,2.8299284477886393,2.0782360339670345,1.6954877896200127,1.4541618291171268,1.1578859229181642,1.1498200352095647,1.3518048818812904,1.0604159887663658,1.8193730717449943
50.0,85162C,lumpy,6.8688739285736675,6.489293156456983,5.733718186397353,4.600893717433969,3.8420582253982123,2.7281447838963655,2.3498926744849524,2.009201778238524,1.6614518519137804,1.3938781609820028,1.0,1.4052910329375425,1.0560331151988387,1.1686260453003556,1.2818476709213695,1.0560331151988387,1.6085661854609983
50.0,84856L,lumpy,16.897233310632142,12.594213810358422,11.275132613187697,8.630684615127704,6.649794818029875,5.347410430736926,4.035802837987561,3.06310234993618,2.789297683752579,2.2172155369073425,1.6184141742551064,1.3463159090810066,1.5751867402785529,1.112363266473729,1.5751867402785529,1.3160916827971072,1.5029189059284964
50.0,47422,lumpy,19.049693258493175,16.89362715332727,15.815963840140865,10.788650075830647,9.71045076459287,7.201114125990738,5.41707517742922,4.706773852622278,3.9939000680317336,2.9504910006840985,2.261259031378101,1.5890168768486983,1.290075701453183,1.0936044498236823,1.0836107330695035,1.0110443643160771,1.8860258123553064
50.0,72134,lumpy,12.066876061542628,11.101977385141815,10.13730800988296,9.172094606424558,8.690054413399015,7.725074807183393,7.242638957285456,4.851699288082107,4.365423768081598,3.415245325774242,3.4548155091146544,2.0150344321980063,1.5988216513173317,1.3553940250522727,1.3553940250522727,1.0000000000000016,1.9710895427571253
50.0,90108,lumpy,12.89856224535383,10.862919500098391,10.862919500098391,10.184111529675567,10.184111529675567,8.827151768280867,7.475121164428378,5.4401892802447955,5.440204903565056,4.772434808906334,3.423083604478537,2.7975355328240386,2.1244300742963285,1.000000000000003,1.000000000000003,1.000000000000003,3.4127409664660315
50.0,22597,lumpy,15.929549257833788,11.00798356299605,8.928519763955913,6.670120539690768,5.542209872173253,3.875031574469216,3.1273434695688582,2.4452591142198115,1.704884445751738,1.4562613626543823,1.3757924776319803,1.4152908922612624,1.6005635419574822,1.295637883214347,2.054294896402499,2.6777611457876347,1.6927436468844306
50.0,85230F,lumpy,16.542017116539,13.536041841344074,11.65805273108065,10.915231781968652,9.412788886599449,6.784108735557885,5.68625541704211,4.929342846604395,3.827805350386984,2.7148521595791553,2.4961630357795626,1.7823018259163035,1.4726503068788714,1.1739963688794703,1.1283264228568979,0.9999999999999936,1.9946690728037444
50.0,22647,lumpy,13.414844950912782,11.57641896981331,10.264381718086463,8.428112124665839,6.5965147045493815,5.55778301903786,4.265959812277258,3.23681067898976,2.4855682414416385,2.0513441901102736,1.5430214761168246,1.3478640680302563,1.4173907103844803,1.2545165758973131,1.3458745539769221,1.391647499496719,1.6815862447713286
50.0,22573,lumpy,15.256292878971108,10.576301083883987,9.015406705534673,6.286043507461008,4.946496255839038,3.7968649949067412,3.077747762126079,2.3332977001607778,1.8230578403512467,1.5083952540041796,1.4906121229194504,1.5119281866606984,1.428757148503568,1.0564890042384898,1.5610186302936968,1.1047893768872104,1.3729414612671347
50.0,84874B,lumpy,20.322240576370522,17.782197349973394,16.512979576553906,13.339579156817308,12.069902046381205,10.802360853072356,8.26494733109534,7.004962231709774,5.737960759395443,4.482236010838962,3.2257418727796536,2.6056021020932194,1.9887925247772298,0.9999999999999962,0.9999999999999962,0.9999999999999962,1.989389662898827
50.0,22286,lumpy,15.485820940447818,10.640714097579927,9.151995887997607,7.299385192682655,5.625548584679889,3.9682894828425184,3.0512274018475596,2.3518451118510235,2.043756255722968,1.5643506604275272,1.7009371690081854,1.2220543638359647,1.1954796591715033,1.0846144246533687,1.252507629516271,1.986727467720139,1.8354124844734403
50.0,21792,lumpy,14.147182047029059,11.284077010714315,9.951829035879133,7.289085995158033,5.962181565345596,4.262854142058924,3.3354579762592875,2.5998713067444057,2.101061902607792,1.6221423605002798,1.2298719140844239,1.4729958826535319,1.696442034630947,1.0285554522379428,1.5370404111482516,1.099427843817278,1.6790344131420005
50.0,21085,lumpy,14.163598818445381,8.933092881556913,8.132740056219133,6.528868770854986,5.317804621756062,3.7267994621597254,3.153707092327483,2.7802360903529317,3.4950053907547227,2.0396833659484286,4.870854368452351,4.870785550306939,4.49618368092379,0.9999999999999996,4.870854368452351,0.9999999999999996,1.6489643751400627
50.0,35637C,lumpy,6.393808936293867,6.393808936293867,6.393808936293867,5.685503703197655,4.988246461511093,4.635124527599737,3.9161187242073883,3.221779819874317,2.873243844661305,2.242645133953709,2.261568003936271,1.5266039907299862,1.365026897400994,1.070688615895689,1.131672602020648,1.0484968733072975,1.8241617078871601
50.0,23224,lumpy,14.246161763608198,8.974859111497151,7.92008606266654,5.812171577915962,4.764102538603516,3.7257511938324335,3.212394141017956,2.166969274393061,1.6855054551202664,1.6974354248140104,1.2656686152549794,1.3800494791529647,0.9999999999999994,0.9999999999999994,0.9999999999999994,0.9999999999999994,1.6616263202867705
50.0,21814,lumpy,17.750777501381776,13.065846311263329,11.392750868518773,9.054111490431797,7.718894072639217,6.3948360108839175,5.065546834686728,4.432437937516561,3.4261370017256603,2.486872025878299,2.236140216694791,1.5972574037876448,1.2970934256817301,1.1059686489128906,1.3677372342604162,1.3861177926521095,1.8415713858939189
50.0,84637,lumpy,16.164752441575768,11.780345125299979,10.399260113219885,8.805839336267914,6.946290292705688,5.841248637383615,4.473404663412245,3.3225778829521384,2.773965499615888,2.076350647628668,1.9927080159799373,1.5642838128764585,1.384190917105352,1.111199618619236,1.6959138209028706,1.270729937276632,1.71786143367993
50.0,90042C,lumpy,18.05854371301726,14.297474619205627,12.041486631792125,10.536405525393988,7.529070822146433,6.785117520169403,6.032032409575766,3.7886739648132144,3.0480298962339454,2.315177187300037,1.5908698405578168,1.589382779980342,0.9999999999999996,0.9999999999999996,0.9999999999999996,0.9999999999999996,1.5770464605418528
50.0,84199,lumpy,32.556829333237644,25.670576163211013,23.165675679217422,19.41525810327177,16.91003920153922,13.778478473664123,10.666188502615368,8.191624152078123,6.918290893300693,5.095811218417485,4.455917187511685,2.6813183194212242,2.081144380043543,0.9999999999999989,1.5454593980333542,0.9999999999999989,2.5842671860331454
50.0,21458,lumpy,15.53063871737664,12.123473252736988,9.852856327504798,8.341467337726352,6.072095677891349,5.320111036164581,4.575935246199346,3.883022881751673,3.149187983188917,2.803284387485083,2.469112229543921,1.7335132050018163,1.4719503969283458,1.13195662325533,1.1184766253307739,1.0074612151714855,1.9894100555180827
50.0,79323S,lumpy,9.880832393776373,8.952308733047706,7.536561543665238,5.232647617820441,4.289894662242695,3.829181457977643,2.896100248043037,2.435560996037754,1.9970441001191894,1.5899081918628999,1.5802712366717135,1.2290087942531323,1.2290087942531323,1.2290087942531323,1.3010946107012866,1.0000000000000036,1.9960351770125304
50.0,20663,lumpy,10.941442603861896,9.929897170126035,8.904291227170757,8.220883107668365,7.196819588466924,5.830934446728171,4.807049622961625,4.124478550496374,3.7784474120768063,2.6487560808063084,2.6955782191210726,2.3288842454138474,2.359087708283325,1.0000000000000033,3.2632905432269856,1.0000000000000033,1.7487690942104883
50.0,84916,lumpy,14.237214422946055,12.740272381967849,11.617194227192172,9.011088326965108,7.885002610174942,5.292240605782292,5.2919294786773445,3.44404324822774,3.1560850126690485,2.07474974447383,2.041666562314412,1.7216103804286358,1.717002513281306,1.046115950888885,2.218287318778622,1.3566035167873387,1.6312279564413845
