factor,assumed_K,config,who,code,cost,PCR,order_churn,fill,cover_days,orders_per_year,n_orders,unit_days,measured_days
1.0,1.0,Per period 7d,Both,22554,125.81290278700314,0.13533921933085502,0.9748953974895398,1.0,3.8606251916345378,47.98122065727699,84,46247.6045977459,639
1.0,1.0,Per period 14d,Both,22554,137.37988733473458,0.08805762081784387,0.9895561357702349,1.0,8.252530239952389,27.417840375586856,48,98859.5723550852,639
1.0,1.0,Per period 28d,Both,22554,198.2779834242685,0.04821096654275093,1.0,1.0,16.091252419914102,13.708920187793428,24,192762.0119692667,639
1.0,1.0,Per period 56d,Both,22554,318.22974863554674,0.027067843866171004,0.9957264957264957,1.0,28.182153791650858,7.42566510172144,13,337602.6007635593,639
1.0,1.0,SP Part Period Balancing,SAP only,22554,113.19656041256835,0.11942379182156133,0.9961240310077519,1.0,4.819358203182964,34.84350547730829,61,57732.559244204385,639
1.0,1.0,WI Sliding Economic Lot Size,SAP only,22554,130.10150002073118,0.12616171003717472,0.9990800367985281,1.0,6.934193121834613,31.41627543035994,55,83066.81062899054,639
1.0,1.0,DY Dynamic Planning Calculation,SAP only,22554,127.58735958470741,0.057736988847583645,0.9959919839679359,1.0,8.825672072909908,18.278560250391237,32,105725.41287399456,639
1.0,1.0,GR Groff Reorder Procedure,SAP only,22554,109.89659836955752,0.12860130111524162,0.991047448522829,1.0,3.3143671623434234,42.26917057902973,74,39703.813348146956,639
0.5,0.5,Per period 7d,Both,22554,125.81290278700314,0.13533921933085502,0.9748953974895398,1.0,3.8606251916345378,47.98122065727699,84,46247.6045977459,639
0.5,0.5,Per period 14d,Both,22554,137.37988733473458,0.08805762081784387,0.9895561357702349,1.0,8.252530239952389,27.417840375586856,48,98859.5723550852,639
0.5,0.5,Per period 28d,Both,22554,198.2779834242685,0.04821096654275093,1.0,1.0,16.091252419914102,13.708920187793428,24,192762.0119692667,639
0.5,0.5,Per period 56d,Both,22554,318.22974863554674,0.027067843866171004,0.9957264957264957,1.0,28.182153791650858,7.42566510172144,13,337602.6007635593,639
0.5,0.5,SP Part Period Balancing,SAP only,22554,113.74733030732074,0.16647304832713755,0.9937586685159501,1.0,3.023592238674155,46.267605633802816,81,36220.532006582034,639
0.5,0.5,WI Sliding Economic Lot Size,SAP only,22554,125.71201066247004,0.1725139405204461,0.9893404397068621,1.0,4.497626401512526,43.98278560250391,77,53878.43603576231,639
0.5,0.5,DY Dynamic Planning Calculation,SAP only,22554,111.17699509233958,0.08712825278810409,0.9907529722589168,1.0,5.74086125558918,27.98904538341158,49,68771.52487486044,639
0.5,0.5,GR Groff Reorder Procedure,SAP only,22554,117.12151087019157,0.16740241635687733,0.986986301369863,1.0,2.319493057237073,52.550860719874805,92,27785.91353824219,639
2.0,2.0,Per period 7d,Both,22554,125.81290278700314,0.13533921933085502,0.9748953974895398,1.0,3.8606251916345378,47.98122065727699,84,46247.6045977459,639
2.0,2.0,Per period 14d,Both,22554,137.37988733473458,0.08805762081784387,0.9895561357702349,1.0,8.252530239952389,27.417840375586856,48,98859.5723550852,639
2.0,2.0,Per period 28d,Both,22554,198.2779834242685,0.04821096654275093,1.0,1.0,16.091252419914102,13.708920187793428,24,192762.0119692667,639
2.0,2.0,Per period 56d,Both,22554,318.22974863554674,0.027067843866171004,0.9957264957264957,1.0,28.182153791650858,7.42566510172144,13,337602.6007635593,639
2.0,2.0,SP Part Period Balancing,SAP only,22554,115.98432055411128,0.08933550185873607,0.9987012987012988,1.0,6.738711922510063,24.561815336463223,43,80725.08182500186,639
2.0,2.0,WI Sliding Economic Lot Size,SAP only,22554,147.0734149813333,0.10095260223048327,0.9965596330275229,1.0,9.609197660901456,24.561815336463223,43,115111.50444905045,639
2.0,2.0,DY Dynamic Planning Calculation,SAP only,22554,173.79857775363462,0.039962825278810406,1.0,1.0,14.015707455549727,12.566510172143975,22,167898.42690932314,639
2.0,2.0,GR Groff Reorder Procedure,SAP only,22554,107.93909498299891,0.10211431226765799,0.9909808342728298,1.0,4.610924267107403,33.129890453834115,58,55235.66566301395,639
1.0,1.0,Per period 7d,Both,22627,102.46951308764616,0.10315985130111524,0.8862275449101796,0.9999683751528443,4.718644012481447,40.55555555555556,71,6756.689574700499,639
1.0,1.0,Per period 14d,Both,22627,100.4199977229054,0.06203531598513011,0.9081632653061225,1.0,8.759689789181492,23.990610328638496,42,12543.117158153218,639
1.0,1.0,Per period 28d,Both,22627,135.6167765764538,0.0362453531598513,0.9483282674772037,1.0,17.036079364074656,12.566510172143975,22,24394.190264944486,639
1.0,1.0,Per period 56d,Both,22627,228.083051229635,0.02137546468401487,0.968421052631579,1.0,32.70010187454644,5.712050078247262,10,46823.71394048045,639
1.0,1.0,SP Part Period Balancing,SAP only,22627,86.04799553124738,0.09200743494423792,0.9850746268656716,1.0,6.15487369627978,25.704225352112676,45,8813.246099356053,639
1.0,1.0,WI Sliding Economic Lot Size,SAP only,22627,98.63373242754088,0.09096189591078067,0.969059405940594,1.0,8.641794541871477,23.419405320813773,41,12374.30137414848,639
1.0,1.0,DY Dynamic Planning Calculation,SAP only,22627,107.0329544001687,0.04170539033457249,0.9782016348773842,1.0,12.450238808200986,13.708920187793428,24,17827.66373885975,639
1.0,1.0,GR Groff Reorder Procedure,SAP only,22627,88.61796316422902,0.09328531598513011,0.9447058823529412,1.0,4.740903113315618,32.55868544600939,57,6788.562679378585,639
0.5,0.5,Per period 7d,Both,22627,102.46951308764616,0.10315985130111524,0.8862275449101796,0.9999683751528443,4.718644012481447,40.55555555555556,71,6756.689574700499,639
0.5,0.5,Per period 14d,Both,22627,100.4199977229054,0.06203531598513011,0.9081632653061225,1.0,8.759689789181492,23.990610328638496,42,12543.117158153218,639
0.5,0.5,Per period 28d,Both,22627,135.6167765764538,0.0362453531598513,0.9483282674772037,1.0,17.036079364074656,12.566510172143975,22,24394.190264944486,639
0.5,0.5,Per period 56d,Both,22627,228.083051229635,0.02137546468401487,0.968421052631579,1.0,32.70010187454644,5.712050078247262,10,46823.71394048045,639
0.5,0.5,SP Part Period Balancing,SAP only,22627,93.76033656756597,0.12395446096654275,0.9578096947935368,1.0,4.612307713888303,35.985915492957744,63,6604.425204212694,639
0.5,0.5,WI Sliding Economic Lot Size,SAP only,22627,106.07993779052552,0.12256040892193308,0.957350272232305,1.0,7.209266630337724,33.129890453834115,58,10323.045466789303,639
0.5,0.5,DY Dynamic Planning Calculation,SAP only,22627,89.08223675088304,0.05982806691449814,0.9572490706319703,0.9999612351121429,7.80938471836958,21.134585289514867,37,11182.362596513121,639
0.5,0.5,GR Groff Reorder Procedure,SAP only,22627,96.28217215874906,0.11361524163568773,0.9072356215213359,1.0,3.491006738759197,41.69796557120501,73,4998.819316437297,639
2.0,2.0,Per period 7d,Both,22627,102.46951308764616,0.10315985130111524,0.8862275449101796,0.9999683751528443,4.718644012481447,40.55555555555556,71,6756.689574700499,639
2.0,2.0,Per period 14d,Both,22627,100.4199977229054,0.06203531598513011,0.9081632653061225,1.0,8.759689789181492,23.990610328638496,42,12543.117158153218,639
2.0,2.0,Per period 28d,Both,22627,135.6167765764538,0.0362453531598513,0.9483282674772037,1.0,17.036079364074656,12.566510172143975,22,24394.190264944486,639
2.0,2.0,Per period 56d,Both,22627,228.083051229635,0.02137546468401487,0.968421052631579,1.0,32.70010187454644,5.712050078247262,10,46823.71394048045,639
2.0,2.0,SP Part Period Balancing,SAP only,22627,94.10554916921907,0.06505576208178439,0.9688581314878892,1.0,9.312313695894156,18.278560250391237,32,13334.426733391152,639
2.0,2.0,WI Sliding Economic Lot Size,SAP only,22627,110.60985769507822,0.07028345724907063,0.969551282051282,1.0,11.93696824291979,17.70735524256651,31,17092.70474041385,639
2.0,2.0,DY Dynamic Planning Calculation,SAP only,22627,162.62948947705482,0.02532527881040892,0.9954337899543378,1.0,22.435945946959393,7.42566510172144,13,32126.331564191176,639
2.0,2.0,GR Groff Reorder Procedure,SAP only,22627,84.22626715118511,0.07632434944237919,0.9494219653179191,1.0,6.181604339034619,24.561815336463223,43,8851.522064813274,639
1.0,1.0,Per period 7d,Both,20724,118.64701369863013,0.14486524163568773,0.9904686258935663,1.0,2.418115205337601,49.694835680751176,87,67948.0,639
1.0,1.0,Per period 14d,Both,20724,134.1310771902555,0.08863847583643122,0.9973856209150327,1.0,6.8104123527840335,25.704225352112676,45,191369.66573201912,639
1.0,1.0,Per period 28d,Both,20724,210.75593838028848,0.051812267657992565,0.9955357142857143,1.0,14.34623480791357,13.137715179968701,23,403123.0441694429,639
1.0,1.0,Per period 56d,Both,20724,382.91430708583,0.027648698884758363,1.0,1.0,28.41758308101505,6.283255086071987,11,798521.8946254584,639
1.0,1.0,SP Part Period Balancing,SAP only,20724,120.52139543980549,0.15009293680297398,0.9976833976833976,1.0,4.0895138276343035,38.27073552425665,67,114913.58432664118,639
1.0,1.0,WI Sliding Economic Lot Size,SAP only,20724,132.33113367970503,0.1503252788104089,0.9984567901234568,1.0,5.373928338991674,35.41471048513302,62,151005.08113583727,639
1.0,1.0,DY Dynamic Planning Calculation,SAP only,20724,142.70430892599643,0.06981877323420074,1.0,1.0,8.382391464521916,18.849765258215964,33,235541.60445875698,639
1.0,1.0,GR Groff Reorder Procedure,SAP only,20724,111.24739272340867,0.15439126394052044,0.9969992498124531,1.0,2.7696253533745594,42.840375586854464,75,77825.28437673037,639
0.5,0.5,Per period 7d,Both,20724,118.64701369863013,0.14486524163568773,0.9904686258935663,1.0,2.418115205337601,49.694835680751176,87,67948.0,639
0.5,0.5,Per period 14d,Both,20724,134.1310771902555,0.08863847583643122,0.9973856209150327,1.0,6.8104123527840335,25.704225352112676,45,191369.66573201912,639
0.5,0.5,Per period 28d,Both,20724,210.75593838028848,0.051812267657992565,0.9955357142857143,1.0,14.34623480791357,13.137715179968701,23,403123.0441694429,639
0.5,0.5,Per period 56d,Both,20724,382.91430708583,0.027648698884758363,1.0,1.0,28.41758308101505,6.283255086071987,11,798521.8946254584,639
0.5,0.5,SP Part Period Balancing,SAP only,20724,121.08400525573185,0.1979553903345725,0.9964912280701754,1.0,2.3750963192755425,51.40845070422535,90,66739.18775495369,639
0.5,0.5,WI Sliding Economic Lot Size,SAP only,20724,133.74776151501487,0.1962128252788104,0.9952857984678845,1.0,3.8011744076874248,47.98122065727699,84,106811.3703116496,639
0.5,0.5,DY Dynamic Planning Calculation,SAP only,20724,117.83303527580108,0.10281133828996282,1.0,1.0,4.877415438725817,30.845070422535212,54,137053.28162157288,639
0.5,0.5,GR Groff Reorder Procedure,SAP only,20724,119.84862332977787,0.18482806691449813,0.9925140361821585,1.0,1.8222483564887244,54.83568075117371,96,51204.39714922895,639
2.0,2.0,Per period 7d,Both,20724,118.64701369863013,0.14486524163568773,0.9904686258935663,1.0,2.418115205337601,49.694835680751176,87,67948.0,639
2.0,2.0,Per period 14d,Both,20724,134.1310771902555,0.08863847583643122,0.9973856209150327,1.0,6.8104123527840335,25.704225352112676,45,191369.66573201912,639
2.0,2.0,Per period 28d,Both,20724,210.75593838028848,0.051812267657992565,0.9955357142857143,1.0,14.34623480791357,13.137715179968701,23,403123.0441694429,639
2.0,2.0,Per period 56d,Both,20724,382.91430708583,0.027648698884758363,1.0,1.0,28.41758308101505,6.283255086071987,11,798521.8946254584,639
2.0,2.0,SP Part Period Balancing,SAP only,20724,129.1876685782976,0.10803903345724906,0.9978540772532188,1.0,6.279873765436242,26.84663536776213,47,176461.75900634483,639
2.0,2.0,WI Sliding Economic Lot Size,SAP only,20724,139.12446088471717,0.11303438661710037,0.9989733059548255,1.0,7.191951576441818,25.704225352112676,45,202090.75425248098,639
2.0,2.0,DY Dynamic Planning Calculation,SAP only,20724,202.83169323703908,0.04565520446096654,0.9974619289340102,1.0,13.817160481159599,12.566510172143975,22,388256.2825383486,639
2.0,2.0,GR Groff Reorder Procedure,SAP only,20724,114.68961433430803,0.11698420074349443,1.0,1.0,4.48441202600209,31.987480438184665,56,126010.05430601428,639
1.0,1.0,Per period 7d,Both,22741,88.03567581826096,0.08062267657992565,0.9532967032967034,1.0,7.188088807851981,32.55868544600939,57,66635.42160979557,639
1.0,1.0,Per period 14d,Both,22741,82.36617643226697,0.05053438661710037,0.9931506849315068,1.0,12.128388275705102,17.136150234741784,30,112433.26116339673,639
1.0,1.0,Per period 28d,Both,22741,101.5061448265114,0.028113382899628253,0.9918032786885246,1.0,19.803846587042262,9.139280125195619,16,183586.72271574504,639
1.0,1.0,Per period 56d,Both,22741,156.058231783817,0.01591542750929368,1.0,1.0,34.05975871695998,5.140845070422535,9,315742.67412407766,639
1.0,1.0,SP Part Period Balancing,SAP only,22741,79.15614353780806,0.06598513011152417,1.0,1.0,10.458492087318868,19.420970266040687,34,96952.89641941142,639
1.0,1.0,WI Sliding Economic Lot Size,SAP only,22741,88.40347578898331,0.06493959107806692,1.0,1.0,13.52667082607672,17.136150234741784,30,125395.69801752298,639
1.0,1.0,DY Dynamic Planning Calculation,SAP only,22741,92.14807256766568,0.03357342007434944,1.0,1.0,17.40484152877564,9.710485133020343,17,161347.3322776351,639
1.0,1.0,GR Groff Reorder Procedure,SAP only,22741,82.12203029147042,0.08236524163568773,0.9985915492957746,1.0,7.902911007176787,27.417840375586856,48,73262.00621403944,639
0.5,0.5,Per period 7d,Both,22741,88.03567581826096,0.08062267657992565,0.9532967032967034,1.0,7.188088807851981,32.55868544600939,57,66635.42160979557,639
0.5,0.5,Per period 14d,Both,22741,82.36617643226697,0.05053438661710037,0.9931506849315068,1.0,12.128388275705102,17.136150234741784,30,112433.26116339673,639
0.5,0.5,Per period 28d,Both,22741,101.5061448265114,0.028113382899628253,0.9918032786885246,1.0,19.803846587042262,9.139280125195619,16,183586.72271574504,639
0.5,0.5,Per period 56d,Both,22741,156.058231783817,0.01591542750929368,1.0,1.0,34.05975871695998,5.140845070422535,9,315742.67412407766,639
0.5,0.5,SP Part Period Balancing,SAP only,22741,80.44745598528988,0.08108736059479554,0.9900709219858156,1.0,7.978281970619918,26.275430359937403,46,73960.71432135766,639
0.5,0.5,WI Sliding Economic Lot Size,SAP only,22741,88.30288633251863,0.08224907063197026,0.9971830985915493,1.0,10.49247878850974,24.561815336463223,43,97267.9618315841,639
0.5,0.5,DY Dynamic Planning Calculation,SAP only,22741,80.23160052335547,0.053322490706319704,0.9978260869565218,1.0,11.865612222743925,16.564945226917057,29,109997.25994720438,639
0.5,0.5,GR Groff Reorder Procedure,SAP only,22741,82.88214187576372,0.09398234200743494,0.9902080783353733,1.0,6.457707353618971,31.41627543035994,55,59864.59873325738,639
2.0,2.0,Per period 7d,Both,22741,88.03567581826096,0.08062267657992565,0.9532967032967034,1.0,7.188088807851981,32.55868544600939,57,66635.42160979557,639
2.0,2.0,Per period 14d,Both,22741,82.36617643226697,0.05053438661710037,0.9931506849315068,1.0,12.128388275705102,17.136150234741784,30,112433.26116339673,639
2.0,2.0,Per period 28d,Both,22741,101.5061448265114,0.028113382899628253,0.9918032786885246,1.0,19.803846587042262,9.139280125195619,16,183586.72271574504,639
2.0,2.0,Per period 56d,Both,22741,156.058231783817,0.01591542750929368,1.0,1.0,34.05975871695998,5.140845070422535,9,315742.67412407766,639
2.0,2.0,SP Part Period Balancing,SAP only,22741,78.57954052916652,0.04530669144981413,1.0,1.0,13.10423412116625,12.566510172143975,22,121479.60172438693,639
2.0,2.0,WI Sliding Economic Lot Size,SAP only,22741,89.9107590899669,0.048327137546468404,1.0,1.0,15.497019667168999,13.137715179968701,23,143661.3356931642,639
2.0,2.0,DY Dynamic Planning Calculation,SAP only,22741,131.2081302999079,0.01928438661710037,1.0,1.0,28.30429402540741,5.140845070422535,9,262388.0444674493,639
2.0,2.0,GR Groff Reorder Procedure,SAP only,22741,78.66993763671866,0.06354553903345725,0.9963570127504554,1.0,9.419454090654192,21.705790297339593,38,87320.74845530771,639
1.0,1.0,Per period 7d,Both,22027,89.86019738017691,0.13719795539033458,0.9656582174979559,1.0,2.5699382194951923,47.98122065727699,84,25463.95290195922,639
1.0,1.0,Per period 14d,Both,22027,61.20393444369034,0.08503717472118959,0.9891891891891892,1.0,6.229011008660253,26.84663536776213,47,61719.47704698779,639
1.0,1.0,Per period 28d,Both,22027,52.94031317686384,0.050302044609665426,0.9976958525345622,1.0,13.568603273559463,12.566510172143975,22,134443.02749470598,639
1.0,1.0,Per period 56d,Both,22027,69.24068302139177,0.027184014869888477,0.9957446808510638,1.0,25.10240004957703,6.854460093896714,12,248724.39646199995,639
1.0,1.0,SP Part Period Balancing,SAP only,22027,47.34235212151154,0.06052509293680297,0.9961759082217974,1.0,9.798042780046867,14.280125195618153,25,97082.83957561562,639
1.0,1.0,WI Sliding Economic Lot Size,SAP only,22027,55.703850947333514,0.05947955390334572,0.9941747572815534,1.0,13.464904834460352,14.280125195618153,25,133415.54280686585,639
1.0,1.0,DY Dynamic Planning Calculation,SAP only,22027,66.80739126569557,0.023931226765799257,0.9951690821256038,1.0,24.47384250728145,6.283255086071987,11,242496.40252355812,639
1.0,1.0,GR Groff Reorder Procedure,SAP only,22027,51.32367700983339,0.07702137546468402,0.9940029985007496,1.0,5.8429818230365695,21.705790297339593,38,57894.54891177604,639
0.5,0.5,Per period 7d,Both,22027,89.86019738017691,0.13719795539033458,0.9656582174979559,1.0,2.5699382194951923,47.98122065727699,84,25463.95290195922,639
0.5,0.5,Per period 14d,Both,22027,61.20393444369034,0.08503717472118959,0.9891891891891892,1.0,6.229011008660253,26.84663536776213,47,61719.47704698779,639
0.5,0.5,Per period 28d,Both,22027,52.94031317686384,0.050302044609665426,0.9976958525345622,1.0,13.568603273559463,12.566510172143975,22,134443.02749470598,639
0.5,0.5,Per period 56d,Both,22027,69.24068302139177,0.027184014869888477,0.9957446808510638,1.0,25.10240004957703,6.854460093896714,12,248724.39646199995,639
0.5,0.5,SP Part Period Balancing,SAP only,22027,51.57936108010663,0.08213289962825279,0.995774647887324,1.0,6.393651070922732,21.134585289514867,37,63350.795169510944,639
0.5,0.5,WI Sliding Economic Lot Size,SAP only,22027,55.35002096348284,0.08434014869888476,0.9918032786885246,1.0,8.485782166706892,20.56338028169014,36,84080.44823418139,639
0.5,0.5,DY Dynamic Planning Calculation,SAP only,22027,53.269203783636186,0.035432156133828996,1.0,1.0,15.467000323459192,10.28169014084507,18,153253.08786937152,639
0.5,0.5,GR Groff Reorder Procedure,SAP only,22027,58.79122973101678,0.09851301115241635,0.9894982497082847,1.0,4.293858016918534,27.98904538341158,49,42545.22442644194,639
2.0,2.0,Per period 7d,Both,22027,89.86019738017691,0.13719795539033458,0.9656582174979559,1.0,2.5699382194951923,47.98122065727699,84,25463.95290195922,639
2.0,2.0,Per period 14d,Both,22027,61.20393444369034,0.08503717472118959,0.9891891891891892,1.0,6.229011008660253,26.84663536776213,47,61719.47704698779,639
2.0,2.0,Per period 28d,Both,22027,52.94031317686384,0.050302044609665426,0.9976958525345622,1.0,13.568603273559463,12.566510172143975,22,134443.02749470598,639
2.0,2.0,Per period 56d,Both,22027,69.24068302139177,0.027184014869888477,0.9957446808510638,1.0,25.10240004957703,6.854460093896714,12,248724.39646199995,639
2.0,2.0,SP Part Period Balancing,SAP only,22027,51.01735378957064,0.046933085501858735,0.9950738916256158,1.0,14.47947123717023,10.28169014084507,18,143468.26349039623,639
2.0,2.0,WI Sliding Economic Lot Size,SAP only,22027,56.71870258719528,0.045887546468401486,0.9974747474747475,1.0,16.5412065635371,10.852895148669797,19,163896.74338483662,639
2.0,2.0,DY Dynamic Planning Calculation,SAP only,22027,91.55734939016627,0.014637546468401487,1.0,1.0,37.08188476246109,3.998435054773083,7,367421.81580250815,639
2.0,2.0,GR Groff Reorder Procedure,SAP only,22027,48.789513104028885,0.06110594795539034,0.9924528301886792,1.0,8.239976355590226,17.136150234741784,30,81644.90813060172,639
1.0,1.0,Per period 7d,Both,23000,46.82599809249615,0.057388475836431224,0.9573643410852714,1.0,10.817504366748802,22.848200312989047,40,29660.586949536842,639
1.0,1.0,Per period 14d,Both,23000,30.426358471973856,0.0391496282527881,0.9911764705882353,1.0,14.938426959892126,11.995305164319248,21,40959.77193179115,639
1.0,1.0,Per period 28d,Both,23000,26.599999614514097,0.021143122676579924,1.0,1.0,23.13735770863404,6.854460093896714,12,63440.47451544816,639
1.0,1.0,Per period 56d,Both,23000,29.710461478497262,0.013824349442379182,1.0,1.0,37.575167339005226,3.427230046948357,6,103027.60047204167,639
1.0,1.0,SP Part Period Balancing,SAP only,23000,25.68743277476107,0.02532527881040892,1.0,1.0,21.691166889326528,6.854460093896714,12,59475.15431890227,639
1.0,1.0,WI Sliding Economic Lot Size,SAP only,23000,25.280038578623323,0.024860594795539034,0.9907407407407407,1.0,22.630299274682404,6.283255086071987,11,62050.16763330372,639
1.0,1.0,DY Dynamic Planning Calculation,SAP only,23000,35.381645262835235,0.010223048327137546,0.9777777777777777,1.0,49.73208021251339,2.2848200312989047,4,136360.72048731975,639
1.0,1.0,GR Groff Reorder Procedure,SAP only,23000,29.386213197958373,0.032063197026022304,1.0,1.0,14.874806714020067,11.424100156494523,20,40785.331157795306,639
0.5,0.5,Per period 7d,Both,23000,46.82599809249615,0.057388475836431224,0.9573643410852714,1.0,10.817504366748802,22.848200312989047,40,29660.586949536842,639
0.5,0.5,Per period 14d,Both,23000,30.426358471973856,0.0391496282527881,0.9911764705882353,1.0,14.938426959892126,11.995305164319248,21,40959.77193179115,639
0.5,0.5,Per period 28d,Both,23000,26.599999614514097,0.021143122676579924,1.0,1.0,23.13735770863404,6.854460093896714,12,63440.47451544816,639
0.5,0.5,Per period 56d,Both,23000,29.710461478497262,0.013824349442379182,1.0,1.0,37.575167339005226,3.427230046948357,6,103027.60047204167,639
0.5,0.5,SP Part Period Balancing,SAP only,23000,27.77802324398308,0.03264405204460966,0.9964539007092199,1.0,17.080478477554276,9.710485133020343,17,46833.07719111695,639
0.5,0.5,WI Sliding Economic Lot Size,SAP only,23000,27.43248963690337,0.030320631970260224,1.0,1.0,21.28714560633203,7.996870109546166,14,58367.36568416346,639
0.5,0.5,DY Dynamic Planning Calculation,SAP only,23000,25.640106890504246,0.013824349442379182,1.0,1.0,29.539920016437918,3.998435054773083,7,80995.70255992917,639
0.5,0.5,GR Groff Reorder Procedure,SAP only,23000,34.1186993802162,0.04321561338289963,0.992,1.0,12.866113469084455,14.85133020344288,26,35277.681830701345,639
2.0,2.0,Per period 7d,Both,23000,46.82599809249615,0.057388475836431224,0.9573643410852714,1.0,10.817504366748802,22.848200312989047,40,29660.586949536842,639
2.0,2.0,Per period 14d,Both,23000,30.426358471973856,0.0391496282527881,0.9911764705882353,1.0,14.938426959892126,11.995305164319248,21,40959.77193179115,639
2.0,2.0,Per period 28d,Both,23000,26.599999614514097,0.021143122676579924,1.0,1.0,23.13735770863404,6.854460093896714,12,63440.47451544816,639
2.0,2.0,Per period 56d,Both,23000,29.710461478497262,0.013824349442379182,1.0,1.0,37.575167339005226,3.427230046948357,6,103027.60047204167,639
2.0,2.0,SP Part Period Balancing,SAP only,23000,24.81724873306188,0.017774163568773236,1.0,1.0,26.651144512709987,4.569640062597809,8,73074.94985199507,639
2.0,2.0,WI Sliding Economic Lot Size,SAP only,23000,28.154342197199135,0.017774163568773236,1.0,1.0,30.35485471174988,5.140845070422535,9,83230.17740449624,639
2.0,2.0,DY Dynamic Planning Calculation,SAP only,23000,39.8226751636286,0.008945167286245352,1.0,1.0,56.77000487843232,2.2848200312989047,4,155658.05279433855,639
2.0,2.0,GR Groff Reorder Procedure,SAP only,23000,24.650505916252758,0.026719330855018587,1.0,1.0,18.46314588960135,7.42566510172144,13,50624.222136098295,639
1.0,1.0,Per period 7d,Both,23109,69.54292761051296,0.04077602230483272,0.8931297709923665,1.0,12.331944234695511,16.564945226917057,29,25602.367781725312,639
1.0,1.0,Per period 14d,Both,23109,70.64758842268625,0.026022304832713755,0.9613733905579399,1.0,16.31798954209989,9.710485133020343,17,33877.802377647895,639
1.0,1.0,Per period 28d,Both,23109,88.4252018833894,0.01428903345724907,0.9919354838709677,1.0,24.158767464079503,5.140845070422535,9,50156.05309245178,639
1.0,1.0,Per period 56d,Both,23109,136.63474863114482,0.010571561338289962,0.9891304347826086,1.0,40.03934780098384,2.856025039123631,5,83125.74956811048,639
1.0,1.0,SP Part Period Balancing,SAP only,23109,62.95585258057789,0.0383364312267658,0.9880239520958084,1.0,13.065883738502562,11.424100156494523,20,27126.10067804659,639
1.0,1.0,WI Sliding Economic Lot Size,SAP only,23109,70.7493740783872,0.038452602230483274,0.993993993993994,1.0,16.044779641938977,10.28169014084507,18,33310.59089725144,639
1.0,1.0,DY Dynamic Planning Calculation,SAP only,23109,71.99428116860409,0.019400557620817844,0.9940476190476191,1.0,18.55263342678591,6.283255086071987,11,38517.14987290742,639
1.0,1.0,GR Groff Reorder Procedure,SAP only,23109,64.12925417577688,0.041473048327137545,0.9834710743801653,1.0,11.901947118288076,14.280125195618153,25,24709.650128302,639
0.5,0.5,Per period 7d,Both,23109,69.54292761051296,0.04077602230483272,0.8931297709923665,1.0,12.331944234695511,16.564945226917057,29,25602.367781725312,639
0.5,0.5,Per period 14d,Both,23109,70.64758842268625,0.026022304832713755,0.9613733905579399,1.0,16.31798954209989,9.710485133020343,17,33877.802377647895,639
0.5,0.5,Per period 28d,Both,23109,88.4252018833894,0.01428903345724907,0.9919354838709677,1.0,24.158767464079503,5.140845070422535,9,50156.05309245178,639
0.5,0.5,Per period 56d,Both,23109,136.63474863114482,0.010571561338289962,0.9891304347826086,1.0,40.03934780098384,2.856025039123631,5,83125.74956811048,639
0.5,0.5,SP Part Period Balancing,SAP only,23109,65.89545203527449,0.05401951672862453,0.9935897435897436,1.0,11.830831510004272,15.422535211267606,27,24562.00690808856,639
0.5,0.5,WI Sliding Economic Lot Size,SAP only,23109,69.55661507099347,0.04867565055762082,0.9812646370023419,1.0,14.161127837813089,13.137715179968701,23,29399.938582893796,639
0.5,0.5,DY Dynamic Planning Calculation,SAP only,23109,61.9264020651116,0.03183085501858736,0.9927536231884058,1.0,13.056925773801485,10.852895148669797,19,27107.503034196772,639
0.5,0.5,GR Groff Reorder Procedure,SAP only,23109,66.48371898497896,0.05343866171003717,0.9871244635193133,1.0,11.097254552490618,17.136150234741784,30,23039.02669466665,639
2.0,2.0,Per period 7d,Both,23109,69.54292761051296,0.04077602230483272,0.8931297709923665,1.0,12.331944234695511,16.564945226917057,29,25602.367781725312,639
2.0,2.0,Per period 14d,Both,23109,70.64758842268625,0.026022304832713755,0.9613733905579399,1.0,16.31798954209989,9.710485133020343,17,33877.802377647895,639
2.0,2.0,Per period 28d,Both,23109,88.4252018833894,0.01428903345724907,0.9919354838709677,1.0,24.158767464079503,5.140845070422535,9,50156.05309245178,639
2.0,2.0,Per period 56d,Both,23109,136.63474863114482,0.010571561338289962,0.9891304347826086,1.0,40.03934780098384,2.856025039123631,5,83125.74956811048,639
2.0,2.0,SP Part Period Balancing,SAP only,23109,66.51083766444515,0.025906133828996283,0.9823788546255506,1.0,15.66805396154157,8.568075117370892,15,32528.47015142297,639
2.0,2.0,WI Sliding Economic Lot Size,SAP only,23109,70.51242621144317,0.026138475836431228,0.995575221238938,1.0,17.49355743756523,7.42566510172144,13,36318.40063525391,639
2.0,2.0,DY Dynamic Planning Calculation,SAP only,23109,77.62590047575874,0.013940520446096654,0.975609756097561,1.0,21.178113485195666,4.569640062597809,8,43967.91293019366,639
2.0,2.0,GR Groff Reorder Procedure,SAP only,23109,64.34358282423364,0.03519981412639405,0.9837662337662337,1.0,13.487989713235514,11.424100156494523,20,28002.43552049356,639
1.0,1.0,Per period 7d,Both,21224,74.14806889013519,0.09758364312267657,0.8624229979466119,0.9998884779437753,2.3954293220398184,40.55555555555556,71,4596.180579597378,639
1.0,1.0,Per period 14d,Both,21224,51.65221519830639,0.06586895910780668,0.9325657894736842,1.0,5.822725392707242,25.13302034428795,44,11172.234189527335,639
1.0,1.0,Per period 28d,Both,21224,40.581363701034434,0.042983271375464684,0.9762532981530343,0.9998072170994764,13.378015412202688,13.137715179968701,23,25668.791003510276,639
1.0,1.0,Per period 56d,Both,21224,44.997234198494176,0.025441449814126393,0.9954545454545455,1.0,25.869183461175965,6.283255086071987,11,49635.9619298015,639
1.0,1.0,SP Part Period Balancing,SAP only,21224,35.519921180758885,0.03961431226765799,0.9884057971014493,1.0,12.570342319439234,10.852895148669797,19,24119.08492390797,639
1.0,1.0,WI Sliding Economic Lot Size,SAP only,21224,40.186989962421734,0.042867100371747215,0.9813829787234043,1.0,16.121609397044946,10.852895148669797,19,30933.005345135738,639
1.0,1.0,DY Dynamic Planning Calculation,SAP only,21224,52.49946792808705,0.016147769516728624,0.9928571428571429,0.9999590489436382,34.62146586235269,3.998435054773083,7,66429.2231750071,639
1.0,1.0,GR Groff Reorder Procedure,SAP only,21224,46.64884632632172,0.06610130111524164,0.9627749576988156,1.0,5.8201619498424515,22.27699530516432,39,11167.31563642971,639
0.5,0.5,Per period 7d,Both,21224,74.14806889013519,0.09758364312267657,0.8624229979466119,0.9998884779437753,2.3954293220398184,40.55555555555556,71,4596.180579597378,639
0.5,0.5,Per period 14d,Both,21224,51.65221519830639,0.06586895910780668,0.9325657894736842,1.0,5.822725392707242,25.13302034428795,44,11172.234189527335,639
0.5,0.5,Per period 28d,Both,21224,40.581363701034434,0.042983271375464684,0.9762532981530343,0.9998072170994764,13.378015412202688,13.137715179968701,23,25668.791003510276,639
0.5,0.5,Per period 56d,Both,21224,44.997234198494176,0.025441449814126393,0.9954545454545455,1.0,25.869183461175965,6.283255086071987,11,49635.9619298015,639
0.5,0.5,SP Part Period Balancing,SAP only,21224,41.2821613271883,0.05611059479553903,0.9797160243407708,1.0,8.58482485685691,17.136150234741784,30,16471.955537694917,639
0.5,0.5,WI Sliding Economic Lot Size,SAP only,21224,41.783100641120754,0.060757434944237916,0.990530303030303,1.0,11.248760424961846,15.422535211267606,27,21583.3269360363,639
0.5,0.5,DY Dynamic Planning Calculation,SAP only,21224,38.067353245323595,0.03078531598513011,0.977859778597786,1.0,17.552415869566815,8.568075117370892,15,33678.33573817245,639
0.5,0.5,GR Groff Reorder Procedure,SAP only,21224,54.77281578364112,0.08027416356877323,0.9504814305364512,1.0,3.6317321112809022,28.560250391236305,50,6968.311044116041,639
2.0,2.0,Per period 7d,Both,21224,74.14806889013519,0.09758364312267657,0.8624229979466119,0.9998884779437753,2.3954293220398184,40.55555555555556,71,4596.180579597378,639
2.0,2.0,Per period 14d,Both,21224,51.65221519830639,0.06586895910780668,0.9325657894736842,1.0,5.822725392707242,25.13302034428795,44,11172.234189527335,639
2.0,2.0,Per period 28d,Both,21224,40.581363701034434,0.042983271375464684,0.9762532981530343,0.9998072170994764,13.378015412202688,13.137715179968701,23,25668.791003510276,639
2.0,2.0,Per period 56d,Both,21224,44.997234198494176,0.025441449814126393,0.9954545454545455,1.0,25.869183461175965,6.283255086071987,11,49635.9619298015,639
2.0,2.0,SP Part Period Balancing,SAP only,21224,40.00679776216972,0.03310873605947955,0.9895833333333334,1.0,18.267258212799682,9.139280125195619,16,35049.92473276779,639
2.0,2.0,WI Sliding Economic Lot Size,SAP only,21224,41.029994222496235,0.02973977695167286,0.9770992366412213,1.0,20.567669576110774,7.996870109546166,14,39463.791564844505,639
2.0,2.0,DY Dynamic Planning Calculation,SAP only,21224,68.71135588469495,0.011965613382899629,0.9809523809523809,0.9999590489436382,48.479259939752616,2.856025039123631,5,93018.57959165463,639
2.0,2.0,GR Groff Reorder Procedure,SAP only,21224,41.156689712125214,0.05506505576208178,0.9813664596273292,1.0,8.489350965943135,17.136150234741784,30,16288.76697970281,639
1.0,1.0,Per period 7d,Both,22411,159.72580821917808,0.14265799256505576,0.985553772070626,1.0,2.799306397405575,50.2660406885759,88,67128.0,639
1.0,1.0,Per period 14d,Both,22411,225.26838032995946,0.09421468401486989,0.9950920245398773,1.0,6.996465238519439,26.275430359937403,46,167776.81748829538,639
1.0,1.0,Per period 28d,Both,22411,405.96732955060276,0.0525092936802974,0.9977924944812362,1.0,14.946403842985044,13.137715179968701,23,358418.14175889746,639
1.0,1.0,Per period 56d,Both,22411,733.8115626373373,0.028810408921933085,0.9959839357429718,1.0,28.131748790459707,7.42566510172144,13,674605.693237508,639
1.0,1.0,SP Part Period Balancing,SAP only,22411,145.2029836463935,0.18227230483271376,0.9955583756345178,1.0,2.310567074551762,49.123630672926446,86,55407.92059213752,639
1.0,1.0,WI Sliding Economic Lot Size,SAP only,22411,187.54364503474352,0.18378252788104088,0.9968494013862634,1.0,4.19720071506392,45.69640062597809,80,100649.82163508046,639
1.0,1.0,DY Dynamic Planning Calculation,SAP only,22411,171.9007786496859,0.10722583643122677,0.9989177489177489,1.0,4.601417706226949,30.845070422535212,54,110343.03642855218,639
1.0,1.0,GR Groff Reorder Procedure,SAP only,22411,139.5879805310068,0.183317843866171,0.9899623588456713,1.0,1.8572581006405537,52.550860719874805,92,44537.46895850636,639
0.5,0.5,Per period 7d,Both,22411,159.72580821917808,0.14265799256505576,0.985553772070626,1.0,2.799306397405575,50.2660406885759,88,67128.0,639
0.5,0.5,Per period 14d,Both,22411,225.26838032995946,0.09421468401486989,0.9950920245398773,1.0,6.996465238519439,26.275430359937403,46,167776.81748829538,639
0.5,0.5,Per period 28d,Both,22411,405.96732955060276,0.0525092936802974,0.9977924944812362,1.0,14.946403842985044,13.137715179968701,23,358418.14175889746,639
0.5,0.5,Per period 56d,Both,22411,733.8115626373373,0.028810408921933085,0.9959839357429718,1.0,28.131748790459707,7.42566510172144,13,674605.693237508,639
0.5,0.5,SP Part Period Balancing,SAP only,22411,149.97237621753186,0.24395910780669144,0.9938476100331283,1.0,1.481981427739516,63.97496087636933,112,35538.24953692084,639
0.5,0.5,WI Sliding Economic Lot Size,SAP only,22411,179.03354799305671,0.2512778810408922,0.9940257352941176,1.0,2.616177417817985,63.97496087636933,112,62736.52568580949,639
0.5,0.5,DY Dynamic Planning Calculation,SAP only,22411,144.08953899857744,0.15473977695167287,0.9977528089887641,1.0,2.423223216942545,46.838810641627546,82,58109.44034482246,639
0.5,0.5,GR Groff Reorder Procedure,SAP only,22411,152.26358920208708,0.22606877323420074,0.9908350305498982,1.0,1.1811237958167045,69.68701095461658,122,28323.615535286608,639
2.0,2.0,Per period 7d,Both,22411,159.72580821917808,0.14265799256505576,0.985553772070626,1.0,2.799306397405575,50.2660406885759,88,67128.0,639
2.0,2.0,Per period 14d,Both,22411,225.26838032995946,0.09421468401486989,0.9950920245398773,1.0,6.996465238519439,26.275430359937403,46,167776.81748829538,639
2.0,2.0,Per period 28d,Both,22411,405.96732955060276,0.0525092936802974,0.9977924944812362,1.0,14.946403842985044,13.137715179968701,23,358418.14175889746,639
2.0,2.0,Per period 56d,Both,22411,733.8115626373373,0.028810408921933085,0.9959839357429718,1.0,28.131748790459707,7.42566510172144,13,674605.693237508,639
2.0,2.0,SP Part Period Balancing,SAP only,22411,168.74743958004353,0.14010223048327136,0.9975186104218362,1.0,4.010014973335,37.69953051643193,66,96161.06524798946,639
2.0,2.0,WI Sliding Economic Lot Size,SAP only,22411,199.45235274319265,0.1407992565055762,0.9975308641975309,1.0,5.442530002232877,34.27230046948357,60,130513.09936221877,639
2.0,2.0,DY Dynamic Planning Calculation,SAP only,22411,249.32858846010305,0.066682156133829,1.0,1.0,8.52090244205127,17.70735524256651,31,204333.16612291694,639
2.0,2.0,GR Groff Reorder Procedure,SAP only,22411,144.34022238009067,0.15195167286245354,0.993920972644377,1.0,2.628146269683987,43.98278560250391,77,63023.54145828999,639
1.0,1.0,Per period 7d,Both,23322,83.91378136953372,0.04658457249070632,0.9852579852579852,1.0,13.431087764148122,14.85133020344288,26,35828.01728793187,639
1.0,1.0,Per period 14d,Both,23322,92.19826767261506,0.028810408921933085,0.9880478087649402,1.0,18.367284240896947,7.42566510172144,13,48995.53847543134,639
1.0,1.0,Per period 28d,Both,23322,116.59030568968417,0.014521375464684015,1.0,1.0,25.18374541540602,4.569640062597809,8,67178.74843514359,639
1.0,1.0,Per period 56d,Both,23322,207.0241854543483,0.00929368029739777,1.0,1.0,47.31631532331157,1.7136150234741785,3,126218.352018368,639
1.0,1.0,SP Part Period Balancing,SAP only,23322,79.79433966610092,0.04112453531598513,0.9915966386554622,1.0,13.635302641556637,11.995305164319248,21,36372.76945445226,639
1.0,1.0,WI Sliding Economic Lot Size,SAP only,23322,82.5844960390935,0.048327137546468404,0.9928400954653938,1.0,14.51429761791106,11.424100156494523,20,38717.52721062563,639
1.0,1.0,DY Dynamic Planning Calculation,SAP only,23322,92.63326115738445,0.020097583643122675,1.0,1.0,19.163911535337178,5.712050078247262,10,51120.576817703935,639
1.0,1.0,GR Groff Reorder Procedure,SAP only,23322,79.59421638574133,0.04553903345724907,0.9874055415617129,1.0,13.125060551130813,13.137715179968701,23,35011.67623863659,639
0.5,0.5,Per period 7d,Both,23322,83.91378136953372,0.04658457249070632,0.9852579852579852,1.0,13.431087764148122,14.85133020344288,26,35828.01728793187,639
0.5,0.5,Per period 14d,Both,23322,92.19826767261506,0.028810408921933085,0.9880478087649402,1.0,18.367284240896947,7.42566510172144,13,48995.53847543134,639
0.5,0.5,Per period 28d,Both,23322,116.59030568968417,0.014521375464684015,1.0,1.0,25.18374541540602,4.569640062597809,8,67178.74843514359,639
0.5,0.5,Per period 56d,Both,23322,207.0241854543483,0.00929368029739777,1.0,1.0,47.31631532331157,1.7136150234741785,3,126218.352018368,639
0.5,0.5,SP Part Period Balancing,SAP only,23322,82.29117825099432,0.058317843866171004,0.9881889763779528,1.0,12.59095093886779,15.993740219092333,28,33586.915358665974,639
0.5,0.5,WI Sliding Economic Lot Size,SAP only,23322,85.26422246695381,0.06098977695167286,0.9849906191369606,1.0,13.512360390875441,15.422535211267606,27,36044.81559396295,639
0.5,0.5,DY Dynamic Planning Calculation,SAP only,23322,83.09593959292981,0.03229553903345725,1.0,1.0,15.560570074685089,9.139280125195619,16,41508.50500240573,639
0.5,0.5,GR Groff Reorder Procedure,SAP only,23322,82.38304160002122,0.05796933085501859,0.9881188118811881,1.0,12.148424993934594,17.136150234741784,30,32406.457938996173,639
2.0,2.0,Per period 7d,Both,23322,83.91378136953372,0.04658457249070632,0.9852579852579852,1.0,13.431087764148122,14.85133020344288,26,35828.01728793187,639
2.0,2.0,Per period 14d,Both,23322,92.19826767261506,0.028810408921933085,0.9880478087649402,1.0,18.367284240896947,7.42566510172144,13,48995.53847543134,639
2.0,2.0,Per period 28d,Both,23322,116.59030568968417,0.014521375464684015,1.0,1.0,25.18374541540602,4.569640062597809,8,67178.74843514359,639
2.0,2.0,Per period 56d,Both,23322,207.0241854543483,0.00929368029739777,1.0,1.0,47.31631532331157,1.7136150234741785,3,126218.352018368,639
2.0,2.0,SP Part Period Balancing,SAP only,23322,85.18014981074947,0.03729089219330855,0.9968944099378882,1.0,16.043930160876872,9.139280125195619,16,42797.889289700935,639
2.0,2.0,WI Sliding Economic Lot Size,SAP only,23322,85.70634467340155,0.03345724907063197,0.9863013698630136,1.0,16.397877989195603,8.568075117370892,15,43742.06068778231,639
2.0,2.0,DY Dynamic Planning Calculation,SAP only,23322,103.63221383848416,0.01312732342007435,1.0,1.0,22.41048182689334,3.998435054773083,7,59780.94584923172,639
2.0,2.0,GR Groff Reorder Procedure,SAP only,23322,79.82928889284095,0.03392193308550186,0.9931972789115646,1.0,14.339153581007164,10.28169014084507,18,38250.322789638885,639
1.0,1.0,Per period 7d,Both,21652,15.599537683058056,0.027764869888475836,0.956,1.0,1.9172491915634557,7.996870109546166,14,1497.0032161953595,639
1.0,1.0,Per period 14d,Both,21652,12.8283078231177,0.017657992565055763,0.9806451612903225,1.0,4.588713449311132,5.140845070422535,9,3582.9034754819504,639
1.0,1.0,Per period 28d,Both,21652,15.734462269508255,0.012197955390334572,1.0,1.0,11.667990141275261,3.427230046948357,6,9110.45827787311,639
1.0,1.0,Per period 56d,Both,21652,22.161620878513318,0.00766728624535316,1.0,1.0,22.967637791526606,1.7136150234741785,3,17933.311847839388,639
1.0,1.0,SP Part Period Balancing,SAP only,21652,17.074297023657174,0.016844795539033456,0.9863945578231292,1.0,12.075325282271457,3.998435054773083,7,9428.508752909918,639
1.0,1.0,WI Sliding Economic Lot Size,SAP only,21652,15.04345177168192,0.016496282527881042,0.993006993006993,1.0,9.641099156322339,3.998435054773083,7,7527.845888881796,639
1.0,1.0,DY Dynamic Planning Calculation,SAP only,21652,14.810291408649729,0.007783457249070632,0.9710144927536232,1.0,12.95750808707069,2.2848200312989047,4,10117.32401065936,639
1.0,1.0,GR Groff Reorder Procedure,SAP only,21652,14.704109296284024,0.024163568773234202,0.9674418604651163,1.0,3.241218645307526,6.854460093896714,12,2530.768956778637,639
0.5,0.5,Per period 7d,Both,21652,15.599537683058056,0.027764869888475836,0.956,1.0,1.9172491915634557,7.996870109546166,14,1497.0032161953595,639
0.5,0.5,Per period 14d,Both,21652,12.8283078231177,0.017657992565055763,0.9806451612903225,1.0,4.588713449311132,5.140845070422535,9,3582.9034754819504,639
0.5,0.5,Per period 28d,Both,21652,15.734462269508255,0.012197955390334572,1.0,1.0,11.667990141275261,3.427230046948357,6,9110.45827787311,639
0.5,0.5,Per period 56d,Both,21652,22.161620878513318,0.00766728624535316,1.0,1.0,22.967637791526606,1.7136150234741785,3,17933.311847839388,639
0.5,0.5,SP Part Period Balancing,SAP only,21652,14.576352524914649,0.02404739776951673,1.0,1.0,5.485340090223767,5.712050078247262,10,4282.996593830376,639
0.5,0.5,WI Sliding Economic Lot Size,SAP only,21652,19.988637059915106,0.023118029739776953,0.995,1.0,14.36990510103267,4.569640062597809,8,11220.134684279525,639
0.5,0.5,DY Dynamic Planning Calculation,SAP only,21652,13.412042666986572,0.01150092936802974,0.99,1.0,8.884275101256286,3.427230046948357,6,6936.911726795126,639
0.5,0.5,GR Groff Reorder Procedure,SAP only,21652,16.14033924709164,0.03055297397769517,0.9598540145985401,1.0,2.565468594220695,7.996870109546166,14,2003.1380133037114,639
2.0,2.0,Per period 7d,Both,21652,15.599537683058056,0.027764869888475836,0.956,1.0,1.9172491915634557,7.996870109546166,14,1497.0032161953595,639
2.0,2.0,Per period 14d,Both,21652,12.8283078231177,0.017657992565055763,0.9806451612903225,1.0,4.588713449311132,5.140845070422535,9,3582.9034754819504,639
2.0,2.0,Per period 28d,Both,21652,15.734462269508255,0.012197955390334572,1.0,1.0,11.667990141275261,3.427230046948357,6,9110.45827787311,639
2.0,2.0,Per period 56d,Both,21652,22.161620878513318,0.00766728624535316,1.0,1.0,22.967637791526606,1.7136150234741785,3,17933.311847839388,639
2.0,2.0,SP Part Period Balancing,SAP only,21652,15.799192800261206,0.010687732342007435,0.9787234042553191,1.0,14.142832080174932,2.2848200312989047,4,11042.83428742395,639
2.0,2.0,WI Sliding Economic Lot Size,SAP only,21652,14.275644380877646,0.01324349442379182,0.991304347826087,1.0,11.118038592543941,2.856025039123631,5,8681.051792359847,639
2.0,2.0,DY Dynamic Planning Calculation,SAP only,21652,25.867386708997987,0.006389405204460966,1.0,1.0,27.409469089328137,1.7136150234741785,3,21401.528586626322,639
2.0,2.0,GR Groff Reorder Procedure,SAP only,21652,14.511960458446655,0.0191682156133829,0.9880239520958084,1.0,6.606785100981597,5.140845070422535,9,5158.629659828279,639
1.0,1.0,Per period 7d,Both,22993,118.97639627782824,0.06157063197026022,0.9869646182495344,1.0,10.256728202407489,23.990610328638496,42,112385.53856562923,639
1.0,1.0,Per period 14d,Both,22993,133.5128862007178,0.04449349442379182,0.9973958333333334,1.0,14.858546517280898,12.566510172143975,22,162808.813853048,639
1.0,1.0,Per period 28d,Both,22993,182.89610079552952,0.022885687732342008,1.0,1.0,22.771069333832337,6.854460093896714,12,249508.3071614731,639
1.0,1.0,Per period 56d,Both,22993,313.2398659993016,0.01324349442379182,1.0,1.0,40.93820899493845,3.427230046948357,6,448570.2043589804,639
1.0,1.0,SP Part Period Balancing,SAP only,22993,119.8402187006583,0.07504646840148699,0.9969135802469136,1.0,11.1712989594804,20.56338028169014,36,122406.71930296111,639
1.0,1.0,WI Sliding Economic Lot Size,SAP only,22993,127.3677080676394,0.07516263940520446,1.0,1.0,12.307545197487746,19.992175273865413,35,134856.85377875352,639
1.0,1.0,DY Dynamic Planning Calculation,SAP only,22993,134.47142860069607,0.03729089219330855,0.9968944099378882,1.0,15.386002925187297,10.852895148669797,19,168588.28575701627,639
1.0,1.0,GR Groff Reorder Procedure,SAP only,22993,116.6016349411454,0.06993494423791821,0.9901315789473685,1.0,10.340038195358247,22.27699530516432,39,113298.3870140723,639
0.5,0.5,Per period 7d,Both,22993,118.97639627782824,0.06157063197026022,0.9869646182495344,1.0,10.256728202407489,23.990610328638496,42,112385.53856562923,639
0.5,0.5,Per period 14d,Both,22993,133.5128862007178,0.04449349442379182,0.9973958333333334,1.0,14.858546517280898,12.566510172143975,22,162808.813853048,639
0.5,0.5,Per period 28d,Both,22993,182.89610079552952,0.022885687732342008,1.0,1.0,22.771069333832337,6.854460093896714,12,249508.3071614731,639
0.5,0.5,Per period 56d,Both,22993,313.2398659993016,0.01324349442379182,1.0,1.0,40.93820899493845,3.427230046948357,6,448570.2043589804,639
0.5,0.5,SP Part Period Balancing,SAP only,22993,118.9816286893167,0.09491171003717472,0.9975579975579976,1.0,9.857690072928442,25.704225352112676,45,108013.17788640237,639
0.5,0.5,WI Sliding Economic Lot Size,SAP only,22993,130.17352412092387,0.10327602230483271,0.9977553310886644,1.0,11.215710276057427,26.275430359937403,46,122893.34521654886,639
0.5,0.5,DY Dynamic Planning Calculation,SAP only,22993,115.5312459465999,0.05309014869888476,0.9934782608695653,1.0,11.529865174340294,16.564945226917057,29,126335.61908203585,639
0.5,0.5,GR Groff Reorder Procedure,SAP only,22993,117.05562239840901,0.0874767657992565,0.9934036939313984,1.0,9.467814049945297,26.275430359937403,46,103741.20870167717,639
2.0,2.0,Per period 7d,Both,22993,118.97639627782824,0.06157063197026022,0.9869646182495344,1.0,10.256728202407489,23.990610328638496,42,112385.53856562923,639
2.0,2.0,Per period 14d,Both,22993,133.5128862007178,0.04449349442379182,0.9973958333333334,1.0,14.858546517280898,12.566510172143975,22,162808.813853048,639
2.0,2.0,Per period 28d,Both,22993,182.89610079552952,0.022885687732342008,1.0,1.0,22.771069333832337,6.854460093896714,12,249508.3071614731,639
2.0,2.0,Per period 56d,Both,22993,313.2398659993016,0.01324349442379182,1.0,1.0,40.93820899493845,3.427230046948357,6,448570.2043589804,639
2.0,2.0,SP Part Period Balancing,SAP only,22993,123.8665150242819,0.05518122676579926,1.0,1.0,13.040234321933477,14.85133020344288,26,142885.11193545157,639
2.0,2.0,WI Sliding Economic Lot Size,SAP only,22993,136.42059365463106,0.057853159851301114,0.9940119760479041,1.0,14.979494094619865,13.708920187793428,24,164134.06673576136,639
2.0,2.0,DY Dynamic Planning Calculation,SAP only,22993,167.10549286609466,0.025906133828996283,0.9955357142857143,1.0,20.66704808167554,6.854460093896714,12,226454.0195844982,639
2.0,2.0,GR Groff Reorder Procedure,SAP only,22993,119.80789603867738,0.06006040892193309,1.0,1.0,11.83321766075892,17.70735524256651,31,129659.52821646897,639
1.0,1.0,Per period 7d,Both,21274,23.752137170224145,0.022653345724907063,0.5571428571428572,0.9978448283982359,1.6386684828505624,12.566510172143975,22,250.79610475757394,639
1.0,1.0,Per period 14d,Both,21274,18.577350251879636,0.01974907063197026,0.7112970711297071,0.9996395322606431,5.216160144815958,7.42566510172144,13,798.3266046808109,639
1.0,1.0,Per period 28d,Both,21274,19.99795134895878,0.015450743494423791,0.8580645161290322,0.9997676094016525,11.22096207330502,4.569640062597809,8,1717.3538205372365,639
1.0,1.0,Per period 56d,Both,21274,35.76404867762024,0.010223048327137546,0.9887640449438202,1.0,29.70700373252662,2.2848200312989047,4,4546.618732286817,639
1.0,1.0,SP Part Period Balancing,SAP only,21274,18.149318221147503,0.017193308550185873,0.8505747126436781,1.0,7.621567051172068,5.712050078247262,10,1166.4710394975837,639
1.0,1.0,WI Sliding Economic Lot Size,SAP only,21274,20.524600597769393,0.015683085501858735,0.7894736842105263,1.0,10.778265593549127,5.140845070422535,9,1649.599693406207,639
1.0,1.0,DY Dynamic Planning Calculation,SAP only,21274,23.843867628939513,0.011036245353159852,0.9895833333333334,1.0,17.62353570445679,2.856025039123631,5,2697.259484142322,639
1.0,1.0,GR Groff Reorder Procedure,SAP only,21274,20.21190287503424,0.028113382899628253,0.8039867109634552,0.9973919664238244,3.9391393615965224,9.139280125195619,16,602.8802154460777,639
0.5,0.5,Per period 7d,Both,21274,23.752137170224145,0.022653345724907063,0.5571428571428572,0.9978448283982359,1.6386684828505624,12.566510172143975,22,250.79610475757394,639
0.5,0.5,Per period 14d,Both,21274,18.577350251879636,0.01974907063197026,0.7112970711297071,0.9996395322606431,5.216160144815958,7.42566510172144,13,798.3266046808109,639
0.5,0.5,Per period 28d,Both,21274,19.99795134895878,0.015450743494423791,0.8580645161290322,0.9997676094016525,11.22096207330502,4.569640062597809,8,1717.3538205372365,639
0.5,0.5,Per period 56d,Both,21274,35.76404867762024,0.010223048327137546,0.9887640449438202,1.0,29.70700373252662,2.2848200312989047,4,4546.618732286817,639
0.5,0.5,SP Part Period Balancing,SAP only,21274,17.79651255248789,0.02799721189591078,0.8637992831541219,1.0,4.485889621503497,7.42566510172144,13,686.5596398659134,639
0.5,0.5,WI Sliding Economic Lot Size,SAP only,21274,19.935352158512266,0.025441449814126393,0.8795180722891566,0.9978884913257834,8.35669730324348,6.283255086071987,11,1278.9817795517556,639
0.5,0.5,DY Dynamic Planning Calculation,SAP only,21274,18.393107254959453,0.016728624535315983,0.9230769230769231,1.0,9.720047943169233,4.569640062597809,8,1487.640842376549,639
0.5,0.5,GR Groff Reorder Procedure,SAP only,21274,21.07084890538284,0.02857806691449814,0.7321428571428571,0.9973919664238244,2.871980232120331,10.28169014084507,18,439.5528825351905,639
2.0,2.0,Per period 7d,Both,21274,23.752137170224145,0.022653345724907063,0.5571428571428572,0.9978448283982359,1.6386684828505624,12.566510172143975,22,250.79610475757394,639
2.0,2.0,Per period 14d,Both,21274,18.577350251879636,0.01974907063197026,0.7112970711297071,0.9996395322606431,5.216160144815958,7.42566510172144,13,798.3266046808109,639
2.0,2.0,Per period 28d,Both,21274,19.99795134895878,0.015450743494423791,0.8580645161290322,0.9997676094016525,11.22096207330502,4.569640062597809,8,1717.3538205372365,639
2.0,2.0,Per period 56d,Both,21274,35.76404867762024,0.010223048327137546,0.9887640449438202,1.0,29.70700373252662,2.2848200312989047,4,4546.618732286817,639
2.0,2.0,SP Part Period Balancing,SAP only,21274,18.609812105727947,0.01638011152416357,0.9215686274509803,1.0,10.857958790429363,3.998435054773083,7,1661.7966347414508,639
2.0,2.0,WI Sliding Economic Lot Size,SAP only,21274,29.810693609681056,0.013359665427509293,0.8914728682170543,1.0,22.268709228972163,3.427230046948357,6,3408.1973206014054,639
2.0,2.0,DY Dynamic Planning Calculation,SAP only,21274,31.40242723420161,0.006389405204460966,0.9649122807017544,1.0,26.56308143910252,1.7136150234741785,3,4065.4454668563085,639
2.0,2.0,GR Groff Reorder Procedure,SAP only,21274,19.275083471010007,0.02532527881040892,0.897119341563786,1.0,5.868708047489885,7.42566510172144,13,898.1982223210398,639
1.0,1.0,Per period 7d,Both,22382,132.8691488150726,0.1433550185873606,0.9809220985691574,1.0,2.9303882812286344,49.123630672926446,86,51840.11914394396,639
1.0,1.0,Per period 14d,Both,22382,152.89715580786753,0.09502788104089219,0.9903147699757869,1.0,6.746027375167411,25.704225352112676,45,119340.79354506561,639
1.0,1.0,Per period 28d,Both,22382,257.5076152409738,0.05065055762081784,0.9977116704805492,1.0,14.724584791698064,12.566510172143975,22,260485.69564531947,639
1.0,1.0,Per period 56d,Both,22382,461.7147888734257,0.02753252788104089,1.0,1.0,28.17993005809355,6.283255086071987,11,498517.8725418193,639
1.0,1.0,SP Part Period Balancing,SAP only,22382,131.835258318591,0.164614312267658,0.9936886395511921,1.0,3.6785424070772406,41.69796557120501,73,65075.36147359309,639
1.0,1.0,WI Sliding Economic Lot Size,SAP only,22382,145.2281144313988,0.16449814126394052,0.9971830985915493,1.0,5.078605450575661,36.557120500782474,64,89843.21747715323,639
1.0,1.0,DY Dynamic Planning Calculation,SAP only,22382,167.75656508903916,0.07562732342007435,0.996937212863706,1.0,8.362828871094532,19.420970266040687,34,147942.86744696755,639
1.0,1.0,GR Groff Reorder Procedure,SAP only,22382,122.6792782421395,0.17053903345724908,0.993234100135318,1.0,2.543380523506951,46.838810641627546,82,44993.747146608854,639
0.5,0.5,Per period 7d,Both,22382,132.8691488150726,0.1433550185873606,0.9809220985691574,1.0,2.9303882812286344,49.123630672926446,86,51840.11914394396,639
0.5,0.5,Per period 14d,Both,22382,152.89715580786753,0.09502788104089219,0.9903147699757869,1.0,6.746027375167411,25.704225352112676,45,119340.79354506561,639
0.5,0.5,Per period 28d,Both,22382,257.5076152409738,0.05065055762081784,0.9977116704805492,1.0,14.724584791698064,12.566510172143975,22,260485.69564531947,639
0.5,0.5,Per period 56d,Both,22382,461.7147888734257,0.02753252788104089,1.0,1.0,28.17993005809355,6.283255086071987,11,498517.8725418193,639
0.5,0.5,SP Part Period Balancing,SAP only,22382,128.3752102361683,0.21782063197026022,0.9915388683236382,1.0,2.1492328277240578,53.69327073552426,94,38021.065867277066,639
0.5,0.5,WI Sliding Economic Lot Size,SAP only,22382,144.96076759960445,0.19923327137546468,0.9924768518518519,1.0,3.561344084191898,50.2660406885759,88,63002.06113289583,639
0.5,0.5,DY Dynamic Planning Calculation,SAP only,22382,125.39598914935895,0.11303438661710037,0.9948875255623721,1.0,4.276305632882908,32.55868544600939,57,75650.1092106546,639
0.5,0.5,GR Groff Reorder Procedure,SAP only,22382,129.58180914665144,0.1974907063197026,0.9889470622454916,1.0,1.6619679253093944,58.834115805946794,103,29401.091934932654,639
2.0,2.0,Per period 7d,Both,22382,132.8691488150726,0.1433550185873606,0.9809220985691574,1.0,2.9303882812286344,49.123630672926446,86,51840.11914394396,639
2.0,2.0,Per period 14d,Both,22382,152.89715580786753,0.09502788104089219,0.9903147699757869,1.0,6.746027375167411,25.704225352112676,45,119340.79354506561,639
2.0,2.0,Per period 28d,Both,22382,257.5076152409738,0.05065055762081784,0.9977116704805492,1.0,14.724584791698064,12.566510172143975,22,260485.69564531947,639
2.0,2.0,Per period 56d,Both,22382,461.7147888734257,0.02753252788104089,1.0,1.0,28.17993005809355,6.283255086071987,11,498517.8725418193,639
2.0,2.0,SP Part Period Balancing,SAP only,22382,136.85262229407317,0.11802973977695168,0.9951028403525954,1.0,5.30521966556619,29.70266040688576,52,93852.14284041425,639
2.0,2.0,WI Sliding Economic Lot Size,SAP only,22382,154.315348101863,0.11512546468401487,0.9949799196787149,1.0,6.647128400425583,27.417840375586856,48,117591.2183550909,639
2.0,2.0,DY Dynamic Planning Calculation,SAP only,22382,235.58133159952484,0.04855947955390334,0.990521327014218,1.0,13.35369314424544,12.566510172143975,22,236233.8970722017,639
2.0,2.0,GR Groff Reorder Procedure,SAP only,22382,127.05719043440932,0.1299953531598513,0.9946666666666667,1.0,4.067554740771054,35.41471048513302,62,71957.19548048303,639
1.0,1.0,Per period 7d,Both,23202,163.258655524867,0.051812267657992565,0.9955357142857143,1.0,12.132032456698042,17.70735524256651,31,116044.25304465494,639
1.0,1.0,Per period 14d,Both,23202,193.18918076768563,0.03276022304832714,0.9964664310954063,1.0,16.161761595941112,9.710485133020343,17,154589.06485626262,639
1.0,1.0,Per period 28d,Both,23202,269.12602201325905,0.017774163568773236,0.9935064935064936,1.0,23.95298335508686,4.569640062597809,8,229112.97604528736,639
1.0,1.0,Per period 56d,Both,23202,423.60146507248925,0.011036245353159852,1.0,1.0,38.39814143374491,2.856025039123631,5,367282.5354602369,639
1.0,1.0,SP Part Period Balancing,SAP only,23202,158.12954205703033,0.0683085501858736,1.0,1.0,11.478081789832116,18.849765258215964,33,109789.14146830785,639
1.0,1.0,WI Sliding Economic Lot Size,SAP only,23202,172.4762724728224,0.07179368029739777,1.0,1.0,12.885831103249094,18.278560250391237,32,123254.42176101002,639
1.0,1.0,DY Dynamic Planning Calculation,SAP only,23202,168.73191658959843,0.04553903345724907,0.9924050632911392,1.0,13.276199600070656,13.708920187793428,24,126988.3402769313,639
1.0,1.0,GR Groff Reorder Procedure,SAP only,23202,156.50650926773372,0.06737918215613382,0.9948542024013722,1.0,10.962283288523462,21.134585289514867,37,104855.4708719298,639
0.5,0.5,Per period 7d,Both,23202,163.258655524867,0.051812267657992565,0.9955357142857143,1.0,12.132032456698042,17.70735524256651,31,116044.25304465494,639
0.5,0.5,Per period 14d,Both,23202,193.18918076768563,0.03276022304832714,0.9964664310954063,1.0,16.161761595941112,9.710485133020343,17,154589.06485626262,639
0.5,0.5,Per period 28d,Both,23202,269.12602201325905,0.017774163568773236,0.9935064935064936,1.0,23.95298335508686,4.569640062597809,8,229112.97604528736,639
0.5,0.5,Per period 56d,Both,23202,423.60146507248925,0.011036245353159852,1.0,1.0,38.39814143374491,2.856025039123631,5,367282.5354602369,639
0.5,0.5,SP Part Period Balancing,SAP only,23202,162.34493473782624,0.09607342007434944,0.9951865222623345,1.0,10.488814164888453,27.417840375586856,48,100326.68552717927,639
0.5,0.5,WI Sliding Economic Lot Size,SAP only,23202,173.70272482861714,0.09131040892193308,0.9949367088607595,1.0,11.89757797777629,25.13302034428795,44,113801.66962126261,639
0.5,0.5,DY Dynamic Planning Calculation,SAP only,23202,157.81384332100495,0.057853159851301114,0.9900596421471173,1.0,11.17393409891196,20.56338028169014,36,106879.93464463174,639
0.5,0.5,GR Groff Reorder Procedure,SAP only,23202,159.4117187412204,0.08306226765799256,0.9903047091412742,1.0,10.40321064264636,26.275430359937403,46,99507.87822246499,639
2.0,2.0,Per period 7d,Both,23202,163.258655524867,0.051812267657992565,0.9955357142857143,1.0,12.132032456698042,17.70735524256651,31,116044.25304465494,639
2.0,2.0,Per period 14d,Both,23202,193.18918076768563,0.03276022304832714,0.9964664310954063,1.0,16.161761595941112,9.710485133020343,17,154589.06485626262,639
2.0,2.0,Per period 28d,Both,23202,269.12602201325905,0.017774163568773236,0.9935064935064936,1.0,23.95298335508686,4.569640062597809,8,229112.97604528736,639
2.0,2.0,Per period 56d,Both,23202,423.60146507248925,0.011036245353159852,1.0,1.0,38.39814143374491,2.856025039123631,5,367282.5354602369,639
2.0,2.0,SP Part Period Balancing,SAP only,23202,169.23354474664697,0.06261617100371747,0.9981481481481481,1.0,12.955295379656093,15.993740219092333,28,123918.85536664937,639
2.0,2.0,WI Sliding Economic Lot Size,SAP only,23202,172.17937784920124,0.05796933085501859,0.9960079840319361,1.0,13.408974630269059,14.85133020344288,26,128258.34835326551,639
2.0,2.0,DY Dynamic Planning Calculation,SAP only,23202,201.67685674261983,0.025673791821561338,1.0,1.0,17.307251013139563,7.42566510172144,13,165545.79978619286,639
2.0,2.0,GR Groff Reorder Procedure,SAP only,23202,156.79980912317257,0.0546003717472119,0.9915611814345991,1.0,11.539565114071445,17.70735524256651,31,110377.2363700913,639
1.0,1.0,Per period 7d,Both,23204,74.09475199472092,0.05413568773234201,0.985200845665962,1.0,12.170848051491362,19.992175273865413,35,83938.73222395964,639
1.0,1.0,Per period 14d,Both,23204,68.84125904781368,0.03136617100371747,0.989010989010989,1.0,15.827731525218686,10.28169014084507,18,109159.17383795288,639
1.0,1.0,Per period 28d,Both,23204,87.17809616285145,0.01742565055762082,0.9933774834437086,1.0,24.338144656383225,5.140845070422535,9,167852.97117318102,639
1.0,1.0,Per period 56d,Both,23204,127.66744216850816,0.009758364312267658,1.0,1.0,38.18841975771112,2.856025039123631,5,263374.21406767925,639
1.0,1.0,SP Part Period Balancing,SAP only,23204,66.16559111649076,0.04228624535315985,0.9972602739726028,1.0,13.749484806955426,12.566510172143975,22,94826.12210305368,639
1.0,1.0,WI Sliding Economic Lot Size,SAP only,23204,71.83911058202811,0.04914033457249071,1.0,1.0,15.827062672002187,11.995305164319248,21,109154.56095553093,639
1.0,1.0,DY Dynamic Planning Calculation,SAP only,23204,71.82986308435382,0.021607806691449814,1.0,1.0,18.31471714122642,7.42566510172144,13,126311.17662228906,639
1.0,1.0,GR Groff Reorder Procedure,SAP only,23204,66.93301891760206,0.04879182156133829,1.0,1.0,12.431814519480598,15.422535211267606,27,85738.54061720442,639
0.5,0.5,Per period 7d,Both,23204,74.09475199472092,0.05413568773234201,0.985200845665962,1.0,12.170848051491362,19.992175273865413,35,83938.73222395964,639
0.5,0.5,Per period 14d,Both,23204,68.84125904781368,0.03136617100371747,0.989010989010989,1.0,15.827731525218686,10.28169014084507,18,109159.17383795288,639
0.5,0.5,Per period 28d,Both,23204,87.17809616285145,0.01742565055762082,0.9933774834437086,1.0,24.338144656383225,5.140845070422535,9,167852.97117318102,639
0.5,0.5,Per period 56d,Both,23204,127.66744216850816,0.009758364312267658,1.0,1.0,38.18841975771112,2.856025039123631,5,263374.21406767925,639
0.5,0.5,SP Part Period Balancing,SAP only,23204,68.65057155838305,0.06087360594795539,0.9943074003795066,1.0,12.032567276648653,17.136150234741784,30,82985.05069888124,639
0.5,0.5,WI Sliding Economic Lot Size,SAP only,23204,71.02315787067363,0.06389405204460967,0.9927797833935018,1.0,13.393826291825572,15.993740219092333,28,92373.25072232868,639
0.5,0.5,DY Dynamic Planning Calculation,SAP only,23204,65.48854377544085,0.02904275092936803,0.9920634920634921,1.0,15.09529203839602,9.710485133020343,17,104107.75575315239,639
0.5,0.5,GR Groff Reorder Procedure,SAP only,23204,69.87247649735451,0.057388475836431224,0.9899799599198397,1.0,10.856383298858551,19.992175273865413,35,74873.25836196702,639
2.0,2.0,Per period 7d,Both,23204,74.09475199472092,0.05413568773234201,0.985200845665962,1.0,12.170848051491362,19.992175273865413,35,83938.73222395964,639
2.0,2.0,Per period 14d,Both,23204,68.84125904781368,0.03136617100371747,0.989010989010989,1.0,15.827731525218686,10.28169014084507,18,109159.17383795288,639
2.0,2.0,Per period 28d,Both,23204,87.17809616285145,0.01742565055762082,0.9933774834437086,1.0,24.338144656383225,5.140845070422535,9,167852.97117318102,639
2.0,2.0,Per period 56d,Both,23204,127.66744216850816,0.009758364312267658,1.0,1.0,38.18841975771112,2.856025039123631,5,263374.21406767925,639
2.0,2.0,SP Part Period Balancing,SAP only,23204,69.23922728109096,0.03276022304832714,1.0,1.0,16.574259013191035,9.139280125195619,16,114307.75269175411,639
2.0,2.0,WI Sliding Economic Lot Size,SAP only,23204,73.19867891163769,0.035432156133828996,0.993485342019544,1.0,17.80690231449964,9.139280125195619,16,122808.92825145737,639
2.0,2.0,DY Dynamic Planning Calculation,SAP only,23204,102.09806050119928,0.01428903345724907,1.0,1.0,29.60561163063316,3.998435054773083,7,204181.12989963373,639
2.0,2.0,GR Groff Reorder Procedure,SAP only,23204,64.75791133537166,0.03868494423791822,0.9970059880239521,1.0,13.933883965768327,11.424100156494523,20,96097.8684553568,639
1.0,1.0,Per period 7d,Both,47568,25.51523287671233,0.03775557620817844,0.9502923976608187,1.0,2.320250417438822,11.424100156494523,20,4793.0,639
1.0,1.0,Per period 14d,Both,47568,24.568459882823475,0.023931226765799257,0.9951690821256038,1.0,5.708231258929154,6.283255086071987,11,11791.637755310878,639
1.0,1.0,Per period 28d,Both,47568,32.44819735080432,0.014405204460966542,0.9841269841269841,1.0,11.126718003662804,3.427230046948357,6,22984.742935818038,639
1.0,1.0,Per period 56d,Both,47568,55.848093726438165,0.008131970260223048,0.9859154929577465,1.0,22.233115857604425,1.7136150234741785,3,45927.5100241665,639
1.0,1.0,SP Part Period Balancing,SAP only,47568,23.739827469537676,0.028926579925650557,0.996,1.0,4.938928272978405,6.854460093896714,12,10202.469110431552,639
1.0,1.0,WI Sliding Economic Lot Size,SAP only,47568,28.572314783676173,0.03403810408921933,0.9965986394557823,1.0,6.971948629243317,6.854460093896714,12,14402.130704861434,639
1.0,1.0,DY Dynamic Planning Calculation,SAP only,47568,26.843653433430784,0.01475371747211896,1.0,1.0,8.348196022118872,3.998435054773083,7,17245.079769529133,639
1.0,1.0,GR Groff Reorder Procedure,SAP only,47568,23.0605104750543,0.03276022304832714,0.986013986013986,1.0,3.3910449862388,8.568075117370892,15,7004.967436654331,639
0.5,0.5,Per period 7d,Both,47568,25.51523287671233,0.03775557620817844,0.9502923976608187,1.0,2.320250417438822,11.424100156494523,20,4793.0,639
0.5,0.5,Per period 14d,Both,47568,24.568459882823475,0.023931226765799257,0.9951690821256038,1.0,5.708231258929154,6.283255086071987,11,11791.637755310878,639
0.5,0.5,Per period 28d,Both,47568,32.44819735080432,0.014405204460966542,0.9841269841269841,1.0,11.126718003662804,3.427230046948357,6,22984.742935818038,639
0.5,0.5,Per period 56d,Both,47568,55.848093726438165,0.008131970260223048,0.9859154929577465,1.0,22.233115857604425,1.7136150234741785,3,45927.5100241665,639
0.5,0.5,SP Part Period Balancing,SAP only,47568,23.17584248558031,0.035432156133828996,0.9838709677419355,1.0,3.018866454931635,9.139280125195619,16,6236.148826754318,639
0.5,0.5,WI Sliding Economic Lot Size,SAP only,47568,27.305636720799093,0.03938197026022305,0.9941348973607038,1.0,4.75626485902492,9.139280125195619,16,9825.136674027783,639
0.5,0.5,DY Dynamic Planning Calculation,SAP only,47568,23.146379065994235,0.01963289962825279,1.0,1.0,5.530662475646017,5.712050078247262,10,11424.82942639975,639
0.5,0.5,GR Groff Reorder Procedure,SAP only,47568,23.94062905025892,0.042053903345724904,0.9917808219178083,1.0,2.4992139664515927,10.28169014084507,18,5162.689531772631,639
2.0,2.0,Per period 7d,Both,47568,25.51523287671233,0.03775557620817844,0.9502923976608187,1.0,2.320250417438822,11.424100156494523,20,4793.0,639
2.0,2.0,Per period 14d,Both,47568,24.568459882823475,0.023931226765799257,0.9951690821256038,1.0,5.708231258929154,6.283255086071987,11,11791.637755310878,639
2.0,2.0,Per period 28d,Both,47568,32.44819735080432,0.014405204460966542,0.9841269841269841,1.0,11.126718003662804,3.427230046948357,6,22984.742935818038,639
2.0,2.0,Per period 56d,Both,47568,55.848093726438165,0.008131970260223048,0.9859154929577465,1.0,22.233115857604425,1.7136150234741785,3,45927.5100241665,639
2.0,2.0,SP Part Period Balancing,SAP only,47568,23.78920062041017,0.020562267657992565,0.9888268156424581,1.0,6.642493644324651,4.569640062597809,8,13721.567205832649,639
2.0,2.0,WI Sliding Economic Lot Size,SAP only,47568,26.097360174505376,0.026138475836431228,1.0,1.0,6.772135918732722,5.712050078247262,10,13989.372532605861,639
2.0,2.0,DY Dynamic Planning Calculation,SAP only,47568,35.76866308939651,0.010571561338289962,0.9891304347826086,1.0,12.944331630791162,2.856025039123631,5,26739.433399118396,639
2.0,2.0,GR Groff Reorder Procedure,SAP only,47568,25.092634799657926,0.022769516728624536,0.98989898989899,1.0,5.92875088099833,6.283255086071987,11,12247.17071875034,639
1.0,1.0,Per period 7d,Both,16161P,80.82617443922105,0.11256970260223048,0.9797775530839231,1.0,2.57376894750088,42.26917057902973,74,29661.353218043863,639
1.0,1.0,Per period 14d,Both,16161P,59.22006460145726,0.06807620817843867,0.9915397631133672,1.0,6.869768258960852,23.419405320813773,41,79170.51880395118,639
1.0,1.0,Per period 28d,Both,16161P,57.275897170446854,0.04065985130111524,0.9943181818181818,1.0,13.677613795448988,11.995305164319248,21,157627.41032396548,639
1.0,1.0,Per period 56d,Both,16161P,82.15066181621842,0.023350371747211895,1.0,1.0,26.826938808439863,6.283255086071987,11,309166.56622523477,639
1.0,1.0,SP Part Period Balancing,SAP only,16161P,51.666753192574035,0.06354553903345725,0.9945454545454545,1.0,8.923410176163797,15.993740219092333,28,102837.6775629705,639
1.0,1.0,WI Sliding Economic Lot Size,SAP only,16161P,55.076805705161014,0.05657527881040892,1.0,1.0,10.963238675306929,14.85133020344288,26,126345.64383790203,639
1.0,1.0,DY Dynamic Planning Calculation,SAP only,16161P,75.63419494468678,0.023815055762081785,1.0,1.0,23.992899156931227,6.854460093896714,12,276505.72803346044,639
1.0,1.0,GR Groff Reorder Procedure,SAP only,16161P,55.99160211483294,0.08526951672862454,0.998639455782313,1.0,5.275451333624864,23.990610328638496,42,60796.842522786,639
0.5,0.5,Per period 7d,Both,16161P,80.82617443922105,0.11256970260223048,0.9797775530839231,1.0,2.57376894750088,42.26917057902973,74,29661.353218043863,639
0.5,0.5,Per period 14d,Both,16161P,59.22006460145726,0.06807620817843867,0.9915397631133672,1.0,6.869768258960852,23.419405320813773,41,79170.51880395118,639
0.5,0.5,Per period 28d,Both,16161P,57.275897170446854,0.04065985130111524,0.9943181818181818,1.0,13.677613795448988,11.995305164319248,21,157627.41032396548,639
0.5,0.5,Per period 56d,Both,16161P,82.15066181621842,0.023350371747211895,1.0,1.0,26.826938808439863,6.283255086071987,11,309166.56622523477,639
0.5,0.5,SP Part Period Balancing,SAP only,16161P,57.12702867347734,0.08503717472118959,0.9945652173913043,1.0,6.080601365351094,23.419405320813773,41,70075.77935499081,639
0.5,0.5,WI Sliding Economic Lot Size,SAP only,16161P,59.25974111053857,0.07690520446096655,0.993993993993994,1.0,8.015860419244715,21.705790297339593,38,92378.63696841164,639
0.5,0.5,DY Dynamic Planning Calculation,SAP only,16161P,56.92369100766349,0.039962825278810406,1.0,1.0,14.298904775905598,10.852895148669797,19,164787.4668785378,639
0.5,0.5,GR Groff Reorder Procedure,SAP only,16161P,64.8819715387659,0.10559944237918216,0.9956188389923329,1.0,3.7259392816608776,31.41627543035994,55,42939.51918630417,639
2.0,2.0,Per period 7d,Both,16161P,80.82617443922105,0.11256970260223048,0.9797775530839231,1.0,2.57376894750088,42.26917057902973,74,29661.353218043863,639
2.0,2.0,Per period 14d,Both,16161P,59.22006460145726,0.06807620817843867,0.9915397631133672,1.0,6.869768258960852,23.419405320813773,41,79170.51880395118,639
2.0,2.0,Per period 28d,Both,16161P,57.275897170446854,0.04065985130111524,0.9943181818181818,1.0,13.677613795448988,11.995305164319248,21,157627.41032396548,639
2.0,2.0,Per period 56d,Both,16161P,82.15066181621842,0.023350371747211895,1.0,1.0,26.826938808439863,6.283255086071987,11,309166.56622523477,639
2.0,2.0,SP Part Period Balancing,SAP only,16161P,57.304258644250666,0.04530669144981413,0.9974424552429667,1.0,13.688307322435671,11.995305164319248,21,157750.6476803749,639
2.0,2.0,WI Sliding Economic Lot Size,SAP only,16161P,59.459277656343005,0.04170539033457249,0.9972222222222222,1.0,14.877888695487245,11.424100156494523,20,171459.956482919,639
2.0,2.0,DY Dynamic Planning Calculation,SAP only,16161P,125.67385205771998,0.018819702602230485,1.0,1.0,44.36823422190962,4.569640062597809,8,511320.9047746166,639
2.0,2.0,GR Groff Reorder Procedure,SAP only,16161P,50.59288649822534,0.0554135687732342,0.9958246346555324,1.0,7.76442680749755,17.136150234741784,30,89480.99490300294,639
1.0,1.0,Per period 7d,Both,23201,188.90013884738724,0.052276951672862455,0.989010989010989,1.0,11.672354579929934,19.992175273865413,35,135032.5737483085,639
1.0,1.0,Per period 14d,Both,23201,219.22919625515516,0.029391263940520447,1.0,1.0,15.261964986618047,10.28169014084507,18,176559.27075272024,639
1.0,1.0,Per period 28d,Both,23201,322.1405307808973,0.020213754646840148,1.0,1.0,23.749733664935867,5.140845070422535,9,274750.7060938161,639
1.0,1.0,Per period 56d,Both,23201,506.19882982002616,0.012197955390334572,1.0,1.0,37.93692550151001,3.427230046948357,6,438876.37712574407,639
1.0,1.0,SP Part Period Balancing,SAP only,23201,179.32572228796076,0.08178438661710037,0.9957567185289957,1.0,10.566977033481306,22.848200312989047,40,122244.92460361941,639
1.0,1.0,WI Sliding Economic Lot Size,SAP only,23201,199.02365311524088,0.07980947955390334,1.0,1.0,12.136784504067467,22.27699530516432,39,140405.36871890124,639
1.0,1.0,DY Dynamic Planning Calculation,SAP only,23201,186.35398386467682,0.04484200743494424,0.9872122762148338,1.0,12.085994316336636,15.422535211267606,27,139817.79834280536,639
1.0,1.0,GR Groff Reorder Procedure,SAP only,23201,178.1790758138906,0.07690520446096655,0.9969879518072289,1.0,10.024948986414543,26.275430359937403,46,115974.42950016842,639
0.5,0.5,Per period 7d,Both,23201,188.90013884738724,0.052276951672862455,0.989010989010989,1.0,11.672354579929934,19.992175273865413,35,135032.5737483085,639
0.5,0.5,Per period 14d,Both,23201,219.22919625515516,0.029391263940520447,1.0,1.0,15.261964986618047,10.28169014084507,18,176559.27075272024,639
0.5,0.5,Per period 28d,Both,23201,322.1405307808973,0.020213754646840148,1.0,1.0,23.749733664935867,5.140845070422535,9,274750.7060938161,639
0.5,0.5,Per period 56d,Both,23201,506.19882982002616,0.012197955390334572,1.0,1.0,37.93692550151001,3.427230046948357,6,438876.37712574407,639
0.5,0.5,SP Part Period Balancing,SAP only,23201,181.2561098577809,0.09398234200743494,0.9938574938574939,1.0,9.80326045955357,29.70266040688576,52,113409.80792810101,639
0.5,0.5,WI Sliding Economic Lot Size,SAP only,23201,200.21406095196872,0.09665427509293681,0.9964071856287425,1.0,11.468632517952281,27.98904538341158,49,132675.79867179945,639
0.5,0.5,DY Dynamic Planning Calculation,SAP only,23201,177.11863959609147,0.06145446096654275,0.9906367041198502,1.0,10.702958499838186,20.56338028169014,36,123818.0371456091,639
0.5,0.5,GR Groff Reorder Procedure,SAP only,23201,181.25494303534362,0.09375,0.9962962962962963,1.0,9.727328272405007,30.273865414710485,53,112531.38030745291,639
2.0,2.0,Per period 7d,Both,23201,188.90013884738724,0.052276951672862455,0.989010989010989,1.0,11.672354579929934,19.992175273865413,35,135032.5737483085,639
2.0,2.0,Per period 14d,Both,23201,219.22919625515516,0.029391263940520447,1.0,1.0,15.261964986618047,10.28169014084507,18,176559.27075272024,639
2.0,2.0,Per period 28d,Both,23201,322.1405307808973,0.020213754646840148,1.0,1.0,23.749733664935867,5.140845070422535,9,274750.7060938161,639
2.0,2.0,Per period 56d,Both,23201,506.19882982002616,0.012197955390334572,1.0,1.0,37.93692550151001,3.427230046948357,6,438876.37712574407,639
2.0,2.0,SP Part Period Balancing,SAP only,23201,184.75615408107305,0.05843401486988847,1.0,1.0,11.737277934828988,17.136150234741784,30,135783.6448067107,639
2.0,2.0,WI Sliding Economic Lot Size,SAP only,23201,208.57009889216317,0.06575278810408922,0.9964788732394366,1.0,13.619259098270764,16.564945226917057,29,157555.49542221046,639
2.0,2.0,DY Dynamic Planning Calculation,SAP only,23201,220.5970684990507,0.02904275092936803,0.9960159362549801,1.0,15.517396848506328,9.139280125195619,16,179514.25481286898,639
2.0,2.0,GR Groff Reorder Procedure,SAP only,23201,179.02774803640241,0.06273234200743494,0.996309963099631,1.0,10.999439712580646,19.420970266040687,34,127247.90392617037,639
1.0,1.0,Per period 7d,Both,23307,67.90201247113961,0.04275092936802974,0.997289972899729,1.0,13.011672045494784,15.422535211267606,27,135720.31410878143,639
1.0,1.0,Per period 14d,Both,23307,68.56523970562841,0.02300185873605948,0.9949748743718593,1.0,17.358192451640647,7.996870109546166,14,181057.38629594882,639
1.0,1.0,Per period 28d,Both,23307,88.31782343654798,0.014405204460966542,1.0,1.0,25.550556435376283,4.569640062597809,8,266509.141403091,639
1.0,1.0,Per period 56d,Both,23307,119.86224202688354,0.008480483271375464,1.0,1.0,36.5397625537034,2.856025039123631,5,381133.8030892044,639
1.0,1.0,SP Part Period Balancing,SAP only,23307,62.76884323557984,0.0383364312267658,0.9969788519637462,1.0,13.923662910080033,10.852895148669797,19,145232.97982715126,639
1.0,1.0,WI Sliding Economic Lot Size,SAP only,23307,68.2672509471572,0.04217007434944238,1.0,1.0,16.309042408834443,9.710485133020343,17,170114.0599610216,639
1.0,1.0,DY Dynamic Planning Calculation,SAP only,23307,75.09050901361448,0.017309479553903346,1.0,1.0,20.706471525259804,5.712050078247262,10,215982.14354517532,639
1.0,1.0,GR Groff Reorder Procedure,SAP only,23307,63.92473848298993,0.040427509293680296,1.0,1.0,13.018901602067507,13.137715179968701,23,135795.72314810293,639
0.5,0.5,Per period 7d,Both,23307,67.90201247113961,0.04275092936802974,0.997289972899729,1.0,13.011672045494784,15.422535211267606,27,135720.31410878143,639
0.5,0.5,Per period 14d,Both,23307,68.56523970562841,0.02300185873605948,0.9949748743718593,1.0,17.358192451640647,7.996870109546166,14,181057.38629594882,639
0.5,0.5,Per period 28d,Both,23307,88.31782343654798,0.014405204460966542,1.0,1.0,25.550556435376283,4.569640062597809,8,266509.141403091,639
0.5,0.5,Per period 56d,Both,23307,119.86224202688354,0.008480483271375464,1.0,1.0,36.5397625537034,2.856025039123631,5,381133.8030892044,639
0.5,0.5,SP Part Period Balancing,SAP only,23307,65.48851481898441,0.05006970260223048,1.0,1.0,12.880130942346817,14.280125195618153,25,134348.25371753916,639
0.5,0.5,WI Sliding Economic Lot Size,SAP only,23307,68.73113444865807,0.05146375464684015,1.0,1.0,14.547903336889004,13.137715179968701,23,151744.2188523654,639
0.5,0.5,DY Dynamic Planning Calculation,SAP only,23307,66.07294805444315,0.025441449814126393,1.0,1.0,16.565349272351384,7.996870109546166,14,172787.5094533795,639
0.5,0.5,GR Groff Reorder Procedure,SAP only,23307,64.73269447130671,0.04611988847583643,0.9900249376558603,1.0,12.003454504834487,15.422535211267606,27,125203.94074569954,639
2.0,2.0,Per period 7d,Both,23307,67.90201247113961,0.04275092936802974,0.997289972899729,1.0,13.011672045494784,15.422535211267606,27,135720.31410878143,639
2.0,2.0,Per period 14d,Both,23307,68.56523970562841,0.02300185873605948,0.9949748743718593,1.0,17.358192451640647,7.996870109546166,14,181057.38629594882,639
2.0,2.0,Per period 28d,Both,23307,88.31782343654798,0.014405204460966542,1.0,1.0,25.550556435376283,4.569640062597809,8,266509.141403091,639
2.0,2.0,Per period 56d,Both,23307,119.86224202688354,0.008480483271375464,1.0,1.0,36.5397625537034,2.856025039123631,5,381133.8030892044,639
2.0,2.0,SP Part Period Balancing,SAP only,23307,65.29765688413856,0.02799721189591078,1.0,1.0,16.636833226833744,7.42566510172144,13,173533.13420645977,639
2.0,2.0,WI Sliding Economic Lot Size,SAP only,23307,72.37885154468233,0.031017657992565055,1.0,1.0,19.207607824611603,6.854460093896714,12,200348.0073982641,639
2.0,2.0,DY Dynamic Planning Calculation,SAP only,23307,88.04348120216589,0.01150092936802974,1.0,1.0,25.781401332559497,3.998435054773083,7,268917.0058071868,639
2.0,2.0,GR Groff Reorder Procedure,SAP only,23307,62.0843406835304,0.032527881040892194,1.0,1.0,14.342146508692588,9.710485133020343,17,149598.03954080542,639
1.0,1.0,Per period 7d,Both,23004,41.258091445821506,0.055297397769516726,0.9206963249516441,1.0,10.64045188065483,21.134585289514867,37,18502.421163391064,639
1.0,1.0,Per period 14d,Both,23004,27.167517308586724,0.03566449814126394,0.9684542586750788,1.0,15.411874540534182,11.995305164319248,21,26799.331162311366,639
1.0,1.0,Per period 28d,Both,23004,21.71254836191622,0.020910780669144983,0.989010989010989,1.0,21.77159715388924,7.42566510172144,13,37858.09704880262,639
1.0,1.0,Per period 56d,Both,23004,21.121203396657368,0.014986059479553903,1.0,1.0,37.78604550111668,3.427230046948357,6,65705.22904499927,639
1.0,1.0,SP Part Period Balancing,SAP only,23004,19.142279859408198,0.01928438661710037,0.9940119760479041,1.0,25.34432202250346,5.140845070422535,9,44070.62081766657,639
1.0,1.0,WI Sliding Economic Lot Size,SAP only,23004,19.337742990999388,0.02137546468401487,1.0,1.0,25.832760580622992,5.140845070422535,9,44919.95466327116,639
1.0,1.0,DY Dynamic Planning Calculation,SAP only,23004,27.242897234692414,0.006970260223048327,1.0,1.0,60.58004736524344,1.7136150234741785,3,105341.16060312775,639
1.0,1.0,GR Groff Reorder Procedure,SAP only,23004,22.416197565825428,0.02799721189591078,0.9917695473251029,1.0,16.033296213714525,9.139280125195619,16,27879.906089598593,639
0.5,0.5,Per period 7d,Both,23004,41.258091445821506,0.055297397769516726,0.9206963249516441,1.0,10.64045188065483,21.134585289514867,37,18502.421163391064,639
0.5,0.5,Per period 14d,Both,23004,27.167517308586724,0.03566449814126394,0.9684542586750788,1.0,15.411874540534182,11.995305164319248,21,26799.331162311366,639
0.5,0.5,Per period 28d,Both,23004,21.71254836191622,0.020910780669144983,0.989010989010989,1.0,21.77159715388924,7.42566510172144,13,37858.09704880262,639
0.5,0.5,Per period 56d,Both,23004,21.121203396657368,0.014986059479553903,1.0,1.0,37.78604550111668,3.427230046948357,6,65705.22904499927,639
0.5,0.5,SP Part Period Balancing,SAP only,23004,19.67043596945935,0.025441449814126393,0.9954545454545455,1.0,19.167485216121285,6.854460093896714,12,33329.87058157932,639
0.5,0.5,WI Sliding Economic Lot Size,SAP only,23004,19.62000667833731,0.026719330855018587,0.9787234042553191,1.0,21.540346758352893,6.283255086071987,11,37455.98139991808,639
0.5,0.5,DY Dynamic Planning Calculation,SAP only,23004,22.673661636199522,0.011965613382899629,1.0,1.0,39.16657135142177,3.998435054773083,7,68105.79163348602,639
0.5,0.5,GR Groff Reorder Procedure,SAP only,23004,26.39985453681144,0.036013011152416355,0.9935897435897436,1.0,13.493578776440009,11.995305164319248,21,23463.65364209733,639
2.0,2.0,Per period 7d,Both,23004,41.258091445821506,0.055297397769516726,0.9206963249516441,1.0,10.64045188065483,21.134585289514867,37,18502.421163391064,639
2.0,2.0,Per period 14d,Both,23004,27.167517308586724,0.03566449814126394,0.9684542586750788,1.0,15.411874540534182,11.995305164319248,21,26799.331162311366,639
2.0,2.0,Per period 28d,Both,23004,21.71254836191622,0.020910780669144983,0.989010989010989,1.0,21.77159715388924,7.42566510172144,13,37858.09704880262,639
2.0,2.0,Per period 56d,Both,23004,21.121203396657368,0.014986059479553903,1.0,1.0,37.78604550111668,3.427230046948357,6,65705.22904499927,639
2.0,2.0,SP Part Period Balancing,SAP only,23004,21.339600456490615,0.013359665427509293,0.9913793103448276,1.0,35.83291495414737,3.998435054773083,7,62308.97817403659,639
2.0,2.0,WI Sliding Economic Lot Size,SAP only,23004,20.196632732373303,0.014056691449814127,1.0,1.0,35.47565602527918,3.427230046948357,6,61687.749372812556,639
2.0,2.0,DY Dynamic Planning Calculation,SAP only,23004,41.49855248056238,0.005924721189591078,1.0,1.0,96.20319346271279,1.7136150234741785,3,167285.37685006272,639
2.0,2.0,GR Groff Reorder Procedure,SAP only,23004,20.962536262630202,0.023118029739776953,0.9900497512437811,1.0,19.89740827046517,7.42566510172144,13,34599.11590309552,639
1.0,1.0,Per period 7d,Both,22614,72.40485319039088,0.09711895910780668,0.954337899543379,1.0,4.212190396110935,39.413145539906104,69,21427.093353321896,639
1.0,1.0,Per period 14d,Both,22614,47.714968490685585,0.06900557620817843,0.9867109634551495,1.0,8.307179254153477,23.419405320813773,41,42257.991363797235,639
1.0,1.0,Per period 28d,Both,22614,33.98749972666578,0.03868494423791822,0.9970059880239521,1.0,16.06701333630034,11.995305164319248,21,81731.67931436223,639
1.0,1.0,Per period 56d,Both,22614,38.0393181759343,0.02079460966542751,1.0,1.0,33.450709904171575,6.283255086071987,11,170161.22645200032,639
1.0,1.0,SP Part Period Balancing,SAP only,22614,31.673076123840644,0.03217936802973978,0.9964028776978417,1.0,18.15226292419114,9.710485133020343,17,92339.18595175579,639
1.0,1.0,WI Sliding Economic Lot Size,SAP only,22614,33.15579725142088,0.036013011152416355,1.0,1.0,21.223671147996125,9.139280125195619,16,107963.2068408383,639
1.0,1.0,DY Dynamic Planning Calculation,SAP only,22614,53.611190197571965,0.011733271375464684,1.0,1.0,58.90045381798119,3.427230046948357,6,299622.14520885807,639
1.0,1.0,GR Groff Reorder Procedure,SAP only,22614,39.30955037646112,0.052857806691449814,0.9912854030501089,1.0,10.27985828890066,17.70735524256651,31,52292.86012772943,639
0.5,0.5,Per period 7d,Both,22614,72.40485319039088,0.09711895910780668,0.954337899543379,1.0,4.212190396110935,39.413145539906104,69,21427.093353321896,639
0.5,0.5,Per period 14d,Both,22614,47.714968490685585,0.06900557620817843,0.9867109634551495,1.0,8.307179254153477,23.419405320813773,41,42257.991363797235,639
0.5,0.5,Per period 28d,Both,22614,33.98749972666578,0.03868494423791822,0.9970059880239521,1.0,16.06701333630034,11.995305164319248,21,81731.67931436223,639
0.5,0.5,Per period 56d,Both,22614,38.0393181759343,0.02079460966542751,1.0,1.0,33.450709904171575,6.283255086071987,11,170161.22645200032,639
0.5,0.5,SP Part Period Balancing,SAP only,22614,33.222180537094246,0.05018587360594796,0.988558352402746,1.0,12.645999189385748,13.137715179968701,23,64329.23958688621,639
0.5,0.5,WI Sliding Economic Lot Size,SAP only,22614,34.98568087739483,0.04948884758364312,0.993006993006993,1.0,16.064763213019635,12.566510172143975,22,81720.23310774329,639
0.5,0.5,DY Dynamic Planning Calculation,SAP only,22614,36.09843886759695,0.02300185873605948,1.0,1.0,29.812507935975155,6.854460093896714,12,151653.9687357394,639
0.5,0.5,GR Groff Reorder Procedure,SAP only,22614,46.906491850628115,0.07342007434944238,0.9952755905511811,1.0,7.307001758001524,23.419405320813773,41,37170.164232401046,639
2.0,2.0,Per period 7d,Both,22614,72.40485319039088,0.09711895910780668,0.954337899543379,1.0,4.212190396110935,39.413145539906104,69,21427.093353321896,639
2.0,2.0,Per period 14d,Both,22614,47.714968490685585,0.06900557620817843,0.9867109634551495,1.0,8.307179254153477,23.419405320813773,41,42257.991363797235,639
2.0,2.0,Per period 28d,Both,22614,33.98749972666578,0.03868494423791822,0.9970059880239521,1.0,16.06701333630034,11.995305164319248,21,81731.67931436223,639
2.0,2.0,Per period 56d,Both,22614,38.0393181759343,0.02079460966542751,1.0,1.0,33.450709904171575,6.283255086071987,11,170161.22645200032,639
2.0,2.0,SP Part Period Balancing,SAP only,22614,33.46896951231183,0.02648698884758364,1.0,1.0,26.559555474923965,6.854460093896714,12,135106.4460688589,639
2.0,2.0,WI Sliding Economic Lot Size,SAP only,22614,36.59037158701652,0.026370817843866173,1.0,1.0,29.1839709623756,7.42566510172144,13,148456.6487803626,639
2.0,2.0,DY Dynamic Planning Calculation,SAP only,22614,85.37160290357191,0.008248141263940521,1.0,1.0,100.66592158331217,2.2848200312989047,4,512079.91482420254,639
2.0,2.0,GR Groff Reorder Procedure,SAP only,22614,35.101623623716286,0.043912639405204464,0.9973614775725593,1.0,13.733970246067415,13.708920187793428,24,69863.66590786973,639
1.0,1.0,Per period 7d,Both,22120,87.46300525075925,0.0774860594795539,0.7847058823529411,0.999943947242942,5.243916928271076,35.41471048513302,62,4670.350209310113,639
1.0,1.0,Per period 14d,Both,22120,82.74726523353337,0.05367100371747212,0.8936170212765957,1.0,9.421309708644051,21.134585289514867,37,8390.830055396826,639
1.0,1.0,Per period 28d,Both,22120,93.04645676943035,0.031482342007434945,0.9475524475524476,1.0,15.24931815030475,10.852895148669797,19,13581.385286855315,639
1.0,1.0,Per period 56d,Both,22120,175.61047747835454,0.01963289962825279,0.9825581395348837,1.0,34.10624856710124,5.712050078247262,10,30375.791095276083,639
1.0,1.0,SP Part Period Balancing,SAP only,22120,82.49372299558826,0.06633364312267657,0.9532554257095158,1.0,9.780979721384472,19.992175273865413,35,8711.160247934531,639
1.0,1.0,WI Sliding Economic Lot Size,SAP only,22120,92.12670389408964,0.06493959107806692,0.9555555555555556,1.0,12.382648367162298,18.278560250391237,32,11028.26478459433,639
1.0,1.0,DY Dynamic Planning Calculation,SAP only,22120,92.21674682868107,0.03380576208178439,0.9635761589403974,1.0,15.284388124002945,10.28169014084507,18,13612.619393200295,639
1.0,1.0,GR Groff Reorder Procedure,SAP only,22120,77.15623769160602,0.07388475836431227,0.895774647887324,1.0,5.592625581181926,28.560250391236305,50,4980.917968560903,639
0.5,0.5,Per period 7d,Both,22120,87.46300525075925,0.0774860594795539,0.7847058823529411,0.999943947242942,5.243916928271076,35.41471048513302,62,4670.350209310113,639
0.5,0.5,Per period 14d,Both,22120,82.74726523353337,0.05367100371747212,0.8936170212765957,1.0,9.421309708644051,21.134585289514867,37,8390.830055396826,639
0.5,0.5,Per period 28d,Both,22120,93.04645676943035,0.031482342007434945,0.9475524475524476,1.0,15.24931815030475,10.852895148669797,19,13581.385286855315,639
0.5,0.5,Per period 56d,Both,22120,175.61047747835454,0.01963289962825279,0.9825581395348837,1.0,34.10624856710124,5.712050078247262,10,30375.791095276083,639
0.5,0.5,SP Part Period Balancing,SAP only,22120,80.26554666483419,0.08120353159851301,0.9395161290322581,1.0,6.850792416920779,26.84663536776213,47,6101.469614404261,639
0.5,0.5,WI Sliding Economic Lot Size,SAP only,22120,95.50187186271799,0.08538568773234201,0.932741116751269,1.0,10.4004856521163,25.704225352112676,45,9262.906145674406,639
0.5,0.5,DY Dynamic Planning Calculation,SAP only,22120,79.9909958302735,0.05006970260223048,0.9431072210065645,1.0,9.883389370602824,18.278560250391237,32,8802.368581934588,639
0.5,0.5,GR Groff Reorder Procedure,SAP only,22120,80.63204598716449,0.08654739776951673,0.8744131455399061,1.0,5.072787035858305,31.987480438184665,56,4517.938083072883,639
2.0,2.0,Per period 7d,Both,22120,87.46300525075925,0.0774860594795539,0.7847058823529411,0.999943947242942,5.243916928271076,35.41471048513302,62,4670.350209310113,639
2.0,2.0,Per period 14d,Both,22120,82.74726523353337,0.05367100371747212,0.8936170212765957,1.0,9.421309708644051,21.134585289514867,37,8390.830055396826,639
2.0,2.0,Per period 28d,Both,22120,93.04645676943035,0.031482342007434945,0.9475524475524476,1.0,15.24931815030475,10.852895148669797,19,13581.385286855315,639
2.0,2.0,Per period 56d,Both,22120,175.61047747835454,0.01963289962825279,0.9825581395348837,1.0,34.10624856710124,5.712050078247262,10,30375.791095276083,639
2.0,2.0,SP Part Period Balancing,SAP only,22120,88.25369376448157,0.04960501858736059,0.9552572706935123,1.0,13.232571297744352,13.708920187793428,24,11785.225238208932,639
2.0,2.0,WI Sliding Economic Lot Size,SAP only,22120,120.87011378606523,0.047397769516728624,0.9532710280373832,1.0,19.949680900731305,13.708920187793428,24,17767.63393563508,639
2.0,2.0,DY Dynamic Planning Calculation,SAP only,22120,135.0618618082246,0.022885687732342008,0.985,1.0,25.137734416221267,7.42566510172144,13,22388.230934674357,639
2.0,2.0,GR Groff Reorder Procedure,SAP only,22120,78.74656758473292,0.06540427509293681,0.9367720465890182,1.0,7.773625414298144,23.419405320813773,41,6923.365411270108,639
1.0,1.0,Per period 7d,Both,23078,84.15576782705392,0.0575046468401487,0.9919839679358717,1.0,11.655931096435667,21.134585289514867,37,68847.42102749873,639
1.0,1.0,Per period 14d,Both,23078,82.0406743895543,0.03473513011152416,0.9900662251655629,1.0,15.335172327448971,11.424100156494523,20,90579.38460874927,639
1.0,1.0,Per period 28d,Both,23078,104.21287831330692,0.018935873605947954,0.9939024390243902,1.0,23.287476137474023,5.712050078247262,10,137550.8023374281,639
1.0,1.0,Per period 56d,Both,23078,149.3735867245045,0.012197955390334572,1.0,1.0,35.43898710415875,3.427230046948357,6,209325.43661777655,639
1.0,1.0,SP Part Period Balancing,SAP only,23078,76.99279116927971,0.04960501858736059,0.9907192575406032,1.0,12.85154328529051,14.280125195618153,25,75909.47510714838,639
1.0,1.0,WI Sliding Economic Lot Size,SAP only,23078,82.78612859188206,0.05216078066914498,0.9933628318584071,1.0,14.283536547788385,14.280125195618153,25,84367.74774414781,639
1.0,1.0,DY Dynamic Planning Calculation,SAP only,23078,86.348967686926,0.025441449814126393,1.0,1.0,18.13034868797108,7.42566510172144,13,107089.49282291197,639
1.0,1.0,GR Groff Reorder Procedure,SAP only,23078,79.94219129921855,0.05971189591078067,0.9922779922779923,1.0,11.603139393384726,18.849765258215964,33,68535.59929685909,639
0.5,0.5,Per period 7d,Both,23078,84.15576782705392,0.0575046468401487,0.9919839679358717,1.0,11.655931096435667,21.134585289514867,37,68847.42102749873,639
0.5,0.5,Per period 14d,Both,23078,82.0406743895543,0.03473513011152416,0.9900662251655629,1.0,15.335172327448971,11.424100156494523,20,90579.38460874927,639
0.5,0.5,Per period 28d,Both,23078,104.21287831330692,0.018935873605947954,0.9939024390243902,1.0,23.287476137474023,5.712050078247262,10,137550.8023374281,639
0.5,0.5,Per period 56d,Both,23078,149.3735867245045,0.012197955390334572,1.0,1.0,35.43898710415875,3.427230046948357,6,209325.43661777655,639
0.5,0.5,SP Part Period Balancing,SAP only,23078,78.60621078241851,0.06761152416356878,0.9931740614334471,1.0,11.272912624368615,18.849765258215964,33,66585.06774233103,639
0.5,0.5,WI Sliding Economic Lot Size,SAP only,23078,82.11159807559966,0.0645910780669145,0.9946332737030411,1.0,12.386551236821617,18.278560250391237,32,73162.9331903755,639
0.5,0.5,DY Dynamic Planning Calculation,SAP only,23078,76.12464085914519,0.03810408921933085,0.9939393939393939,1.0,14.120030453216957,10.852895148669797,19,83401.97565435196,639
0.5,0.5,GR Groff Reorder Procedure,SAP only,23078,81.49379680118044,0.0716775092936803,0.9967689822294022,1.0,10.256408891863822,22.848200312989047,40,60580.943329723435,639
2.0,2.0,Per period 7d,Both,23078,84.15576782705392,0.0575046468401487,0.9919839679358717,1.0,11.655931096435667,21.134585289514867,37,68847.42102749873,639
2.0,2.0,Per period 14d,Both,23078,82.0406743895543,0.03473513011152416,0.9900662251655629,1.0,15.335172327448971,11.424100156494523,20,90579.38460874927,639
2.0,2.0,Per period 28d,Both,23078,104.21287831330692,0.018935873605947954,0.9939024390243902,1.0,23.287476137474023,5.712050078247262,10,137550.8023374281,639
2.0,2.0,Per period 56d,Both,23078,149.3735867245045,0.012197955390334572,1.0,1.0,35.43898710415875,3.427230046948357,6,209325.43661777655,639
2.0,2.0,SP Part Period Balancing,SAP only,23078,78.03211102014633,0.0383364312267658,0.9969788519637462,1.0,14.838696979565606,10.28169014084507,18,87646.88208941364,639
2.0,2.0,WI Sliding Economic Lot Size,SAP only,23078,87.19608581076244,0.03775557620817844,1.0,1.0,17.103842128312685,10.28169014084507,18,101026.28528371316,639
2.0,2.0,DY Dynamic Planning Calculation,SAP only,23078,118.43177229190874,0.014056691449814127,1.0,1.0,27.29645148420817,4.569640062597809,8,161230.38754618677,639
2.0,2.0,GR Groff Reorder Procedure,SAP only,23078,76.66625204423895,0.04275092936802974,0.9945945945945946,1.0,13.018008893134278,13.708920187793428,24,76892.72798458886,639
1.0,1.0,Per period 7d,Both,22487,111.59936732833395,0.11977230483271376,0.8341423948220065,1.0,3.2930016231402006,49.123630672926446,86,4695.361344141656,639
1.0,1.0,Per period 14d,Both,22487,103.70919851896886,0.08352695167286245,0.9485488126649076,0.9998130898511339,7.552119688608213,25.704225352112676,45,10768.270080112381,639
1.0,1.0,Per period 28d,Both,22487,143.38318379166003,0.04507434944237918,0.9509803921568627,1.0,15.485617849076789,13.137715179968701,23,22080.332705505483,639
1.0,1.0,Per period 56d,Both,22487,242.499988940841,0.027764869888475836,0.991701244813278,1.0,29.779245305619874,6.283255086071987,11,42461.0532479432,639
1.0,1.0,SP Part Period Balancing,SAP only,22487,96.35395619017041,0.1137314126394052,0.979,1.0,5.705517947127569,29.70266040688576,52,8135.273371563921,639
1.0,1.0,WI Sliding Economic Lot Size,SAP only,22487,104.2518885433831,0.1037407063197026,0.9489904357066951,1.0,7.3646570824636175,26.84663536776213,47,10500.97453182655,639
1.0,1.0,DY Dynamic Planning Calculation,SAP only,22487,127.73067587438979,0.04821096654275093,0.9787735849056604,1.0,13.214868870068747,14.280125195618153,25,18842.56115284034,639
1.0,1.0,GR Groff Reorder Procedure,SAP only,22487,93.56353426363734,0.10978159851301116,0.9174757281553398,1.0,3.4170282540412678,38.27073552425665,67,4872.206033280214,639
0.5,0.5,Per period 7d,Both,22487,111.59936732833395,0.11977230483271376,0.8341423948220065,1.0,3.2930016231402006,49.123630672926446,86,4695.361344141656,639
0.5,0.5,Per period 14d,Both,22487,103.70919851896886,0.08352695167286245,0.9485488126649076,0.9998130898511339,7.552119688608213,25.704225352112676,45,10768.270080112381,639
0.5,0.5,Per period 28d,Both,22487,143.38318379166003,0.04507434944237918,0.9509803921568627,1.0,15.485617849076789,13.137715179968701,23,22080.332705505483,639
0.5,0.5,Per period 56d,Both,22487,242.499988940841,0.027764869888475836,0.991701244813278,1.0,29.779245305619874,6.283255086071987,11,42461.0532479432,639
0.5,0.5,SP Part Period Balancing,SAP only,22487,96.93535485941551,0.15137081784386616,0.9687732342007435,1.0,3.464857788643059,39.98435054773083,70,4940.40428325963,639
0.5,0.5,WI Sliding Economic Lot Size,SAP only,22487,104.17004564483808,0.14811802973977695,0.9572072072072072,1.0,5.038680145198815,37.1283255086072,65,7184.455608224071,639
0.5,0.5,DY Dynamic Planning Calculation,SAP only,22487,94.60418427544343,0.0758596654275093,0.9674074074074074,1.0,7.024066850678072,22.848200312989047,40,10015.340331928068,639
0.5,0.5,GR Groff Reorder Procedure,SAP only,22487,102.04164463161618,0.1404507434944238,0.9035874439461884,1.0,2.578078100753061,46.838810641627546,82,3675.980045497441,639
2.0,2.0,Per period 7d,Both,22487,111.59936732833395,0.11977230483271376,0.8341423948220065,1.0,3.2930016231402006,49.123630672926446,86,4695.361344141656,639
2.0,2.0,Per period 14d,Both,22487,103.70919851896886,0.08352695167286245,0.9485488126649076,0.9998130898511339,7.552119688608213,25.704225352112676,45,10768.270080112381,639
2.0,2.0,Per period 28d,Both,22487,143.38318379166003,0.04507434944237918,0.9509803921568627,1.0,15.485617849076789,13.137715179968701,23,22080.332705505483,639
2.0,2.0,Per period 56d,Both,22487,242.499988940841,0.027764869888475836,0.991701244813278,1.0,29.779245305619874,6.283255086071987,11,42461.0532479432,639
2.0,2.0,SP Part Period Balancing,SAP only,22487,97.48559834258444,0.07934479553903345,0.9729344729344729,1.0,8.295172973914184,18.849765258215964,33,11827.76050002177,639
2.0,2.0,WI Sliding Economic Lot Size,SAP only,22487,109.87761650819267,0.07771840148698884,0.9653679653679653,0.9998716493799111,9.760597249016064,19.420970266040687,34,13917.251269090615,639
2.0,2.0,DY Dynamic Planning Calculation,SAP only,22487,163.28429187834658,0.03125,0.9746376811594203,1.0,18.946070267980144,9.139280125195619,16,27014.45554552588,639
2.0,2.0,GR Groff Reorder Procedure,SAP only,22487,90.63022428377579,0.09119423791821561,0.9446450060168472,1.0,5.355147819861615,27.98904538341158,49,7635.694403808121,639
1.0,1.0,Per period 7d,Both,21495,84.65507670323038,0.11884293680297398,0.9770773638968482,0.9999915583350985,2.6722640552416848,44.55399061032864,78,28917.892817608183,639
1.0,1.0,Per period 14d,Both,21495,61.431967733114234,0.0766728624535316,0.9924812030075187,1.0,5.794978831857642,26.84663536776213,47,62710.335983174926,639
1.0,1.0,Per period 28d,Both,21495,56.2096880444546,0.04426115241635688,0.9973821989528796,1.0,13.334941068959983,13.137715179968701,23,144304.00162173726,639
1.0,1.0,Per period 56d,Both,21495,79.01352248924728,0.023350371747211895,1.0,1.0,27.309991984039176,6.283255086071987,11,295534.9489116102,639
1.0,1.0,SP Part Period Balancing,SAP only,21495,50.88567443697674,0.06052509293680297,0.9942748091603053,1.0,9.590998282883136,15.422535211267606,27,103788.94249400607,639
1.0,1.0,WI Sliding Economic Lot Size,SAP only,21495,55.681701028655155,0.058317843866171004,0.996031746031746,1.0,11.918321349895884,14.85133020344288,26,128974.05804118013,639
1.0,1.0,DY Dynamic Planning Calculation,SAP only,21495,70.35494547728021,0.023815055762081785,0.9903381642512077,1.0,23.431709384931807,6.854460093896714,12,253566.13213341997,639
1.0,1.0,GR Groff Reorder Procedure,SAP only,21495,56.825379139388936,0.08480483271375465,0.9959072305593452,1.0,4.748335296940302,25.704225352112676,45,51384.08792710667,639
0.5,0.5,Per period 7d,Both,21495,84.65507670323038,0.11884293680297398,0.9770773638968482,0.9999915583350985,2.6722640552416848,44.55399061032864,78,28917.892817608183,639
0.5,0.5,Per period 14d,Both,21495,61.431967733114234,0.0766728624535316,0.9924812030075187,1.0,5.794978831857642,26.84663536776213,47,62710.335983174926,639
0.5,0.5,Per period 28d,Both,21495,56.2096880444546,0.04426115241635688,0.9973821989528796,1.0,13.334941068959983,13.137715179968701,23,144304.00162173726,639
0.5,0.5,Per period 56d,Both,21495,79.01352248924728,0.023350371747211895,1.0,1.0,27.309991984039176,6.283255086071987,11,295534.9489116102,639
0.5,0.5,SP Part Period Balancing,SAP only,21495,56.51941187953385,0.08677973977695168,0.9973297730307076,1.0,6.231628630822331,23.419405320813773,41,67435.53971464114,639
0.5,0.5,WI Sliding Economic Lot Size,SAP only,21495,57.17136203646599,0.0787639405204461,0.9897810218978103,1.0,8.099561901240017,21.134585289514867,37,87649.3707536915,639
0.5,0.5,DY Dynamic Planning Calculation,SAP only,21495,54.60967934640504,0.03891728624535316,1.0,1.0,14.298628006780213,10.852895148669797,19,154732.53525521237,639
0.5,0.5,GR Groff Reorder Procedure,SAP only,21495,69.3420872912845,0.10618029739776952,0.9934782608695653,1.0,3.3496623717901515,34.84350547730829,61,36248.355491890994,639
2.0,2.0,Per period 7d,Both,21495,84.65507670323038,0.11884293680297398,0.9770773638968482,0.9999915583350985,2.6722640552416848,44.55399061032864,78,28917.892817608183,639
2.0,2.0,Per period 14d,Both,21495,61.431967733114234,0.0766728624535316,0.9924812030075187,1.0,5.794978831857642,26.84663536776213,47,62710.335983174926,639
2.0,2.0,Per period 28d,Both,21495,56.2096880444546,0.04426115241635688,0.9973821989528796,1.0,13.334941068959983,13.137715179968701,23,144304.00162173726,639
2.0,2.0,Per period 56d,Both,21495,79.01352248924728,0.023350371747211895,1.0,1.0,27.309991984039176,6.283255086071987,11,295534.9489116102,639
2.0,2.0,SP Part Period Balancing,SAP only,21495,55.51894128813077,0.04449349442379182,0.9973958333333334,1.0,14.262193257432987,11.424100156494523,20,154338.25678771106,639
2.0,2.0,WI Sliding Economic Lot Size,SAP only,21495,61.53246287573795,0.042867100371747215,0.9919354838709677,1.0,17.078386439718457,10.852895148669797,19,184813.67797195655,639
2.0,2.0,DY Dynamic Planning Calculation,SAP only,21495,90.31033286069763,0.017890334572490705,1.0,1.0,33.45223772188818,3.998435054773083,7,362003.23207326944,639
2.0,2.0,GR Groff Reorder Procedure,SAP only,21495,53.2830800649479,0.06354553903345725,1.0,1.0,7.341345540457974,19.992175273865413,35,79444.33599649981,639
1.0,1.0,Per period 7d,Both,21519,84.07815794311686,0.12418680297397769,0.9502222222222222,1.0,2.739072302444136,45.69640062597809,80,17720.56725282924,639
1.0,1.0,Per period 14d,Both,21519,53.6524318482263,0.08410780669144981,0.9863760217983651,1.0,6.48300264371312,25.13302034428795,44,41942.114578602355,639
1.0,1.0,Per period 28d,Both,21519,43.100282486508206,0.047978624535315983,0.9951807228915662,1.0,13.500243933176145,13.137715179968701,23,87340.51318542258,639
1.0,1.0,Per period 56d,Both,21519,52.85856143954715,0.02695167286245353,1.0,1.0,27.442427566020466,6.854460093896714,12,177540.17768374656,639
1.0,1.0,SP Part Period Balancing,SAP only,21519,40.77723784407951,0.04890799256505576,0.9952718676122931,1.0,13.283272779809494,11.995305164319248,21,85936.80729867879,639
1.0,1.0,WI Sliding Economic Lot Size,SAP only,21519,44.25461347139747,0.05262546468401487,0.9956043956043956,1.0,14.947188463847617,12.566510172143975,22,96701.59425071519,639
1.0,1.0,DY Dynamic Planning Calculation,SAP only,21519,60.371967534035036,0.020097583643122675,1.0,1.0,34.50369881628256,5.140845070422535,9,223223.43035622366,639
1.0,1.0,GR Groff Reorder Procedure,SAP only,21519,44.16741385663503,0.06807620817843867,0.9915397631133672,1.0,7.500531958617988,18.849765258215964,33,48525.072115140305,639
0.5,0.5,Per period 7d,Both,21519,84.07815794311686,0.12418680297397769,0.9502222222222222,1.0,2.739072302444136,45.69640062597809,80,17720.56725282924,639
0.5,0.5,Per period 14d,Both,21519,53.6524318482263,0.08410780669144981,0.9863760217983651,1.0,6.48300264371312,25.13302034428795,44,41942.114578602355,639
0.5,0.5,Per period 28d,Both,21519,43.100282486508206,0.047978624535315983,0.9951807228915662,1.0,13.500243933176145,13.137715179968701,23,87340.51318542258,639
0.5,0.5,Per period 56d,Both,21519,52.85856143954715,0.02695167286245353,1.0,1.0,27.442427566020466,6.854460093896714,12,177540.17768374656,639
0.5,0.5,SP Part Period Balancing,SAP only,21519,42.31116762384278,0.06796003717472118,0.9932088285229203,1.0,8.268727871643495,17.136150234741784,30,53494.9545559835,639
0.5,0.5,WI Sliding Economic Lot Size,SAP only,21519,45.5309360924134,0.06540427509293681,0.9894551845342706,1.0,12.4462010782983,15.422535211267606,27,80521.32944917728,639
0.5,0.5,DY Dynamic Planning Calculation,SAP only,21519,42.491712047283244,0.029158921933085502,1.0,0.9999338381297994,19.80794582924683,7.42566510172144,13,128148.5106816474,639
0.5,0.5,GR Groff Reorder Procedure,SAP only,21519,52.80152631651846,0.08201672862453531,0.9819193324061196,1.0,5.239852146097319,25.704225352112676,45,33899.48935153855,639
2.0,2.0,Per period 7d,Both,21519,84.07815794311686,0.12418680297397769,0.9502222222222222,1.0,2.739072302444136,45.69640062597809,80,17720.56725282924,639
2.0,2.0,Per period 14d,Both,21519,53.6524318482263,0.08410780669144981,0.9863760217983651,1.0,6.48300264371312,25.13302034428795,44,41942.114578602355,639
2.0,2.0,Per period 28d,Both,21519,43.100282486508206,0.047978624535315983,0.9951807228915662,1.0,13.500243933176145,13.137715179968701,23,87340.51318542258,639
2.0,2.0,Per period 56d,Both,21519,52.85856143954715,0.02695167286245353,1.0,1.0,27.442427566020466,6.854460093896714,12,177540.17768374656,639
2.0,2.0,SP Part Period Balancing,SAP only,21519,43.51809182690323,0.036361524163568776,0.9968152866242038,1.0,18.48237468742515,9.139280125195619,16,119572.66091451998,639
2.0,2.0,WI Sliding Economic Lot Size,SAP only,21519,49.50139755606786,0.03427044609665428,0.9899328859060402,1.0,22.50102899861265,9.139280125195619,16,145571.54890434246,639
2.0,2.0,DY Dynamic Planning Calculation,SAP only,21519,90.20930253869693,0.010803903345724907,1.0,1.0,57.230358350453734,2.856025039123631,5,370254.70745981403,639
2.0,2.0,GR Groff Reorder Procedure,SAP only,21519,40.49935679252852,0.048327137546468404,0.9976019184652278,1.0,9.738413064825242,14.85133020344288,26,63003.15749134417,639
1.0,1.0,Per period 7d,Both,84970S,114.58319741920074,0.14347118959107807,0.9872102318145484,1.0,2.515176930223302,49.694835680751176,87,59222.747400048655,639
1.0,1.0,Per period 14d,Both,84970S,120.85069615553785,0.09398234200743494,0.9902080783353733,1.0,7.0076392922981965,25.13302034428795,44,165002.96527512535,639
1.0,1.0,Per period 28d,Both,84970S,167.46163739983942,0.052857806691449814,0.9934497816593887,1.0,13.172750503443565,13.137715179968701,23,310167.63324083167,639
1.0,1.0,Per period 56d,Both,84970S,318.98194386859456,0.025906133828996283,1.0,1.0,28.08336786961454,6.283255086071987,11,661255.3500708059,639
1.0,1.0,SP Part Period Balancing,SAP only,84970S,99.28787140882505,0.1279042750929368,0.9972826086956522,1.0,3.9472093779149873,31.987480438184665,56,92941.60626012439,639
1.0,1.0,WI Sliding Economic Lot Size,SAP only,84970S,117.5685838311721,0.13592007434944237,0.9957446808510638,1.0,6.070063734280865,29.131455399061032,51,142926.6652845754,639
1.0,1.0,DY Dynamic Planning Calculation,SAP only,84970S,124.6420288630741,0.056226765799256506,1.0,1.0,8.721129059124342,16.564945226917057,29,205349.0619707179,639
1.0,1.0,GR Groff Reorder Procedure,SAP only,84970S,99.98612511374618,0.12894981412639406,0.9955156950672646,1.0,2.7342881598049833,39.98435054773083,70,64381.97450892562,639
0.5,0.5,Per period 7d,Both,84970S,114.58319741920074,0.14347118959107807,0.9872102318145484,1.0,2.515176930223302,49.694835680751176,87,59222.747400048655,639
0.5,0.5,Per period 14d,Both,84970S,120.85069615553785,0.09398234200743494,0.9902080783353733,1.0,7.0076392922981965,25.13302034428795,44,165002.96527512535,639
0.5,0.5,Per period 28d,Both,84970S,167.46163739983942,0.052857806691449814,0.9934497816593887,1.0,13.172750503443565,13.137715179968701,23,310167.63324083167,639
0.5,0.5,Per period 56d,Both,84970S,318.98194386859456,0.025906133828996283,1.0,1.0,28.08336786961454,6.283255086071987,11,661255.3500708059,639
0.5,0.5,SP Part Period Balancing,SAP only,84970S,102.02886739051759,0.1615938661710037,0.9978479196556671,1.0,2.647000507646621,41.69796557120501,73,62326.68586787599,639
0.5,0.5,WI Sliding Economic Lot Size,SAP only,84970S,112.9251059392581,0.16600836431226765,0.9972086531751571,1.0,3.7317603452931825,41.12676056338028,72,87868.60981076003,639
0.5,0.5,DY Dynamic Planning Calculation,SAP only,84970S,103.6331599980391,0.09398234200743494,0.9987654320987654,1.0,5.1641010049675575,26.84663536776213,47,121594.72587814278,639
0.5,0.5,GR Groff Reorder Procedure,SAP only,84970S,105.6036195439832,0.1699581784386617,0.9959155888359428,1.0,1.9699284553763765,47.98122065727699,84,46384.241962081556,639
2.0,2.0,Per period 7d,Both,84970S,114.58319741920074,0.14347118959107807,0.9872102318145484,1.0,2.515176930223302,49.694835680751176,87,59222.747400048655,639
2.0,2.0,Per period 14d,Both,84970S,120.85069615553785,0.09398234200743494,0.9902080783353733,1.0,7.0076392922981965,25.13302034428795,44,165002.96527512535,639
2.0,2.0,Per period 28d,Both,84970S,167.46163739983942,0.052857806691449814,0.9934497816593887,1.0,13.172750503443565,13.137715179968701,23,310167.63324083167,639
2.0,2.0,Per period 56d,Both,84970S,318.98194386859456,0.025906133828996283,1.0,1.0,28.08336786961454,6.283255086071987,11,661255.3500708059,639
2.0,2.0,SP Part Period Balancing,SAP only,84970S,108.2022249672578,0.09769981412639406,0.998812351543943,1.0,6.219027483308971,22.848200312989047,40,146434.1889002888,639
2.0,2.0,WI Sliding Economic Lot Size,SAP only,84970S,127.64986342498723,0.10234665427509294,0.9977349943374858,1.0,8.083547674526095,22.27699530516432,39,190336.4714712961,639
2.0,2.0,DY Dynamic Planning Calculation,SAP only,84970S,167.4114897574947,0.036477695167286245,1.0,1.0,13.532918230802366,10.852895148669797,19,318648.1985969739,639
2.0,2.0,GR Groff Reorder Procedure,SAP only,84970S,98.76378610565577,0.1108271375464684,1.0,1.0,3.7170503782905318,33.129890453834115,58,87522.24663861384,639
1.0,1.0,Per period 7d,Both,23145,41.425785121137864,0.042867100371747215,0.9559585492227979,1.0,12.180670111040607,17.136150234741784,30,21949.53457481747,639
1.0,1.0,Per period 14d,Both,23145,33.202562928243935,0.02799721189591078,0.9757085020242915,1.0,15.140905585576597,10.852895148669797,19,27283.870888468606,639
1.0,1.0,Per period 28d,Both,23145,33.67372563075973,0.015450743494423791,0.9925373134328358,1.0,26.30388276448537,5.140845070422535,9,47399.5255538279,639
1.0,1.0,Per period 56d,Both,23145,40.319267080118614,0.009409851301115242,0.9878048780487805,1.0,37.65275964018984,2.856025039123631,5,67850.17096970155,639
1.0,1.0,SP Part Period Balancing,SAP only,23145,29.907379664036736,0.02300185873605948,0.99,1.0,18.024425625574757,7.42566510172144,13,32479.96619670215,639
1.0,1.0,WI Sliding Economic Lot Size,SAP only,23145,31.07075500644724,0.023350371747211895,0.995049504950495,1.0,21.396800571784592,6.283255086071987,11,38556.9767229118,639
1.0,1.0,DY Dynamic Planning Calculation,SAP only,23145,39.7885415107243,0.00871282527881041,0.9868421052631579,1.0,37.08696980502772,2.856025039123631,5,66830.61921797036,639
1.0,1.0,GR Groff Reorder Procedure,SAP only,23145,32.87364488312422,0.0341542750929368,0.98989898989899,1.0,14.79025640403724,10.852895148669797,19,26652.002012317585,639
0.5,0.5,Per period 7d,Both,23145,41.425785121137864,0.042867100371747215,0.9559585492227979,1.0,12.180670111040607,17.136150234741784,30,21949.53457481747,639
0.5,0.5,Per period 14d,Both,23145,33.202562928243935,0.02799721189591078,0.9757085020242915,1.0,15.140905585576597,10.852895148669797,19,27283.870888468606,639
0.5,0.5,Per period 28d,Both,23145,33.67372563075973,0.015450743494423791,0.9925373134328358,1.0,26.30388276448537,5.140845070422535,9,47399.5255538279,639
0.5,0.5,Per period 56d,Both,23145,40.319267080118614,0.009409851301115242,0.9878048780487805,1.0,37.65275964018984,2.856025039123631,5,67850.17096970155,639
0.5,0.5,SP Part Period Balancing,SAP only,23145,30.696234346120278,0.03125,0.9853479853479854,1.0,15.66719315537142,9.139280125195619,16,28232.239664915276,639
0.5,0.5,WI Sliding Economic Lot Size,SAP only,23145,31.750389562913814,0.03508364312267658,0.9966996699669967,1.0,17.857063417008494,8.568075117370892,15,32178.379949808117,639
0.5,0.5,DY Dynamic Planning Calculation,SAP only,23145,30.566318145302013,0.016147769516728624,1.0,1.0,25.12331047856843,3.998435054773083,7,45272.13748965913,639
0.5,0.5,GR Groff Reorder Procedure,SAP only,23145,36.788077023792034,0.04484200743494424,0.9872122762148338,1.0,12.566898112297844,14.280125195618153,25,22645.516387811018,639
2.0,2.0,Per period 7d,Both,23145,41.425785121137864,0.042867100371747215,0.9559585492227979,1.0,12.180670111040607,17.136150234741784,30,21949.53457481747,639
2.0,2.0,Per period 14d,Both,23145,33.202562928243935,0.02799721189591078,0.9757085020242915,1.0,15.140905585576597,10.852895148669797,19,27283.870888468606,639
2.0,2.0,Per period 28d,Both,23145,33.67372563075973,0.015450743494423791,0.9925373134328358,1.0,26.30388276448537,5.140845070422535,9,47399.5255538279,639
2.0,2.0,Per period 56d,Both,23145,40.319267080118614,0.009409851301115242,0.9878048780487805,1.0,37.65275964018984,2.856025039123631,5,67850.17096970155,639
2.0,2.0,SP Part Period Balancing,SAP only,23145,32.220538254919205,0.017309479553903346,0.9802631578947368,1.0,23.68861686994289,5.712050078247262,10,42686.82348971322,639
2.0,2.0,WI Sliding Economic Lot Size,SAP only,23145,30.829229171866746,0.016844795539033456,1.0,1.0,24.33752310967326,4.569640062597809,8,43856.15077753349,639
2.0,2.0,DY Dynamic Planning Calculation,SAP only,23145,51.46044251484516,0.0070864312267657995,1.0,1.0,51.66215340566387,1.7136150234741785,3,93095.06062062361,639
2.0,2.0,GR Groff Reorder Procedure,SAP only,23145,29.543528952988964,0.023815055762081785,1.0,1.0,17.63653582772259,7.42566510172144,13,31780.98983074196,639
1.0,1.0,Per period 7d,Both,23240,131.6226333623742,0.03729089219330855,0.9756838905775076,1.0,12.83264320220842,14.85133020344288,26,46448.50744248985,639
1.0,1.0,Per period 14d,Both,23240,150.85741300792702,0.02683550185873606,0.9956896551724138,1.0,16.62751907238121,7.996870109546166,14,60184.28403360646,639
1.0,1.0,Per period 28d,Both,23240,202.26948462156875,0.013940520446096654,1.0,1.0,23.724305526739144,3.998435054773083,7,85871.52034562963,639
1.0,1.0,Per period 56d,Both,23240,310.76712194703,0.007783457249070632,1.0,1.0,37.1492383213971,2.856025039123631,5,134463.85483212763,639
1.0,1.0,SP Part Period Balancing,SAP only,23240,127.13534322412366,0.04914033457249071,0.990632318501171,1.0,12.165963777074428,15.422535211267606,27,44035.42202024715,639
1.0,1.0,WI Sliding Economic Lot Size,SAP only,23240,142.95459135395677,0.05262546468401487,0.9869281045751634,1.0,14.330916932495624,14.280125195618153,25,51871.59740264364,639
1.0,1.0,DY Dynamic Planning Calculation,SAP only,23240,139.35739087062836,0.028345724907063198,0.9838709677419355,1.0,14.744340747979184,10.28169014084507,18,53368.009238288374,639
1.0,1.0,GR Groff Reorder Procedure,SAP only,23240,125.94917886839923,0.049837360594795536,0.9930555555555556,1.0,11.778860094283928,16.564945226917057,29,42634.277454175564,639
0.5,0.5,Per period 7d,Both,23240,131.6226333623742,0.03729089219330855,0.9756838905775076,1.0,12.83264320220842,14.85133020344288,26,46448.50744248985,639
0.5,0.5,Per period 14d,Both,23240,150.85741300792702,0.02683550185873606,0.9956896551724138,1.0,16.62751907238121,7.996870109546166,14,60184.28403360646,639
0.5,0.5,Per period 28d,Both,23240,202.26948462156875,0.013940520446096654,1.0,1.0,23.724305526739144,3.998435054773083,7,85871.52034562963,639
0.5,0.5,Per period 56d,Both,23240,310.76712194703,0.007783457249070632,1.0,1.0,37.1492383213971,2.856025039123631,5,134463.85483212763,639
0.5,0.5,SP Part Period Balancing,SAP only,23240,132.29347288611217,0.07074814126394052,0.9902439024390244,1.0,11.456204558857744,21.705790297339593,38,41466.40675112161,639
0.5,0.5,WI Sliding Economic Lot Size,SAP only,23240,139.60708879939907,0.07272304832713755,0.9858267716535433,1.0,12.587764207892183,20.56338028169014,36,45562.15350816947,639
0.5,0.5,DY Dynamic Planning Calculation,SAP only,23240,128.34478565594767,0.04600371747211896,0.9850746268656716,1.0,12.312905229934831,15.422535211267606,27,44567.28525833843,639
0.5,0.5,GR Groff Reorder Procedure,SAP only,23240,129.93613138032276,0.06726301115241635,0.9897435897435898,1.0,11.169798875846924,21.705790297339593,38,40429.74452267205,639
2.0,2.0,Per period 7d,Both,23240,131.6226333623742,0.03729089219330855,0.9756838905775076,1.0,12.83264320220842,14.85133020344288,26,46448.50744248985,639
2.0,2.0,Per period 14d,Both,23240,150.85741300792702,0.02683550185873606,0.9956896551724138,1.0,16.62751907238121,7.996870109546166,14,60184.28403360646,639
2.0,2.0,Per period 28d,Both,23240,202.26948462156875,0.013940520446096654,1.0,1.0,23.724305526739144,3.998435054773083,7,85871.52034562963,639
2.0,2.0,Per period 56d,Both,23240,310.76712194703,0.007783457249070632,1.0,1.0,37.1492383213971,2.856025039123631,5,134463.85483212763,639
2.0,2.0,SP Part Period Balancing,SAP only,23240,136.15909416570014,0.04530669144981413,0.9948979591836735,1.0,13.748287031734096,13.137715179968701,23,49762.73418130186,639
2.0,2.0,WI Sliding Economic Lot Size,SAP only,23240,141.5951031882335,0.04553903345724907,0.9924050632911392,1.0,14.77322165408319,11.424100156494523,20,53472.5453779581,639
2.0,2.0,DY Dynamic Planning Calculation,SAP only,23240,148.76086459923965,0.019981412639405203,0.9828571428571429,1.0,16.49429370169426,7.42566510172144,13,59702.06696231623,639
2.0,2.0,GR Groff Reorder Procedure,SAP only,23240,130.93509986110405,0.045771375464684017,0.9825436408977556,1.0,12.992101584913843,13.708920187793428,24,47025.67644494335,639
1.0,1.0,Per period 7d,Both,21930,126.12569661912893,0.1457946096654275,0.9683641975308642,1.0,3.1008346711144275,49.694835680751176,87,36617.63914354374,639
1.0,1.0,Per period 14d,Both,21930,137.4297079866925,0.09189126394052044,0.986284289276808,1.0,7.404598585360156,25.13302034428795,44,87440.62414139172,639
1.0,1.0,Per period 28d,Both,21930,206.98609699413663,0.04902416356877323,1.0,1.0,14.581477593002466,13.137715179968701,23,172192.1164175894,639
1.0,1.0,Per period 56d,Both,21930,379.2675502555484,0.027067843866171004,0.9957264957264957,1.0,29.186363100317948,6.283255086071987,11,344660.6560083978,639
1.0,1.0,SP Part Period Balancing,SAP only,21930,104.18068774560844,0.13568773234200743,0.9982905982905983,1.0,3.580711786173852,33.701095461658845,59,42284.48981319764,639
1.0,1.0,WI Sliding Economic Lot Size,SAP only,21930,127.69185884456536,0.13440985130111524,0.9914310197086547,1.0,5.761058733527606,31.41627543035994,55,68032.12430324707,639
1.0,1.0,DY Dynamic Planning Calculation,SAP only,21930,123.63436273538814,0.06528810408921933,1.0,1.0,7.262311820320336,18.278560250391237,32,85760.3651241453,639
1.0,1.0,GR Groff Reorder Procedure,SAP only,21930,105.67611594515459,0.13766263940520446,0.9891485809682805,1.0,2.6689382409654234,41.12676056338028,72,31517.39056405494,639
0.5,0.5,Per period 7d,Both,21930,126.12569661912893,0.1457946096654275,0.9683641975308642,1.0,3.1008346711144275,49.694835680751176,87,36617.63914354374,639
0.5,0.5,Per period 14d,Both,21930,137.4297079866925,0.09189126394052044,0.986284289276808,1.0,7.404598585360156,25.13302034428795,44,87440.62414139172,639
0.5,0.5,Per period 28d,Both,21930,206.98609699413663,0.04902416356877323,1.0,1.0,14.581477593002466,13.137715179968701,23,172192.1164175894,639
0.5,0.5,Per period 56d,Both,21930,379.2675502555484,0.027067843866171004,0.9957264957264957,1.0,29.186363100317948,6.283255086071987,11,344660.6560083978,639
0.5,0.5,SP Part Period Balancing,SAP only,21930,108.88939362067721,0.1591542750929368,0.9906001446131598,1.0,2.131069124107913,46.838810641627546,82,25165.714542428672,639
0.5,0.5,WI Sliding Economic Lot Size,SAP only,21930,123.19421029254141,0.17634758364312267,0.9869960988296489,1.0,3.6610366397880743,43.98278560250391,77,43233.04296609646,639
0.5,0.5,DY Dynamic Planning Calculation,SAP only,21930,101.11044564060788,0.09316914498141264,0.9925742574257426,1.0,3.892157474886325,29.70266040688576,52,45962.340150825316,639
0.5,0.5,GR Groff Reorder Procedure,SAP only,21930,111.19608845836865,0.1670539033457249,0.98224043715847,0.9999951322075473,1.6798567607249713,51.40845070422535,90,19837.36483924246,639
2.0,2.0,Per period 7d,Both,21930,126.12569661912893,0.1457946096654275,0.9683641975308642,1.0,3.1008346711144275,49.694835680751176,87,36617.63914354374,639
2.0,2.0,Per period 14d,Both,21930,137.4297079866925,0.09189126394052044,0.986284289276808,1.0,7.404598585360156,25.13302034428795,44,87440.62414139172,639
2.0,2.0,Per period 28d,Both,21930,206.98609699413663,0.04902416356877323,1.0,1.0,14.581477593002466,13.137715179968701,23,172192.1164175894,639
2.0,2.0,Per period 56d,Both,21930,379.2675502555484,0.027067843866171004,0.9957264957264957,1.0,29.186363100317948,6.283255086071987,11,344660.6560083978,639
2.0,2.0,SP Part Period Balancing,SAP only,21930,110.8071036999966,0.09560873605947956,0.9951632406287787,1.0,5.373926505323956,24.561815336463223,43,63460.49448845835,639
2.0,2.0,WI Sliding Economic Lot Size,SAP only,21930,132.67778616490244,0.10246282527881041,0.9954853273137697,1.0,7.186500114672963,23.990610328638496,42,84865.10756458816,639
2.0,2.0,DY Dynamic Planning Calculation,SAP only,21930,167.84904221381265,0.04263475836431227,0.9972826086956522,1.0,11.479742751844384,13.137715179968701,23,135563.8472001067,639
2.0,2.0,GR Groff Reorder Procedure,SAP only,21930,106.35675882243825,0.11721654275092937,0.995069033530572,1.0,3.7531722718625393,33.701095461658845,59,44321.069154333236,639
1.0,1.0,Per period 7d,Both,23147,47.65503986934751,0.05018587360594796,0.9536423841059603,1.0,12.185715045949744,18.278560250391237,32,19703.757076937385,639
1.0,1.0,Per period 14d,Both,23147,39.25547675288668,0.029391263940520447,0.9693486590038314,1.0,16.545035019912834,10.28169014084507,18,26752.58280966772,639
1.0,1.0,Per period 28d,Both,23147,40.97733930122742,0.015799256505576207,0.9714285714285714,1.0,24.89081777526307,5.140845070422535,9,40247.34084464831,639
1.0,1.0,Per period 56d,Both,23147,57.6008799234113,0.01092007434944238,0.9894736842105263,1.0,40.16557122273026,3.427230046948357,6,64945.935076017675,639
1.0,1.0,SP Part Period Balancing,SAP only,23147,36.70403648759647,0.028810408921933085,0.992,1.0,17.672578373460723,7.996870109546166,14,28575.770061974865,639
1.0,1.0,WI Sliding Economic Lot Size,SAP only,23147,37.993176165444616,0.028926579925650557,0.9841897233201581,0.9999060840203035,19.454420134800003,7.42566510172144,13,31456.928622025123,639
1.0,1.0,DY Dynamic Planning Calculation,SAP only,23147,49.393048402643,0.011384758364312268,1.0,1.0,34.555072511495865,2.856025039123631,5,55874.00919642998,639
1.0,1.0,GR Groff Reorder Procedure,SAP only,23147,38.19808130088336,0.03531598513011153,0.9967213114754099,1.0,14.943580477210968,10.852895148669797,19,24163.102326973887,639
0.5,0.5,Per period 7d,Both,23147,47.65503986934751,0.05018587360594796,0.9536423841059603,1.0,12.185715045949744,18.278560250391237,32,19703.757076937385,639
0.5,0.5,Per period 14d,Both,23147,39.25547675288668,0.029391263940520447,0.9693486590038314,1.0,16.545035019912834,10.28169014084507,18,26752.58280966772,639
0.5,0.5,Per period 28d,Both,23147,40.97733930122742,0.015799256505576207,0.9714285714285714,1.0,24.89081777526307,5.140845070422535,9,40247.34084464831,639
0.5,0.5,Per period 56d,Both,23147,57.6008799234113,0.01092007434944238,0.9894736842105263,1.0,40.16557122273026,3.427230046948357,6,64945.935076017675,639
0.5,0.5,SP Part Period Balancing,SAP only,23147,39.174867217263426,0.041821561338289966,0.9863013698630136,1.0,14.925510883622819,11.424100156494523,20,24133.884601038448,639
0.5,0.5,WI Sliding Economic Lot Size,SAP only,23147,37.91105485943816,0.04031133828996283,0.9886039886039886,1.0,15.49855144453867,10.28169014084507,18,25060.46559894803,639
0.5,0.5,DY Dynamic Planning Calculation,SAP only,23147,40.941760027547396,0.01928438661710037,1.0,1.0,25.641512519794112,4.569640062597809,8,41461.1807243269,639
0.5,0.5,GR Groff Reorder Procedure,SAP only,23147,42.54688206291356,0.04902416356877323,0.9929411764705882,1.0,12.879915439398093,14.85133020344288,26,20826.24811366707,639
2.0,2.0,Per period 7d,Both,23147,47.65503986934751,0.05018587360594796,0.9536423841059603,1.0,12.185715045949744,18.278560250391237,32,19703.757076937385,639
2.0,2.0,Per period 14d,Both,23147,39.25547675288668,0.029391263940520447,0.9693486590038314,1.0,16.545035019912834,10.28169014084507,18,26752.58280966772,639
2.0,2.0,Per period 28d,Both,23147,40.97733930122742,0.015799256505576207,0.9714285714285714,1.0,24.89081777526307,5.140845070422535,9,40247.34084464831,639
2.0,2.0,Per period 56d,Both,23147,57.6008799234113,0.01092007434944238,0.9894736842105263,1.0,40.16557122273026,3.427230046948357,6,64945.935076017675,639
2.0,2.0,SP Part Period Balancing,SAP only,23147,38.69112063177241,0.021491635687732342,0.9946236559139785,1.0,21.554471156761256,6.283255086071987,11,34852.61734688596,639
2.0,2.0,WI Sliding Economic Lot Size,SAP only,23147,38.83236426348793,0.02079460966542751,0.988950276243094,1.0,23.221192222807797,5.140845070422535,9,37547.63088335551,639
2.0,2.0,DY Dynamic Planning Calculation,SAP only,23147,68.1718433540278,0.0070864312267657995,0.9384615384615385,1.0,49.950674262837175,2.2848200312989047,4,80768.00973869016,639
2.0,2.0,GR Groff Reorder Procedure,SAP only,23147,35.36279067650524,0.026719330855018587,0.9956709956709957,1.0,17.40695629588789,7.42566510172144,13,28146.271023877292,639
1.0,1.0,Per period 7d,Both,21756,75.65225788130556,0.09386617100371747,0.8660235798499464,1.0,2.473563825869488,36.557120500782474,64,3574.011871156749,639
1.0,1.0,Per period 14d,Both,21756,63.11559431491315,0.06029275092936803,0.9284436493738819,1.0,5.968432706228333,19.992175273865413,35,8623.690693229662,639
1.0,1.0,Per period 28d,Both,21756,75.52332384895033,0.03891728624535316,0.9766763848396501,1.0,11.998880441444907,10.852895148669797,19,17336.985886442744,639
1.0,1.0,Per period 56d,Both,21756,121.57560639074103,0.02032992565055762,0.9668508287292817,1.0,23.897767323723084,5.140845070422535,9,34529.49271648779,639
1.0,1.0,SP Part Period Balancing,SAP only,21756,57.838109663518644,0.07028345724907063,0.9664536741214057,1.0,5.48496386224569,18.278560250391237,32,7925.134476625465,639
1.0,1.0,WI Sliding Economic Lot Size,SAP only,21756,62.30921672235503,0.0695864312267658,0.9661290322580646,1.0,6.858662976796434,17.136150234741784,30,9909.969835008054,639
1.0,1.0,DY Dynamic Planning Calculation,SAP only,21756,77.57704115895315,0.03392193308550186,0.9831649831649831,1.0,13.071693320419124,9.139280125195619,16,18887.07564959487,639
1.0,1.0,GR Groff Reorder Procedure,SAP only,21756,62.26021623814216,0.09026486988847583,0.9604449938195303,1.0,3.664032065566502,25.704225352112676,45,5294.099938589822,639
0.5,0.5,Per period 7d,Both,21756,75.65225788130556,0.09386617100371747,0.8660235798499464,1.0,2.473563825869488,36.557120500782474,64,3574.011871156749,639
0.5,0.5,Per period 14d,Both,21756,63.11559431491315,0.06029275092936803,0.9284436493738819,1.0,5.968432706228333,19.992175273865413,35,8623.690693229662,639
0.5,0.5,Per period 28d,Both,21756,75.52332384895033,0.03891728624535316,0.9766763848396501,1.0,11.998880441444907,10.852895148669797,19,17336.985886442744,639
0.5,0.5,Per period 56d,Both,21756,121.57560639074103,0.02032992565055762,0.9668508287292817,1.0,23.897767323723084,5.140845070422535,9,34529.49271648779,639
0.5,0.5,SP Part Period Balancing,SAP only,21756,61.350605197145676,0.09595724907063197,0.959349593495935,1.0,3.683220008497957,25.13302034428795,44,5321.8242831581265,639
0.5,0.5,WI Sliding Economic Lot Size,SAP only,21756,64.3656011772059,0.09618959107806692,0.9639115250291036,1.0,5.172376914537241,22.848200312989047,40,7473.482714016936,639
0.5,0.5,DY Dynamic Planning Calculation,SAP only,21756,58.34513362205435,0.045771375464684017,0.9776674937965261,0.9996265859780403,7.9276971502647395,11.995305164319248,21,11454.599808445239,639
0.5,0.5,GR Groff Reorder Procedure,SAP only,21756,66.60853504356395,0.10246282527881041,0.934322033898305,1.0,2.2520003244459974,31.987480438184665,56,3253.8783957149913,639
2.0,2.0,Per period 7d,Both,21756,75.65225788130556,0.09386617100371747,0.8660235798499464,1.0,2.473563825869488,36.557120500782474,64,3574.011871156749,639
2.0,2.0,Per period 14d,Both,21756,63.11559431491315,0.06029275092936803,0.9284436493738819,1.0,5.968432706228333,19.992175273865413,35,8623.690693229662,639
2.0,2.0,Per period 28d,Both,21756,75.52332384895033,0.03891728624535316,0.9766763848396501,1.0,11.998880441444907,10.852895148669797,19,17336.985886442744,639
2.0,2.0,Per period 56d,Both,21756,121.57560639074103,0.02032992565055762,0.9668508287292817,1.0,23.897767323723084,5.140845070422535,9,34529.49271648779,639
2.0,2.0,SP Part Period Balancing,SAP only,21756,61.986422563053296,0.050882899628252785,0.9776785714285714,1.0,8.276113139132278,13.137715179968701,23,11958.02036597853,639
2.0,2.0,WI Sliding Economic Lot Size,SAP only,21756,117.42119234060112,0.05065055762081784,0.9732142857142857,1.0,20.468477084047517,11.995305164319248,21,29574.567398587733,639
2.0,2.0,DY Dynamic Planning Calculation,SAP only,21756,107.59002334254106,0.02079460966542751,0.988950276243094,1.0,20.92888072130566,5.140845070422535,9,30239.797075653347,639
2.0,2.0,GR Groff Reorder Procedure,SAP only,21756,57.234828135798274,0.060757434944237916,0.945750452079566,1.0,5.356898093449198,18.278560250391237,32,7740.094344173419,639
1.0,1.0,Per period 7d,Both,23231,58.73553985724366,0.06633364312267657,0.9878892733564014,1.0,10.175853249049153,25.13302034428795,44,64029.42914159446,639
1.0,1.0,Per period 14d,Both,23231,46.62061612468665,0.03938197026022305,0.9941348973607038,1.0,14.23988300548345,14.85133020344288,26,89601.48673226938,639
1.0,1.0,Per period 28d,Both,23231,46.14399656159872,0.022653345724907063,0.9948979591836735,1.0,22.197530257975437,7.996870109546166,14,139673.3183926611,639
1.0,1.0,Per period 56d,Both,23231,58.48472447244144,0.012081784386617101,1.0,1.0,36.244132160913175,3.427230046948357,6,228058.6241957277,639
1.0,1.0,SP Part Period Balancing,SAP only,23231,40.982294883707056,0.0412407063197026,1.0,1.0,16.561341876596437,9.710485133020343,17,104208.78133991754,639
1.0,1.0,WI Sliding Economic Lot Size,SAP only,23231,44.91930523010589,0.037058550185873604,0.996875,1.0,20.66123550847738,8.568075117370892,15,130006.50486891251,639
1.0,1.0,DY Dynamic Planning Calculation,SAP only,23231,53.7112970180158,0.015102230483271376,1.0,1.0,32.257203206193765,3.998435054773083,7,202971.7072806639,639
1.0,1.0,GR Groff Reorder Procedure,SAP only,23231,43.74157325136417,0.04844330855018587,1.0,1.0,12.942281104715505,14.280125195618153,25,81436.5980565229,639
0.5,0.5,Per period 7d,Both,23231,58.73553985724366,0.06633364312267657,0.9878892733564014,1.0,10.175853249049153,25.13302034428795,44,64029.42914159446,639
0.5,0.5,Per period 14d,Both,23231,46.62061612468665,0.03938197026022305,0.9941348973607038,1.0,14.23988300548345,14.85133020344288,26,89601.48673226938,639
0.5,0.5,Per period 28d,Both,23231,46.14399656159872,0.022653345724907063,0.9948979591836735,1.0,22.197530257975437,7.996870109546166,14,139673.3183926611,639
0.5,0.5,Per period 56d,Both,23231,58.48472447244144,0.012081784386617101,1.0,1.0,36.244132160913175,3.427230046948357,6,228058.6241957277,639
0.5,0.5,SP Part Period Balancing,SAP only,23231,43.68735843662081,0.05262546468401487,0.9977973568281938,1.0,13.595407582844867,13.708920187793428,24,85546.25987341188,639
0.5,0.5,WI Sliding Economic Lot Size,SAP only,23231,44.56995296385034,0.04507434944237918,0.9948717948717949,1.0,14.895462132738642,13.137715179968701,23,93726.58133101635,639
0.5,0.5,DY Dynamic Planning Calculation,SAP only,23231,41.05763912760342,0.019400557620817844,0.9940476190476191,1.0,20.75676410491437,6.283255086071987,11,130607.59859018151,639
0.5,0.5,GR Groff Reorder Procedure,SAP only,23231,48.13589722152602,0.06087360594795539,0.9924242424242424,1.0,11.14289152339902,18.278560250391237,32,70114.31530782141,639
2.0,2.0,Per period 7d,Both,23231,58.73553985724366,0.06633364312267657,0.9878892733564014,1.0,10.175853249049153,25.13302034428795,44,64029.42914159446,639
2.0,2.0,Per period 14d,Both,23231,46.62061612468665,0.03938197026022305,0.9941348973607038,1.0,14.23988300548345,14.85133020344288,26,89601.48673226938,639
2.0,2.0,Per period 28d,Both,23231,46.14399656159872,0.022653345724907063,0.9948979591836735,1.0,22.197530257975437,7.996870109546166,14,139673.3183926611,639
2.0,2.0,Per period 56d,Both,23231,58.48472447244144,0.012081784386617101,1.0,1.0,36.244132160913175,3.427230046948357,6,228058.6241957277,639
2.0,2.0,SP Part Period Balancing,SAP only,23231,41.51498513126444,0.02509293680297398,1.0,1.0,20.382026057631965,6.854460093896714,12,128249.63777275619,639
2.0,2.0,WI Sliding Economic Lot Size,SAP only,23231,48.25245683468848,0.025557620817843865,0.995475113122172,1.0,25.034690567236748,6.854460093896714,12,157525.55648406304,639
2.0,2.0,DY Dynamic Planning Calculation,SAP only,23231,82.97732904447099,0.008131970260223048,1.0,1.0,54.5390069277538,2.2848200312989047,4,343175.2988241894,639
2.0,2.0,GR Groff Reorder Procedure,SAP only,23231,40.412954369705034,0.03612918215613383,0.9967948717948718,1.0,16.168175044885498,9.710485133020343,17,101734.86124931354,639
1.0,1.0,Per period 7d,Both,22771,97.84336034033784,0.09258828996282528,0.968408262454435,1.0,8.667198773367646,33.129890453834115,58,58171.30609689324,639
1.0,1.0,Per period 14d,Both,22771,86.01549967280637,0.052741635687732345,0.9848156182212582,1.0,12.185153709593123,17.136150234741784,30,81782.6295222973,639
1.0,1.0,Per period 28d,Both,22771,106.83621874355123,0.03229553903345725,0.996415770609319,1.0,19.75976817583822,9.139280125195619,16,132620.87936558478,639
1.0,1.0,Per period 56d,Both,22771,181.8256048230799,0.016612453531598514,1.0,1.0,37.81260054456824,4.569640062597809,8,253785.38304169665,639
1.0,1.0,SP Part Period Balancing,SAP only,22771,81.30398378818856,0.07121282527881041,0.9951298701298701,1.0,10.50765360806936,18.849765258215964,33,70523.81633075529,639
1.0,1.0,WI Sliding Economic Lot Size,SAP only,22771,87.40794419939127,0.07144516728624535,0.9983766233766234,1.0,12.27052288253379,17.70735524256651,31,82355.59853111126,639
1.0,1.0,DY Dynamic Planning Calculation,SAP only,22771,94.47390238641718,0.03066914498141264,0.9924812030075187,1.0,16.853039151211966,9.710485133020343,17,113111.89748416908,639
1.0,1.0,GR Groff Reorder Procedure,SAP only,22771,83.9796681325188,0.08341078066914498,0.9972222222222222,0.9999944332075523,8.696850055767017,25.13302034428795,44,58370.31547347744,639
0.5,0.5,Per period 7d,Both,22771,97.84336034033784,0.09258828996282528,0.968408262454435,1.0,8.667198773367646,33.129890453834115,58,58171.30609689324,639
0.5,0.5,Per period 14d,Both,22771,86.01549967280637,0.052741635687732345,0.9848156182212582,1.0,12.185153709593123,17.136150234741784,30,81782.6295222973,639
0.5,0.5,Per period 28d,Both,22771,106.83621874355123,0.03229553903345725,0.996415770609319,1.0,19.75976817583822,9.139280125195619,16,132620.87936558478,639
0.5,0.5,Per period 56d,Both,22771,181.8256048230799,0.016612453531598514,1.0,1.0,37.81260054456824,4.569640062597809,8,253785.38304169665,639
0.5,0.5,SP Part Period Balancing,SAP only,22771,83.06624923675874,0.08933550185873607,0.9922580645161291,1.0,8.498152379032973,25.13302034428795,44,57036.72388566775,639
0.5,0.5,WI Sliding Economic Lot Size,SAP only,22771,90.88885983442508,0.08887081784386618,0.9896507115135834,1.0,10.417350938010387,24.561815336463223,43,69917.73535826062,639
0.5,0.5,DY Dynamic Planning Calculation,SAP only,22771,84.39929591143009,0.046933085501858735,0.9950738916256158,1.0,12.486173426794231,15.422535211267606,27,83802.97203068793,639
0.5,0.5,GR Groff Reorder Procedure,SAP only,22771,87.21529270486599,0.10223048327137546,0.9932279909706546,0.9999944332075523,7.22538314363022,30.845070422535212,54,48494.32734910435,639
2.0,2.0,Per period 7d,Both,22771,97.84336034033784,0.09258828996282528,0.968408262454435,1.0,8.667198773367646,33.129890453834115,58,58171.30609689324,639
2.0,2.0,Per period 14d,Both,22771,86.01549967280637,0.052741635687732345,0.9848156182212582,1.0,12.185153709593123,17.136150234741784,30,81782.6295222973,639
2.0,2.0,Per period 28d,Both,22771,106.83621874355123,0.03229553903345725,0.996415770609319,1.0,19.75976817583822,9.139280125195619,16,132620.87936558478,639
2.0,2.0,Per period 56d,Both,22771,181.8256048230799,0.016612453531598514,1.0,1.0,37.81260054456824,4.569640062597809,8,253785.38304169665,639
2.0,2.0,SP Part Period Balancing,SAP only,22771,85.83674463354656,0.05645910780669145,0.9959016393442623,1.0,13.451459732785647,13.708920187793428,24,90281.64716497797,639
2.0,2.0,WI Sliding Economic Lot Size,SAP only,22771,91.66608353572411,0.05413568773234201,0.9893842887473461,1.0,14.937058267905673,13.137715179968701,23,100252.48196215721,639
2.0,2.0,DY Dynamic Planning Calculation,SAP only,22771,134.17356658796672,0.019981412639405203,0.9942196531791907,1.0,26.79417037427248,6.283255086071987,11,179833.4072184314,639
2.0,2.0,GR Groff Reorder Procedure,SAP only,22771,84.0296228656357,0.061222118959107806,0.9906015037593985,1.0,10.447971376673765,20.56338028169014,36,70123.24938382812,639
1.0,1.0,Per period 7d,Both,82482,164.53483002655756,0.1366171003717472,0.9849246231155779,1.0,3.779641702486706,49.123630672926446,86,56206.299920967664,639
1.0,1.0,Per period 14d,Both,82482,199.66866343478668,0.08399163568773234,0.9944979367262724,1.0,7.491857713189442,25.13302034428795,44,111409.925791563,639
1.0,1.0,Per period 28d,Both,82482,325.6139128910024,0.047862453531598514,0.9975786924939467,1.0,14.563884133049385,13.137715179968701,23,216576.62393179582,639
1.0,1.0,Per period 56d,Both,82482,632.2561372893401,0.02683550185873606,0.9956896551724138,1.0,29.851035036675302,6.854460093896714,12,443908.80413844925,639
1.0,1.0,SP Part Period Balancing,SAP only,82482,149.3858999882421,0.15787639405204462,0.993421052631579,1.0,3.4355855163099527,44.55399061032864,78,51089.90881511445,639
1.0,1.0,WI Sliding Economic Lot Size,SAP only,82482,189.70840497622743,0.15822490706319703,0.9891067538126361,1.0,5.568692421292291,42.26917057902973,74,82810.91728690785,639
1.0,1.0,DY Dynamic Planning Calculation,SAP only,82482,167.9975995050789,0.08155204460966543,0.9929278642149929,1.0,5.919499109349915,25.704225352112676,45,88027.69376343882,639
1.0,1.0,GR Groff Reorder Procedure,SAP only,82482,146.04277825609833,0.15520446096654275,0.991833704528582,1.0,2.8896756834282122,49.123630672926446,86,42971.792281325266,639
0.5,0.5,Per period 7d,Both,82482,164.53483002655756,0.1366171003717472,0.9849246231155779,1.0,3.779641702486706,49.123630672926446,86,56206.299920967664,639
0.5,0.5,Per period 14d,Both,82482,199.66866343478668,0.08399163568773234,0.9944979367262724,1.0,7.491857713189442,25.13302034428795,44,111409.925791563,639
0.5,0.5,Per period 28d,Both,82482,325.6139128910024,0.047862453531598514,0.9975786924939467,1.0,14.563884133049385,13.137715179968701,23,216576.62393179582,639
0.5,0.5,Per period 56d,Both,82482,632.2561372893401,0.02683550185873606,0.9956896551724138,1.0,29.851035036675302,6.854460093896714,12,443908.80413844925,639
0.5,0.5,SP Part Period Balancing,SAP only,82482,155.2193273904572,0.21561338289962825,0.9946409431939979,1.0,2.465029920009077,59.40532081377152,104,36656.96960297428,639
0.5,0.5,WI Sliding Economic Lot Size,SAP only,82482,176.74268791144726,0.21514869888475838,0.9930294906166219,1.0,3.597137475060732,58.262910798122064,102,53492.31585819265,639
0.5,0.5,DY Dynamic Planning Calculation,SAP only,82482,149.09153888799716,0.11535780669144981,0.9860973187686196,1.0,4.143323038991661,35.985915492957744,63,61614.53273356659,639
0.5,0.5,GR Groff Reorder Procedure,SAP only,82482,156.72988711702908,0.19632899628252787,0.986573263280794,1.0,2.152712963635054,63.97496087636933,112,32012.56627003062,639
2.0,2.0,Per period 7d,Both,82482,164.53483002655756,0.1366171003717472,0.9849246231155779,1.0,3.779641702486706,49.123630672926446,86,56206.299920967664,639
2.0,2.0,Per period 14d,Both,82482,199.66866343478668,0.08399163568773234,0.9944979367262724,1.0,7.491857713189442,25.13302034428795,44,111409.925791563,639
2.0,2.0,Per period 28d,Both,82482,325.6139128910024,0.047862453531598514,0.9975786924939467,1.0,14.563884133049385,13.137715179968701,23,216576.62393179582,639
2.0,2.0,Per period 56d,Both,82482,632.2561372893401,0.02683550185873606,0.9956896551724138,1.0,29.851035036675302,6.854460093896714,12,443908.80413844925,639
2.0,2.0,SP Part Period Balancing,SAP only,82482,163.391839857415,0.11628717472118959,0.9940417080436942,1.0,5.072187625441875,33.129890453834115,58,75427.4932312872,639
2.0,2.0,WI Sliding Economic Lot Size,SAP only,82482,200.44675866680356,0.1229089219330855,0.9962335216572504,1.0,6.999908631147096,31.41627543035994,55,104094.24884977116,639
2.0,2.0,DY Dynamic Planning Calculation,SAP only,82482,241.20336095049953,0.05506505576208178,0.9978947368421053,1.0,10.164573228004873,17.136150234741784,30,151155.3465626124,639
2.0,2.0,GR Groff Reorder Procedure,SAP only,82482,150.88205872776916,0.13533921933085502,0.997431506849315,1.0,3.8926066567798903,39.98435054773083,70,57886.17928556028,639
1.0,1.0,Per period 7d,Both,22077,131.80670196017093,0.1354553903345725,0.9872988992379339,1.0,3.257808713492857,49.694835680751176,87,49558.927925643584,639
1.0,1.0,Per period 14d,Both,22077,153.59904190176002,0.08468866171003718,0.9918367346938776,1.0,7.89602647610666,25.704225352112676,45,120117.12210346185,639
1.0,1.0,Per period 28d,Both,22077,244.89141677698137,0.04821096654275093,0.9904534606205251,1.0,16.06058805558844,13.708920187793428,24,244319.29431393393,639
1.0,1.0,Per period 56d,Both,22077,457.89171403765664,0.027648698884758363,1.0,1.0,32.49263293856771,6.283255086071987,11,494289.3200719536,639
1.0,1.0,SP Part Period Balancing,SAP only,22077,121.34640139742379,0.14010223048327136,0.9917763157894737,1.0,3.9514218247281208,38.27073552425665,67,60110.41366684753,639
1.0,1.0,WI Sliding Economic Lot Size,SAP only,22077,145.40070773891864,0.14649163568773235,0.9944794952681388,1.0,5.845780090569347,37.1283255086072,65,88928.05552941,639
1.0,1.0,DY Dynamic Planning Calculation,SAP only,22077,164.48888853968063,0.07028345724907063,1.0,1.0,9.414886856882777,19.992175273865413,35,143222.55853631342,639
1.0,1.0,GR Groff Reorder Procedure,SAP only,22077,121.44018464280492,0.15717936802973978,0.9963181148748159,1.0,2.940327677357295,46.267605633802816,81,44729.295135223634,639
0.5,0.5,Per period 7d,Both,22077,131.80670196017093,0.1354553903345725,0.9872988992379339,1.0,3.257808713492857,49.694835680751176,87,49558.927925643584,639
0.5,0.5,Per period 14d,Both,22077,153.59904190176002,0.08468866171003718,0.9918367346938776,1.0,7.89602647610666,25.704225352112676,45,120117.12210346185,639
0.5,0.5,Per period 28d,Both,22077,244.89141677698137,0.04821096654275093,0.9904534606205251,1.0,16.06058805558844,13.708920187793428,24,244319.29431393393,639
0.5,0.5,Per period 56d,Both,22077,457.89171403765664,0.027648698884758363,1.0,1.0,32.49263293856771,6.283255086071987,11,494289.3200719536,639
0.5,0.5,SP Part Period Balancing,SAP only,22077,130.881988351315,0.19807156133828996,0.9907030796048809,1.0,2.681618100985483,53.69327073552426,94,40793.714388575674,639
0.5,0.5,WI Sliding Economic Lot Size,SAP only,22077,144.74304319793364,0.19598048327137546,0.9946933962264151,1.0,4.052968951123941,50.83724569640063,89,61655.18414316903,639
0.5,0.5,DY Dynamic Planning Calculation,SAP only,22077,121.91684474634566,0.10223048327137546,0.9977324263038548,1.0,4.7199783339354076,32.55868544600939,57,71801.96464368535,639
0.5,0.5,GR Groff Reorder Procedure,SAP only,22077,128.12457084120953,0.18808085501858737,0.9920343137254902,1.0,2.0448831969642707,57.12050078247261,100,31107.47986982267,639
2.0,2.0,Per period 7d,Both,22077,131.80670196017093,0.1354553903345725,0.9872988992379339,1.0,3.257808713492857,49.694835680751176,87,49558.927925643584,639
2.0,2.0,Per period 14d,Both,22077,153.59904190176002,0.08468866171003718,0.9918367346938776,1.0,7.89602647610666,25.704225352112676,45,120117.12210346185,639
2.0,2.0,Per period 28d,Both,22077,244.89141677698137,0.04821096654275093,0.9904534606205251,1.0,16.06058805558844,13.708920187793428,24,244319.29431393393,639
2.0,2.0,Per period 56d,Both,22077,457.89171403765664,0.027648698884758363,1.0,1.0,32.49263293856771,6.283255086071987,11,494289.3200719536,639
2.0,2.0,SP Part Period Balancing,SAP only,22077,133.19290185871392,0.10931691449814127,0.996822033898305,1.0,6.121503196851689,27.98904538341158,49,93122.45205585024,639
2.0,2.0,WI Sliding Economic Lot Size,SAP only,22077,157.2026757623807,0.11094330855018587,0.9968684759916493,1.0,8.085331662759648,26.275430359937403,46,122996.89894929985,639
2.0,2.0,DY Dynamic Planning Calculation,SAP only,22077,220.2458567614664,0.046816914498141265,1.0,1.0,14.414073147929107,12.566510172143975,22,219271.93247859163,639
2.0,2.0,GR Groff Reorder Procedure,SAP only,22077,121.8423965190938,0.11419609665427509,0.9969574036511156,1.0,4.278316941807209,35.985915492957744,63,65083.256755967384,639
1.0,1.0,Per period 7d,Both,22705,56.27597683050127,0.07853159851301116,0.9712643678160919,1.0,4.239655703870885,30.273865414710485,53,14234.89932301148,639
1.0,1.0,Per period 14d,Both,22705,41.19782231988358,0.05390334572490706,0.9872340425531915,1.0,8.021006896453535,19.992175273865413,35,26931.013651875077,639
1.0,1.0,Per period 28d,Both,22705,32.72031863913308,0.03276022304832714,0.9964664310954063,1.0,17.75636098391631,10.852895148669797,19,59618.05122956638,639
1.0,1.0,Per period 56d,Both,22705,34.839340155348765,0.01928438661710037,0.9940119760479041,1.0,32.14621336436604,5.712050078247262,10,107932.84710359879,639
1.0,1.0,SP Part Period Balancing,SAP only,22705,32.38088393416516,0.03229553903345725,0.9858156028368794,1.0,18.61124170065,10.28169014084507,18,62488.36471393195,639
1.0,1.0,WI Sliding Economic Lot Size,SAP only,22705,32.69908246623685,0.03322490706319703,0.9862068965517241,1.0,20.317208566257175,9.710485133020343,17,68216.2511925768,639
1.0,1.0,DY Dynamic Planning Calculation,SAP only,22705,46.78326982720598,0.012081784386617101,0.9719626168224299,1.0,51.48612934962049,3.998435054773083,7,172867.77960631167,639
1.0,1.0,GR Groff Reorder Procedure,SAP only,22705,41.72812898457457,0.057388475836431224,0.9821073558648111,1.0,10.00147675790735,19.420970266040687,34,33580.560468687094,639
0.5,0.5,Per period 7d,Both,22705,56.27597683050127,0.07853159851301116,0.9712643678160919,1.0,4.239655703870885,30.273865414710485,53,14234.89932301148,639
0.5,0.5,Per period 14d,Both,22705,41.19782231988358,0.05390334572490706,0.9872340425531915,1.0,8.021006896453535,19.992175273865413,35,26931.013651875077,639
0.5,0.5,Per period 28d,Both,22705,32.72031863913308,0.03276022304832714,0.9964664310954063,1.0,17.75636098391631,10.852895148669797,19,59618.05122956638,639
0.5,0.5,Per period 56d,Both,22705,34.839340155348765,0.01928438661710037,0.9940119760479041,1.0,32.14621336436604,5.712050078247262,10,107932.84710359879,639
0.5,0.5,SP Part Period Balancing,SAP only,22705,32.55882985323407,0.042402416356877325,0.9972677595628415,1.0,13.66487174044396,12.566510172143975,22,45880.629719409946,639
0.5,0.5,WI Sliding Economic Lot Size,SAP only,22705,34.527951542639116,0.04275092936802974,0.989247311827957,1.0,16.21324080226805,12.566510172143975,22,54436.93229837236,639
0.5,0.5,DY Dynamic Planning Calculation,SAP only,22705,33.654507977814745,0.019052044609665426,0.9939393939393939,1.0,29.31867926301362,6.283255086071987,11,98439.23109407596,639
0.5,0.5,GR Groff Reorder Procedure,SAP only,22705,42.280766268168456,0.06354553903345725,0.9855855855855856,0.9999211663910995,6.834184729634851,21.134585289514867,37,22946.186760493896,639
2.0,2.0,Per period 7d,Both,22705,56.27597683050127,0.07853159851301116,0.9712643678160919,1.0,4.239655703870885,30.273865414710485,53,14234.89932301148,639
2.0,2.0,Per period 14d,Both,22705,41.19782231988358,0.05390334572490706,0.9872340425531915,1.0,8.021006896453535,19.992175273865413,35,26931.013651875077,639
2.0,2.0,Per period 28d,Both,22705,32.72031863913308,0.03276022304832714,0.9964664310954063,1.0,17.75636098391631,10.852895148669797,19,59618.05122956638,639
2.0,2.0,Per period 56d,Both,22705,34.839340155348765,0.01928438661710037,0.9940119760479041,1.0,32.14621336436604,5.712050078247262,10,107932.84710359879,639
2.0,2.0,SP Part Period Balancing,SAP only,22705,32.1536034608482,0.02358271375464684,0.9950980392156863,1.0,27.376260642382206,6.283255086071987,11,91917.44360963802,639
2.0,2.0,WI Sliding Economic Lot Size,SAP only,22705,36.342169760684705,0.023234200743494422,1.0,1.0,32.79695801691948,6.283255086071987,11,110117.76146011805,639
2.0,2.0,DY Dynamic Planning Calculation,SAP only,22705,70.48770441809043,0.008480483271375464,0.9864864864864865,1.0,86.04608330832,2.2848200312989047,4,288904.90610241675,639
2.0,2.0,GR Groff Reorder Procedure,SAP only,22705,35.25793436674009,0.03984665427509294,0.9828080229226361,1.0,14.56962857837133,13.708920187793428,24,48918.40528404918,639
1.0,1.0,Per period 7d,Both,85099B,325.91328947270625,0.1425418215613383,0.9879227053140096,1.0,2.617972662443305,49.694835680751176,87,223598.33501932764,639
1.0,1.0,Per period 14d,Both,85099B,596.8936001598781,0.08898698884758365,0.9973958333333334,1.0,6.0366017659235105,26.275430359937403,46,515579.9078419372,639
1.0,1.0,Per period 28d,Both,85099B,1292.2019538639029,0.05494888475836431,1.0,1.0,13.907706957904153,13.137715179968701,23,1187842.8542572423,639
1.0,1.0,Per period 56d,Both,85099B,2430.3651368624,0.02532527881040892,1.0,1.0,26.500048741888882,6.854460093896714,12,2263341.7306532715,639
1.0,1.0,SP Part Period Balancing,SAP only,85099B,227.9392326695611,0.29519052044609667,0.9976442873969376,1.0,0.9417080240987107,81.11111111111111,142,80430.30749843539,639
1.0,1.0,WI Sliding Economic Lot Size,SAP only,85099B,335.18640824801685,0.30576208178438663,0.9984825493171472,1.0,2.1059471576358493,81.68231611893583,143,179866.7666936568,639
1.0,1.0,DY Dynamic Planning Calculation,SAP only,85099B,237.4277541334511,0.19888475836431227,0.9965075669383003,1.0,1.418248113491894,61.690140845070424,108,121131.10322746064,639
1.0,1.0,GR Groff Reorder Procedure,SAP only,85099B,223.2035719893317,0.28636152416356875,0.9967650626769107,0.9999984360587524,0.8021527420439479,85.68075117370893,150,68511.03532334889,639
0.5,0.5,Per period 7d,Both,85099B,325.91328947270625,0.1425418215613383,0.9879227053140096,1.0,2.617972662443305,49.694835680751176,87,223598.33501932764,639
0.5,0.5,Per period 14d,Both,85099B,596.8936001598781,0.08898698884758365,0.9973958333333334,1.0,6.0366017659235105,26.275430359937403,46,515579.9078419372,639
0.5,0.5,Per period 28d,Both,85099B,1292.2019538639029,0.05494888475836431,1.0,1.0,13.907706957904153,13.137715179968701,23,1187842.8542572423,639
0.5,0.5,Per period 56d,Both,85099B,2430.3651368624,0.02532527881040892,1.0,1.0,26.500048741888882,6.854460093896714,12,2263341.7306532715,639
0.5,0.5,SP Part Period Balancing,SAP only,85099B,240.86943818368255,0.37964684014869887,0.9972535855965823,1.0,0.5574189649000022,108.52895148669796,190,47608.57676165162,639
0.5,0.5,WI Sliding Economic Lot Size,SAP only,85099B,309.93022919370947,0.3812732342007435,0.9954504094631483,1.0,1.3251336281496489,107.95774647887323,189,113178.2914248819,639
0.5,0.5,DY Dynamic Planning Calculation,SAP only,85099B,222.97177946459811,0.27311802973977695,0.9957645065650148,1.0,0.7448236171737618,88.53677621283255,155,63614.614114303375,639
0.5,0.5,GR Groff Reorder Procedure,SAP only,85099B,233.7806224172091,0.3519981412639405,0.9947472094550229,1.0,0.5235722280617184,106.24413145539906,186,44717.76200584953,639
2.0,2.0,Per period 7d,Both,85099B,325.91328947270625,0.1425418215613383,0.9879227053140096,1.0,2.617972662443305,49.694835680751176,87,223598.33501932764,639
2.0,2.0,Per period 14d,Both,85099B,596.8936001598781,0.08898698884758365,0.9973958333333334,1.0,6.0366017659235105,26.275430359937403,46,515579.9078419372,639
2.0,2.0,Per period 28d,Both,85099B,1292.2019538639029,0.05494888475836431,1.0,1.0,13.907706957904153,13.137715179968701,23,1187842.8542572423,639
2.0,2.0,Per period 56d,Both,85099B,2430.3651368624,0.02532527881040892,1.0,1.0,26.500048741888882,6.854460093896714,12,2263341.7306532715,639
2.0,2.0,SP Part Period Balancing,SAP only,85099B,246.6838867329922,0.2232806691449814,1.0,1.0,1.552548805444588,59.97652582159625,105,132601.5863013901,639
2.0,2.0,WI Sliding Economic Lot Size,SAP only,85099B,395.11505638587914,0.23617565055762083,0.9985265225933202,1.0,3.2338224114649305,57.12050078247261,100,276197.4245662715,639
2.0,2.0,DY Dynamic Planning Calculation,SAP only,85099B,333.29458045948877,0.1433550185873606,0.9975747776879548,1.0,2.8522653441718226,41.69796557120501,73,243609.03043003433,639
2.0,2.0,GR Groff Reorder Procedure,SAP only,85099B,233.3983852815764,0.21317379182156135,0.9989112683723462,1.0,1.3302636058185224,63.97496087636933,112,113616.43750711638,639
1.0,1.0,Per period 7d,Both,21212,155.03460273972604,0.1457946096654275,0.9968228752978554,1.0,2.664069450765164,50.2660406885759,88,222433.0,639
1.0,1.0,Per period 14d,Both,21212,209.5744117794418,0.09851301115241635,1.0,1.0,6.540467831241887,25.704225352112676,45,546087.8209045114,639
1.0,1.0,Per period 28d,Both,21212,357.8316679112997,0.05355483271375465,1.0,1.0,13.34652329567399,12.566510172143975,22,1114350.5344329488,639
1.0,1.0,Per period 56d,Both,21212,714.1102428945876,0.029158921933085502,1.0,1.0,27.942800315955157,6.283255086071987,11,2333047.624150222,639
1.0,1.0,SP Part Period Balancing,SAP only,21212,141.3955058174496,0.18099442379182157,0.9987179487179487,1.0,2.3207370037572135,47.41001564945227,83,193766.90566699184,639
1.0,1.0,WI Sliding Economic Lot Size,SAP only,21212,170.86051029565738,0.18436338289962825,0.9993702770780857,1.0,3.7699184784292195,43.41158059467919,76,314764.4205264995,639
1.0,1.0,DY Dynamic Planning Calculation,SAP only,21212,181.54610110030907,0.09340148698884758,0.9975186104218362,1.0,5.426574958231961,25.704225352112676,45,453084.79001466185,639
1.0,1.0,GR Groff Reorder Procedure,SAP only,21212,135.4373632846708,0.1779739776951673,0.9980456026058632,1.0,1.8455000230419942,50.83724569640063,89,154087.61453549855,639
0.5,0.5,Per period 7d,Both,21212,155.03460273972604,0.1457946096654275,0.9968228752978554,1.0,2.664069450765164,50.2660406885759,88,222433.0,639
0.5,0.5,Per period 14d,Both,21212,209.5744117794418,0.09851301115241635,1.0,1.0,6.540467831241887,25.704225352112676,45,546087.8209045114,639
0.5,0.5,Per period 28d,Both,21212,357.8316679112997,0.05355483271375465,1.0,1.0,13.34652329567399,12.566510172143975,22,1114350.5344329488,639
0.5,0.5,Per period 56d,Both,21212,714.1102428945876,0.029158921933085502,1.0,1.0,27.942800315955157,6.283255086071987,11,2333047.624150222,639
0.5,0.5,SP Part Period Balancing,SAP only,21212,146.65099273566548,0.2425650557620818,0.9985652797704447,1.0,1.4168312596003811,63.4037558685446,111,118296.47589561729,639
0.5,0.5,WI Sliding Economic Lot Size,SAP only,21212,165.6272196111168,0.23815055762081785,0.9990253411306043,1.0,2.409429116450776,59.97652582159625,105,201172.13780052387,639
0.5,0.5,DY Dynamic Planning Calculation,SAP only,21212,140.59777523314682,0.14010223048327136,0.9975186104218362,0.9999970080261764,2.6467091805767944,42.26917057902973,74,220983.5269099871,639
0.5,0.5,GR Groff Reorder Procedure,SAP only,21212,144.22497509938475,0.2258364312267658,0.9964120963608406,1.0,1.240933769476588,64.54616588419405,113,103610.14464795848,639
2.0,2.0,Per period 7d,Both,21212,155.03460273972604,0.1457946096654275,0.9968228752978554,1.0,2.664069450765164,50.2660406885759,88,222433.0,639
2.0,2.0,Per period 14d,Both,21212,209.5744117794418,0.09851301115241635,1.0,1.0,6.540467831241887,25.704225352112676,45,546087.8209045114,639
2.0,2.0,Per period 28d,Both,21212,357.8316679112997,0.05355483271375465,1.0,1.0,13.34652329567399,12.566510172143975,22,1114350.5344329488,639
2.0,2.0,Per period 56d,Both,21212,714.1102428945876,0.029158921933085502,1.0,1.0,27.942800315955157,6.283255086071987,11,2333047.624150222,639
2.0,2.0,SP Part Period Balancing,SAP only,21212,156.4945828341876,0.13057620817843865,0.9991111111111111,1.0,3.8348593082739946,34.27230046948357,60,320186.5703134407,639
2.0,2.0,WI Sliding Economic Lot Size,SAP only,21212,194.5883153620206,0.1446328996282528,1.0,1.0,5.547477741959579,31.41627543035994,55,463179.41006488656,639
2.0,2.0,DY Dynamic Planning Calculation,SAP only,21212,231.4192783174353,0.061686802973977696,1.0,1.0,7.925262260773806,18.278560250391237,32,661709.4235078534,639
2.0,2.0,GR Groff Reorder Procedure,SAP only,21212,138.5795295167872,0.14893122676579926,0.9976653696498055,1.0,2.6459840646877715,41.12676056338028,72,220922.984305703,639
1.0,1.0,Per period 7d,Both,22355,124.63061592753013,0.14800185873605948,0.9891304347826086,1.0,2.7805961907578194,50.2660406885759,88,78648.08713852057,639
1.0,1.0,Per period 14d,Both,22355,144.24488060356185,0.09363382899628253,0.9938347718865598,1.0,7.381768985591695,26.84663536776213,47,208790.4789429416,639
1.0,1.0,Per period 28d,Both,22355,206.17618359367663,0.04670074349442379,1.0,1.0,13.980643829251068,12.566510172143975,22,395437.1000687762,639
1.0,1.0,Per period 56d,Both,22355,416.0590056827801,0.027184014869888477,1.0,1.0,30.67174557658839,6.854460093896714,12,867538.4533777336,639
1.0,1.0,SP Part Period Balancing,SAP only,22355,116.85217055067417,0.147885687732342,0.9953088350273651,1.0,3.784232179127333,38.27073552425665,67,107035.54265291805,639
1.0,1.0,WI Sliding Economic Lot Size,SAP only,22355,130.0359888880111,0.1512546468401487,0.9961744452945677,1.0,5.164549018523717,35.41471048513302,62,146077.27025955322,639
1.0,1.0,DY Dynamic Planning Calculation,SAP only,22355,132.11560748684477,0.07736988847583644,1.0,1.0,7.144228756254604,21.705790297339593,38,202071.7454864608,639
1.0,1.0,GR Groff Reorder Procedure,SAP only,22355,111.37103178812555,0.14765334572490707,0.9976452119309263,1.0,2.305436945600949,46.267605633802816,81,65208.39178038719,639
0.5,0.5,Per period 7d,Both,22355,124.63061592753013,0.14800185873605948,0.9891304347826086,1.0,2.7805961907578194,50.2660406885759,88,78648.08713852057,639
0.5,0.5,Per period 14d,Both,22355,144.24488060356185,0.09363382899628253,0.9938347718865598,1.0,7.381768985591695,26.84663536776213,47,208790.4789429416,639
0.5,0.5,Per period 28d,Both,22355,206.17618359367663,0.04670074349442379,1.0,1.0,13.980643829251068,12.566510172143975,22,395437.1000687762,639
0.5,0.5,Per period 56d,Both,22355,416.0590056827801,0.027184014869888477,1.0,1.0,30.67174557658839,6.854460093896714,12,867538.4533777336,639
0.5,0.5,SP Part Period Balancing,SAP only,22355,117.22332247951458,0.1787871747211896,0.9929032258064516,1.0,2.29422446853871,49.694835680751176,87,64891.25120601659,639
0.5,0.5,WI Sliding Economic Lot Size,SAP only,22355,132.18192952087782,0.19900092936802974,0.9976703552708212,1.0,3.3538094245844365,50.2660406885759,88,94861.2016183553,639
0.5,0.5,DY Dynamic Planning Calculation,SAP only,22355,110.00447681108312,0.11733271375464684,0.9990108803165183,1.0,3.719884531031561,34.84350547730829,61,105215.49432967848,639
0.5,0.5,GR Groff Reorder Procedure,SAP only,22355,114.83940395080593,0.1741403345724907,0.9940318302387268,1.0,1.5818998882769124,53.69327073552426,94,44743.42612967154,639
2.0,2.0,Per period 7d,Both,22355,124.63061592753013,0.14800185873605948,0.9891304347826086,1.0,2.7805961907578194,50.2660406885759,88,78648.08713852057,639
2.0,2.0,Per period 14d,Both,22355,144.24488060356185,0.09363382899628253,0.9938347718865598,1.0,7.381768985591695,26.84663536776213,47,208790.4789429416,639
2.0,2.0,Per period 28d,Both,22355,206.17618359367663,0.04670074349442379,1.0,1.0,13.980643829251068,12.566510172143975,22,395437.1000687762,639
2.0,2.0,Per period 56d,Both,22355,416.0590056827801,0.027184014869888477,1.0,1.0,30.67174557658839,6.854460093896714,12,867538.4533777336,639
2.0,2.0,SP Part Period Balancing,SAP only,22355,124.29016540333225,0.10432156133828996,0.9955654101995566,1.0,5.8670250024932695,26.84663536776213,47,165946.53160127217,639
2.0,2.0,WI Sliding Economic Lot Size,SAP only,22355,144.66152009614967,0.10350836431226766,0.9988789237668162,1.0,7.641122930856437,25.13302034428795,44,216126.20491232135,639
2.0,2.0,DY Dynamic Planning Calculation,SAP only,22355,201.3403078626256,0.04821096654275093,0.9952038369304557,1.0,13.461738822142825,13.708920187793428,24,380760.07276387257,639
2.0,2.0,GR Groff Reorder Procedure,SAP only,22355,111.46400539503362,0.11756505576208179,0.9980276134122288,1.0,3.6029487699754843,36.557120500782474,64,101908.01158345453,639
1.0,1.0,Per period 7d,Both,21931,160.10125743889932,0.14637546468401488,0.9897879025923016,1.0,2.6816436499625564,49.694835680751176,87,68415.27939794425,639
1.0,1.0,Per period 14d,Both,21931,225.6812784983515,0.09549256505576208,0.9975728155339806,1.0,6.518053025292898,27.417840375586856,48,166291.45295358537,639
1.0,1.0,Per period 28d,Both,21931,411.32260671102307,0.05006970260223048,0.9976851851851852,1.0,14.245211216700532,13.137715179968701,23,363430.1319218549,639
1.0,1.0,Per period 56d,Both,21931,765.2520145919614,0.02799721189591078,1.0,1.0,27.668951209116887,6.283255086071987,11,705902.5264770921,639
1.0,1.0,SP Part Period Balancing,SAP only,21931,145.86910176263092,0.19144981412639406,0.9969751966122202,1.0,2.306287653964429,47.41001564945227,83,58839.03113682123,639
1.0,1.0,WI Sliding Economic Lot Size,SAP only,21931,188.73703161368837,0.18808085501858737,0.9938612645794966,1.0,3.9522210262134814,46.267605633802816,81,100830.81163845194,639
1.0,1.0,DY Dynamic Planning Calculation,SAP only,21931,173.70239348168474,0.1058317843866171,0.9956284153005465,1.0,4.281106008021407,32.55868544600939,57,109221.47082260236,639
1.0,1.0,GR Groff Reorder Procedure,SAP only,21931,141.72176929866254,0.18308550185873607,0.9893283113622097,1.0,1.677255584930161,54.83568075117371,96,42790.88665131238,639
0.5,0.5,Per period 7d,Both,21931,160.10125743889932,0.14637546468401488,0.9897879025923016,1.0,2.6816436499625564,49.694835680751176,87,68415.27939794425,639
0.5,0.5,Per period 14d,Both,21931,225.6812784983515,0.09549256505576208,0.9975728155339806,1.0,6.518053025292898,27.417840375586856,48,166291.45295358537,639
0.5,0.5,Per period 28d,Both,21931,411.32260671102307,0.05006970260223048,0.9976851851851852,1.0,14.245211216700532,13.137715179968701,23,363430.1319218549,639
0.5,0.5,Per period 56d,Both,21931,765.2520145919614,0.02799721189591078,1.0,1.0,27.668951209116887,6.283255086071987,11,705902.5264770921,639
0.5,0.5,SP Part Period Balancing,SAP only,21931,152.776789888006,0.2450046468401487,0.9915373765867419,1.0,1.3858022730158155,65.6885758998435,115,35355.20079262099,639
0.5,0.5,WI Sliding Economic Lot Size,SAP only,21931,181.84240575829864,0.2575511152416357,0.9968525179856115,1.0,2.5620960632092493,63.97496087636933,112,65365.32846610001,639
0.5,0.5,DY Dynamic Planning Calculation,SAP only,21931,144.81505414589282,0.1503252788104089,0.9984567901234568,1.0,2.3776728945817402,45.69640062597809,80,60660.24298269456,639
0.5,0.5,GR Groff Reorder Procedure,SAP only,21931,152.25043171182347,0.222932156133829,0.9891752577319588,1.0,1.1830735672481285,68.54460093896714,120,30183.096345680926,639
2.0,2.0,Per period 7d,Both,21931,160.10125743889932,0.14637546468401488,0.9897879025923016,1.0,2.6816436499625564,49.694835680751176,87,68415.27939794425,639
2.0,2.0,Per period 14d,Both,21931,225.6812784983515,0.09549256505576208,0.9975728155339806,1.0,6.518053025292898,27.417840375586856,48,166291.45295358537,639
2.0,2.0,Per period 28d,Both,21931,411.32260671102307,0.05006970260223048,0.9976851851851852,1.0,14.245211216700532,13.137715179968701,23,363430.1319218549,639
2.0,2.0,Per period 56d,Both,21931,765.2520145919614,0.02799721189591078,1.0,1.0,27.668951209116887,6.283255086071987,11,705902.5264770921,639
2.0,2.0,SP Part Period Balancing,SAP only,21931,167.19371408575068,0.14602695167286245,0.9960380348652932,1.0,3.63881830236079,38.841940532081374,68,92835.14266999744,639
2.0,2.0,WI Sliding Economic Lot Size,SAP only,21931,207.5469088579556,0.14939591078066913,0.9992229992229992,1.0,5.449288956396659,33.701095461658845,59,139024.67111065076,639
2.0,2.0,DY Dynamic Planning Calculation,SAP only,21931,221.59915612634603,0.07179368029739777,0.9983844911147012,1.0,6.771828175848078,21.134585289514867,37,172765.8768874777,639
2.0,2.0,GR Groff Reorder Procedure,SAP only,21931,147.65525366338272,0.147885687732342,1.0,1.0,2.5919145437583158,43.98278560250391,77,66126.07073624281,639
1.0,1.0,Per period 7d,Both,23077,104.59938262522445,0.060757434944237916,0.990530303030303,1.0,11.121346422324798,20.56338028169014,36,100155.09863282769,639
1.0,1.0,Per period 14d,Both,23077,110.93839495700368,0.03345724907063197,1.0,1.0,14.74295182702052,11.424100156494523,20,132770.05663722538,639
1.0,1.0,Per period 28d,Both,23077,148.8073100337049,0.018819702602230485,0.9878048780487805,1.0,22.50347046517348,5.712050078247262,10,202658.67264920915,639
1.0,1.0,Per period 56d,Both,23077,223.0716240087865,0.011152416356877323,1.0,1.0,35.191697602401746,3.427230046948357,6,316924.5710528283,639
1.0,1.0,SP Part Period Balancing,SAP only,23077,98.12825577858986,0.05506505576208178,1.0,1.0,11.369207661357532,15.993740219092333,28,102387.25343674119,639
1.0,1.0,WI Sliding Economic Lot Size,SAP only,23077,107.87409238894253,0.06052509293680297,0.9961759082217974,1.0,13.111324965741094,15.422535211267606,27,118076.17488785609,639
1.0,1.0,DY Dynamic Planning Calculation,SAP only,23077,108.06438559691505,0.029855947955390334,0.9961240310077519,1.0,14.601257244679978,10.28169014084507,18,131494.00297149597,639
1.0,1.0,GR Groff Reorder Procedure,SAP only,23077,99.02453613050938,0.0554135687732342,0.997907949790795,1.0,10.7039117639332,18.849765258215964,33,96395.82275054368,639
0.5,0.5,Per period 7d,Both,23077,104.59938262522445,0.060757434944237916,0.990530303030303,1.0,11.121346422324798,20.56338028169014,36,100155.09863282769,639
0.5,0.5,Per period 14d,Both,23077,110.93839495700368,0.03345724907063197,1.0,1.0,14.74295182702052,11.424100156494523,20,132770.05663722538,639
0.5,0.5,Per period 28d,Both,23077,148.8073100337049,0.018819702602230485,0.9878048780487805,1.0,22.50347046517348,5.712050078247262,10,202658.67264920915,639
0.5,0.5,Per period 56d,Both,23077,223.0716240087865,0.011152416356877323,1.0,1.0,35.191697602401746,3.427230046948357,6,316924.5710528283,639
0.5,0.5,SP Part Period Balancing,SAP only,23077,102.03286306032287,0.0774860594795539,0.9940387481371088,1.0,10.381021304487367,21.705790297339593,38,93487.9800680714,639
0.5,0.5,WI Sliding Economic Lot Size,SAP only,23077,108.2700547253398,0.0762081784386617,0.9954476479514416,1.0,11.554316348134293,21.134585289514867,37,104054.27989899612,639
0.5,0.5,DY Dynamic Planning Calculation,SAP only,23077,99.64219738899136,0.042402416356877325,0.989159891598916,1.0,11.938888618555056,14.85133020344288,26,107517.60818792738,639
0.5,0.5,GR Groff Reorder Procedure,SAP only,23077,102.9013504043458,0.0762081784386617,0.9924357034795764,1.0,9.873339810277981,23.990610328638496,42,88915.97159034488,639
2.0,2.0,Per period 7d,Both,23077,104.59938262522445,0.060757434944237916,0.990530303030303,1.0,11.121346422324798,20.56338028169014,36,100155.09863282769,639
2.0,2.0,Per period 14d,Both,23077,110.93839495700368,0.03345724907063197,1.0,1.0,14.74295182702052,11.424100156494523,20,132770.05663722538,639
2.0,2.0,Per period 28d,Both,23077,148.8073100337049,0.018819702602230485,0.9878048780487805,1.0,22.50347046517348,5.712050078247262,10,202658.67264920915,639
2.0,2.0,Per period 56d,Both,23077,223.0716240087865,0.011152416356877323,1.0,1.0,35.191697602401746,3.427230046948357,6,316924.5710528283,639
2.0,2.0,SP Part Period Balancing,SAP only,23077,106.74792090393942,0.043912639405204464,0.9921259842519685,1.0,13.739350864040052,12.566510172143975,22,123731.96451975155,639
2.0,2.0,WI Sliding Economic Lot Size,SAP only,23077,116.45026181641063,0.04507434944237918,0.9948717948717949,1.0,15.798657059750868,10.852895148669797,19,142277.38225195953,639
2.0,2.0,DY Dynamic Planning Calculation,SAP only,23077,135.6521446160908,0.02253717472118959,1.0,1.0,20.20863205336666,6.283255086071987,11,181992.13113949256,639
2.0,2.0,GR Groff Reorder Procedure,SAP only,23077,97.95959461110843,0.04484200743494424,0.9948453608247423,1.0,11.666104700276447,14.85133020344288,26,105061.0081322183,639
1.0,1.0,Per period 7d,Both,22037,84.19575680030749,0.11489312267657993,0.9174397031539888,1.0,2.9114473798793763,45.69640062597809,80,18231.56228705039,639
1.0,1.0,Per period 14d,Both,22037,54.45841967954498,0.07214219330855019,0.9539170506912442,1.0,6.563223872220778,25.704225352112676,45,41099.08551230855,639
1.0,1.0,Per period 28d,Both,22037,41.65143433062008,0.042402416356877325,0.9918478260869565,1.0,13.636185249955977,12.566510172143975,22,85390.16107948008,639
1.0,1.0,Per period 56d,Both,22037,54.11845002356222,0.02184014869888476,1.0,1.0,29.920013079966893,6.283255086071987,11,187359.9316500025,639
1.0,1.0,SP Part Period Balancing,SAP only,22037,40.551056894579006,0.04356412639405204,0.984251968503937,1.0,13.566533066316694,11.995305164319248,21,84953.99722049209,639
1.0,1.0,WI Sliding Economic Lot Size,SAP only,22037,46.46225138724828,0.047513940520446094,0.9951338199513382,1.0,17.668327459256272,11.995305164319248,21,110639.54471840026,639
1.0,1.0,DY Dynamic Planning Calculation,SAP only,22037,70.4361433603678,0.014986059479553903,0.9923076923076923,1.0,43.324614520792565,4.569640062597809,8,271299.90864921716,639
1.0,1.0,GR Groff Reorder Procedure,SAP only,22037,43.84245799933535,0.06017657992565056,0.9942418426103646,1.0,7.5236119336811145,18.849765258215964,33,47113.061544731,639
0.5,0.5,Per period 7d,Both,22037,84.19575680030749,0.11489312267657993,0.9174397031539888,1.0,2.9114473798793763,45.69640062597809,80,18231.56228705039,639
0.5,0.5,Per period 14d,Both,22037,54.45841967954498,0.07214219330855019,0.9539170506912442,1.0,6.563223872220778,25.704225352112676,45,41099.08551230855,639
0.5,0.5,Per period 28d,Both,22037,41.65143433062008,0.042402416356877325,0.9918478260869565,1.0,13.636185249955977,12.566510172143975,22,85390.16107948008,639
0.5,0.5,Per period 56d,Both,22037,54.11845002356222,0.02184014869888476,1.0,1.0,29.920013079966893,6.283255086071987,11,187359.9316500025,639
0.5,0.5,SP Part Period Balancing,SAP only,22037,44.22833895103193,0.06424256505576208,0.9946043165467626,1.0,9.17918139972167,17.70735524256651,31,57480.282346745866,639
0.5,0.5,WI Sliding Economic Lot Size,SAP only,22037,46.13914702279122,0.06528810408921933,0.9929328621908127,1.0,12.586804856964545,15.993740219092333,28,78818.91265855709,639
0.5,0.5,DY Dynamic Planning Calculation,SAP only,22037,46.44436475068306,0.021956319702602232,0.9947368421052631,1.0,23.901041046429683,6.854460093896714,12,149668.96588094422,639
0.5,0.5,GR Groff Reorder Procedure,SAP only,22037,52.5790724132347,0.0766728624535316,0.9939759036144579,1.0,5.2591395473186395,25.704225352112676,45,32932.87417655553,639
2.0,2.0,Per period 7d,Both,22037,84.19575680030749,0.11489312267657993,0.9174397031539888,1.0,2.9114473798793763,45.69640062597809,80,18231.56228705039,639
2.0,2.0,Per period 14d,Both,22037,54.45841967954498,0.07214219330855019,0.9539170506912442,1.0,6.563223872220778,25.704225352112676,45,41099.08551230855,639
2.0,2.0,Per period 28d,Both,22037,41.65143433062008,0.042402416356877325,0.9918478260869565,1.0,13.636185249955977,12.566510172143975,22,85390.16107948008,639
2.0,2.0,Per period 56d,Both,22037,54.11845002356222,0.02184014869888476,1.0,1.0,29.920013079966893,6.283255086071987,11,187359.9316500025,639
2.0,2.0,SP Part Period Balancing,SAP only,22037,44.54860598858558,0.031947026022304835,0.9963768115942029,1.0,20.503860347256268,8.568075117370892,15,128395.72840278257,639
2.0,2.0,WI Sliding Economic Lot Size,SAP only,22037,45.405022607181934,0.035432156133828996,1.0,1.0,21.79203303156934,7.996870109546166,14,136462.30061454055,639
2.0,2.0,DY Dynamic Planning Calculation,SAP only,22037,128.3286167823802,0.009990706319702601,1.0,1.0,86.27197495063592,2.2848200312989047,4,540237.4419710567,639
2.0,2.0,GR Groff Reorder Procedure,SAP only,22037,40.45530702540918,0.04774628252788104,0.9903614457831326,1.0,10.724480775687772,14.280125195618153,25,67156.98886040895,639
1.0,1.0,Per period 7d,Both,23245,215.0328869445938,0.041821561338289966,0.989010989010989,1.0,12.679040984234106,14.85133020344288,26,69693.94316644114,639
1.0,1.0,Per period 14d,Both,23245,269.18785924106555,0.026603159851301114,1.0,1.0,17.116266795125345,7.996870109546166,14,94084.41275049385,639
1.0,1.0,Per period 28d,Both,23245,370.7861721906166,0.014172862453531599,0.991869918699187,1.0,24.333230159397875,4.569640062597809,8,133754.49782785357,639
1.0,1.0,Per period 56d,Both,23245,549.6458636660117,0.00871282527881041,1.0,1.0,36.53114195594439,2.856025039123631,5,200803.77801827702,639
1.0,1.0,SP Part Period Balancing,SAP only,23245,206.9970995852702,0.06854089219330856,0.9966216216216216,1.0,11.536396179836284,19.992175273865413,35,63413.07206931679,639
1.0,1.0,WI Sliding Economic Lot Size,SAP only,23245,219.71123558569437,0.06900557620817843,0.9818181818181818,1.0,12.456247192129734,19.420970266040687,34,68469.29392805902,639
1.0,1.0,DY Dynamic Planning Calculation,SAP only,23245,211.31506704928648,0.04437732342007435,0.9947916666666666,1.0,12.496748101776735,14.280125195618153,25,68691.91865958541,639
1.0,1.0,GR Groff Reorder Procedure,SAP only,23245,205.19170391778115,0.0645910780669145,0.9823321554770318,1.0,11.281156108073201,21.134585289514867,37,62010.07265655567,639
0.5,0.5,Per period 7d,Both,23245,215.0328869445938,0.041821561338289966,0.989010989010989,1.0,12.679040984234106,14.85133020344288,26,69693.94316644114,639
0.5,0.5,Per period 14d,Both,23245,269.18785924106555,0.026603159851301114,1.0,1.0,17.116266795125345,7.996870109546166,14,94084.41275049385,639
0.5,0.5,Per period 28d,Both,23245,370.7861721906166,0.014172862453531599,0.991869918699187,1.0,24.333230159397875,4.569640062597809,8,133754.49782785357,639
0.5,0.5,Per period 56d,Both,23245,549.6458636660117,0.00871282527881041,1.0,1.0,36.53114195594439,2.856025039123631,5,200803.77801827702,639
0.5,0.5,SP Part Period Balancing,SAP only,23245,209.8406281997472,0.08980018587360594,0.9884910485933504,1.0,10.922242326268774,26.84663536776213,47,60037.20130596739,639
0.5,0.5,WI Sliding Economic Lot Size,SAP only,23245,221.3365103401958,0.08980018587360594,0.9834605597964376,1.0,11.760381151495228,26.275430359937403,46,64644.26896380955,639
0.5,0.5,DY Dynamic Planning Calculation,SAP only,23245,205.6841300032829,0.0546003717472119,0.9894736842105263,1.0,11.582477509747683,18.849765258215964,33,63666.371162826516,639
0.5,0.5,GR Groff Reorder Procedure,SAP only,23245,211.29025280021634,0.09061338289962825,0.9811320754716981,1.0,10.751180482276983,29.131455399061032,51,59096.911385938336,639
2.0,2.0,Per period 7d,Both,23245,215.0328869445938,0.041821561338289966,0.989010989010989,1.0,12.679040984234106,14.85133020344288,26,69693.94316644114,639
2.0,2.0,Per period 14d,Both,23245,269.18785924106555,0.026603159851301114,1.0,1.0,17.116266795125345,7.996870109546166,14,94084.41275049385,639
2.0,2.0,Per period 28d,Both,23245,370.7861721906166,0.014172862453531599,0.991869918699187,1.0,24.333230159397875,4.569640062597809,8,133754.49782785357,639
2.0,2.0,Per period 56d,Both,23245,549.6458636660117,0.00871282527881041,1.0,1.0,36.53114195594439,2.856025039123631,5,200803.77801827702,639
2.0,2.0,SP Part Period Balancing,SAP only,23245,210.46326377115082,0.0554135687732342,0.99375,1.0,12.372541726697127,14.85133020344288,26,68009.1831075455,639
2.0,2.0,WI Sliding Economic Lot Size,SAP only,23245,242.67019142459927,0.04867565055762082,0.9976190476190476,1.0,14.666909890211056,13.708920187793428,24,80620.82815149365,639
2.0,2.0,DY Dynamic Planning Calculation,SAP only,23245,241.28248232933396,0.02683550185873606,1.0,1.0,15.177490614682204,8.568075117370892,15,83427.37984869382,639
2.0,2.0,GR Groff Reorder Procedure,SAP only,23245,205.73296672770218,0.055762081784386616,0.9917355371900827,1.0,11.719899548943065,17.70735524256651,31,64421.750359203324,639
1.0,1.0,Per period 7d,Both,23192,65.71681753168238,0.056342936802973975,0.9758551307847082,1.0,12.569522340913375,17.70735524256651,31,38398.9042395881,639
1.0,1.0,Per period 14d,Both,23192,62.342870171692134,0.032992565055762084,1.0,1.0,16.416776079895463,9.710485133020343,17,50151.96246262918,639
1.0,1.0,Per period 28d,Both,23192,69.17673329921229,0.016844795539033456,1.0,1.0,22.149562391391342,4.569640062597809,8,67665.1747097348,639
1.0,1.0,Per period 56d,Both,23192,107.45443403367196,0.010455390334572491,1.0,1.0,37.4565675170564,2.2848200312989047,4,114426.8740069402,639
1.0,1.0,SP Part Period Balancing,SAP only,23192,59.533911820185715,0.04031133828996283,0.994269340974212,1.0,14.31359275354185,11.424100156494523,20,43726.90246778117,639
1.0,1.0,WI Sliding Economic Lot Size,SAP only,23192,64.63620365842588,0.037407063197026025,0.9969040247678018,1.0,16.885038591023267,10.28169014084507,18,51582.46768280439,639
1.0,1.0,DY Dynamic Planning Calculation,SAP only,23192,65.16846231791595,0.019516728624535316,1.0,1.0,20.33627481307852,5.140845070422535,9,62125.723472846425,639
1.0,1.0,GR Groff Reorder Procedure,SAP only,23192,57.51590802271309,0.03973048327137547,0.991304347826087,1.0,12.858839925114623,12.566510172143975,22,39282.746752394785,639
0.5,0.5,Per period 7d,Both,23192,65.71681753168238,0.056342936802973975,0.9758551307847082,1.0,12.569522340913375,17.70735524256651,31,38398.9042395881,639
0.5,0.5,Per period 14d,Both,23192,62.342870171692134,0.032992565055762084,1.0,1.0,16.416776079895463,9.710485133020343,17,50151.96246262918,639
0.5,0.5,Per period 28d,Both,23192,69.17673329921229,0.016844795539033456,1.0,1.0,22.149562391391342,4.569640062597809,8,67665.1747097348,639
0.5,0.5,Per period 56d,Both,23192,107.45443403367196,0.010455390334572491,1.0,1.0,37.4565675170564,2.2848200312989047,4,114426.8740069402,639
0.5,0.5,SP Part Period Balancing,SAP only,23192,59.485538934189265,0.04902416356877323,0.9906103286384976,1.0,12.48578593576875,14.280125195618153,25,38143.096093876,639
0.5,0.5,WI Sliding Economic Lot Size,SAP only,23192,62.42819909737865,0.04844330855018587,0.9858156028368794,1.0,14.637377152835157,12.566510172143975,22,44716.03839558548,639
0.5,0.5,DY Dynamic Planning Calculation,SAP only,23192,56.47990824290802,0.02799721189591078,0.9917695473251029,1.0,15.38021609301891,7.996870109546166,14,46985.35305654978,639
0.5,0.5,GR Groff Reorder Procedure,SAP only,23192,59.126163703500865,0.04763011152416357,0.9951456310679612,1.0,11.631553843622878,15.422535211267606,27,35533.48409629641,639
2.0,2.0,Per period 7d,Both,23192,65.71681753168238,0.056342936802973975,0.9758551307847082,1.0,12.569522340913375,17.70735524256651,31,38398.9042395881,639
2.0,2.0,Per period 14d,Both,23192,62.342870171692134,0.032992565055762084,1.0,1.0,16.416776079895463,9.710485133020343,17,50151.96246262918,639
2.0,2.0,Per period 28d,Both,23192,69.17673329921229,0.016844795539033456,1.0,1.0,22.149562391391342,4.569640062597809,8,67665.1747097348,639
2.0,2.0,Per period 56d,Both,23192,107.45443403367196,0.010455390334572491,1.0,1.0,37.4565675170564,2.2848200312989047,4,114426.8740069402,639
2.0,2.0,SP Part Period Balancing,SAP only,23192,60.41473830373888,0.02730018587360595,0.9957627118644068,1.0,16.804855154827358,7.996870109546166,14,51337.51357837785,639
2.0,2.0,WI Sliding Economic Lot Size,SAP only,23192,68.93624744565273,0.026719330855018587,1.0,1.0,20.252199421601723,7.42566510172144,13,61868.879750494685,639
2.0,2.0,DY Dynamic Planning Calculation,SAP only,23192,74.20689589702155,0.014521375464684015,1.0,1.0,24.332834617404934,3.998435054773083,7,74334.90000731172,639
2.0,2.0,GR Groff Reorder Procedure,SAP only,23192,58.23815321718467,0.03241171003717472,0.9893617021276596,1.0,14.206510807895583,10.852895148669797,19,43399.775528098195,639
1.0,1.0,Per period 7d,Both,20725,177.46073972602738,0.1449814126394052,0.983451536643026,1.0,2.795026538171599,50.2660406885759,88,98949.0,639
1.0,1.0,Per period 14d,Both,20725,281.4449245843771,0.09886152416356878,0.9976553341148886,1.0,7.356018008642584,26.275430359937403,46,260416.3559796898,639
1.0,1.0,Per period 28d,Both,20725,474.87978676421176,0.0504182156133829,0.9954128440366973,1.0,14.149346702072886,12.566510172143975,22,500912.4914210221,639
1.0,1.0,Per period 56d,Both,20725,919.5363360525065,0.026603159851301114,1.0,1.0,28.385447939920688,6.283255086071987,11,1004896.2504823178,639
1.0,1.0,SP Part Period Balancing,SAP only,20725,159.9733838522584,0.20759758364312267,0.9994407158836689,1.0,2.123695962477188,52.550860719874805,92,75182.68213961911,639
1.0,1.0,WI Sliding Economic Lot Size,SAP only,20725,201.12468314185693,0.21875,0.9968237162519852,1.0,3.4093881437280302,52.550860719874805,92,120698.51317205388,639
1.0,1.0,DY Dynamic Planning Calculation,SAP only,20725,203.82644557274034,0.12383828996282528,0.9990627928772259,1.0,4.524820161833567,33.701095461658845,59,160186.82616378856,639
1.0,1.0,GR Groff Reorder Procedure,SAP only,20725,158.49231632537442,0.1966775092936803,0.997055359246172,1.0,1.702506269479808,59.40532081377152,104,60271.804420489905,639
0.5,0.5,Per period 7d,Both,20725,177.46073972602738,0.1449814126394052,0.983451536643026,1.0,2.795026538171599,50.2660406885759,88,98949.0,639
0.5,0.5,Per period 14d,Both,20725,281.4449245843771,0.09886152416356878,0.9976553341148886,1.0,7.356018008642584,26.275430359937403,46,260416.3559796898,639
0.5,0.5,Per period 28d,Both,20725,474.87978676421176,0.0504182156133829,0.9954128440366973,1.0,14.149346702072886,12.566510172143975,22,500912.4914210221,639
0.5,0.5,Per period 56d,Both,20725,919.5363360525065,0.026603159851301114,1.0,1.0,28.385447939920688,6.283255086071987,11,1004896.2504823178,639
0.5,0.5,SP Part Period Balancing,SAP only,20725,170.97114542169368,0.2820631970260223,0.9963069347558473,1.0,1.3737927804288004,72.54303599374022,127,48634.751754297555,639
0.5,0.5,WI Sliding Economic Lot Size,SAP only,20725,200.30252539911447,0.2864776951672863,0.9967663702506063,1.0,2.2589515566967346,73.11424100156495,128,79970.97506265691,639
0.5,0.5,DY Dynamic Planning Calculation,SAP only,20725,166.17417277351763,0.17263011152416358,0.9986559139784946,1.0,2.41115668866603,50.83724569640063,89,85359.31231010283,639
0.5,0.5,GR Groff Reorder Procedure,SAP only,20725,173.08152506579967,0.27695167286245354,0.994161801501251,1.0,1.1585400137780397,77.68388106416275,136,41014.41408792994,639
2.0,2.0,Per period 7d,Both,20725,177.46073972602738,0.1449814126394052,0.983451536643026,1.0,2.795026538171599,50.2660406885759,88,98949.0,639
2.0,2.0,Per period 14d,Both,20725,281.4449245843771,0.09886152416356878,0.9976553341148886,1.0,7.356018008642584,26.275430359937403,46,260416.3559796898,639
2.0,2.0,Per period 28d,Both,20725,474.87978676421176,0.0504182156133829,0.9954128440366973,1.0,14.149346702072886,12.566510172143975,22,500912.4914210221,639
2.0,2.0,Per period 56d,Both,20725,919.5363360525065,0.026603159851301114,1.0,1.0,28.385447939920688,6.283255086071987,11,1004896.2504823178,639
2.0,2.0,SP Part Period Balancing,SAP only,20725,192.13704845106855,0.16554368029739777,0.9972008397480756,1.0,3.753448045105436,41.12676056338028,72,132878.85662012128,639
2.0,2.0,WI Sliding Economic Lot Size,SAP only,20725,226.67942527113775,0.16531133828996283,0.9964985994397759,1.0,4.988872578067575,38.27073552425665,67,176615.12189080386,639
2.0,2.0,DY Dynamic Planning Calculation,SAP only,20725,279.32209692269055,0.07736988847583644,1.0,1.0,7.602124913177065,20.56338028169014,36,269128.9859902487,639
2.0,2.0,GR Groff Reorder Procedure,SAP only,20725,166.19211917893765,0.17297862453531598,0.9973208305425318,1.0,2.5679326488606815,47.98122065727699,84,90909.46515246133,639
1.0,1.0,Per period 7d,Both,23203,274.4383418985301,0.04658457249070632,0.9950372208436724,1.0,11.989515482232598,17.70735524256651,31,213593.73748308528,639
1.0,1.0,Per period 14d,Both,23203,346.50424667720256,0.028926579925650557,1.0,1.0,16.277574648169537,9.139280125195619,16,289985.697204757,639
1.0,1.0,Per period 28d,Both,23203,503.4645249998882,0.016728624535315983,1.0,1.0,24.352737665178548,5.140845070422535,9,433845.0760215365,639
1.0,1.0,Per period 56d,Both,23203,836.1420226075238,0.009526022304832713,1.0,1.0,40.98360014145946,2.2848200312989047,4,730124.6111820821,639
1.0,1.0,SP Part Period Balancing,SAP only,23203,256.7769140517829,0.08364312267657993,0.993103448275862,1.0,10.528668576933136,24.561815336463223,43,187568.68660793453,639
1.0,1.0,WI Sliding Economic Lot Size,SAP only,23203,276.63660583169997,0.0866635687732342,0.9959946595460614,1.0,11.408271393125792,25.704225352112676,45,203238.848866756,639
1.0,1.0,DY Dynamic Planning Calculation,SAP only,23203,264.8724847267173,0.052393122676579924,0.9955849889624724,1.0,11.56764078337004,17.136150234741784,30,206078.02145493223,639
1.0,1.0,GR Groff Reorder Procedure,SAP only,23203,254.8703636337249,0.07423327137546469,0.9953271028037384,1.0,10.287017398475053,26.275430359937403,46,183263.66039978265,639
0.5,0.5,Per period 7d,Both,23203,274.4383418985301,0.04658457249070632,0.9950372208436724,1.0,11.989515482232598,17.70735524256651,31,213593.73748308528,639
0.5,0.5,Per period 14d,Both,23203,346.50424667720256,0.028926579925650557,1.0,1.0,16.277574648169537,9.139280125195619,16,289985.697204757,639
0.5,0.5,Per period 28d,Both,23203,503.4645249998882,0.016728624535315983,1.0,1.0,24.352737665178548,5.140845070422535,9,433845.0760215365,639
0.5,0.5,Per period 56d,Both,23203,836.1420226075238,0.009526022304832713,1.0,1.0,40.98360014145946,2.2848200312989047,4,730124.6111820821,639
0.5,0.5,SP Part Period Balancing,SAP only,23203,261.77241125845796,0.1074581784386617,0.9946236559139785,1.0,10.035939534346218,33.129890453834115,58,178790.69737821427,639
0.5,0.5,WI Sliding Economic Lot Size,SAP only,23203,282.20101653264237,0.1116403345724907,0.994824016563147,1.0,10.89431102644114,34.84350547730829,61,194082.6226788809,639
0.5,0.5,DY Dynamic Planning Calculation,SAP only,23203,256.2646442407174,0.07516263940520446,0.9938556067588326,1.0,10.503438915972783,24.561815336463223,43,187119.21910543717,639
0.5,0.5,GR Groff Reorder Procedure,SAP only,23203,260.83752415026845,0.1095492565055762,0.9968287526427061,1.0,9.989895663974929,33.129890453834115,58,177970.42383376916,639
2.0,2.0,Per period 7d,Both,23203,274.4383418985301,0.04658457249070632,0.9950372208436724,1.0,11.989515482232598,17.70735524256651,31,213593.73748308528,639
2.0,2.0,Per period 14d,Both,23203,346.50424667720256,0.028926579925650557,1.0,1.0,16.277574648169537,9.139280125195619,16,289985.697204757,639
2.0,2.0,Per period 28d,Both,23203,503.4645249998882,0.016728624535315983,1.0,1.0,24.352737665178548,5.140845070422535,9,433845.0760215365,639
2.0,2.0,Per period 56d,Both,23203,836.1420226075238,0.009526022304832713,1.0,1.0,40.98360014145946,2.2848200312989047,4,730124.6111820821,639
2.0,2.0,SP Part Period Balancing,SAP only,23203,270.2938163397297,0.06819237918215613,1.0,1.0,11.58839167190292,19.992175273865413,35,206447.69943269546,639
2.0,2.0,WI Sliding Economic Lot Size,SAP only,23203,297.51251638463236,0.07005111524163568,0.9983443708609272,1.0,13.125935366147893,17.70735524256651,31,233839.10692401635,639
2.0,2.0,DY Dynamic Planning Calculation,SAP only,23203,290.8912064290031,0.0383364312267658,1.0,1.0,13.243087581743833,12.566510172143975,22,235926.17871775507,639
2.0,2.0,GR Groff Reorder Procedure,SAP only,23203,261.0693641709863,0.06482342007434944,1.0,1.0,11.134080690199138,19.992175273865413,35,198354.12962117785,639
1.0,1.0,Per period 7d,Both,23076,87.56049099737666,0.0554135687732342,0.9855371900826446,1.0,11.164929028132223,19.420970266040687,34,78198.31685616991,639
1.0,1.0,Per period 14d,Both,23076,91.85409979291684,0.03078531598513011,0.9925093632958801,1.0,15.18676992031718,10.852895148669797,19,106366.98569765859,639
1.0,1.0,Per period 28d,Both,23076,123.93861156609017,0.0191682156133829,1.0,1.0,23.751024085302525,5.712050078247262,10,166350.37288649165,639
1.0,1.0,Per period 56d,Both,23076,180.60027066079616,0.011733271375464684,0.9901960784313726,1.0,36.60467861178914,2.856025039123631,5,256376.3951647624,639
1.0,1.0,SP Part Period Balancing,SAP only,23076,88.43837079520236,0.05587825278810409,0.993801652892562,1.0,12.598654492122266,15.993740219092333,28,88240.02136099544,639
1.0,1.0,WI Sliding Economic Lot Size,SAP only,23076,90.40862810686673,0.05866635687732342,0.9960552268244576,1.0,13.21781819772847,15.422535211267606,27,92576.59703602543,639
1.0,1.0,DY Dynamic Planning Calculation,SAP only,23076,97.27046632416616,0.027067843866171004,1.0,1.0,17.149654540426948,8.568075117370892,15,120114.8808332826,639
1.0,1.0,GR Groff Reorder Procedure,SAP only,23076,87.17352461535431,0.06412639405204461,0.9963898916967509,1.0,11.292718686313565,18.849765258215964,33,79093.34593841729,639
0.5,0.5,Per period 7d,Both,23076,87.56049099737666,0.0554135687732342,0.9855371900826446,1.0,11.164929028132223,19.420970266040687,34,78198.31685616991,639
0.5,0.5,Per period 14d,Both,23076,91.85409979291684,0.03078531598513011,0.9925093632958801,1.0,15.18676992031718,10.852895148669797,19,106366.98569765859,639
0.5,0.5,Per period 28d,Both,23076,123.93861156609017,0.0191682156133829,1.0,1.0,23.751024085302525,5.712050078247262,10,166350.37288649165,639
0.5,0.5,Per period 56d,Both,23076,180.60027066079616,0.011733271375464684,0.9901960784313726,1.0,36.60467861178914,2.856025039123631,5,256376.3951647624,639
0.5,0.5,SP Part Period Balancing,SAP only,23076,89.30502789879402,0.07411710037174721,0.9953198127925117,1.0,11.111676578203756,20.56338028169014,36,77825.34073223927,639
0.5,0.5,WI Sliding Economic Lot Size,SAP only,23076,90.81832316127273,0.06679832713754646,0.9879725085910653,1.0,12.05249359369841,18.849765258215964,33,84414.75181545818,639
0.5,0.5,DY Dynamic Planning Calculation,SAP only,23076,87.78743925778514,0.04031133828996283,0.9971264367816092,1.0,13.922146817518634,11.995305164319248,21,97509.6613163663,639
0.5,0.5,GR Groff Reorder Procedure,SAP only,23076,89.47250969534215,0.07144516728624535,0.9935379644588045,1.0,10.312770650648671,22.848200312989047,40,72229.86415519954,639
2.0,2.0,Per period 7d,Both,23076,87.56049099737666,0.0554135687732342,0.9855371900826446,1.0,11.164929028132223,19.420970266040687,34,78198.31685616991,639
2.0,2.0,Per period 14d,Both,23076,91.85409979291684,0.03078531598513011,0.9925093632958801,1.0,15.18676992031718,10.852895148669797,19,106366.98569765859,639
2.0,2.0,Per period 28d,Both,23076,123.93861156609017,0.0191682156133829,1.0,1.0,23.751024085302525,5.712050078247262,10,166350.37288649165,639
2.0,2.0,Per period 56d,Both,23076,180.60027066079616,0.011733271375464684,0.9901960784313726,1.0,36.60467861178914,2.856025039123631,5,256376.3951647624,639
2.0,2.0,SP Part Period Balancing,SAP only,23076,90.44652957891552,0.03856877323420074,1.0,1.0,14.684900910735353,11.424100156494523,20,102851.93318521665,639
2.0,2.0,WI Sliding Economic Lot Size,SAP only,23076,96.88440350057141,0.041008364312267655,1.0,1.0,16.026905139764395,11.424100156494523,20,112251.22911083426,639
2.0,2.0,DY Dynamic Planning Calculation,SAP only,23076,133.3679576293528,0.016147769516728624,0.9858156028368794,1.0,25.92506891644234,5.140845070422535,9,181577.21813885507,639
2.0,2.0,GR Groff Reorder Procedure,SAP only,23076,86.29261815131764,0.04914033457249071,0.9976415094339622,1.0,12.776726255952134,14.280125195618153,25,89487.22250092374,639
1.0,1.0,Per period 7d,Both,22386,193.8369343795586,0.1449814126394052,0.9865612648221344,1.0,2.9025113429592375,49.694835680751176,87,99988.41294497153,639
1.0,1.0,Per period 14d,Both,22386,300.84754932637554,0.08933550185873607,0.9974059662775616,1.0,6.923615947433036,26.275430359937403,46,238511.1679593002,639
1.0,1.0,Per period 28d,Both,22386,589.5173598350888,0.050882899628252785,1.0,1.0,15.390960742685607,13.137715179968701,23,530202.1444610446,639
1.0,1.0,Per period 56d,Both,22386,1131.8409835250918,0.027067843866171004,1.0,1.0,30.450645998296444,6.283255086071987,11,1048992.2025298935,639
1.0,1.0,SP Part Period Balancing,SAP only,22386,158.9309870870477,0.20306691449814127,0.9948776323278316,1.0,1.6553533867749815,55.97809076682316,98,57025.15458146773,639
1.0,1.0,WI Sliding Economic Lot Size,SAP only,22386,212.24771247559806,0.21096654275092938,0.9934354485776805,1.0,3.10384496984421,55.97809076682316,98,106924.14116305971,639
1.0,1.0,DY Dynamic Planning Calculation,SAP only,22386,184.96299826418658,0.129182156133829,0.9982046678635548,1.0,3.177612977570404,38.841940532081374,68,109465.37017032845,639
1.0,1.0,GR Groff Reorder Procedure,SAP only,22386,156.89728669728893,0.1934247211895911,0.9970059880239521,1.0,1.3555933766055384,61.118935837245694,107,46698.742678231945,639
0.5,0.5,Per period 7d,Both,22386,193.8369343795586,0.1449814126394052,0.9865612648221344,1.0,2.9025113429592375,49.694835680751176,87,99988.41294497153,639
0.5,0.5,Per period 14d,Both,22386,300.84754932637554,0.08933550185873607,0.9974059662775616,1.0,6.923615947433036,26.275430359937403,46,238511.1679593002,639
0.5,0.5,Per period 28d,Both,22386,589.5173598350888,0.050882899628252785,1.0,1.0,15.390960742685607,13.137715179968701,23,530202.1444610446,639
0.5,0.5,Per period 56d,Both,22386,1131.8409835250918,0.027067843866171004,1.0,1.0,30.450645998296444,6.283255086071987,11,1048992.2025298935,639
0.5,0.5,SP Part Period Balancing,SAP only,22386,167.6541039910849,0.2608039033457249,0.9951241134751773,1.0,1.10447757282846,72.54303599374022,127,38048.07168396407,639
0.5,0.5,WI Sliding Economic Lot Size,SAP only,22386,213.50199458986947,0.26150092936802977,0.9942579505300353,1.0,2.350058263500054,72.54303599374022,127,80956.99493667271,639
0.5,0.5,DY Dynamic Planning Calculation,SAP only,22386,154.9234629491401,0.17228159851301114,0.9919732441471572,1.0,1.5464782647489663,55.97809076682316,98,53274.523016502906,639
0.5,0.5,GR Groff Reorder Procedure,SAP only,22386,167.52313608775364,0.24605018587360594,0.9925023430178069,1.0,0.9650810932657872,75.39906103286386,132,33246.01197956431,639
2.0,2.0,Per period 7d,Both,22386,193.8369343795586,0.1449814126394052,0.9865612648221344,1.0,2.9025113429592375,49.694835680751176,87,99988.41294497153,639
2.0,2.0,Per period 14d,Both,22386,300.84754932637554,0.08933550185873607,0.9974059662775616,1.0,6.923615947433036,26.275430359937403,46,238511.1679593002,639
2.0,2.0,Per period 28d,Both,22386,589.5173598350888,0.050882899628252785,1.0,1.0,15.390960742685607,13.137715179968701,23,530202.1444610446,639
2.0,2.0,Per period 56d,Both,22386,1131.8409835250918,0.027067843866171004,1.0,1.0,30.450645998296444,6.283255086071987,11,1048992.2025298935,639
2.0,2.0,SP Part Period Balancing,SAP only,22386,186.50412229355027,0.16565985130111524,0.9972027972027973,0.9999957759560696,3.056475674663139,42.26917057902973,74,105292.31958242526,639
2.0,2.0,WI Sliding Economic Lot Size,SAP only,22386,243.7608988082048,0.1675185873605948,0.9972337482710927,1.0,4.693512326263353,40.55555555555556,71,161686.48221793523,639
2.0,2.0,DY Dynamic Planning Calculation,SAP only,22386,265.56290260280366,0.09247211895910781,1.0,1.0,5.9650140562216,26.275430359937403,46,205488.35756416238,639
2.0,2.0,GR Groff Reorder Procedure,SAP only,22386,159.0634060366549,0.15938661710037175,0.9978181818181818,1.0,1.9849630280780748,49.123630672926446,86,68379.85436763855,639
1.0,1.0,Per period 7d,Both,84881,16.08946583247362,0.010803903345724907,0.39914163090128757,0.9980841409599538,0.5506760280939801,9.139280125195619,16,25.71262114399307,639
1.0,1.0,Per period 14d,Both,84881,14.024546597398869,0.009526022304832713,0.47398843930635837,0.9926887404724729,6.306242676713168,7.42566510172144,13,294.45630555164354,639
1.0,1.0,Per period 28d,Both,84881,10.63514757486207,0.008131970260223048,0.5223880597014925,0.997627348685754,10.06458607690322,5.140845070422535,9,469.94398805091,639
1.0,1.0,Per period 56d,Both,84881,11.658223732920572,0.009526022304832713,0.6833333333333333,1.0,22.51693254760511,4.569640062597809,8,1051.3792618236291,639
1.0,1.0,SP Part Period Balancing,SAP only,84881,10.855395870126127,0.011036245353159852,0.8482142857142857,1.0,29.885712105494175,3.427230046948357,6,1395.448419366958,639
1.0,1.0,WI Sliding Economic Lot Size,SAP only,84881,11.94018843938504,0.008131970260223048,0.8045977011494253,0.9964409761154093,42.71793262697492,2.856025039123631,5,1994.6210869098736,639
1.0,1.0,DY Dynamic Planning Calculation,SAP only,84881,12.541174953977453,0.006273234200743495,0.782608695652174,0.996203522013152,58.727406672880534,1.7136150234741785,3,2742.1487072454884,639
1.0,1.0,GR Groff Reorder Procedure,SAP only,84881,13.60831877114417,0.010339219330855019,0.5144508670520231,0.9989275954924708,3.7442960675234027,7.42566510172144,13,174.83177280915095,639
0.5,0.5,Per period 7d,Both,84881,16.08946583247362,0.010803903345724907,0.39914163090128757,0.9980841409599538,0.5506760280939801,9.139280125195619,16,25.71262114399307,639
0.5,0.5,Per period 14d,Both,84881,14.024546597398869,0.009526022304832713,0.47398843930635837,0.9926887404724729,6.306242676713168,7.42566510172144,13,294.45630555164354,639
0.5,0.5,Per period 28d,Both,84881,10.63514757486207,0.008131970260223048,0.5223880597014925,0.997627348685754,10.06458607690322,5.140845070422535,9,469.94398805091,639
0.5,0.5,Per period 56d,Both,84881,11.658223732920572,0.009526022304832713,0.6833333333333333,1.0,22.51693254760511,4.569640062597809,8,1051.3792618236291,639
0.5,0.5,SP Part Period Balancing,SAP only,84881,11.18209727950034,0.010106877323420074,0.7131147540983607,0.9970596586582576,19.58630062935589,4.569640062597809,8,914.5397693052156,639
0.5,0.5,WI Sliding Economic Lot Size,SAP only,84881,10.69353130537825,0.011036245353159852,0.7786885245901639,1.0,22.734256113765046,3.998435054773083,7,1061.526713750442,639
0.5,0.5,DY Dynamic Planning Calculation,SAP only,84881,10.94676451778916,0.008945167286245352,0.719626168224299,0.9973964791384586,24.29294567978499,3.998435054773083,7,1134.3063377897981,639
0.5,0.5,GR Groff Reorder Procedure,SAP only,84881,15.346138037701973,0.010571561338289962,0.4789473684210526,0.9989275954924708,2.1305331264890532,8.568075117370892,15,99.48061713481904,639
2.0,2.0,Per period 7d,Both,84881,16.08946583247362,0.010803903345724907,0.39914163090128757,0.9980841409599538,0.5506760280939801,9.139280125195619,16,25.71262114399307,639
2.0,2.0,Per period 14d,Both,84881,14.024546597398869,0.009526022304832713,0.47398843930635837,0.9926887404724729,6.306242676713168,7.42566510172144,13,294.45630555164354,639
2.0,2.0,Per period 28d,Both,84881,10.63514757486207,0.008131970260223048,0.5223880597014925,0.997627348685754,10.06458607690322,5.140845070422535,9,469.94398805091,639
2.0,2.0,Per period 56d,Both,84881,11.658223732920572,0.009526022304832713,0.6833333333333333,1.0,22.51693254760511,4.569640062597809,8,1051.3792618236291,639
2.0,2.0,SP Part Period Balancing,SAP only,84881,11.067303928828569,0.007783457249070632,0.7976190476190477,1.0,37.345193538007855,2.856025039123631,5,1743.7527039546674,639
2.0,2.0,WI Sliding Economic Lot Size,SAP only,84881,13.961829405303785,0.007434944237918215,0.8888888888888888,0.9964409761154093,61.31659984363364,2.2848200312989047,4,2863.045459004631,639
2.0,2.0,DY Dynamic Planning Calculation,SAP only,84881,15.442349741934942,0.0027881040892193307,0.5454545454545454,1.0,76.58458594307737,1.7136150234741785,3,3575.9509100836644,639
2.0,2.0,GR Groff Reorder Procedure,SAP only,84881,12.33900788611443,0.011036245353159852,0.6168831168831169,0.9989275954924708,8.241800516744,6.283255086071987,11,384.83297514312375,639
1.0,1.0,Per period 7d,Both,47505,8.816932304339026,0.020446096654275093,0.9617486338797814,1.0,1.6078926818086006,3.427230046948357,6,1038.565950589641,639
1.0,1.0,Per period 14d,Both,47505,9.322896389319816,0.012430297397769517,0.9907407407407407,1.0,3.6090817008848433,1.7136150234741785,3,2331.168870809831,639
1.0,1.0,Per period 28d,Both,47505,16.325339673322205,0.008596654275092937,0.9866666666666667,1.0,7.606045807471392,1.7136150234741785,3,4912.877758346065,639
1.0,1.0,Per period 56d,Both,47505,30.58654336804604,0.004298327137546468,1.0,1.0,16.887870002490686,0.5712050078247262,1,10908.170029633135,639
1.0,1.0,SP Part Period Balancing,SAP only,47505,10.393746682399241,0.015218401486988848,0.9632352941176471,1.0,2.5079314563110287,3.427230046948357,6,1619.9167061370938,639
1.0,1.0,WI Sliding Economic Lot Size,SAP only,47505,9.837285592832,0.016147769516728624,0.9788732394366197,1.0,2.7611015332360878,2.856025039123631,5,1783.4436781653335,639
1.0,1.0,DY Dynamic Planning Calculation,SAP only,47505,10.968414422596275,0.010106877323420074,1.0,1.0,3.9775405808096274,2.2848200312989047,4,2569.1628931794344,639
1.0,1.0,GR Groff Reorder Procedure,SAP only,47505,8.76776295332945,0.01963289962825279,0.9883040935672515,1.0,1.5798270305553566,3.427230046948357,6,1020.4378565305549,639
0.5,0.5,Per period 7d,Both,47505,8.816932304339026,0.020446096654275093,0.9617486338797814,1.0,1.6078926818086006,3.427230046948357,6,1038.565950589641,639
0.5,0.5,Per period 14d,Both,47505,9.322896389319816,0.012430297397769517,0.9907407407407407,1.0,3.6090817008848433,1.7136150234741785,3,2331.168870809831,639
0.5,0.5,Per period 28d,Both,47505,16.325339673322205,0.008596654275092937,0.9866666666666667,1.0,7.606045807471392,1.7136150234741785,3,4912.877758346065,639
0.5,0.5,Per period 56d,Both,47505,30.58654336804604,0.004298327137546468,1.0,1.0,16.887870002490686,0.5712050078247262,1,10908.170029633135,639
0.5,0.5,SP Part Period Balancing,SAP only,47505,8.973063606737263,0.022188661710037173,0.9744897959183674,1.0,1.6970117487242937,3.427230046948357,6,1096.129511574849,639
0.5,0.5,WI Sliding Economic Lot Size,SAP only,47505,10.886846832927748,0.020446096654275093,0.9617486338797814,1.0,2.7893908730716825,3.427230046948357,6,1801.7162565844728,639
0.5,0.5,DY Dynamic Planning Calculation,SAP only,47505,8.496325502127792,0.013475836431226766,0.9830508474576272,1.0,2.5664829995256255,2.2848200312989047,4,1657.7361699764078,639
0.5,0.5,GR Groff Reorder Procedure,SAP only,47505,8.01766510685211,0.020910780669144983,0.9523809523809523,1.0,1.1516744490632342,3.427230046948357,6,743.8866303040606,639
2.0,2.0,Per period 7d,Both,47505,8.816932304339026,0.020446096654275093,0.9617486338797814,1.0,1.6078926818086006,3.427230046948357,6,1038.565950589641,639
2.0,2.0,Per period 14d,Both,47505,9.322896389319816,0.012430297397769517,0.9907407407407407,1.0,3.6090817008848433,1.7136150234741785,3,2331.168870809831,639
2.0,2.0,Per period 28d,Both,47505,16.325339673322205,0.008596654275092937,0.9866666666666667,1.0,7.606045807471392,1.7136150234741785,3,4912.877758346065,639
2.0,2.0,Per period 56d,Both,47505,30.58654336804604,0.004298327137546468,1.0,1.0,16.887870002490686,0.5712050078247262,1,10908.170029633135,639
2.0,2.0,SP Part Period Balancing,SAP only,47505,11.892630240662651,0.012430297397769517,0.963963963963964,1.0,4.505078941597237,2.2848200312989047,4,2909.909129133199,639
2.0,2.0,WI Sliding Economic Lot Size,SAP only,47505,12.571424561602045,0.010687732342007435,0.9484536082474226,1.0,5.463327423018827,1.7136150234741785,3,3528.8585504896428,639
2.0,2.0,DY Dynamic Planning Calculation,SAP only,47505,13.372105962363833,0.006854089219330855,1.0,0.9999920892499482,6.491148518362152,1.1424100156494523,2,4192.74613763919,639
2.0,2.0,GR Groff Reorder Procedure,SAP only,47505,9.312752206606648,0.015218401486988848,0.9632352941176471,1.0,3.032495804072836,2.2848200312989047,4,1958.7419751630568,639
1.0,1.0,Per period 7d,Both,22172,22.084810475619534,0.030436802973977696,0.8370607028753994,0.9999411073360436,2.683290139386879,10.28169014084507,18,877.0328374124297,639
1.0,1.0,Per period 14d,Both,22172,20.110598327099957,0.02032992565055762,0.8578431372549019,1.0,5.984703280833162,6.283255086071987,11,1956.0990525832253,639
1.0,1.0,Per period 28d,Both,22172,25.888834154273916,0.012894981412639405,0.8538461538461538,1.0,13.064868710211096,3.427230046948357,6,4270.249686064693,639
1.0,1.0,Per period 56d,Both,22172,35.722526495389864,0.008364312267657992,0.8674698795180723,0.999295385355829,21.49525252272284,1.7136150234741785,3,7025.718924010176,639
1.0,1.0,SP Part Period Balancing,SAP only,22172,17.98297129017324,0.021956319702602232,0.9593908629441624,1.0,5.90086576334034,5.140845070422535,9,1928.696777007784,639
1.0,1.0,WI Sliding Economic Lot Size,SAP only,22172,16.720372310706946,0.022885687732342008,0.9248826291079812,0.9987178898251214,5.071471251202538,5.140845070422535,9,1657.6093490635499,639
1.0,1.0,DY Dynamic Planning Calculation,SAP only,22172,22.485696604777058,0.00766728624535316,0.9705882352941176,0.998993682216363,12.800049811552778,1.7136150234741785,3,4183.693682790367,639
1.0,1.0,GR Groff Reorder Procedure,SAP only,22172,19.088204980480526,0.02532527881040892,0.8616600790513834,1.0,3.34241461942781,7.996870109546166,14,1092.4675399267012,639
0.5,0.5,Per period 7d,Both,22172,22.084810475619534,0.030436802973977696,0.8370607028753994,0.9999411073360436,2.683290139386879,10.28169014084507,18,877.0328374124297,639
0.5,0.5,Per period 14d,Both,22172,20.110598327099957,0.02032992565055762,0.8578431372549019,1.0,5.984703280833162,6.283255086071987,11,1956.0990525832253,639
0.5,0.5,Per period 28d,Both,22172,25.888834154273916,0.012894981412639405,0.8538461538461538,1.0,13.064868710211096,3.427230046948357,6,4270.249686064693,639
0.5,0.5,Per period 56d,Both,22172,35.722526495389864,0.008364312267657992,0.8674698795180723,0.999295385355829,21.49525252272284,1.7136150234741785,3,7025.718924010176,639
0.5,0.5,SP Part Period Balancing,SAP only,22172,17.565172137688492,0.03171468401486989,0.9715302491103203,1.0,3.6557317922529267,6.854460093896714,12,1194.8751942684119,639
0.5,0.5,WI Sliding Economic Lot Size,SAP only,22172,19.172024912939747,0.03055297397769517,0.9006849315068494,1.0,4.0543701324183345,7.42566510172144,13,1325.170054837063,639
0.5,0.5,DY Dynamic Planning Calculation,SAP only,22172,18.458956443129306,0.01312732342007435,0.8968253968253969,1.0,7.527327158758611,3.998435054773083,7,2460.3053539659977,639
0.5,0.5,GR Groff Reorder Procedure,SAP only,22172,18.672055253137508,0.03276022304832714,0.8952380952380953,0.9986606070555897,2.412153442818726,8.568075117370892,15,788.411863173641,639
2.0,2.0,Per period 7d,Both,22172,22.084810475619534,0.030436802973977696,0.8370607028753994,0.9999411073360436,2.683290139386879,10.28169014084507,18,877.0328374124297,639
2.0,2.0,Per period 14d,Both,22172,20.110598327099957,0.02032992565055762,0.8578431372549019,1.0,5.984703280833162,6.283255086071987,11,1956.0990525832253,639
2.0,2.0,Per period 28d,Both,22172,25.888834154273916,0.012894981412639405,0.8538461538461538,1.0,13.064868710211096,3.427230046948357,6,4270.249686064693,639
2.0,2.0,Per period 56d,Both,22172,35.722526495389864,0.008364312267657992,0.8674698795180723,0.999295385355829,21.49525252272284,1.7136150234741785,3,7025.718924010176,639
2.0,2.0,SP Part Period Balancing,SAP only,22172,16.960284459946454,0.016728624535315983,0.935064935064935,1.0,6.542857553950322,3.998435054773083,7,2138.5316634590913,639
2.0,2.0,WI Sliding Economic Lot Size,SAP only,22172,19.33493662465586,0.01591542750929368,0.9448275862068966,0.9992936482388243,8.759648499692293,3.427230046948357,6,2863.0893341172878,639
2.0,2.0,DY Dynamic Planning Calculation,SAP only,22172,40.56833521310363,0.0070864312267657995,0.8840579710144928,1.0,24.02154368648713,2.2848200312989047,4,7851.436678107543,639
2.0,2.0,GR Groff Reorder Procedure,SAP only,22172,18.16276136212458,0.02032992565055762,0.8883248730964467,1.0,4.705179603431953,6.283255086071987,11,1537.8869983385125,639
1.0,1.0,Per period 7d,Both,35603C,3.4583021113314922,0.0017425650557620818,0.8333333333333334,1.0,148.83816957972738,0.5712050078247262,1,10681.907983761841,639
1.0,1.0,Per period 14d,Both,35603C,3.4583021113314922,0.0016263940520446097,0.8235294117647058,1.0,148.83816957972738,0.5712050078247262,1,10681.907983761841,639
1.0,1.0,Per period 28d,Both,35603C,3.4583021113314922,0.0015102230483271376,0.9285714285714286,1.0,148.83816957972738,0.5712050078247262,1,10681.907983761841,639
1.0,1.0,Per period 56d,Both,35603C,3.4583021113314922,0.001974907063197026,0.9444444444444444,1.0,148.83816957972738,0.5712050078247262,1,10681.907983761841,639
1.0,1.0,SP Part Period Balancing,SAP only,35603C,5.6184691518950896,0.0,0.0,1.0,340.1708278870954,0.0,0,24413.586195734613,639
1.0,1.0,WI Sliding Economic Lot Size,SAP only,35603C,3.7640594721177156,0.0,0.0,1.0,227.89539147236658,0.0,0,16355.734610987693,639
1.0,1.0,DY Dynamic Planning Calculation,SAP only,35603C,9.799504924413228,0.0,0.0,1.0,593.3120949675299,0.0,0,42581.18211203367,639
1.0,1.0,GR Groff Reorder Procedure,SAP only,35603C,3.458302111331492,0.0017425650557620818,0.9375,1.0,148.83816957972735,0.5712050078247262,1,10681.90798376184,639
0.5,0.5,Per period 7d,Both,35603C,3.4583021113314922,0.0017425650557620818,0.8333333333333334,1.0,148.83816957972738,0.5712050078247262,1,10681.907983761841,639
0.5,0.5,Per period 14d,Both,35603C,3.4583021113314922,0.0016263940520446097,0.8235294117647058,1.0,148.83816957972738,0.5712050078247262,1,10681.907983761841,639
0.5,0.5,Per period 28d,Both,35603C,3.4583021113314922,0.0015102230483271376,0.9285714285714286,1.0,148.83816957972738,0.5712050078247262,1,10681.907983761841,639
0.5,0.5,Per period 56d,Both,35603C,3.4583021113314922,0.001974907063197026,0.9444444444444444,1.0,148.83816957972738,0.5712050078247262,1,10681.907983761841,639
0.5,0.5,SP Part Period Balancing,SAP only,35603C,4.1504384494731115,0.0,0.0,1.0,251.28874881790293,0.0,0,18034.643262591497,639
0.5,0.5,WI Sliding Economic Lot Size,SAP only,35603C,3.5363156071734174,0.0013940520446096654,0.9230769230769231,1.0,153.56150519828515,0.5712050078247262,1,11020.895197836873,639
0.5,0.5,DY Dynamic Planning Calculation,SAP only,35603C,6.278055494717856,0.0,0.0,1.0,380.10555498715655,0.0,0,27279.645899666873,639
0.5,0.5,GR Groff Reorder Procedure,SAP only,35603C,3.458302111331492,0.0017425650557620818,0.9375,1.0,148.83816957972735,0.5712050078247262,1,10681.90798376184,639
2.0,2.0,Per period 7d,Both,35603C,3.4583021113314922,0.0017425650557620818,0.8333333333333334,1.0,148.83816957972738,0.5712050078247262,1,10681.907983761841,639
2.0,2.0,Per period 14d,Both,35603C,3.4583021113314922,0.0016263940520446097,0.8235294117647058,1.0,148.83816957972738,0.5712050078247262,1,10681.907983761841,639
2.0,2.0,Per period 28d,Both,35603C,3.4583021113314922,0.0015102230483271376,0.9285714285714286,1.0,148.83816957972738,0.5712050078247262,1,10681.907983761841,639
2.0,2.0,Per period 56d,Both,35603C,3.4583021113314922,0.001974907063197026,0.9444444444444444,1.0,148.83816957972738,0.5712050078247262,1,10681.907983761841,639
2.0,2.0,SP Part Period Balancing,SAP only,35603C,6.92408662656251,0.0,0.0,1.0,419.21958035940736,0.0,0,30086.80498446805,639
2.0,2.0,WI Sliding Economic Lot Size,SAP only,35603C,6.3020357632058825,0.0,0.0,1.0,381.5574429594835,0.0,0,27383.845875835083,639
2.0,2.0,DY Dynamic Planning Calculation,SAP only,35603C,9.799504924413228,0.0,0.0,1.0,593.3120949675299,0.0,0,42581.18211203367,639
2.0,2.0,GR Groff Reorder Procedure,SAP only,35603C,3.458302111331492,0.0017425650557620818,0.9375,1.0,148.83816957972735,0.5712050078247262,1,10681.90798376184,639
1.0,1.0,Per period 7d,Both,90175D,23.12678814685211,0.006505576208178439,0.16816816816816818,0.9932077231351828,0.4874305650500473,13.137715179968701,23,25.288346230066054,639
1.0,1.0,Per period 14d,Both,90175D,17.74351124629617,0.008131970260223048,0.28688524590163933,0.9771898975811524,2.8583910712562735,9.710485133020343,17,148.29595896071115,639
1.0,1.0,Per period 28d,Both,90175D,16.850818097703346,0.007783457249070632,0.33668341708542715,0.9873691552054694,7.115375794715852,8.568075117370892,15,369.15224353099563,639
1.0,1.0,Per period 56d,Both,90175D,12.834687521063472,0.00929368029739777,0.6349206349206349,0.9974517667657243,18.586709631312242,4.569640062597809,8,964.2955984634796,639
1.0,1.0,SP Part Period Balancing,SAP only,90175D,12.857133816468043,0.008945167286245352,0.6695652173913044,0.9957364477786126,22.51745227465797,3.998435054773083,7,1168.226143721768,639
1.0,1.0,WI Sliding Economic Lot Size,SAP only,90175D,19.846775675909523,0.007899628252788104,0.7555555555555555,1.0,53.23322297392977,3.427230046948357,6,2761.788591096708,639
1.0,1.0,DY Dynamic Planning Calculation,SAP only,90175D,18.950637703373218,0.005343866171003717,0.7076923076923077,1.0,53.632515242101505,2.856025039123631,5,2782.5042413831825,639
1.0,1.0,GR Groff Reorder Procedure,SAP only,90175D,15.81104689339407,0.011152416356877323,0.42105263157894735,0.9822356508894828,3.118028422564427,8.568075117370892,15,161.76618365510166,639
0.5,0.5,Per period 7d,Both,90175D,23.12678814685211,0.006505576208178439,0.16816816816816818,0.9932077231351828,0.4874305650500473,13.137715179968701,23,25.288346230066054,639
0.5,0.5,Per period 14d,Both,90175D,17.74351124629617,0.008131970260223048,0.28688524590163933,0.9771898975811524,2.8583910712562735,9.710485133020343,17,148.29595896071115,639
0.5,0.5,Per period 28d,Both,90175D,16.850818097703346,0.007783457249070632,0.33668341708542715,0.9873691552054694,7.115375794715852,8.568075117370892,15,369.15224353099563,639
0.5,0.5,Per period 56d,Both,90175D,12.834687521063472,0.00929368029739777,0.6349206349206349,0.9974517667657243,18.586709631312242,4.569640062597809,8,964.2955984634796,639
0.5,0.5,SP Part Period Balancing,SAP only,90175D,14.500785622062173,0.01150092936802974,0.5963855421686747,0.9883862915136853,13.458591802522445,6.283255086071987,11,698.2441268047504,639
0.5,0.5,WI Sliding Economic Lot Size,SAP only,90175D,15.157953218126009,0.010455390334572491,0.5769230769230769,1.0,19.829488118833485,5.712050078247262,10,1028.7720899540946,639
0.5,0.5,DY Dynamic Planning Calculation,SAP only,90175D,13.306611484704424,0.011036245353159852,0.7480314960629921,1.0,20.40099724391122,4.569640062597809,8,1058.422509244325,639
0.5,0.5,GR Groff Reorder Procedure,SAP only,90175D,18.49463742578287,0.011036245353159852,0.35580524344569286,0.9928891760946159,1.90160835953751,10.28169014084507,18,98.65719148128301,639
2.0,2.0,Per period 7d,Both,90175D,23.12678814685211,0.006505576208178439,0.16816816816816818,0.9932077231351828,0.4874305650500473,13.137715179968701,23,25.288346230066054,639
2.0,2.0,Per period 14d,Both,90175D,17.74351124629617,0.008131970260223048,0.28688524590163933,0.9771898975811524,2.8583910712562735,9.710485133020343,17,148.29595896071115,639
2.0,2.0,Per period 28d,Both,90175D,16.850818097703346,0.007783457249070632,0.33668341708542715,0.9873691552054694,7.115375794715852,8.568075117370892,15,369.15224353099563,639
2.0,2.0,Per period 56d,Both,90175D,12.834687521063472,0.00929368029739777,0.6349206349206349,0.9974517667657243,18.586709631312242,4.569640062597809,8,964.2955984634796,639
2.0,2.0,SP Part Period Balancing,SAP only,90175D,14.148878149136067,0.006970260223048327,0.7142857142857143,0.9957364477786126,35.17239550010144,2.856025039123631,5,1824.7762428604724,639
2.0,2.0,WI Sliding Economic Lot Size,SAP only,90175D,18.313361543201474,0.008248141263940521,0.7888888888888889,0.9929251405628103,51.18253954202475,2.856025039123631,5,2655.3972476877257,639
2.0,2.0,DY Dynamic Planning Calculation,SAP only,90175D,21.78612864693588,0.0045306691449814125,0.7358490566037735,1.0,68.37786458493675,2.2848200312989047,4,3547.5065334052438,639
2.0,2.0,GR Groff Reorder Procedure,SAP only,90175D,16.092234060283253,0.01266263940520446,0.5165876777251185,0.9822356508894828,4.199038146616031,8.568075117370892,15,217.8499628433811,639
1.0,1.0,Per period 7d,Both,84906,15.234739726027398,0.009990706319702601,0.4479166666666667,1.0,1.1252379139703084,8.568075117370892,15,72.0,639
1.0,1.0,Per period 14d,Both,84906,13.833328989879444,0.011036245353159852,0.5621301775147929,1.0,3.994608795417475,7.42566510172144,13,255.60090866050163,639
1.0,1.0,Per period 28d,Both,84906,12.997187890120783,0.008596654275092937,0.6166666666666667,0.9948712848376344,14.367186612729354,5.712050078247262,10,919.3055293227608,639
1.0,1.0,Per period 56d,Both,84906,12.435936158191566,0.007899628252788104,0.7311827956989247,1.0,26.05746188186889,3.998435054773083,7,1667.324956083968,639
1.0,1.0,SP Part Period Balancing,SAP only,84906,12.561983538511244,0.008828996282527882,0.8837209302325582,1.0,26.66167700000267,3.998435054773083,7,1705.9865475265578,639
1.0,1.0,WI Sliding Economic Lot Size,SAP only,84906,13.19785956091587,0.008480483271375464,0.8021978021978022,1.0,29.70978402944859,3.998435054773083,7,1901.0241510372205,639
1.0,1.0,DY Dynamic Planning Calculation,SAP only,84906,17.156141443409137,0.0060408921933085506,0.896551724137931,1.0,63.064694690630326,2.2848200312989047,4,4035.2870813817935,639
1.0,1.0,GR Groff Reorder Procedure,SAP only,84906,12.770807094883464,0.011617100371747211,0.6493506493506493,0.9967396554102296,3.6949066193378473,6.854460093896714,12,236.42402490123064,639
0.5,0.5,Per period 7d,Both,84906,15.234739726027398,0.009990706319702601,0.4479166666666667,1.0,1.1252379139703084,8.568075117370892,15,72.0,639
0.5,0.5,Per period 14d,Both,84906,13.833328989879444,0.011036245353159852,0.5621301775147929,1.0,3.994608795417475,7.42566510172144,13,255.60090866050163,639
0.5,0.5,Per period 28d,Both,84906,12.997187890120783,0.008596654275092937,0.6166666666666667,0.9948712848376344,14.367186612729354,5.712050078247262,10,919.3055293227608,639
0.5,0.5,Per period 56d,Both,84906,12.435936158191566,0.007899628252788104,0.7311827956989247,1.0,26.05746188186889,3.998435054773083,7,1667.324956083968,639
0.5,0.5,SP Part Period Balancing,SAP only,84906,12.08103843758095,0.011965613382899629,0.8879310344827587,0.9933291720143427,14.769128868972494,5.140845070422535,9,945.0243947202075,639
0.5,0.5,WI Sliding Economic Lot Size,SAP only,84906,13.414076424379605,0.009758364312267658,0.8155339805825242,0.9998056588200002,25.952676033768995,4.569640062597809,8,1660.6200797466854,639
0.5,0.5,DY Dynamic Planning Calculation,SAP only,84906,14.372742228548066,0.008945167286245352,0.8651685393258427,0.9967561348409969,25.7545382703821,5.140845070422535,9,1647.9419440504573,639
0.5,0.5,GR Groff Reorder Procedure,SAP only,84906,14.405674932433381,0.011849442379182156,0.5604395604395604,1.0,1.9446253194830185,7.996870109546166,14,124.42970616654128,639
2.0,2.0,Per period 7d,Both,84906,15.234739726027398,0.009990706319702601,0.4479166666666667,1.0,1.1252379139703084,8.568075117370892,15,72.0,639
2.0,2.0,Per period 14d,Both,84906,13.833328989879444,0.011036245353159852,0.5621301775147929,1.0,3.994608795417475,7.42566510172144,13,255.60090866050163,639
2.0,2.0,Per period 28d,Both,84906,12.997187890120783,0.008596654275092937,0.6166666666666667,0.9948712848376344,14.367186612729354,5.712050078247262,10,919.3055293227608,639
2.0,2.0,Per period 56d,Both,84906,12.435936158191566,0.007899628252788104,0.7311827956989247,1.0,26.05746188186889,3.998435054773083,7,1667.324956083968,639
2.0,2.0,SP Part Period Balancing,SAP only,84906,11.989852354176133,0.007318773234200744,0.875,0.9933291720143427,33.50624547059248,2.856025039123631,5,2143.946310314528,639
2.0,2.0,WI Sliding Economic Lot Size,SAP only,84906,16.255775396200736,0.006970260223048327,0.8955223880597015,1.0,58.74874003772156,2.2848200312989047,4,3759.124386229637,639
2.0,2.0,DY Dynamic Planning Calculation,SAP only,84906,18.34693184861339,0.0060408921933085506,0.9629629629629629,1.0,73.56637017273633,1.7136150234741785,3,4707.252205667131,639
2.0,2.0,GR Groff Reorder Procedure,SAP only,84906,12.231989079074163,0.009990706319702601,0.6370370370370371,0.9931178770293705,5.905608074237141,6.283255086071987,11,377.8790032454363,639
1.0,1.0,Per period 7d,Both,90014C,12.27111983984281,0.004879182156133829,0.267515923566879,1.0,1.9831093842749985,6.854460093896714,12,49.72801082543978,639
1.0,1.0,Per period 14d,Both,90014C,11.425095685866046,0.005227695167286246,0.33088235294117646,1.0,3.1093675931076725,6.283255086071987,11,77.96981172919931,639
1.0,1.0,Per period 28d,Both,90014C,10.06571269244029,0.00546003717472119,0.4351851851851852,1.0,15.109680752133164,4.569640062597809,8,378.8870013772391,639
1.0,1.0,Per period 56d,Both,90014C,8.736535619015447,0.003949814126394052,0.3695652173913043,0.9833449897018033,12.701911022793308,3.998435054773083,7,318.5103019802203,639
1.0,1.0,SP Part Period Balancing,SAP only,90014C,8.758656529569116,0.006389405204460966,0.6790123456790124,0.9821687809749218,27.492739153197466,2.856025039123631,5,689.4018257752399,639
1.0,1.0,WI Sliding Economic Lot Size,SAP only,90014C,12.413771245620747,0.0031366171003717473,0.42857142857142855,1.0,54.22812044512434,2.856025039123631,5,1359.8123138952628,639
1.0,1.0,DY Dynamic Planning Calculation,SAP only,90014C,9.830253820729283,0.0045306691449814125,0.5652173913043478,0.9854776957389043,42.6454628746347,2.2848200312989047,4,1069.3681630985868,639
1.0,1.0,GR Groff Reorder Procedure,SAP only,90014C,10.58903439531657,0.005808550185873606,0.37037037037037035,0.9959655594798019,4.3084992883231905,5.712050078247262,10,108.03897200530047,639
0.5,0.5,Per period 7d,Both,90014C,12.27111983984281,0.004879182156133829,0.267515923566879,1.0,1.9831093842749985,6.854460093896714,12,49.72801082543978,639
0.5,0.5,Per period 14d,Both,90014C,11.425095685866046,0.005227695167286246,0.33088235294117646,1.0,3.1093675931076725,6.283255086071987,11,77.96981172919931,639
0.5,0.5,Per period 28d,Both,90014C,10.06571269244029,0.00546003717472119,0.4351851851851852,1.0,15.109680752133164,4.569640062597809,8,378.8870013772391,639
0.5,0.5,Per period 56d,Both,90014C,8.736535619015447,0.003949814126394052,0.3695652173913043,0.9833449897018033,12.701911022793308,3.998435054773083,7,318.5103019802203,639
0.5,0.5,SP Part Period Balancing,SAP only,90014C,10.087963919391147,0.004763011152416357,0.41414141414141414,1.0,15.272437623793541,4.569640062597809,8,382.96825657174304,639
0.5,0.5,WI Sliding Economic Lot Size,SAP only,90014C,11.288689484245717,0.006854089219330855,0.5841584158415841,1.0,31.369671682383057,3.998435054773083,7,786.6189255023551,639
0.5,0.5,DY Dynamic Planning Calculation,SAP only,90014C,9.015539689039269,0.004646840148698885,0.5263157894736842,0.9823715285805096,29.37171416477475,2.856025039123631,5,736.5185861805696,639
0.5,0.5,GR Groff Reorder Procedure,SAP only,90014C,11.480366969951701,0.0070864312267657995,0.41216216216216217,1.0,3.513650076509639,6.283255086071987,11,88.10750956400558,639
2.0,2.0,Per period 7d,Both,90014C,12.27111983984281,0.004879182156133829,0.267515923566879,1.0,1.9831093842749985,6.854460093896714,12,49.72801082543978,639
2.0,2.0,Per period 14d,Both,90014C,11.425095685866046,0.005227695167286246,0.33088235294117646,1.0,3.1093675931076725,6.283255086071987,11,77.96981172919931,639
2.0,2.0,Per period 28d,Both,90014C,10.06571269244029,0.00546003717472119,0.4351851851851852,1.0,15.109680752133164,4.569640062597809,8,378.8870013772391,639
2.0,2.0,Per period 56d,Both,90014C,8.736535619015447,0.003949814126394052,0.3695652173913043,0.9833449897018033,12.701911022793308,3.998435054773083,7,318.5103019802203,639
2.0,2.0,SP Part Period Balancing,SAP only,90014C,12.718970832038702,0.006157063197026022,0.6883116883116883,1.0,56.46050655251214,2.856025039123631,5,1415.791132509611,639
2.0,2.0,WI Sliding Economic Lot Size,SAP only,90014C,18.366866922419966,0.002091078066914498,0.6206896551724138,1.0,119.71564826775258,1.1424100156494523,2,3001.963028484064,639
2.0,2.0,DY Dynamic Planning Calculation,SAP only,90014C,12.62344242063666,0.005692379182156134,0.7205882352941176,0.9854776957389043,70.39078727864214,1.7136150234741785,3,1765.1037605690358,639
2.0,2.0,GR Groff Reorder Procedure,SAP only,90014C,9.880033315398022,0.006273234200743495,0.43548387096774194,0.9940534774861262,6.437014448121168,5.140845070422535,9,161.4131457890844,639
1.0,1.0,Per period 7d,Both,90139,23.163412386230927,0.00023234200743494423,1.0,1.0,391.7368283776734,0.0,0,8129.466847090663,639
1.0,1.0,Per period 14d,Both,90139,23.163412386230927,0.00023234200743494423,1.0,1.0,391.7368283776734,0.0,0,8129.466847090663,639
1.0,1.0,Per period 28d,Both,90139,23.163412386230927,0.00023234200743494423,1.0,1.0,391.7368283776734,0.0,0,8129.466847090663,639
1.0,1.0,Per period 56d,Both,90139,31.97279991770142,0.00011617100371747211,1.0,1.0,540.7201247066475,0.0,0,11221.223048039441,639
1.0,1.0,SP Part Period Balancing,SAP only,90139,31.21888080941252,0.00011617100371747211,1.0,1.0,527.9699359430103,0.0,0,10956.626437918818,639
1.0,1.0,WI Sliding Economic Lot Size,SAP only,90139,23.163412386230927,0.00011617100371747211,1.0,1.0,391.7368283776734,0.0,0,8129.466847090663,639
1.0,1.0,DY Dynamic Planning Calculation,SAP only,90139,39.0127970786321,0.0,0.0,1.0,659.7797051184763,0.0,0,13691.991282404535,639
1.0,1.0,GR Groff Reorder Procedure,SAP only,90139,23.163412386230927,0.00023234200743494423,1.0,1.0,391.7368283776734,0.0,0,8129.466847090663,639
0.5,0.5,Per period 7d,Both,90139,23.163412386230927,0.00023234200743494423,1.0,1.0,391.7368283776734,0.0,0,8129.466847090663,639
0.5,0.5,Per period 14d,Both,90139,23.163412386230927,0.00023234200743494423,1.0,1.0,391.7368283776734,0.0,0,8129.466847090663,639
0.5,0.5,Per period 28d,Both,90139,23.163412386230927,0.00023234200743494423,1.0,1.0,391.7368283776734,0.0,0,8129.466847090663,639
0.5,0.5,Per period 56d,Both,90139,31.97279991770142,0.00011617100371747211,1.0,1.0,540.7201247066475,0.0,0,11221.223048039441,639
0.5,0.5,SP Part Period Balancing,SAP only,90139,23.163412386230927,0.00023234200743494423,1.0,1.0,391.7368283776734,0.0,0,8129.466847090663,639
0.5,0.5,WI Sliding Economic Lot Size,SAP only,90139,30.742574106326774,0.00011617100371747211,1.0,1.0,519.9146945955503,0.0,0,10789.4611046243,639
0.5,0.5,DY Dynamic Planning Calculation,SAP only,90139,23.163412386230927,0.00011617100371747211,1.0,1.0,391.7368283776734,0.0,0,8129.466847090663,639
0.5,0.5,GR Groff Reorder Procedure,SAP only,90139,23.163412386230927,0.00023234200743494423,1.0,1.0,391.7368283776734,0.0,0,8129.466847090663,639
2.0,2.0,Per period 7d,Both,90139,23.163412386230927,0.00023234200743494423,1.0,1.0,391.7368283776734,0.0,0,8129.466847090663,639
2.0,2.0,Per period 14d,Both,90139,23.163412386230927,0.00023234200743494423,1.0,1.0,391.7368283776734,0.0,0,8129.466847090663,639
2.0,2.0,Per period 28d,Both,90139,23.163412386230927,0.00023234200743494423,1.0,1.0,391.7368283776734,0.0,0,8129.466847090663,639
2.0,2.0,Per period 56d,Both,90139,31.97279991770142,0.00011617100371747211,1.0,1.0,540.7201247066475,0.0,0,11221.223048039441,639
2.0,2.0,SP Part Period Balancing,SAP only,90139,36.537505473469395,0.0,0.0,1.0,617.9178729087835,0.0,0,12823.259132515701,639
2.0,2.0,WI Sliding Economic Lot Size,SAP only,90139,30.742574106326774,0.00011617100371747211,1.0,1.0,519.9146945955503,0.0,0,10789.4611046243,639
2.0,2.0,DY Dynamic Planning Calculation,SAP only,90139,39.0127970786321,0.0,0.0,1.0,659.7797051184763,0.0,0,13691.991282404535,639
2.0,2.0,GR Groff Reorder Procedure,SAP only,90139,23.163412386230927,0.00023234200743494423,1.0,1.0,391.7368283776734,0.0,0,8129.466847090663,639
1.0,1.0,Per period 7d,Both,90027C,8.0,0.0016263940520446097,0.1111111111111111,1.0,0.0,4.569640062597809,8,0.0,639
1.0,1.0,Per period 14d,Both,90027C,7.019460541904888,0.0017425650557620818,0.1485148514851485,0.9429674580516733,0.9945149751076913,3.998435054773083,7,12.039148805566178,639
1.0,1.0,Per period 28d,Both,90027C,5.080953797203548,0.0023234200743494425,0.22727272727272727,0.9679358578083289,4.1370771689835735,2.856025039123631,5,50.081586405584645,639
1.0,1.0,Per period 56d,Both,90027C,5.278965471264312,0.0018587360594795538,0.21333333333333335,0.9919923153941306,14.256300778584746,2.856025039123631,5,172.58033391775257,639
1.0,1.0,SP Part Period Balancing,SAP only,90027C,3.8636547829411176,0.001974907063197026,0.5862068965517241,1.0,95.24054361510346,1.1424100156494523,2,1152.9389758873012,639
1.0,1.0,WI Sliding Economic Lot Size,SAP only,90027C,4.262241924192539,0.0005808550185873606,0.38461538461538464,1.0,166.71418822200135,0.5712050078247262,1,2018.1666141191126,639
1.0,1.0,DY Dynamic Planning Calculation,SAP only,90027C,4.585077936122705,0.0008131970260223048,0.35,1.0,183.21245686928683,0.5712050078247262,1,2217.8871977708254,639
1.0,1.0,GR Groff Reorder Procedure,SAP only,90027C,5.194371294026267,0.0024395910780669145,0.25925925925925924,1.0,9.933184984516334,2.856025039123631,5,120.24664799930058,639
0.5,0.5,Per period 7d,Both,90027C,8.0,0.0016263940520446097,0.1111111111111111,1.0,0.0,4.569640062597809,8,0.0,639
0.5,0.5,Per period 14d,Both,90027C,7.019460541904888,0.0017425650557620818,0.1485148514851485,0.9429674580516733,0.9945149751076913,3.998435054773083,7,12.039148805566178,639
0.5,0.5,Per period 28d,Both,90027C,5.080953797203548,0.0023234200743494425,0.22727272727272727,0.9679358578083289,4.1370771689835735,2.856025039123631,5,50.081586405584645,639
0.5,0.5,Per period 56d,Both,90027C,5.278965471264312,0.0018587360594795538,0.21333333333333335,0.9919923153941306,14.256300778584746,2.856025039123631,5,172.58033391775257,639
0.5,0.5,SP Part Period Balancing,SAP only,90027C,2.8509623733546507,0.0013940520446096654,0.42857142857142855,0.9809289456401142,43.48773162076351,1.1424100156494523,2,526.4428241939788,639
0.5,0.5,WI Sliding Economic Lot Size,SAP only,90027C,4.382937907559012,0.0016263940520446097,0.5384615384615384,0.9877742726703337,121.77808025088952,1.1424100156494523,2,1474.1904004390497,639
0.5,0.5,DY Dynamic Planning Calculation,SAP only,90027C,3.664393417437216,0.0011617100371747212,0.35714285714285715,1.0,85.05745555298408,1.1424100156494523,2,1029.6671141772606,639
0.5,0.5,GR Groff Reorder Procedure,SAP only,90027C,6.086315538450778,0.0013940520446096654,0.13636363636363635,1.0,4.411084541906935,3.427230046948357,6,53.39859582124417,639
2.0,2.0,Per period 7d,Both,90027C,8.0,0.0016263940520446097,0.1111111111111111,1.0,0.0,4.569640062597809,8,0.0,639
2.0,2.0,Per period 14d,Both,90027C,7.019460541904888,0.0017425650557620818,0.1485148514851485,0.9429674580516733,0.9945149751076913,3.998435054773083,7,12.039148805566178,639
2.0,2.0,Per period 28d,Both,90027C,5.080953797203548,0.0023234200743494425,0.22727272727272727,0.9679358578083289,4.1370771689835735,2.856025039123631,5,50.081586405584645,639
2.0,2.0,Per period 56d,Both,90027C,5.278965471264312,0.0018587360594795538,0.21333333333333335,0.9919923153941306,14.256300778584746,2.856025039123631,5,172.58033391775257,639
2.0,2.0,SP Part Period Balancing,SAP only,90027C,3.850855194520653,0.0016263940520446097,0.7368421052631579,0.9809289456401142,145.69060803503285,0.5712050078247262,1,1763.664654237353,639
2.0,2.0,WI Sliding Economic Lot Size,SAP only,90027C,4.918110994886208,0.00046468401486988845,0.23529411764705882,1.0,200.23183720129273,0.5712050078247262,1,2423.9161239550267,639
2.0,2.0,DY Dynamic Planning Calculation,SAP only,90027C,6.279216264835177,0.0,0.0,1.0,320.89417847865275,0.0,0,3884.59989265227,639
2.0,2.0,GR Groff Reorder Procedure,SAP only,90027C,5.194371294026267,0.0015102230483271376,0.17333333333333334,1.0,9.933184984516334,2.856025039123631,5,120.24664799930058,639
1.0,1.0,Per period 7d,Both,22957,42.461329657160135,0.026603159851301114,0.9462809917355371,1.0,10.245514123151187,9.710485133020343,17,15751.500550616016,639
1.0,1.0,Per period 14d,Both,22957,44.79741902162404,0.016263940520446097,0.9655172413793104,1.0,14.00231067410104,5.712050078247262,10,21527.21685236063,639
1.0,1.0,Per period 28d,Both,22957,53.83982976813024,0.009758364312267658,0.9333333333333333,1.0,18.84811767010057,3.998435054773083,7,28977.18282265684,639
1.0,1.0,Per period 56d,Both,22957,84.56780812447376,0.006505576208178439,0.8888888888888888,1.0,32.01769557459968,2.856025039123631,5,49224.15248378461,639
1.0,1.0,SP Part Period Balancing,SAP only,22957,41.667270650099795,0.02695167286245353,0.9789029535864979,1.0,11.133173954838162,7.996870109546166,14,17116.192859807496,639
1.0,1.0,WI Sliding Economic Lot Size,SAP only,22957,42.26789505007874,0.029623605947955392,0.9922178988326849,1.0,11.374862266311046,7.996870109546166,14,17487.76558182837,639
1.0,1.0,DY Dynamic Planning Calculation,SAP only,22957,43.1594188175493,0.01324349442379182,0.957983193277311,1.0,13.745582522451551,5.140845070422535,9,21132.521810856768,639
1.0,1.0,GR Groff Reorder Procedure,SAP only,22957,38.80484764854988,0.02474442379182156,0.9508928571428571,1.0,9.176558797424137,9.139280125195619,16,14108.083714780858,639
0.5,0.5,Per period 7d,Both,22957,42.461329657160135,0.026603159851301114,0.9462809917355371,1.0,10.245514123151187,9.710485133020343,17,15751.500550616016,639
0.5,0.5,Per period 14d,Both,22957,44.79741902162404,0.016263940520446097,0.9655172413793104,1.0,14.00231067410104,5.712050078247262,10,21527.21685236063,639
0.5,0.5,Per period 28d,Both,22957,53.83982976813024,0.009758364312267658,0.9333333333333333,1.0,18.84811767010057,3.998435054773083,7,28977.18282265684,639
0.5,0.5,Per period 56d,Both,22957,84.56780812447376,0.006505576208178439,0.8888888888888888,1.0,32.01769557459968,2.856025039123631,5,49224.15248378461,639
0.5,0.5,SP Part Period Balancing,SAP only,22957,38.87113020763848,0.02730018587360595,0.9670781893004116,1.0,8.800835480664828,9.710485133020343,17,13530.444958962787,639
0.5,0.5,WI Sliding Economic Lot Size,SAP only,22957,43.34767272172431,0.03612918215613383,0.9779874213836478,1.0,10.602174223319818,9.710485133020343,17,16299.831429541307,639
0.5,0.5,DY Dynamic Planning Calculation,SAP only,22957,38.79660719078698,0.0191682156133829,0.9322033898305084,1.0,9.575637970962218,8.568075117370892,15,14721.62987226652,639
0.5,0.5,GR Groff Reorder Procedure,SAP only,22957,38.410504774075804,0.02973977695167286,0.9660377358490566,0.9998921875587052,8.213086973037619,10.28169014084507,18,12626.837699216383,639
2.0,2.0,Per period 7d,Both,22957,42.461329657160135,0.026603159851301114,0.9462809917355371,1.0,10.245514123151187,9.710485133020343,17,15751.500550616016,639
2.0,2.0,Per period 14d,Both,22957,44.79741902162404,0.016263940520446097,0.9655172413793104,1.0,14.00231067410104,5.712050078247262,10,21527.21685236063,639
2.0,2.0,Per period 28d,Both,22957,53.83982976813024,0.009758364312267658,0.9333333333333333,1.0,18.84811767010057,3.998435054773083,7,28977.18282265684,639
2.0,2.0,Per period 56d,Both,22957,84.56780812447376,0.006505576208178439,0.8888888888888888,1.0,32.01769557459968,2.856025039123631,5,49224.15248378461,639
2.0,2.0,SP Part Period Balancing,SAP only,22957,41.386980013984484,0.018471189591078067,0.9754601226993865,1.0,12.629966751399008,5.712050078247262,10,19417.368991702264,639
2.0,2.0,WI Sliding Economic Lot Size,SAP only,22957,42.67089194459683,0.023466542750929367,0.9950738916256158,1.0,12.744211519209156,6.283255086071987,11,19593.009423352272,639
2.0,2.0,DY Dynamic Planning Calculation,SAP only,22957,55.873778862491626,0.009409851301115242,0.9418604651162791,1.0,20.471358992327822,2.856025039123631,5,31472.76149967702,639
2.0,2.0,GR Groff Reorder Procedure,SAP only,22957,38.34122061875632,0.020213754646840148,0.9456521739130435,1.0,10.197182835435488,7.42566510172144,13,15677.195806518737,639
1.0,1.0,Per period 7d,Both,90065B,5.732830741283111,0.0013940520446096654,0.1935483870967742,1.0,22.576030255607716,2.2848200312989047,4,468.5060893098781,639
1.0,1.0,Per period 14d,Both,90065B,5.732830741283111,0.0018587360594795538,0.2807017543859649,1.0,22.576030255607716,2.2848200312989047,4,468.5060893098781,639
1.0,1.0,Per period 28d,Both,90065B,5.732830741283111,0.0024395910780669145,0.3230769230769231,1.0,22.576030255607716,2.2848200312989047,4,468.5060893098781,639
1.0,1.0,Per period 56d,Both,90065B,13.987035760291072,0.00011617100371747211,1.0,1.0,182.2288438147043,0.0,0,3781.6800388935117,639
1.0,1.0,SP Part Period Balancing,SAP only,90065B,15.405166122718025,0.00011617100371747211,1.0,1.0,200.7048283444109,0.0,0,4165.100470216355,639
1.0,1.0,WI Sliding Economic Lot Size,SAP only,90065B,10.017995448288701,0.00011617100371747211,1.0,1.0,130.51855726753573,0.0,0,2708.5691397225005,639
1.0,1.0,DY Dynamic Planning Calculation,SAP only,90065B,19.370126200224252,0.0,0.0,1.0,252.36195592155414,0.0,0,5237.108194875445,639
1.0,1.0,GR Groff Reorder Procedure,SAP only,90065B,5.732830741283111,0.0018587360594795538,0.2711864406779661,1.0,22.576030255607716,2.2848200312989047,4,468.5060893098781,639
0.5,0.5,Per period 7d,Both,90065B,5.732830741283111,0.0013940520446096654,0.1935483870967742,1.0,22.576030255607716,2.2848200312989047,4,468.5060893098781,639
0.5,0.5,Per period 14d,Both,90065B,5.732830741283111,0.0018587360594795538,0.2807017543859649,1.0,22.576030255607716,2.2848200312989047,4,468.5060893098781,639
0.5,0.5,Per period 28d,Both,90065B,5.732830741283111,0.0024395910780669145,0.3230769230769231,1.0,22.576030255607716,2.2848200312989047,4,468.5060893098781,639
0.5,0.5,Per period 56d,Both,90065B,13.987035760291072,0.00011617100371747211,1.0,1.0,182.2288438147043,0.0,0,3781.6800388935117,639
0.5,0.5,SP Part Period Balancing,SAP only,90065B,5.287422777496122,0.0008131970260223048,0.22580645161290322,0.9952256378838865,42.82989349136944,1.1424100156494523,2,888.821713915618,639
0.5,0.5,WI Sliding Economic Lot Size,SAP only,90065B,4.817292898211997,0.0026719330855018587,0.46,0.9795081930600923,23.676437909311087,1.7136150234741785,3,491.3421539610214,639
0.5,0.5,DY Dynamic Planning Calculation,SAP only,90065B,16.412478489421858,0.0,0.0,1.0,213.828507377664,0.0,0,4437.447887880724,639
0.5,0.5,GR Groff Reorder Procedure,SAP only,90065B,5.732830741283111,0.0018587360594795538,0.2711864406779661,1.0,22.576030255607716,2.2848200312989047,4,468.5060893098781,639
2.0,2.0,Per period 7d,Both,90065B,5.732830741283111,0.0013940520446096654,0.1935483870967742,1.0,22.576030255607716,2.2848200312989047,4,468.5060893098781,639
2.0,2.0,Per period 14d,Both,90065B,5.732830741283111,0.0018587360594795538,0.2807017543859649,1.0,22.576030255607716,2.2848200312989047,4,468.5060893098781,639
2.0,2.0,Per period 28d,Both,90065B,5.732830741283111,0.0024395910780669145,0.3230769230769231,1.0,22.576030255607716,2.2848200312989047,4,468.5060893098781,639
2.0,2.0,Per period 56d,Both,90065B,13.987035760291072,0.00011617100371747211,1.0,1.0,182.2288438147043,0.0,0,3781.6800388935117,639
2.0,2.0,SP Part Period Balancing,SAP only,90065B,21.419888051661875,0.0,0.0,1.0,279.0670947861732,0.0,0,5791.303065819691,639
2.0,2.0,WI Sliding Economic Lot Size,SAP only,90065B,10.017995448288701,0.00011617100371747211,1.0,1.0,130.51855726753573,0.0,0,2708.5691397225005,639
2.0,2.0,DY Dynamic Planning Calculation,SAP only,90065B,30.32533154039236,0.0,0.0,1.0,395.0908684020041,0.0,0,8199.071120180155,639
2.0,2.0,GR Groff Reorder Procedure,SAP only,90065B,4.904211389677672,0.0025557620817843866,0.44,1.0,24.808847697729217,1.7136150234741785,3,514.8423386906296,639
1.0,1.0,Per period 7d,Both,23047,16.676898742910303,0.011268587360594795,0.5025906735751295,0.9992479349568419,10.61249380987701,8.568075117370892,15,532.2330792715316,639
1.0,1.0,Per period 14d,Both,23047,12.455459963246433,0.007783457249070632,0.5234375,0.9969053721255057,15.539729975065905,5.712050078247262,10,779.3416405086502,639
1.0,1.0,Per period 28d,Both,23047,10.462202322105313,0.008596654275092937,0.7708333333333334,0.9998165004033186,21.911043148685668,3.998435054773083,7,1098.8729109290775,639
1.0,1.0,Per period 56d,Both,23047,9.957328541827199,0.006273234200743495,0.8709677419354839,0.9954342600229237,37.70180670767338,2.2848200312989047,4,1890.8042763190674,639
1.0,1.0,SP Part Period Balancing,SAP only,23047,8.881090221429995,0.008248141263940521,0.9342105263157895,0.9923709352226222,30.890678390321728,2.2848200312989047,4,1549.2155920190853,639
1.0,1.0,WI Sliding Economic Lot Size,SAP only,23047,8.944660499340236,0.007434944237918215,0.8421052631578947,0.9968669910805635,24.964348806571792,2.856025039123631,5,1252.0009410949442,639
1.0,1.0,DY Dynamic Planning Calculation,SAP only,23047,10.981606519541131,0.004182156133828996,0.9230769230769231,1.0,56.84138293642913,1.1424100156494523,2,2850.683808376098,639
1.0,1.0,GR Groff Reorder Procedure,SAP only,23047,12.201441184629536,0.010106877323420074,0.75,0.9948526984913447,13.932135761603886,5.712050078247262,10,698.7182890345917,639
0.5,0.5,Per period 7d,Both,23047,16.676898742910303,0.011268587360594795,0.5025906735751295,0.9992479349568419,10.61249380987701,8.568075117370892,15,532.2330792715316,639
0.5,0.5,Per period 14d,Both,23047,12.455459963246433,0.007783457249070632,0.5234375,0.9969053721255057,15.539729975065905,5.712050078247262,10,779.3416405086502,639
0.5,0.5,Per period 28d,Both,23047,10.462202322105313,0.008596654275092937,0.7708333333333334,0.9998165004033186,21.911043148685668,3.998435054773083,7,1098.8729109290775,639
0.5,0.5,Per period 56d,Both,23047,9.957328541827199,0.006273234200743495,0.8709677419354839,0.9954342600229237,37.70180670767338,2.2848200312989047,4,1890.8042763190674,639
0.5,0.5,SP Part Period Balancing,SAP only,23047,10.365645844240603,0.009409851301115242,0.7941176470588235,0.9958163662632773,21.29997165258307,3.998435054773083,7,1068.2267244763652,639
0.5,0.5,WI Sliding Economic Lot Size,SAP only,23047,11.813276098039958,0.010339219330855019,0.8640776699029126,1.0,24.13286380999191,4.569640062597809,8,1210.3006745952912,639
0.5,0.5,DY Dynamic Planning Calculation,SAP only,23047,9.313699911747083,0.007202602230483271,0.9117647058823529,1.0,27.299867570794405,2.856025039123631,5,1369.130841554509,639
0.5,0.5,GR Groff Reorder Procedure,SAP only,23047,13.0966140952398,0.011152416356877323,0.6808510638297872,0.9948526984913447,13.268722516195126,6.283255086071987,11,665.4470824021973,639
2.0,2.0,Per period 7d,Both,23047,16.676898742910303,0.011268587360594795,0.5025906735751295,0.9992479349568419,10.61249380987701,8.568075117370892,15,532.2330792715316,639
2.0,2.0,Per period 14d,Both,23047,12.455459963246433,0.007783457249070632,0.5234375,0.9969053721255057,15.539729975065905,5.712050078247262,10,779.3416405086502,639
2.0,2.0,Per period 28d,Both,23047,10.462202322105313,0.008596654275092937,0.7708333333333334,0.9998165004033186,21.911043148685668,3.998435054773083,7,1098.8729109290775,639
2.0,2.0,Per period 56d,Both,23047,9.957328541827199,0.006273234200743495,0.8709677419354839,0.9954342600229237,37.70180670767338,2.2848200312989047,4,1890.8042763190674,639
2.0,2.0,SP Part Period Balancing,SAP only,23047,10.774978219678893,0.005227695167286246,0.8333333333333334,0.9958163662632773,42.87641977333132,2.2848200312989047,4,2150.3191740719967,639
2.0,2.0,WI Sliding Economic Lot Size,SAP only,23047,11.092294656621684,0.0055762081784386614,0.8571428571428571,1.0,38.55595909096742,2.856025039123631,5,1933.6413475364475,639
2.0,2.0,DY Dynamic Planning Calculation,SAP only,23047,11.932239832532556,0.004065985130111524,0.9459459459459459,1.0,62.857601979014454,1.1424100156494523,2,3152.4065555429415,639
2.0,2.0,GR Groff Reorder Procedure,SAP only,23047,11.659990980876833,0.010687732342007435,0.8518518518518519,1.0,16.834133806965358,5.140845070422535,9,844.2580069739514,639
1.0,1.0,Per period 7d,Both,90003C,21.04931506849315,0.007318773234200744,0.21428571428571427,1.0,0.5236956329169989,11.995305164319248,21,24.0,639
1.0,1.0,Per period 14d,Both,90003C,16.270193204598467,0.008015799256505576,0.3,0.9973624443617177,2.8692853039780286,9.139280125195619,16,131.49402623792136,639
1.0,1.0,Per period 28d,Both,90003C,16.27703003384823,0.012197955390334572,0.546875,0.993262454645086,13.561271884333932,8.568075117370892,15,621.4879498061397,639
1.0,1.0,Per period 56d,Both,90003C,10.465724107870827,0.009409851301115242,0.6428571428571429,0.9974005040276601,26.184470319644,4.569640062597809,8,1199.9857324971356,639
1.0,1.0,SP Part Period Balancing,SAP only,90003C,9.088547181541529,0.006389405204460966,0.6962025316455697,1.0,43.41785116339818,2.856025039123631,5,1989.7596283502112,639
1.0,1.0,WI Sliding Economic Lot Size,SAP only,90003C,9.562560303217982,0.006389405204460966,0.7638888888888888,0.9903662227401882,59.07096203338559,2.2848200312989047,4,2707.1126808994177,639
1.0,1.0,DY Dynamic Planning Calculation,SAP only,90003C,9.930844031757612,0.0026719330855018587,0.7666666666666667,1.0,84.22067558020649,1.1424100156494523,2,3859.6774287887047,639
1.0,1.0,GR Groff Reorder Procedure,SAP only,90003C,12.687874592191134,0.009642193308550186,0.49404761904761907,0.9888453649408847,7.304804209591474,6.854460093896714,12,334.7656348663524,639
0.5,0.5,Per period 7d,Both,90003C,21.04931506849315,0.007318773234200744,0.21428571428571427,1.0,0.5236956329169989,11.995305164319248,21,24.0,639
0.5,0.5,Per period 14d,Both,90003C,16.270193204598467,0.008015799256505576,0.3,0.9973624443617177,2.8692853039780286,9.139280125195619,16,131.49402623792136,639
0.5,0.5,Per period 28d,Both,90003C,16.27703003384823,0.012197955390334572,0.546875,0.993262454645086,13.561271884333932,8.568075117370892,15,621.4879498061397,639
0.5,0.5,Per period 56d,Both,90003C,10.465724107870827,0.009409851301115242,0.6428571428571429,0.9974005040276601,26.184470319644,4.569640062597809,8,1199.9857324971356,639
0.5,0.5,SP Part Period Balancing,SAP only,90003C,9.807749829238393,0.008480483271375464,0.6952380952380952,0.9928268070183388,29.816572678994024,3.998435054773083,7,1366.4382502293513,639
0.5,0.5,WI Sliding Economic Lot Size,SAP only,90003C,11.593875650699854,0.007318773234200744,0.8076923076923077,1.0,70.02289539045975,2.856025039123631,5,3209.019483340596,639
0.5,0.5,DY Dynamic Planning Calculation,SAP only,90003C,9.552122913812356,0.006157063197026022,0.7794117647058824,1.0,48.340739723316744,2.856025039123631,5,2215.3664847220134,639
0.5,0.5,GR Groff Reorder Procedure,SAP only,90003C,14.431037051425761,0.008480483271375464,0.35784313725490197,0.9943362758371953,4.577347823991019,7.996870109546166,14,209.7713650272041,639
2.0,2.0,Per period 7d,Both,90003C,21.04931506849315,0.007318773234200744,0.21428571428571427,1.0,0.5236956329169989,11.995305164319248,21,24.0,639
2.0,2.0,Per period 14d,Both,90003C,16.270193204598467,0.008015799256505576,0.3,0.9973624443617177,2.8692853039780286,9.139280125195619,16,131.49402623792136,639
2.0,2.0,Per period 28d,Both,90003C,16.27703003384823,0.012197955390334572,0.546875,0.993262454645086,13.561271884333932,8.568075117370892,15,621.4879498061397,639
2.0,2.0,Per period 56d,Both,90003C,10.465724107870827,0.009409851301115242,0.6428571428571429,0.9974005040276601,26.184470319644,4.569640062597809,8,1199.9857324971356,639
2.0,2.0,SP Part Period Balancing,SAP only,90003C,7.614308598335246,0.005227695167286246,0.8035714285714286,1.0,49.00111336589041,1.7136150234741785,3,2245.6301845231533,639
2.0,2.0,WI Sliding Economic Lot Size,SAP only,90003C,14.591862014560697,0.00383364312267658,0.8918918918918919,1.0,133.71781382063287,1.1424100156494523,2,6128.039513752873,639
2.0,2.0,DY Dynamic Planning Calculation,SAP only,90003C,18.160615328018824,0.0015102230483271376,0.8125,1.0,182.23515813833166,0.5712050078247262,1,8351.499459635828,639
2.0,2.0,GR Groff Reorder Procedure,SAP only,90003C,10.942105536168707,0.008248141263940521,0.4551282051282051,0.9905580007233106,10.004580143835849,5.712050078247262,10,458.491360935438,639
1.0,1.0,Per period 7d,Both,17084A,13.014383561643836,0.02032992565055762,0.9114583333333334,1.0,0.32706293062548236,7.42566510172144,13,125.0,639
1.0,1.0,Per period 14d,Both,17084A,13.016730600307701,0.020213754646840148,0.9456521739130435,1.0,0.38043144690143826,7.42566510172144,13,145.39688362645254,639
1.0,1.0,Per period 28d,Both,17084A,10.394642274208392,0.015450743494423791,0.9432624113475178,1.0,8.973636846519092,5.712050078247262,10,3429.629287763409,639
1.0,1.0,Per period 56d,Both,17084A,8.752070831882815,0.01150092936802974,0.9611650485436893,1.0,17.101083612274525,4.569640062597809,8,6535.853658029218,639
1.0,1.0,SP Part Period Balancing,SAP only,17084A,7.066669645859366,0.008828996282527882,0.987012987012987,1.0,69.73196114224109,2.2848200312989047,4,26650.81954139687,639
1.0,1.0,WI Sliding Economic Lot Size,SAP only,17084A,7.51911701486919,0.007551115241635688,0.9848484848484849,1.0,80.02000843722809,2.2848200312989047,4,30582.802629220336,639
1.0,1.0,DY Dynamic Planning Calculation,SAP only,17084A,7.2622115365969595,0.001974907063197026,0.9444444444444444,1.0,142.3943045590436,0.5712050078247262,1,54421.60025852119,639
1.0,1.0,GR Groff Reorder Procedure,SAP only,17084A,10.376503543443004,0.016147769516728624,0.9455782312925171,1.0,8.561186398649872,5.712050078247262,10,3271.995079921343,639
0.5,0.5,Per period 7d,Both,17084A,13.014383561643836,0.02032992565055762,0.9114583333333334,1.0,0.32706293062548236,7.42566510172144,13,125.0,639
0.5,0.5,Per period 14d,Both,17084A,13.016730600307701,0.020213754646840148,0.9456521739130435,1.0,0.38043144690143826,7.42566510172144,13,145.39688362645254,639
0.5,0.5,Per period 28d,Both,17084A,10.394642274208392,0.015450743494423791,0.9432624113475178,1.0,8.973636846519092,5.712050078247262,10,3429.629287763409,639
0.5,0.5,Per period 56d,Both,17084A,8.752070831882815,0.01150092936802974,0.9611650485436893,1.0,17.101083612274525,4.569640062597809,8,6535.853658029218,639
0.5,0.5,SP Part Period Balancing,SAP only,17084A,7.923427894659136,0.009177509293680297,0.9875,1.0,43.73617464514606,3.427230046948357,6,16715.504322632965,639
0.5,0.5,WI Sliding Economic Lot Size,SAP only,17084A,7.387865812564707,0.008248141263940521,0.9861111111111112,1.0,54.29687096537166,2.856025039123631,5,20751.69099014566,639
0.5,0.5,DY Dynamic Planning Calculation,SAP only,17084A,5.924036013660253,0.0060408921933085506,1.0,1.0,66.48866334799884,1.7136150234741785,3,25411.265356809334,639
0.5,0.5,GR Groff Reorder Procedure,SAP only,17084A,13.086886946808484,0.01812267657992565,0.9341317365269461,1.0,1.9756928193415986,7.42566510172144,13,755.0889425023038,639
2.0,2.0,Per period 7d,Both,17084A,13.014383561643836,0.02032992565055762,0.9114583333333334,1.0,0.32706293062548236,7.42566510172144,13,125.0,639
2.0,2.0,Per period 14d,Both,17084A,13.016730600307701,0.020213754646840148,0.9456521739130435,1.0,0.38043144690143826,7.42566510172144,13,145.39688362645254,639
2.0,2.0,Per period 28d,Both,17084A,10.394642274208392,0.015450743494423791,0.9432624113475178,1.0,8.973636846519092,5.712050078247262,10,3429.629287763409,639
2.0,2.0,Per period 56d,Both,17084A,8.752070831882815,0.01150092936802974,0.9611650485436893,1.0,17.101083612274525,4.569640062597809,8,6535.853658029218,639
2.0,2.0,SP Part Period Balancing,SAP only,17084A,6.52113845224201,0.005227695167286246,1.0,1.0,102.80463410726622,1.1424100156494523,2,39290.84607305556,639
2.0,2.0,WI Sliding Economic Lot Size,SAP only,17084A,8.7021500113308,0.004879182156133829,0.9545454545454546,1.0,129.65925545786143,1.7136150234741785,3,49554.39890799387,639
2.0,2.0,DY Dynamic Planning Calculation,SAP only,17084A,12.43636769716107,0.0017425650557620818,1.0,0.9989446361006088,282.7863477828376,0.0,0,108077.9573681855,639
2.0,2.0,GR Groff Reorder Procedure,SAP only,17084A,9.603687443376852,0.014172862453531599,0.953125,1.0,13.727044059164374,5.140845070422535,9,5246.331353155978,639
1.0,1.0,Per period 7d,Both,90123A,12.70589122657423,0.0070864312267657995,0.3765432098765432,0.9881795749422908,6.767457598443514,6.854460093896714,12,216.5128552097429,639
1.0,1.0,Per period 14d,Both,90123A,11.126483682466136,0.006737918215613383,0.47540983606557374,0.9842115770098041,10.799724191821237,5.712050078247262,10,345.51810428583155,639
1.0,1.0,Per period 28d,Both,90123A,9.549248275522421,0.005343866171003717,0.40707964601769914,0.9846393342614421,14.852815305471418,4.569640062597809,8,475.18959711401993,639
1.0,1.0,Per period 56d,Both,90123A,11.25142371732841,0.007202602230483271,0.5849056603773585,0.9997848534202891,21.58464926259834,5.140845070422535,9,690.5627368276218,639
1.0,1.0,SP Part Period Balancing,SAP only,90123A,8.78445234416456,0.007899628252788104,0.8,0.9974720628299087,36.28196499446164,2.856025039123631,5,1160.777399680726,639
1.0,1.0,WI Sliding Economic Lot Size,SAP only,90123A,9.602673254950762,0.005924721189591078,0.7846153846153846,0.989285200774573,53.71345083126008,2.2848200312989047,4,1718.467006770612,639
1.0,1.0,DY Dynamic Planning Calculation,SAP only,90123A,9.732397942210373,0.004995353159851301,0.9148936170212766,0.9958389978207199,64.54424689604201,1.7136150234741785,3,2064.9792007620044,639
1.0,1.0,GR Groff Reorder Procedure,SAP only,90123A,11.003864092884525,0.009409851301115242,0.5704225352112676,0.9653159303778831,9.62415656611306,5.712050078247262,10,307.90789403600957,639
0.5,0.5,Per period 7d,Both,90123A,12.70589122657423,0.0070864312267657995,0.3765432098765432,0.9881795749422908,6.767457598443514,6.854460093896714,12,216.5128552097429,639
0.5,0.5,Per period 14d,Both,90123A,11.126483682466136,0.006737918215613383,0.47540983606557374,0.9842115770098041,10.799724191821237,5.712050078247262,10,345.51810428583155,639
0.5,0.5,Per period 28d,Both,90123A,9.549248275522421,0.005343866171003717,0.40707964601769914,0.9846393342614421,14.852815305471418,4.569640062597809,8,475.18959711401993,639
0.5,0.5,Per period 56d,Both,90123A,11.25142371732841,0.007202602230483271,0.5849056603773585,0.9997848534202891,21.58464926259834,5.140845070422535,9,690.5627368276218,639
0.5,0.5,SP Part Period Balancing,SAP only,90123A,10.08413358796435,0.008131970260223048,0.6730769230769231,1.0,29.567931288475034,3.998435054773083,7,945.9737475688974,639
0.5,0.5,WI Sliding Economic Lot Size,SAP only,90123A,10.305672377058572,0.007318773234200744,0.6494845360824743,1.0,41.27895934611001,3.427230046948357,6,1320.6474097700661,639
0.5,0.5,DY Dynamic Planning Calculation,SAP only,90123A,9.633354321934462,0.009061338289962825,0.8210526315789474,1.0,34.83337147161335,3.427230046948357,6,1114.432207988301,639
0.5,0.5,GR Groff Reorder Procedure,SAP only,90123A,11.774884110895577,0.008480483271375464,0.4591194968553459,0.9772331564041178,7.4289000440522885,6.283255086071987,11,237.67453821587043,639
2.0,2.0,Per period 7d,Both,90123A,12.70589122657423,0.0070864312267657995,0.3765432098765432,0.9881795749422908,6.767457598443514,6.854460093896714,12,216.5128552097429,639
2.0,2.0,Per period 14d,Both,90123A,11.126483682466136,0.006737918215613383,0.47540983606557374,0.9842115770098041,10.799724191821237,5.712050078247262,10,345.51810428583155,639
2.0,2.0,Per period 28d,Both,90123A,9.549248275522421,0.005343866171003717,0.40707964601769914,0.9846393342614421,14.852815305471418,4.569640062597809,8,475.18959711401993,639
2.0,2.0,Per period 56d,Both,90123A,11.25142371732841,0.007202602230483271,0.5849056603773585,0.9997848534202891,21.58464926259834,5.140845070422535,9,690.5627368276218,639
2.0,2.0,SP Part Period Balancing,SAP only,90123A,9.837046238416846,0.0037174721189591076,0.6956521739130435,1.0,65.54752173594004,1.7136150234741785,3,2097.0772075816376,639
2.0,2.0,WI Sliding Economic Lot Size,SAP only,90123A,12.504473606314573,0.0032527881040892194,0.6363636363636364,0.9983418809955784,91.1204442055712,1.7136150234741785,3,2915.237702777158,639
2.0,2.0,DY Dynamic Planning Calculation,SAP only,90123A,12.113429128702064,0.004763011152416357,0.8541666666666666,1.0,87.37145736210057,1.7136150234741785,3,2795.295489055675,639
2.0,2.0,GR Groff Reorder Procedure,SAP only,90123A,10.876318256405602,0.008131970260223048,0.5691056910569106,0.9772331564041178,17.988471542612498,5.140845070422535,9,575.509381166424,639
1.0,1.0,Per period 7d,Both,90124A,12.061095109208718,0.005692379182156134,0.2620320855614973,1.0,0.4319848927059361,6.854460093896714,12,11.205886864915826,639
1.0,1.0,Per period 14d,Both,90124A,9.690793167054332,0.005227695167286246,0.3146853146853147,1.0,4.8843878997334125,5.140845070422535,9,126.70326933408596,639
1.0,1.0,Per period 28d,Both,90124A,7.29971313409824,0.00546003717472119,0.49473684210526314,0.9712272682283144,9.189875360789046,3.427230046948357,6,238.38959494766712,639
1.0,1.0,Per period 56d,Both,90124A,7.810084034397741,0.005692379182156134,0.550561797752809,0.9872337005116034,12.798552413037402,3.427230046948357,6,332.0003379674249,639
1.0,1.0,SP Part Period Balancing,SAP only,90124A,9.001749012105602,0.006389405204460966,0.6875,0.9927071145591175,21.22445219787788,3.427230046948357,6,550.5720549841935,639
1.0,1.0,WI Sliding Economic Lot Size,SAP only,90124A,16.006530017359264,0.0055762081784386614,0.7868852459016393,1.0,77.82381847244571,2.856025039123631,5,2018.7856564503172,639
1.0,1.0,DY Dynamic Planning Calculation,SAP only,90124A,8.808811961006086,0.006389405204460966,0.7051282051282052,1.0,34.00164343632551,2.2848200312989047,4,882.0182742548851,639
1.0,1.0,GR Groff Reorder Procedure,SAP only,90124A,9.488047718701063,0.007318773234200744,0.42567567567567566,0.978204421818563,3.450836640265255,5.140845070422535,9,89.51629011351142,639
0.5,0.5,Per period 7d,Both,90124A,12.061095109208718,0.005692379182156134,0.2620320855614973,1.0,0.4319848927059361,6.854460093896714,12,11.205886864915826,639
0.5,0.5,Per period 14d,Both,90124A,9.690793167054332,0.005227695167286246,0.3146853146853147,1.0,4.8843878997334125,5.140845070422535,9,126.70326933408596,639
0.5,0.5,Per period 28d,Both,90124A,7.29971313409824,0.00546003717472119,0.49473684210526314,0.9712272682283144,9.189875360789046,3.427230046948357,6,238.38959494766712,639
0.5,0.5,Per period 56d,Both,90124A,7.810084034397741,0.005692379182156134,0.550561797752809,0.9872337005116034,12.798552413037402,3.427230046948357,6,332.0003379674249,639
0.5,0.5,SP Part Period Balancing,SAP only,90124A,9.256512470842098,0.006157063197026022,0.6022727272727273,0.990185907673185,15.955111795875402,3.998435054773083,7,413.8829406318423,639
0.5,0.5,WI Sliding Economic Lot Size,SAP only,90124A,14.181480669135992,0.006854089219330855,0.7375,1.0,50.77806057647121,3.998435054773083,7,1317.2062533842397,639
0.5,0.5,DY Dynamic Planning Calculation,SAP only,90124A,8.463361453424712,0.006273234200743495,0.5934065934065934,1.0,17.41767789493934,3.427230046948357,6,451.8225781407134,639
0.5,0.5,GR Groff Reorder Procedure,SAP only,90124A,10.240933450698412,0.005692379182156134,0.30625,0.9801998924813689,1.703566982647613,5.712050078247262,10,44.19131130900506,639
2.0,2.0,Per period 7d,Both,90124A,12.061095109208718,0.005692379182156134,0.2620320855614973,1.0,0.4319848927059361,6.854460093896714,12,11.205886864915826,639
2.0,2.0,Per period 14d,Both,90124A,9.690793167054332,0.005227695167286246,0.3146853146853147,1.0,4.8843878997334125,5.140845070422535,9,126.70326933408596,639
2.0,2.0,Per period 28d,Both,90124A,7.29971313409824,0.00546003717472119,0.49473684210526314,0.9712272682283144,9.189875360789046,3.427230046948357,6,238.38959494766712,639
2.0,2.0,Per period 56d,Both,90124A,7.810084034397741,0.005692379182156134,0.550561797752809,0.9872337005116034,12.798552413037402,3.427230046948357,6,332.0003379674249,639
2.0,2.0,SP Part Period Balancing,SAP only,90124A,9.52012670099903,0.004879182156133829,0.6176470588235294,1.0,31.96043796693361,2.856025039123631,5,829.0684652586162,639
2.0,2.0,WI Sliding Economic Lot Size,SAP only,90124A,12.256249326745811,0.005227695167286246,0.6818181818181818,1.0,58.377422117100416,2.2848200312989047,4,1514.337188071468,639
2.0,2.0,DY Dynamic Planning Calculation,SAP only,90124A,13.752206195644876,0.0037174721189591076,0.6956521739130435,1.0,76.02557225832527,1.7136150234741785,3,1972.1383223167736,639
2.0,2.0,GR Groff Reorder Procedure,SAP only,90124A,8.719283816652998,0.007783457249070632,0.5,0.9699292246910443,5.085836597827331,4.569640062597809,8,131.9289412453991,639
1.0,1.0,Per period 7d,Both,37506,11.07172602739726,0.0055762081784386614,0.26666666666666666,1.0,0.7483199852711038,6.283255086071987,11,22.0,639
1.0,1.0,Per period 14d,Both,37506,7.37217266865812,0.0055762081784386614,0.3779527559055118,0.9741328550383356,3.882889601372092,3.998435054773083,7,114.1538017312721,639
1.0,1.0,Per period 28d,Both,37506,5.024450128216415,0.00662174721189591,0.6705882352941176,1.0,10.688121629989658,2.2848200312989047,4,314.2220981504131,639
1.0,1.0,Per period 56d,Both,37506,5.063292329927263,0.004763011152416357,0.7454545454545455,1.0,21.52639623256379,1.7136150234741785,3,632.8585717844126,639
1.0,1.0,SP Part Period Balancing,SAP only,37506,3.6893293294030993,0.005227695167286246,0.8035714285714286,0.97739266185118,17.624828040389392,1.1424100156494523,2,518.1556346488496,639
1.0,1.0,WI Sliding Economic Lot Size,SAP only,37506,3.9675774436380173,0.005692379182156134,0.8909090909090909,0.9981761208844501,20.527799699376597,1.1424100156494523,2,603.500644477207,639
1.0,1.0,DY Dynamic Planning Calculation,SAP only,37506,3.7562930426235646,0.0017425650557620818,0.8823529411764706,0.9779546204660959,39.189527934700365,0.0,0,1152.1403029895805,639
1.0,1.0,GR Groff Reorder Procedure,SAP only,37506,6.652727521293367,0.009642193308550186,0.7614678899082569,0.997538560549415,6.809927537391453,3.427230046948357,6,200.20634056477226,639
0.5,0.5,Per period 7d,Both,37506,11.07172602739726,0.0055762081784386614,0.26666666666666666,1.0,0.7483199852711038,6.283255086071987,11,22.0,639
0.5,0.5,Per period 14d,Both,37506,7.37217266865812,0.0055762081784386614,0.3779527559055118,0.9741328550383356,3.882889601372092,3.998435054773083,7,114.1538017312721,639
0.5,0.5,Per period 28d,Both,37506,5.024450128216415,0.00662174721189591,0.6705882352941176,1.0,10.688121629989658,2.2848200312989047,4,314.2220981504131,639
0.5,0.5,Per period 56d,Both,37506,5.063292329927263,0.004763011152416357,0.7454545454545455,1.0,21.52639623256379,1.7136150234741785,3,632.8585717844126,639
0.5,0.5,SP Part Period Balancing,SAP only,37506,4.170029108378136,0.005924721189591078,0.796875,0.9841477501376346,12.206951882319544,1.7136150234741785,3,358.8744744185039,639
0.5,0.5,WI Sliding Economic Lot Size,SAP only,37506,3.5842664244742233,0.005227695167286246,0.7258064516129032,0.9880627886145329,16.528703323576778,1.1424100156494523,2,485.9304579269676,639
0.5,0.5,DY Dynamic Planning Calculation,SAP only,37506,4.433672191356622,0.004995353159851301,0.9772727272727273,1.0,25.390581417593538,1.1424100156494523,2,746.4624788614847,639
0.5,0.5,GR Groff Reorder Procedure,SAP only,37506,6.464667587419059,0.00987453531598513,0.68,0.997538560549415,4.847892108223339,3.427230046948357,6,142.52409193945908,639
2.0,2.0,Per period 7d,Both,37506,11.07172602739726,0.0055762081784386614,0.26666666666666666,1.0,0.7483199852711038,6.283255086071987,11,22.0,639
2.0,2.0,Per period 14d,Both,37506,7.37217266865812,0.0055762081784386614,0.3779527559055118,0.9741328550383356,3.882889601372092,3.998435054773083,7,114.1538017312721,639
2.0,2.0,Per period 28d,Both,37506,5.024450128216415,0.00662174721189591,0.6705882352941176,1.0,10.688121629989658,2.2848200312989047,4,314.2220981504131,639
2.0,2.0,Per period 56d,Both,37506,5.063292329927263,0.004763011152416357,0.7454545454545455,1.0,21.52639623256379,1.7136150234741785,3,632.8585717844126,639
2.0,2.0,SP Part Period Balancing,SAP only,37506,4.354116537429821,0.0031366171003717473,0.675,1.0,24.56057468314821,1.1424100156494523,2,722.0609547578863,639
2.0,2.0,WI Sliding Economic Lot Size,SAP only,37506,3.4797267971249832,0.0027881040892193307,0.8,0.9902314427527511,25.871070622988498,0.5712050078247262,1,760.5884713870746,639
2.0,2.0,DY Dynamic Planning Calculation,SAP only,37506,8.773051722189212,0.0,0.0,1.0,91.5295350064519,0.0,0,2690.894015629464,639
2.0,2.0,GR Groff Reorder Procedure,SAP only,37506,4.77239047161596,0.005808550185873606,0.6493506493506493,0.997538560549415,8.058375004402853,2.2848200312989047,4,236.90968247044165,639
1.0,1.0,Per period 7d,Both,90024D,8.098514097169444,0.0011617100371747212,0.0970873786407767,1.0,1.6307772561293692,4.569640062597809,8,21.15155615696888,639
1.0,1.0,Per period 14d,Both,90024D,7.289546333915028,0.0018587360594795538,0.17582417582417584,1.0,4.793076214585903,3.998435054773083,7,62.16730110528536,639
1.0,1.0,Per period 28d,Both,90024D,6.440796678734016,0.0022072490706319704,0.2375,1.0,7.296835873351125,3.427230046948357,6,94.64163984583294,639
1.0,1.0,Per period 56d,Both,90024D,5.950164317435225,0.001974907063197026,0.24285714285714285,1.0,15.728777941231115,2.856025039123631,5,204.00586815521007,639
1.0,1.0,SP Part Period Balancing,SAP only,90024D,5.738482393281876,0.0030204460966542753,0.4727272727272727,1.0,45.332139577887425,1.7136150234741785,3,587.9682785575791,639
1.0,1.0,WI Sliding Economic Lot Size,SAP only,90024D,7.021858999629365,0.0034851301115241635,0.625,1.0,66.57682882353105,1.7136150234741785,3,863.51678521454,639
1.0,1.0,DY Dynamic Planning Calculation,SAP only,90024D,6.689891727000806,0.0018587360594795538,0.42105263157894735,1.0,61.08152720136011,1.7136150234741785,3,792.2414590325259,639
1.0,1.0,GR Groff Reorder Procedure,SAP only,90024D,7.256153839536861,0.0031366171003717473,0.2903225806451613,0.9731611894037707,4.240305373437361,3.998435054773083,7,54.997736135855355,639
0.5,0.5,Per period 7d,Both,90024D,8.098514097169444,0.0011617100371747212,0.0970873786407767,1.0,1.6307772561293692,4.569640062597809,8,21.15155615696888,639
0.5,0.5,Per period 14d,Both,90024D,7.289546333915028,0.0018587360594795538,0.17582417582417584,1.0,4.793076214585903,3.998435054773083,7,62.16730110528536,639
0.5,0.5,Per period 28d,Both,90024D,6.440796678734016,0.0022072490706319704,0.2375,1.0,7.296835873351125,3.427230046948357,6,94.64163984583294,639
0.5,0.5,Per period 56d,Both,90024D,5.950164317435225,0.001974907063197026,0.24285714285714285,1.0,15.728777941231115,2.856025039123631,5,204.00586815521007,639
0.5,0.5,SP Part Period Balancing,SAP only,90024D,5.098665207222612,0.001974907063197026,0.3090909090909091,0.9859314551701824,18.187023822160313,2.2848200312989047,4,235.8898827272079,639
0.5,0.5,WI Sliding Economic Lot Size,SAP only,90024D,5.80170803152196,0.0023234200743494425,0.29411764705882354,1.0,13.271270421465879,2.856025039123631,5,172.1314302973619,639
0.5,0.5,DY Dynamic Planning Calculation,SAP only,90024D,5.612020079268868,0.001974907063197026,0.3090909090909091,0.9983055467147834,26.68496953460297,2.2848200312989047,4,346.1101934900805,639
0.5,0.5,GR Groff Reorder Procedure,SAP only,90024D,7.179164514152022,0.0033689591078066915,0.2815533980582524,0.9731611894037707,2.9658437033843144,3.998435054773083,7,38.467675097345946,639
2.0,2.0,Per period 7d,Both,90024D,8.098514097169444,0.0011617100371747212,0.0970873786407767,1.0,1.6307772561293692,4.569640062597809,8,21.15155615696888,639
2.0,2.0,Per period 14d,Both,90024D,7.289546333915028,0.0018587360594795538,0.17582417582417584,1.0,4.793076214585903,3.998435054773083,7,62.16730110528536,639
2.0,2.0,Per period 28d,Both,90024D,6.440796678734016,0.0022072490706319704,0.2375,1.0,7.296835873351125,3.427230046948357,6,94.64163984583294,639
2.0,2.0,Per period 56d,Both,90024D,5.950164317435225,0.001974907063197026,0.24285714285714285,1.0,15.728777941231115,2.856025039123631,5,204.00586815521007,639
2.0,2.0,SP Part Period Balancing,SAP only,90024D,7.358442443302517,0.0018587360594795538,0.5925925925925926,0.9956629573891144,88.70229049336916,1.1424100156494523,2,1150.4891128267166,639
2.0,2.0,WI Sliding Economic Lot Size,SAP only,90024D,6.550313167593088,0.0023234200743494425,0.5,1.0,75.32472443221464,1.1424100156494523,2,976.9790036302805,639
2.0,2.0,DY Dynamic Planning Calculation,SAP only,90024D,13.278097753668685,0.0,0.0,1.0,219.8022460085196,0.0,0,2850.885694170041,639
2.0,2.0,GR Groff Reorder Procedure,SAP only,90024D,6.336891364925583,0.0022072490706319704,0.2375,0.9731611894037707,5.576813791046178,3.427230046948357,6,72.33255776343385,639
1.0,1.0,Per period 7d,Both,90064B,9.35828971271779,0.0036013011152416356,0.2672413793103448,1.0,9.60263066397727,5.140845070422535,9,174.36766018932474,639
1.0,1.0,Per period 14d,Both,90064B,8.377295616787848,0.005111524163568773,0.42718446601941745,0.9878897897543556,10.112013631842439,4.569640062597809,8,183.6172001700862,639
1.0,1.0,Per period 28d,Both,90064B,8.37555039403769,0.0045306691449814125,0.3786407766990291,0.9836430810623054,10.065239390491739,4.569640062597809,8,182.76785843167613,639
1.0,1.0,Per period 56d,Both,90064B,7.042754598046976,0.0037174721189591076,0.4507042253521127,0.9695764701623124,27.947180515607343,3.427230046948357,6,507.4739043828619,639
1.0,1.0,SP Part Period Balancing,SAP only,90064B,6.27161973799538,0.0034851301115241635,0.5357142857142857,1.0,60.88236580253709,2.2848200312989047,4,1105.5216058244184,639
1.0,1.0,WI Sliding Economic Lot Size,SAP only,90064B,11.526484857034413,0.0022072490706319704,0.95,0.9835416585471038,282.1234958305068,0.5712050078247262,1,5122.8892970900815,639
1.0,1.0,DY Dynamic Planning Calculation,SAP only,90064B,6.317953622784278,0.002091078066914498,0.6923076923076923,1.0,115.72677749874231,1.1424100156494523,2,2101.404096421682,639
1.0,1.0,GR Groff Reorder Procedure,SAP only,90064B,8.406478751467194,0.004414498141263941,0.36893203883495146,1.0,10.894159627096249,4.569640062597809,8,197.81965904736745,639
0.5,0.5,Per period 7d,Both,90064B,9.35828971271779,0.0036013011152416356,0.2672413793103448,1.0,9.60263066397727,5.140845070422535,9,174.36766018932474,639
0.5,0.5,Per period 14d,Both,90064B,8.377295616787848,0.005111524163568773,0.42718446601941745,0.9878897897543556,10.112013631842439,4.569640062597809,8,183.6172001700862,639
0.5,0.5,Per period 28d,Both,90064B,8.37555039403769,0.0045306691449814125,0.3786407766990291,0.9836430810623054,10.065239390491739,4.569640062597809,8,182.76785843167613,639
0.5,0.5,Per period 56d,Both,90064B,7.042754598046976,0.0037174721189591076,0.4507042253521127,0.9695764701623124,27.947180515607343,3.427230046948357,6,507.4739043828619,639
0.5,0.5,SP Part Period Balancing,SAP only,90064B,7.225936908340413,0.005808550185873606,0.7936507936507936,1.0,59.658006505323414,2.856025039123631,5,1083.2892953923342,639
0.5,0.5,WI Sliding Economic Lot Size,SAP only,90064B,7.857995742778526,0.0036013011152416356,0.9117647058823529,0.9835416585471038,157.00191089036596,1.1424100156494523,2,2850.8912614855494,639
0.5,0.5,DY Dynamic Planning Calculation,SAP only,90064B,6.507135925261562,0.004995353159851301,0.7543859649122807,1.0,67.19450617785007,2.2848200312989047,4,1220.1394836272939,639
0.5,0.5,GR Groff Reorder Procedure,SAP only,90064B,8.406478751467194,0.004414498141263941,0.36893203883495146,1.0,10.894159627096249,4.569640062597809,8,197.81965904736745,639
2.0,2.0,Per period 7d,Both,90064B,9.35828971271779,0.0036013011152416356,0.2672413793103448,1.0,9.60263066397727,5.140845070422535,9,174.36766018932474,639
2.0,2.0,Per period 14d,Both,90064B,8.377295616787848,0.005111524163568773,0.42718446601941745,0.9878897897543556,10.112013631842439,4.569640062597809,8,183.6172001700862,639
2.0,2.0,Per period 28d,Both,90064B,8.37555039403769,0.0045306691449814125,0.3786407766990291,0.9836430810623054,10.065239390491739,4.569640062597809,8,182.76785843167613,639
2.0,2.0,Per period 56d,Both,90064B,7.042754598046976,0.0037174721189591076,0.4507042253521127,0.9695764701623124,27.947180515607343,3.427230046948357,6,507.4739043828619,639
2.0,2.0,SP Part Period Balancing,SAP only,90064B,7.150527067593886,0.0022072490706319704,0.5277777777777778,1.0,138.04082952802614,1.1424100156494523,2,2506.589839562358,639
2.0,2.0,WI Sliding Economic Lot Size,SAP only,90064B,15.346444352635991,0.0,0.0,1.0,411.30468415016213,0.0,0,7468.60291828285,639
2.0,2.0,DY Dynamic Planning Calculation,SAP only,90064B,8.796574426243527,0.0012778810408921933,0.7857142857142857,1.0,208.95834293293566,0.5712050078247262,1,3794.3328874385165,639
2.0,2.0,GR Groff Reorder Procedure,SAP only,90064B,8.429536435876182,0.005227695167286246,0.4411764705882353,1.0,11.512135581991886,4.569640062597809,8,209.04106545974173,639
1.0,1.0,Per period 7d,Both,90035A,6.341580069327303,0.0031366171003717473,0.30337078651685395,0.9696887686062247,2.794340114762649,3.427230046948357,6,57.98917456021648,639
1.0,1.0,Per period 14d,Both,90035A,6.341580069327303,0.0034851301115241635,0.3225806451612903,0.9696887686062247,2.794340114762649,3.427230046948357,6,57.98917456021648,639
1.0,1.0,Per period 28d,Both,90035A,6.342183978682481,0.003949814126394052,0.4927536231884058,0.9680992455579597,10.97991033379187,2.856025039123631,5,227.85914056702586,639
1.0,1.0,Per period 56d,Both,90035A,8.958906375563954,0.0026719330855018587,0.6388888888888888,1.0,48.747607429630335,1.7136150234741785,3,1011.6282916655085,639
1.0,1.0,SP Part Period Balancing,SAP only,90035A,7.656309083160499,0.003949814126394052,0.7727272727272727,1.0,38.09154112367609,1.7136150234741785,3,790.4896815598057,639
1.0,1.0,WI Sliding Economic Lot Size,SAP only,90035A,8.695348799881014,0.0037174721189591076,0.8648648648648649,1.0,54.772170316261644,1.1424100156494523,2,1136.652238119335,639
1.0,1.0,DY Dynamic Planning Calculation,SAP only,90035A,11.64365677608053,0.0015102230483271376,0.5,0.9977550611560374,78.89118658320541,1.1424100156494523,2,1637.1789410555318,639
1.0,1.0,GR Groff Reorder Procedure,SAP only,90035A,5.76296235626547,0.0055762081784386614,0.5714285714285714,0.9467158737285016,6.241512633816968,2.856025039123631,5,129.52616745902168,639
0.5,0.5,Per period 7d,Both,90035A,6.341580069327303,0.0031366171003717473,0.30337078651685395,0.9696887686062247,2.794340114762649,3.427230046948357,6,57.98917456021648,639
0.5,0.5,Per period 14d,Both,90035A,6.341580069327303,0.0034851301115241635,0.3225806451612903,0.9696887686062247,2.794340114762649,3.427230046948357,6,57.98917456021648,639
0.5,0.5,Per period 28d,Both,90035A,6.342183978682481,0.003949814126394052,0.4927536231884058,0.9680992455579597,10.97991033379187,2.856025039123631,5,227.85914056702586,639
0.5,0.5,Per period 56d,Both,90035A,8.958906375563954,0.0026719330855018587,0.6388888888888888,1.0,48.747607429630335,1.7136150234741785,3,1011.6282916655085,639
0.5,0.5,SP Part Period Balancing,SAP only,90035A,5.391437775862765,0.004298327137546468,0.6271186440677966,1.0,11.382837417729464,2.2848200312989047,4,236.2208317162369,639
0.5,0.5,WI Sliding Economic Lot Size,SAP only,90035A,10.109711369189837,0.00383364312267658,0.6111111111111112,1.0,49.98128726354226,2.2848200312989047,4,1037.2300696531584,639
0.5,0.5,DY Dynamic Planning Calculation,SAP only,90035A,4.874044396554167,0.0031366171003717473,0.5510204081632653,0.9643614627006473,15.330863549651776,1.7136150234741785,3,318.15172313593996,639
0.5,0.5,GR Groff Reorder Procedure,SAP only,90035A,6.341580069327303,0.00383364312267658,0.358695652173913,0.9696887686062247,2.794340114762649,3.427230046948357,6,57.98917456021648,639
2.0,2.0,Per period 7d,Both,90035A,6.341580069327303,0.0031366171003717473,0.30337078651685395,0.9696887686062247,2.794340114762649,3.427230046948357,6,57.98917456021648,639
2.0,2.0,Per period 14d,Both,90035A,6.341580069327303,0.0034851301115241635,0.3225806451612903,0.9696887686062247,2.794340114762649,3.427230046948357,6,57.98917456021648,639
2.0,2.0,Per period 28d,Both,90035A,6.342183978682481,0.003949814126394052,0.4927536231884058,0.9680992455579597,10.97991033379187,2.856025039123631,5,227.85914056702586,639
2.0,2.0,Per period 56d,Both,90035A,8.958906375563954,0.0026719330855018587,0.6388888888888888,1.0,48.747607429630335,1.7136150234741785,3,1011.6282916655085,639
2.0,2.0,SP Part Period Balancing,SAP only,90035A,10.592841951883912,0.0026719330855018587,0.7666666666666667,1.0,62.114229594794665,1.7136150234741785,3,1289.0173546221527,639
2.0,2.0,WI Sliding Economic Lot Size,SAP only,90035A,11.22151489550631,0.0025557620817843866,0.7586206896551724,1.0,75.43780010977044,1.1424100156494523,2,1565.5129938882806,639
2.0,2.0,DY Dynamic Planning Calculation,SAP only,90035A,13.146675409131932,0.001974907063197026,0.7727272727272727,0.9869330611001831,91.18682569307062,1.1424100156494523,2,1892.3425694572816,639
2.0,2.0,GR Groff Reorder Procedure,SAP only,90035A,6.1687238146012575,0.0037174721189591076,0.47761194029850745,0.977027105122277,9.56089693596675,2.856025039123631,5,198.41125224625992,639
1.0,1.0,Per period 7d,Both,22157,26.350201989816856,0.027067843866171004,0.9748953974895398,1.0,14.230448984239578,9.139280125195619,16,22222.492507547955,639
1.0,1.0,Per period 14d,Both,22157,23.43830299337921,0.014986059479553903,0.9847328244274809,1.0,18.47626600622706,5.712050078247262,10,28852.827015196533,639
1.0,1.0,Per period 28d,Both,22157,23.384077832407872,0.010455390334572491,0.989010989010989,1.0,22.526399385952118,3.998435054773083,7,35177.57887546396,639
1.0,1.0,Per period 56d,Both,22157,28.38241041621266,0.006157063197026022,1.0,1.0,32.14837728614745,2.856025039123631,5,50203.41059951541,639
1.0,1.0,SP Part Period Balancing,SAP only,22157,21.96607772846596,0.015102230483271376,0.9923664122137404,1.0,19.20190125954983,4.569640062597809,8,29985.99041700045,639
1.0,1.0,WI Sliding Economic Lot Size,SAP only,22157,26.175192768257556,0.013475836431226766,0.9830508474576272,1.0,24.988995743452715,4.569640062597809,8,39023.208002435334,639
1.0,1.0,DY Dynamic Planning Calculation,SAP only,22157,23.59534246191165,0.007434944237918215,0.9846153846153847,1.0,25.566657782045866,2.856025039123631,5,39925.294109398536,639
1.0,1.0,GR Groff Reorder Procedure,SAP only,22157,23.144818660202013,0.020446096654275093,0.9887640449438202,1.0,16.69785986175751,6.283255086071987,11,26075.64006455138,639
0.5,0.5,Per period 7d,Both,22157,26.350201989816856,0.027067843866171004,0.9748953974895398,1.0,14.230448984239578,9.139280125195619,16,22222.492507547955,639
0.5,0.5,Per period 14d,Both,22157,23.43830299337921,0.014986059479553903,0.9847328244274809,1.0,18.47626600622706,5.712050078247262,10,28852.827015196533,639
0.5,0.5,Per period 28d,Both,22157,23.384077832407872,0.010455390334572491,0.989010989010989,1.0,22.526399385952118,3.998435054773083,7,35177.57887546396,639
0.5,0.5,Per period 56d,Both,22157,28.38241041621266,0.006157063197026022,1.0,1.0,32.14837728614745,2.856025039123631,5,50203.41059951541,639
0.5,0.5,SP Part Period Balancing,SAP only,22157,22.70528940272004,0.018006505576208177,0.9872611464968153,1.0,16.09355294273973,6.283255086071987,11,25131.944894075375,639
0.5,0.5,WI Sliding Economic Lot Size,SAP only,22157,28.213140241181616,0.016496282527881042,0.9793103448275862,1.0,26.41606533845176,5.140845070422535,9,41251.742282536994,639
0.5,0.5,DY Dynamic Planning Calculation,SAP only,22157,22.237854525125424,0.012778810408921933,1.0,1.0,20.95046180377959,3.998435054773083,7,32716.570009828112,639
0.5,0.5,GR Groff Reorder Procedure,SAP only,22157,24.863346620202698,0.021259293680297397,1.0,1.0,16.310865143235024,7.42566510172144,13,25471.303037494028,639
2.0,2.0,Per period 7d,Both,22157,26.350201989816856,0.027067843866171004,0.9748953974895398,1.0,14.230448984239578,9.139280125195619,16,22222.492507547955,639
2.0,2.0,Per period 14d,Both,22157,23.43830299337921,0.014986059479553903,0.9847328244274809,1.0,18.47626600622706,5.712050078247262,10,28852.827015196533,639
2.0,2.0,Per period 28d,Both,22157,23.384077832407872,0.010455390334572491,0.989010989010989,1.0,22.526399385952118,3.998435054773083,7,35177.57887546396,639
2.0,2.0,Per period 56d,Both,22157,28.38241041621266,0.006157063197026022,1.0,1.0,32.14837728614745,2.856025039123631,5,50203.41059951541,639
2.0,2.0,SP Part Period Balancing,SAP only,22157,24.63982258832644,0.009990706319702601,1.0,1.0,24.25291754510562,3.998435054773083,7,37873.7367337597,639
2.0,2.0,WI Sliding Economic Lot Size,SAP only,22157,35.39603375743478,0.008828996282527882,0.9743589743589743,1.0,41.79137838410953,2.856025039123631,5,65262.072479198185,639
2.0,2.0,DY Dynamic Planning Calculation,SAP only,22157,34.43889087180212,0.005692379182156134,0.98,1.0,41.85030244957379,2.2848200312989047,4,65354.08922475161,639
2.0,2.0,GR Groff Reorder Procedure,SAP only,22157,22.85461971878987,0.016844795539033456,0.9931506849315068,1.0,19.04865811297733,5.140845070422535,9,29746.68351387237,639
1.0,1.0,Per period 7d,Both,20837,11.069953422727773,0.014405204460966542,0.8732394366197183,1.0,1.078085937688781,6.283255086071987,11,153.81324876889937,639
1.0,1.0,Per period 14d,Both,20837,9.168127909787298,0.012314126394052044,0.828125,1.0,2.591100309416735,5.140845070422535,9,369.6788377853227,639
1.0,1.0,Per period 28d,Both,20837,7.63459851535107,0.009990706319702601,0.86,1.0,9.780103800504095,3.998435054773083,7,1395.352157247834,639
1.0,1.0,Per period 56d,Both,20837,7.580176469335878,0.007551115241635688,0.8666666666666667,1.0,24.352861721823317,3.427230046948357,6,3474.484405467444,639
1.0,1.0,SP Part Period Balancing,SAP only,20837,7.385327095679368,0.005111524163568773,0.9361702127659575,1.0,52.172908687135745,2.2848200312989047,4,7443.640903150416,639
1.0,1.0,WI Sliding Economic Lot Size,SAP only,20837,10.470480504975885,0.0060408921933085506,0.9629629629629629,1.0,115.13117823461553,1.7136150234741785,3,16426.05653202529,639
1.0,1.0,DY Dynamic Planning Calculation,SAP only,20837,8.14601960979825,0.004065985130111524,1.0,1.0,94.71927256323234,1.1424100156494523,2,13513.838298652778,639
1.0,1.0,GR Groff Reorder Procedure,SAP only,20837,9.271524376463343,0.012081784386617101,0.896551724137931,1.0,4.184593127687296,5.140845070422535,9,597.0264904163871,639
0.5,0.5,Per period 7d,Both,20837,11.069953422727773,0.014405204460966542,0.8732394366197183,1.0,1.078085937688781,6.283255086071987,11,153.81324876889937,639
0.5,0.5,Per period 14d,Both,20837,9.168127909787298,0.012314126394052044,0.828125,1.0,2.591100309416735,5.140845070422535,9,369.6788377853227,639
0.5,0.5,Per period 28d,Both,20837,7.63459851535107,0.009990706319702601,0.86,1.0,9.780103800504095,3.998435054773083,7,1395.352157247834,639
0.5,0.5,Per period 56d,Both,20837,7.580176469335878,0.007551115241635688,0.8666666666666667,1.0,24.352861721823317,3.427230046948357,6,3474.484405467444,639
0.5,0.5,SP Part Period Balancing,SAP only,20837,8.746695062975482,0.010803903345724907,0.9587628865979382,1.0,26.919160083880342,3.998435054773083,7,3840.6246866629554,639
0.5,0.5,WI Sliding Economic Lot Size,SAP only,20837,6.901989031067238,0.007899628252788104,0.9444444444444444,1.0,44.723952649118104,2.2848200312989047,4,6380.879496021336,639
0.5,0.5,DY Dynamic Planning Calculation,SAP only,20837,7.245963500705903,0.008248141263940521,0.9466666666666667,1.0,50.02510910695887,2.2848200312989047,4,7137.208902154545,639
0.5,0.5,GR Groff Reorder Procedure,SAP only,20837,9.198865682948805,0.013011152416356878,0.8818897637795275,1.0,3.064814957093754,5.140845070422535,9,437.2649052789986,639
2.0,2.0,Per period 7d,Both,20837,11.069953422727773,0.014405204460966542,0.8732394366197183,1.0,1.078085937688781,6.283255086071987,11,153.81324876889937,639
2.0,2.0,Per period 14d,Both,20837,9.168127909787298,0.012314126394052044,0.828125,1.0,2.591100309416735,5.140845070422535,9,369.6788377853227,639
2.0,2.0,Per period 28d,Both,20837,7.63459851535107,0.009990706319702601,0.86,1.0,9.780103800504095,3.998435054773083,7,1395.352157247834,639
2.0,2.0,Per period 56d,Both,20837,7.580176469335878,0.007551115241635688,0.8666666666666667,1.0,24.352861721823317,3.427230046948357,6,3474.484405467444,639
2.0,2.0,SP Part Period Balancing,SAP only,20837,9.770868617562726,0.0060408921933085506,0.9629629629629629,1.0,88.93763967854811,2.2848200312989047,4,12688.958104881895,639
2.0,2.0,WI Sliding Economic Lot Size,SAP only,20837,9.98699064790161,0.005111524163568773,0.9777777777777777,1.0,107.67988284975098,1.7136150234741785,3,15362.96136436197,639
2.0,2.0,DY Dynamic Planning Calculation,SAP only,20837,12.46919658316499,0.0027881040892193307,0.96,0.9978584615101651,176.75732038182656,0.5712050078247262,1,25218.414173826633,639
2.0,2.0,GR Groff Reorder Procedure,SAP only,20837,9.417241436609055,0.010803903345724907,0.8857142857142857,1.0,6.430309024045748,5.140845070422535,9,917.4284600138883,639
1.0,1.0,Per period 7d,Both,90187B,10.014462757892005,0.0031366171003717473,0.19285714285714287,1.0,0.4117228624270878,5.712050078247262,10,7.832205683355887,639
1.0,1.0,Per period 14d,Both,90187B,9.04856658417093,0.0045306691449814125,0.3046875,1.0,1.382583681651379,5.140845070422535,9,26.30089498870783,639
1.0,1.0,Per period 28d,Both,90187B,6.332878271715062,0.004763011152416357,0.45054945054945056,1.0,9.476311219042742,3.427230046948357,6,180.26790678931377,639
1.0,1.0,Per period 56d,Both,90187B,5.605970962732767,0.0033689591078066915,0.4142857142857143,0.9950697435002087,17.25065863558086,2.856025039123631,5,328.15934925439205,639
1.0,1.0,SP Part Period Balancing,SAP only,90187B,5.591855503547963,0.0030204460966542753,0.6046511627906976,1.0,73.78441752855909,1.7136150234741785,3,1403.6012741765678,639
1.0,1.0,WI Sliding Economic Lot Size,SAP only,90187B,6.019962262304576,0.0030204460966542753,0.7428571428571429,1.0,85.97167402941574,1.7136150234741785,3,1635.4395040670183,639
1.0,1.0,DY Dynamic Planning Calculation,SAP only,90187B,5.384937261093635,0.0025557620817843866,0.6470588235294118,0.9923178613497872,96.36170837402861,1.1424100156494523,2,1833.089169583348,639
1.0,1.0,GR Groff Reorder Procedure,SAP only,90187B,7.204473676774201,0.005111524163568773,0.42718446601941745,0.9925276299220577,5.820915216938172,3.998435054773083,7,110.73129380205253,639
0.5,0.5,Per period 7d,Both,90187B,10.014462757892005,0.0031366171003717473,0.19285714285714287,1.0,0.4117228624270878,5.712050078247262,10,7.832205683355887,639
0.5,0.5,Per period 14d,Both,90187B,9.04856658417093,0.0045306691449814125,0.3046875,1.0,1.382583681651379,5.140845070422535,9,26.30089498870783,639
0.5,0.5,Per period 28d,Both,90187B,6.332878271715062,0.004763011152416357,0.45054945054945056,1.0,9.476311219042742,3.427230046948357,6,180.26790678931377,639
0.5,0.5,Per period 56d,Both,90187B,5.605970962732767,0.0033689591078066915,0.4142857142857143,0.9950697435002087,17.25065863558086,2.856025039123631,5,328.15934925439205,639
0.5,0.5,SP Part Period Balancing,SAP only,90187B,4.6191324104155305,0.0034851301115241635,0.6976744186046512,0.9745625896058723,46.09313352560935,1.7136150234741785,3,876.8298661745823,639
0.5,0.5,WI Sliding Economic Lot Size,SAP only,90187B,5.819413505866319,0.0036013011152416356,0.6458333333333334,0.9997889735728444,80.26249264965989,1.7136150234741785,3,1526.8337235032732,639
0.5,0.5,DY Dynamic Planning Calculation,SAP only,90187B,4.987900966353676,0.0037174721189591076,0.7272727272727273,1.0,56.59116208680704,1.7136150234741785,3,1076.5339061114119,639
0.5,0.5,GR Groff Reorder Procedure,SAP only,90187B,8.076513751199391,0.004182156133828996,0.2926829268292683,0.9925276299220577,2.1781779722843684,4.569640062597809,8,41.43548840916597,639
2.0,2.0,Per period 7d,Both,90187B,10.014462757892005,0.0031366171003717473,0.19285714285714287,1.0,0.4117228624270878,5.712050078247262,10,7.832205683355887,639
2.0,2.0,Per period 14d,Both,90187B,9.04856658417093,0.0045306691449814125,0.3046875,1.0,1.382583681651379,5.140845070422535,9,26.30089498870783,639
2.0,2.0,Per period 28d,Both,90187B,6.332878271715062,0.004763011152416357,0.45054945054945056,1.0,9.476311219042742,3.427230046948357,6,180.26790678931377,639
2.0,2.0,Per period 56d,Both,90187B,5.605970962732767,0.0033689591078066915,0.4142857142857143,0.9950697435002087,17.25065863558086,2.856025039123631,5,328.15934925439205,639
2.0,2.0,SP Part Period Balancing,SAP only,90187B,5.503673870023642,0.0023234200743494425,0.6896551724137931,0.9903088644034423,99.74187810850036,1.1424100156494523,2,1897.3901521641383,639
2.0,2.0,WI Sliding Economic Lot Size,SAP only,90187B,5.077846210279498,0.0025557620817843866,0.8461538461538461,1.0,87.61950253672896,1.1424100156494523,2,1666.7861524510633,639
2.0,2.0,DY Dynamic Planning Calculation,SAP only,90187B,7.523153758616081,0.0016263940520446097,0.6666666666666666,0.9923178613497872,185.69982002077748,0.5712050078247262,1,3532.5684301110823,639
2.0,2.0,GR Groff Reorder Procedure,SAP only,90187B,6.338656696537786,0.004065985130111524,0.4268292682926829,0.9925276299220577,9.640810246551672,3.427230046948357,6,183.3971724574065,639
1.0,1.0,Per period 7d,Both,21277,28.28416632638118,0.008596654275092937,0.20218579234972678,0.993645622857653,2.128948758070895,15.422535211267606,27,106.77009319570163,639
1.0,1.0,Per period 14d,Both,21277,25.30771358770804,0.010455390334572491,0.3,0.9919944745286194,3.8258314951921872,13.137715179968701,23,191.8714030782312,639
1.0,1.0,Per period 28d,Both,21277,25.086303014154648,0.010803903345724907,0.44285714285714284,0.9927032762060247,13.40583723907697,9.710485133020343,17,672.3235991267533,639
1.0,1.0,Per period 56d,Both,21277,24.132986224516262,0.009758364312267658,0.5833333333333334,0.9995895706660959,21.77245590237263,6.283255086071987,11,1091.9225448629695,639
1.0,1.0,SP Part Period Balancing,SAP only,21277,26.78682410631143,0.01963289962825279,0.7752293577981652,1.0,16.225037675069345,9.710485133020343,17,813.7108881101759,639
1.0,1.0,WI Sliding Economic Lot Size,SAP only,21277,26.835433517920528,0.016263940520446097,0.693069306930693,1.0,22.93700465449384,7.42566510172144,13,1150.3264770025044,639
1.0,1.0,DY Dynamic Planning Calculation,SAP only,21277,25.34636457206387,0.01150092936802974,0.7443609022556391,1.0,25.441894188791128,5.712050078247262,10,1275.9505851488184,639
1.0,1.0,GR Groff Reorder Procedure,SAP only,21277,26.62556904728595,0.01486988847583643,0.3764705882352941,0.9918525305721435,2.6949415611375063,14.280125195618153,25,135.15551304313703,639
0.5,0.5,Per period 7d,Both,21277,28.28416632638118,0.008596654275092937,0.20218579234972678,0.993645622857653,2.128948758070895,15.422535211267606,27,106.77009319570163,639
0.5,0.5,Per period 14d,Both,21277,25.30771358770804,0.010455390334572491,0.3,0.9919944745286194,3.8258314951921872,13.137715179968701,23,191.8714030782312,639
0.5,0.5,Per period 28d,Both,21277,25.086303014154648,0.010803903345724907,0.44285714285714284,0.9927032762060247,13.40583723907697,9.710485133020343,17,672.3235991267533,639
0.5,0.5,Per period 56d,Both,21277,24.132986224516262,0.009758364312267658,0.5833333333333334,0.9995895706660959,21.77245590237263,6.283255086071987,11,1091.9225448629695,639
0.5,0.5,SP Part Period Balancing,SAP only,21277,26.301639446757246,0.020213754646840148,0.6615969581749049,0.9995854367785548,10.447141618944912,11.424100156494523,20,523.9404095823224,639
0.5,0.5,WI Sliding Economic Lot Size,SAP only,21277,26.116500540777174,0.018355018587360595,0.6171875,0.9979787351425059,16.771590112477483,9.139280125195619,16,841.1213433675786,639
0.5,0.5,DY Dynamic Planning Calculation,SAP only,21277,21.369844265935303,0.021026951672862452,0.7541666666666667,0.9964544556445295,10.560214639238755,8.568075117370892,15,529.6111975094273,639
0.5,0.5,GR Groff Reorder Procedure,SAP only,21277,27.82518222654609,0.015566914498141264,0.34271099744245526,0.9892495118395913,1.3680242506732847,15.422535211267606,27,68.60854503173651,639
2.0,2.0,Per period 7d,Both,21277,28.28416632638118,0.008596654275092937,0.20218579234972678,0.993645622857653,2.128948758070895,15.422535211267606,27,106.77009319570163,639
2.0,2.0,Per period 14d,Both,21277,25.30771358770804,0.010455390334572491,0.3,0.9919944745286194,3.8258314951921872,13.137715179968701,23,191.8714030782312,639
2.0,2.0,Per period 28d,Both,21277,25.086303014154648,0.010803903345724907,0.44285714285714284,0.9927032762060247,13.40583723907697,9.710485133020343,17,672.3235991267533,639
2.0,2.0,Per period 56d,Both,21277,24.132986224516262,0.009758364312267658,0.5833333333333334,0.9995895706660959,21.77245590237263,6.283255086071987,11,1091.9225448629695,639
2.0,2.0,SP Part Period Balancing,SAP only,21277,26.26150120741896,0.014405204460966542,0.775,1.0,23.643358854707127,6.854460093896714,12,1185.7512393412119,639
2.0,2.0,WI Sliding Economic Lot Size,SAP only,21277,28.53325076338783,0.00987453531598513,0.7264957264957265,1.0,32.383102639819676,5.140845070422535,9,1624.0629905778037,639
2.0,2.0,DY Dynamic Planning Calculation,SAP only,21277,32.803555584769455,0.009758364312267658,0.8235294117647058,1.0,44.43614133294212,3.427230046948357,6,2228.5416374580527,639
2.0,2.0,GR Groff Reorder Procedure,SAP only,21277,26.72987607973934,0.015799256505576207,0.4473684210526316,0.99095526745051,4.525711483205029,13.708920187793428,24,226.97147360019596,639
1.0,1.0,Per period 7d,Both,90197B,20.622406717704415,0.009526022304832713,0.3346938775510204,0.9957510148849797,10.511590375586856,10.852895148669797,19,581.7077131258459,639
1.0,1.0,Per period 14d,Both,90197B,16.90938374886749,0.007783457249070632,0.3489583333333333,0.9957510148849797,12.370917612012844,8.568075117370892,15,684.6022282285213,639
1.0,1.0,Per period 28d,Both,90197B,12.97163679877082,0.007783457249070632,0.5037593984962406,0.9913425336972758,19.253266417619752,5.712050078247262,10,1065.4689897360993,639
1.0,1.0,Per period 56d,Both,90197B,11.314939310008644,0.005692379182156134,0.5764705882352941,0.9810392429551962,34.43554830502974,3.427230046948357,6,1905.651127851822,639
1.0,1.0,SP Part Period Balancing,SAP only,90197B,14.695914672035581,0.007551115241635688,0.7926829268292683,0.9947123866829618,56.34092362661638,3.427230046948357,6,3117.8868912504786,639
1.0,1.0,WI Sliding Economic Lot Size,SAP only,90197B,14.904273020480986,0.007202602230483271,0.8051948051948052,0.9963667464333131,64.16989021506271,2.856025039123631,5,3551.1391478148917,639
1.0,1.0,DY Dynamic Planning Calculation,SAP only,90197B,18.499233935303618,0.004879182156133829,0.84,1.0,100.41970147524337,1.7136150234741785,3,5557.190949298449,639
1.0,1.0,GR Groff Reorder Procedure,SAP only,90197B,14.309659947534954,0.01150092936802974,0.6111111111111112,0.9885042349820922,14.964311359446745,6.854460093896714,12,828.1197257861083,639
0.5,0.5,Per period 7d,Both,90197B,20.622406717704415,0.009526022304832713,0.3346938775510204,0.9957510148849797,10.511590375586856,10.852895148669797,19,581.7077131258459,639
0.5,0.5,Per period 14d,Both,90197B,16.90938374886749,0.007783457249070632,0.3489583333333333,0.9957510148849797,12.370917612012844,8.568075117370892,15,684.6022282285213,639
0.5,0.5,Per period 28d,Both,90197B,12.97163679877082,0.007783457249070632,0.5037593984962406,0.9913425336972758,19.253266417619752,5.712050078247262,10,1065.4689897360993,639
0.5,0.5,Per period 56d,Both,90197B,11.314939310008644,0.005692379182156134,0.5764705882352941,0.9810392429551962,34.43554830502974,3.427230046948357,6,1905.651127851822,639
0.5,0.5,SP Part Period Balancing,SAP only,90197B,13.96337439512412,0.011268587360594795,0.8290598290598291,0.9947123866829618,38.63676611651473,4.569640062597809,8,2138.145043438412,639
0.5,0.5,WI Sliding Economic Lot Size,SAP only,90197B,11.78201694098464,0.006854089219330855,0.686046511627907,1.0,30.982738609385805,3.998435054773083,7,1714.5738540858486,639
0.5,0.5,DY Dynamic Planning Calculation,SAP only,90197B,14.955020230879779,0.005692379182156134,0.8596491228070176,1.0,70.9776925641744,2.2848200312989047,4,3927.880534647465,639
0.5,0.5,GR Groff Reorder Procedure,SAP only,90197B,16.06850265332278,0.01150092936802974,0.5409836065573771,0.9880246611415259,13.401850685941891,7.996870109546166,14,741.6537018298777,639
2.0,2.0,Per period 7d,Both,90197B,20.622406717704415,0.009526022304832713,0.3346938775510204,0.9957510148849797,10.511590375586856,10.852895148669797,19,581.7077131258459,639
2.0,2.0,Per period 14d,Both,90197B,16.90938374886749,0.007783457249070632,0.3489583333333333,0.9957510148849797,12.370917612012844,8.568075117370892,15,684.6022282285213,639
2.0,2.0,Per period 28d,Both,90197B,12.97163679877082,0.007783457249070632,0.5037593984962406,0.9913425336972758,19.253266417619752,5.712050078247262,10,1065.4689897360993,639
2.0,2.0,Per period 56d,Both,90197B,11.314939310008644,0.005692379182156134,0.5764705882352941,0.9810392429551962,34.43554830502974,3.427230046948357,6,1905.651127851822,639
2.0,2.0,SP Part Period Balancing,SAP only,90197B,14.813278176557992,0.0060408921933085506,0.9122807017543859,0.9947123866829618,76.5383549203603,1.7136150234741785,3,4235.605633048789,639
2.0,2.0,WI Sliding Economic Lot Size,SAP only,90197B,15.016616386987607,0.005111524163568773,0.8,0.9901542375108018,77.8557853478953,1.7136150234741785,3,4308.511769401254,639
2.0,2.0,DY Dynamic Planning Calculation,SAP only,90197B,24.553867714628918,0.004182156133828996,0.9473684210526315,1.0,146.12674874571462,1.1424100156494523,2,8086.60286428247,639
2.0,2.0,GR Groff Reorder Procedure,SAP only,90197B,12.846014955909931,0.011965613382899629,0.7103448275862069,0.9926635473353201,18.439361161946014,5.712050078247262,10,1020.4277592407907,639
1.0,1.0,Per period 7d,Both,84563B,26.340006557056277,0.023234200743494422,0.5586592178770949,1.0,1.2816221503930805,14.85133020344288,26,147.3900158260578,639
1.0,1.0,Per period 14d,Both,84563B,21.257894373064502,0.01858736059479554,0.54421768707483,0.9982854733847338,4.741512355914512,11.424100156494523,20,545.2867531692917,639
1.0,1.0,Per period 28d,Both,84563B,17.789138943346074,0.016612453531598514,0.7371134020618557,1.0,14.282796316500395,7.996870109546166,14,1642.5602307854115,639
1.0,1.0,Per period 56d,Both,84563B,14.615702920961708,0.009177509293680297,0.7247706422018348,1.0,28.706662715043798,3.998435054773083,7,3301.3439027921886,639
1.0,1.0,SP Part Period Balancing,SAP only,84563B,13.886220513669322,0.012197955390334572,0.8536585365853658,1.0,22.187544433644895,4.569640062597809,8,2551.6276573507153,639
1.0,1.0,WI Sliding Economic Lot Size,SAP only,84563B,15.751529625329287,0.013475836431226766,0.8923076923076924,1.0,32.98805268566288,3.998435054773083,7,3793.715336395712,639
1.0,1.0,DY Dynamic Planning Calculation,SAP only,84563B,17.158033626799863,0.008596654275092937,0.961038961038961,1.0,49.597947456444295,2.2848200312989047,4,5703.898187389487,639
1.0,1.0,GR Groff Reorder Procedure,SAP only,84563B,17.464811958572163,0.020678438661710038,0.726530612244898,0.9989788615763332,5.521468375552627,9.139280125195619,16,634.983806269406,639
0.5,0.5,Per period 7d,Both,84563B,26.340006557056277,0.023234200743494422,0.5586592178770949,1.0,1.2816221503930805,14.85133020344288,26,147.3900158260578,639
0.5,0.5,Per period 14d,Both,84563B,21.257894373064502,0.01858736059479554,0.54421768707483,0.9982854733847338,4.741512355914512,11.424100156494523,20,545.2867531692917,639
0.5,0.5,Per period 28d,Both,84563B,17.789138943346074,0.016612453531598514,0.7371134020618557,1.0,14.282796316500395,7.996870109546166,14,1642.5602307854115,639
0.5,0.5,Per period 56d,Both,84563B,14.615702920961708,0.009177509293680297,0.7247706422018348,1.0,28.706662715043798,3.998435054773083,7,3301.3439027921886,639
0.5,0.5,SP Part Period Balancing,SAP only,84563B,16.426217581131155,0.02032992565055762,0.9114583333333334,1.0,16.684203221110383,6.854460093896714,12,1918.7285238870204,639
0.5,0.5,WI Sliding Economic Lot Size,SAP only,84563B,14.560355208220953,0.01591542750929368,0.8353658536585366,1.0,20.959226376713676,5.140845070422535,9,2410.3677565328353,639
0.5,0.5,DY Dynamic Planning Calculation,SAP only,84563B,14.111017255382542,0.01370817843866171,0.921875,1.0,23.0348942201026,4.569640062597809,8,2649.075176026874,639
0.5,0.5,GR Groff Reorder Procedure,SAP only,84563B,19.924567020061374,0.022769516728624536,0.6735395189003437,1.0,3.4850668254537758,10.852895148669797,19,400.7921167724493,639
2.0,2.0,Per period 7d,Both,84563B,26.340006557056277,0.023234200743494422,0.5586592178770949,1.0,1.2816221503930805,14.85133020344288,26,147.3900158260578,639
2.0,2.0,Per period 14d,Both,84563B,21.257894373064502,0.01858736059479554,0.54421768707483,0.9982854733847338,4.741512355914512,11.424100156494523,20,545.2867531692917,639
2.0,2.0,Per period 28d,Both,84563B,17.789138943346074,0.016612453531598514,0.7371134020618557,1.0,14.282796316500395,7.996870109546166,14,1642.5602307854115,639
2.0,2.0,Per period 56d,Both,84563B,14.615702920961708,0.009177509293680297,0.7247706422018348,1.0,28.706662715043798,3.998435054773083,7,3301.3439027921886,639
2.0,2.0,SP Part Period Balancing,SAP only,84563B,16.02985344551882,0.011849442379182156,0.9357798165137615,1.0,37.80657188574655,3.427230046948357,6,4347.858085052695,639
2.0,2.0,WI Sliding Economic Lot Size,SAP only,84563B,16.348191475446015,0.007551115241635688,0.7926829268292683,1.0,42.7759208168044,2.856025039123631,5,4919.346660971252,639
2.0,2.0,DY Dynamic Planning Calculation,SAP only,84563B,25.24981296646133,0.005111524163568773,0.9361702127659575,1.0,87.63794306878968,1.1424100156494523,2,10078.600632729673,639
2.0,2.0,GR Groff Reorder Procedure,SAP only,84563B,15.566192267072275,0.0191682156133829,0.8208955223880597,0.9989788615763332,9.67301595628612,7.42566510172144,13,1112.4230136358437,639
1.0,1.0,Per period 7d,Both,90016B,19.12109589041096,0.005227695167286246,0.16071428571428573,1.0,0.8126718267563338,10.852895148669797,19,26.0,639
1.0,1.0,Per period 14d,Both,90016B,18.29236105347936,0.005692379182156134,0.19140625,1.0,1.9620285262957051,10.28169014084507,18,62.77163795292199,639
1.0,1.0,Per period 28d,Both,90016B,13.912932224379588,0.006970260223048327,0.37267080745341613,0.9782040503994178,12.837645604420363,6.854460093896714,12,410.7178011167938,639
1.0,1.0,Per period 56d,Both,90016B,13.947824925266392,0.008596654275092937,0.592,0.9868364180276092,26.49376525365622,5.712050078247262,10,847.6212339542545,639
1.0,1.0,SP Part Period Balancing,SAP only,90016B,12.429831893199909,0.009642193308550186,0.8137254901960784,0.9957477331919166,36.439481048047476,3.998435054773083,7,1165.8168476576272,639
1.0,1.0,WI Sliding Economic Lot Size,SAP only,90016B,16.05875277519117,0.0060408921933085506,0.6842105263157895,1.0,74.21504387111695,2.856025039123631,5,2374.379272320457,639
1.0,1.0,DY Dynamic Planning Calculation,SAP only,90016B,15.146510623598214,0.00662174721189591,0.7402597402597403,0.9884753934391601,68.09300708470518,2.856025039123631,5,2178.5155162431456,639
1.0,1.0,GR Groff Reorder Procedure,SAP only,90016B,16.600979893005945,0.012894981412639405,0.46835443037974683,0.9862780397449011,4.033162693098033,9.139280125195619,16,129.0339182042176,639
0.5,0.5,Per period 7d,Both,90016B,19.12109589041096,0.005227695167286246,0.16071428571428573,1.0,0.8126718267563338,10.852895148669797,19,26.0,639
0.5,0.5,Per period 14d,Both,90016B,18.29236105347936,0.005692379182156134,0.19140625,1.0,1.9620285262957051,10.28169014084507,18,62.77163795292199,639
0.5,0.5,Per period 28d,Both,90016B,13.912932224379588,0.006970260223048327,0.37267080745341613,0.9782040503994178,12.837645604420363,6.854460093896714,12,410.7178011167938,639
0.5,0.5,Per period 56d,Both,90016B,13.947824925266392,0.008596654275092937,0.592,0.9868364180276092,26.49376525365622,5.712050078247262,10,847.6212339542545,639
0.5,0.5,SP Part Period Balancing,SAP only,90016B,10.720607820136827,0.01150092936802974,0.7333333333333333,0.9988816185333333,18.257938560713324,4.569640062597809,8,584.1305025587891,639
0.5,0.5,WI Sliding Economic Lot Size,SAP only,90016B,11.123347201353983,0.008131970260223048,0.7,0.9981048009206486,34.38266909885569,3.427230046948357,6,1100.0127814671787,639
0.5,0.5,DY Dynamic Planning Calculation,SAP only,90016B,14.185384887030008,0.009061338289962825,0.78,1.0,41.50998038228051,4.569640062597809,8,1328.0385198623248,639
0.5,0.5,GR Groff Reorder Procedure,SAP only,90016B,18.348229602370857,0.01324349442379182,0.42696629213483145,1.0,2.3369611151044167,10.28169014084507,18,74.76694403844888,639
2.0,2.0,Per period 7d,Both,90016B,19.12109589041096,0.005227695167286246,0.16071428571428573,1.0,0.8126718267563338,10.852895148669797,19,26.0,639
2.0,2.0,Per period 14d,Both,90016B,18.29236105347936,0.005692379182156134,0.19140625,1.0,1.9620285262957051,10.28169014084507,18,62.77163795292199,639
2.0,2.0,Per period 28d,Both,90016B,13.912932224379588,0.006970260223048327,0.37267080745341613,0.9782040503994178,12.837645604420363,6.854460093896714,12,410.7178011167938,639
2.0,2.0,Per period 56d,Both,90016B,13.947824925266392,0.008596654275092937,0.592,0.9868364180276092,26.49376525365622,5.712050078247262,10,847.6212339542545,639
2.0,2.0,SP Part Period Balancing,SAP only,90016B,11.82974570514596,0.0070864312267657995,0.782051282051282,1.0,52.545249253666555,2.2848200312989047,4,1681.0924602225145,639
2.0,2.0,WI Sliding Economic Lot Size,SAP only,90016B,21.278973896368697,0.0027881040892193307,0.75,1.0,129.38076495560207,1.1424100156494523,2,4139.309101279161,639
2.0,2.0,DY Dynamic Planning Calculation,SAP only,90016B,24.82323120704964,0.0030204460966542753,0.8387096774193549,0.9986536026251303,153.16619692518205,1.1424100156494523,2,4900.2819944547755,639
2.0,2.0,GR Groff Reorder Procedure,SAP only,90016B,14.34134875096617,0.00871282527881041,0.42613636363636365,0.988327052976309,9.001761629281136,7.42566510172144,13,287.99546711920686,639
1.0,1.0,Per period 7d,Both,90023,13.091436409809628,0.004646840148698885,0.23668639053254437,1.0,1.4190140845070425,7.42566510172144,13,39.263870094722606,639
1.0,1.0,Per period 14d,Both,90023,11.180524405517215,0.005692379182156134,0.3161290322580645,0.9820324974095404,2.8015828110435685,6.283255086071987,11,77.51930354562774,639
1.0,1.0,Per period 28d,Both,90023,10.454004872640116,0.006157063197026022,0.42063492063492064,0.992363009491922,7.045763389578263,5.712050078247262,10,194.9550335454619,639
1.0,1.0,Per period 56d,Both,90023,8.78781358099651,0.00662174721189591,0.6129032258064516,1.0,27.7453222101453,3.998435054773083,7,767.708184780854,639
1.0,1.0,SP Part Period Balancing,SAP only,90023,7.015862305289321,0.004995353159851301,0.7166666666666667,1.0,46.80357744851875,2.2848200312989047,4,1295.0467546242376,639
1.0,1.0,WI Sliding Economic Lot Size,SAP only,90023,7.195563045256704,0.006505576208178439,0.7,1.0,49.592377681828054,2.2848200312989047,4,1372.2123664925846,639
1.0,1.0,DY Dynamic Planning Calculation,SAP only,90023,7.987453642526103,0.0030204460966542753,0.65,1.0,77.40097166222372,1.7136150234741785,3,2141.6712700259145,639
1.0,1.0,GR Groff Reorder Procedure,SAP only,90023,10.3102492439685,0.006273234200743495,0.4090909090909091,0.990329062976619,4.81480022909435,5.712050078247262,10,133.22467535117897,639
0.5,0.5,Per period 7d,Both,90023,13.091436409809628,0.004646840148698885,0.23668639053254437,1.0,1.4190140845070425,7.42566510172144,13,39.263870094722606,639
0.5,0.5,Per period 14d,Both,90023,11.180524405517215,0.005692379182156134,0.3161290322580645,0.9820324974095404,2.8015828110435685,6.283255086071987,11,77.51930354562774,639
0.5,0.5,Per period 28d,Both,90023,10.454004872640116,0.006157063197026022,0.42063492063492064,0.992363009491922,7.045763389578263,5.712050078247262,10,194.9550335454619,639
0.5,0.5,Per period 56d,Both,90023,8.78781358099651,0.00662174721189591,0.6129032258064516,1.0,27.7453222101453,3.998435054773083,7,767.708184780854,639
0.5,0.5,SP Part Period Balancing,SAP only,90023,7.371640048098582,0.006970260223048327,0.7792207792207793,0.9903358077890106,36.80580458746841,2.856025039123631,5,1018.4101383011557,639
0.5,0.5,WI Sliding Economic Lot Size,SAP only,90023,6.960494256898521,0.0055762081784386614,0.6956521739130435,1.0,45.944313172266085,2.2848200312989047,4,1271.2710632564235,639
0.5,0.5,DY Dynamic Planning Calculation,SAP only,90023,7.146901581378447,0.004879182156133829,0.7,1.0,48.83719380311121,2.2848200312989047,4,1351.316561415451,639
0.5,0.5,GR Groff Reorder Procedure,SAP only,90023,11.1572891001374,0.006970260223048327,0.40540540540540543,0.9956432720444257,2.4409909455008667,6.283255086071987,11,67.54179005900099,639
2.0,2.0,Per period 7d,Both,90023,13.091436409809628,0.004646840148698885,0.23668639053254437,1.0,1.4190140845070425,7.42566510172144,13,39.263870094722606,639
2.0,2.0,Per period 14d,Both,90023,11.180524405517215,0.005692379182156134,0.3161290322580645,0.9820324974095404,2.8015828110435685,6.283255086071987,11,77.51930354562774,639
2.0,2.0,Per period 28d,Both,90023,10.454004872640116,0.006157063197026022,0.42063492063492064,0.992363009491922,7.045763389578263,5.712050078247262,10,194.9550335454619,639
2.0,2.0,Per period 56d,Both,90023,8.78781358099651,0.00662174721189591,0.6129032258064516,1.0,27.7453222101453,3.998435054773083,7,767.708184780854,639
2.0,2.0,SP Part Period Balancing,SAP only,90023,7.032714845618947,0.0030204460966542753,0.6842105263157895,1.0,78.10338643117845,1.1424100156494523,2,2161.106963118724,639
2.0,2.0,WI Sliding Economic Lot Size,SAP only,90023,6.794824164631772,0.002904275092936803,0.6410256410256411,1.0,74.4115285859656,1.1424100156494523,2,2058.953905988937,639
2.0,2.0,DY Dynamic Planning Calculation,SAP only,90023,9.324243237519575,0.0030204460966542753,0.7428571428571429,0.9953659371209074,113.66592732626472,1.1424100156494523,2,3145.116213758405,639
2.0,2.0,GR Groff Reorder Procedure,SAP only,90023,9.582689055411288,0.00662174721189591,0.4596774193548387,0.990329062976619,9.04283073053967,5.140845070422535,9,250.21353555896505,639
1.0,1.0,Per period 7d,Both,84711A,15.09813698630137,0.008248141263940521,0.32272727272727275,1.0,0.4731113956466069,8.568075117370892,15,18.0,639
1.0,1.0,Per period 14d,Both,84711A,14.325865639767127,0.007783457249070632,0.32367149758454106,1.0,1.5709749548458276,7.996870109546166,14,59.769325886935434,639
1.0,1.0,Per period 28d,Both,84711A,11.957951716616764,0.008131970260223048,0.4430379746835443,0.9997423198160158,4.618216746730212,6.283255086071987,11,175.70471184176813,639
1.0,1.0,Per period 56d,Both,84711A,12.485635532314339,0.007551115241635688,0.6435643564356436,1.0,26.4458567611998,3.998435054773083,7,1006.15928105263,639
1.0,1.0,SP Part Period Balancing,SAP only,84711A,13.324515766711983,0.008828996282527882,0.7169811320754716,0.9932040405309046,25.66910988886059,4.569640062597809,8,976.6071632411425,639
1.0,1.0,WI Sliding Economic Lot Size,SAP only,84711A,15.617878616867799,0.009758364312267658,0.7567567567567568,1.0,36.72524824865606,4.569640062597809,8,1397.249093043591,639
1.0,1.0,DY Dynamic Planning Calculation,SAP only,84711A,11.944443498035874,0.00662174721189591,0.7808219178082192,0.988905655730807,38.299594196310665,2.2848200312989047,4,1457.1466717502985,639
1.0,1.0,GR Groff Reorder Procedure,SAP only,84711A,14.281432095265943,0.008945167286245352,0.3737864077669903,1.0,1.3567640131329466,7.996870109546166,14,51.61945465933144,639
0.5,0.5,Per period 7d,Both,84711A,15.09813698630137,0.008248141263940521,0.32272727272727275,1.0,0.4731113956466069,8.568075117370892,15,18.0,639
0.5,0.5,Per period 14d,Both,84711A,14.325865639767127,0.007783457249070632,0.32367149758454106,1.0,1.5709749548458276,7.996870109546166,14,59.769325886935434,639
0.5,0.5,Per period 28d,Both,84711A,11.957951716616764,0.008131970260223048,0.4430379746835443,0.9997423198160158,4.618216746730212,6.283255086071987,11,175.70471184176813,639
0.5,0.5,Per period 56d,Both,84711A,12.485635532314339,0.007551115241635688,0.6435643564356436,1.0,26.4458567611998,3.998435054773083,7,1006.15928105263,639
0.5,0.5,SP Part Period Balancing,SAP only,84711A,11.115498556303232,0.009526022304832713,0.5857142857142857,0.9913049976504495,10.198667313742781,5.140845070422535,9,388.01857942245204,639
0.5,0.5,WI Sliding Economic Lot Size,SAP only,84711A,13.211839003148121,0.009758364312267658,0.65625,0.9945759746103905,20.304974751302357,5.140845070422535,9,772.5232342457607,639
0.5,0.5,DY Dynamic Planning Calculation,SAP only,84711A,11.56724023565599,0.010455390334572491,0.7086614173228346,0.988905655730807,17.19741017229891,4.569640062597809,8,654.2928070424305,639
0.5,0.5,GR Groff Reorder Procedure,SAP only,84711A,14.281432095265943,0.008828996282527882,0.3619047619047619,1.0,1.3567640131329466,7.996870109546166,14,51.61945465933144,639
2.0,2.0,Per period 7d,Both,84711A,15.09813698630137,0.008248141263940521,0.32272727272727275,1.0,0.4731113956466069,8.568075117370892,15,18.0,639
2.0,2.0,Per period 14d,Both,84711A,14.325865639767127,0.007783457249070632,0.32367149758454106,1.0,1.5709749548458276,7.996870109546166,14,59.769325886935434,639
2.0,2.0,Per period 28d,Both,84711A,11.957951716616764,0.008131970260223048,0.4430379746835443,0.9997423198160158,4.618216746730212,6.283255086071987,11,175.70471184176813,639
2.0,2.0,Per period 56d,Both,84711A,12.485635532314339,0.007551115241635688,0.6435643564356436,1.0,26.4458567611998,3.998435054773083,7,1006.15928105263,639
2.0,2.0,SP Part Period Balancing,SAP only,84711A,13.253170267821076,0.010223048327137546,0.822429906542056,1.0,34.967015369040354,3.427230046948357,6,1330.3553506304988,639
2.0,2.0,WI Sliding Economic Lot Size,SAP only,84711A,16.3741895305735,0.004763011152416357,0.7592592592592593,1.0,59.6550831592384,2.2848200312989047,4,2269.6377782207674,639
2.0,2.0,DY Dynamic Planning Calculation,SAP only,84711A,17.739667312602222,0.0030204460966542753,0.7222222222222222,0.9882385417618239,75.87981096556834,1.1424100156494523,2,2886.923904070257,639
2.0,2.0,GR Groff Reorder Procedure,SAP only,84711A,12.744795175877549,0.008596654275092937,0.4228571428571429,1.0,3.5906043012996878,6.854460093896714,12,136.6081603996509,639
1.0,1.0,Per period 7d,Both,16156L,24.116009928173312,0.03810408921933085,0.9590643274853801,1.0,0.6136612653666417,13.708920187793428,24,504.0907593245194,639
1.0,1.0,Per period 14d,Both,16156L,21.60909630039826,0.028229553903345726,0.9455252918287937,1.0,3.221955330186276,11.995305164319248,21,2646.6684481591055,639
1.0,1.0,Per period 28d,Both,16156L,17.986611039027316,0.023466542750929367,0.9619047619047619,1.0,10.508637176117777,9.139280125195619,16,8632.297967202025,639
1.0,1.0,Per period 56d,Both,16156L,15.773725688453414,0.018355018587360595,0.9875,1.0,25.25172278456277,6.283255086071987,11,20742.974717684476,639
1.0,1.0,SP Part Period Balancing,SAP only,16156L,13.430729862222558,0.016031598513011152,0.971830985915493,1.0,28.72709785784103,4.569640062597809,8,23597.814282276588,639
1.0,1.0,WI Sliding Economic Lot Size,SAP only,16156L,14.367909516889664,0.013475836431226766,0.9830508474576272,1.0,44.263986914434625,3.427230046948357,6,36360.55921029437,639
1.0,1.0,DY Dynamic Planning Calculation,SAP only,16156L,16.622976169681486,0.008480483271375464,0.9864864864864865,1.0,61.48241254797862,2.856025039123631,5,50504.59883254455,639
1.0,1.0,GR Groff Reorder Procedure,SAP only,16156L,20.708109179838615,0.026603159851301114,0.9346938775510204,1.0,3.745706786994272,11.424100156494523,20,3076.9029838225615,639
0.5,0.5,Per period 7d,Both,16156L,24.116009928173312,0.03810408921933085,0.9590643274853801,1.0,0.6136612653666417,13.708920187793428,24,504.0907593245194,639
0.5,0.5,Per period 14d,Both,16156L,21.60909630039826,0.028229553903345726,0.9455252918287937,1.0,3.221955330186276,11.995305164319248,21,2646.6684481591055,639
0.5,0.5,Per period 28d,Both,16156L,17.986611039027316,0.023466542750929367,0.9619047619047619,1.0,10.508637176117777,9.139280125195619,16,8632.297967202025,639
0.5,0.5,Per period 56d,Both,16156L,15.773725688453414,0.018355018587360595,0.9875,1.0,25.25172278456277,6.283255086071987,11,20742.974717684476,639
0.5,0.5,SP Part Period Balancing,SAP only,16156L,16.068554056319275,0.01928438661710037,0.9822485207100592,1.0,21.521554833509434,6.854460093896714,12,17678.836078053995,639
0.5,0.5,WI Sliding Economic Lot Size,SAP only,16156L,14.922913935230488,0.015566914498141264,0.9781021897810219,1.0,36.62034958914099,4.569640062597809,8,30081.70936141819,639
0.5,0.5,DY Dynamic Planning Calculation,SAP only,16156L,13.672801881420295,0.014172862453531599,0.991869918699187,1.0,35.297324208112286,3.998435054773083,7,28994.912937123903,639
0.5,0.5,GR Groff Reorder Procedure,SAP only,16156L,22.337430816809057,0.03066914498141264,0.9361702127659575,1.0,1.7849181124170128,12.566510172143975,22,1466.2172397060185,639
2.0,2.0,Per period 7d,Both,16156L,24.116009928173312,0.03810408921933085,0.9590643274853801,1.0,0.6136612653666417,13.708920187793428,24,504.0907593245194,639
2.0,2.0,Per period 14d,Both,16156L,21.60909630039826,0.028229553903345726,0.9455252918287937,1.0,3.221955330186276,11.995305164319248,21,2646.6684481591055,639
2.0,2.0,Per period 28d,Both,16156L,17.986611039027316,0.023466542750929367,0.9619047619047619,1.0,10.508637176117777,9.139280125195619,16,8632.297967202025,639
2.0,2.0,Per period 56d,Both,16156L,15.773725688453414,0.018355018587360595,0.9875,1.0,25.25172278456277,6.283255086071987,11,20742.974717684476,639
2.0,2.0,SP Part Period Balancing,SAP only,16156L,15.034510745272836,0.011152416356877323,0.9795918367346939,1.0,47.790127821042596,3.427230046948357,6,39257.10026219744,639
2.0,2.0,WI Sliding Economic Lot Size,SAP only,16156L,15.463766423346147,0.010803903345724907,1.0,1.0,50.06077471066697,3.427230046948357,6,41122.31838715885,639
2.0,2.0,DY Dynamic Planning Calculation,SAP only,16156L,26.67478476341772,0.004182156133828996,0.972972972972973,1.0,125.23323308585387,1.7136150234741785,3,102872.57665056508,639
2.0,2.0,GR Groff Reorder Procedure,SAP only,16156L,18.362706083826275,0.02253717472118959,0.9326923076923077,1.0,7.208348051680072,9.710485133020343,17,5921.282388054651,639
1.0,1.0,Per period 7d,Both,22033,37.52941250674199,0.056342936802973975,0.9014869888475836,1.0,1.64732325273798,21.134585289514867,37,2300.423392390804,639
1.0,1.0,Per period 14d,Both,22033,25.695612162900794,0.03891728624535316,0.9436619718309859,1.0,5.2760773650046815,13.708920187793428,24,7367.838564985596,639
1.0,1.0,Per period 28d,Both,22033,21.00890180936493,0.026138475836431228,0.9109311740890689,1.0,9.362517607064811,10.28169014084507,18,13074.394766883328,639
1.0,1.0,Per period 56d,Both,22033,18.663756563322508,0.01858736059479554,0.9195402298850575,1.0,20.734986419004752,6.854460093896714,12,28955.60887634184,639
1.0,1.0,SP Part Period Balancing,SAP only,22033,15.695756002263039,0.018471189591078067,0.9875776397515528,0.9999178746839527,20.834556072479145,5.140845070422535,9,29094.65405745249,639
1.0,1.0,WI Sliding Economic Lot Size,SAP only,22033,14.714055316755127,0.01812267657992565,0.9873417721518988,1.0,24.003102560610124,3.998435054773083,7,33519.40703113835,639
1.0,1.0,DY Dynamic Planning Calculation,SAP only,22033,23.569982740869143,0.00662174721189591,0.9344262295081968,0.9997597340082927,60.894080162760055,2.2848200312989047,4,85036.23452877664,639
1.0,1.0,GR Groff Reorder Procedure,SAP only,22033,19.504143915410527,0.03183085501858736,0.9681978798586572,0.9999756607551684,7.791909801005997,9.710485133020343,17,10881.101537200506,639
0.5,0.5,Per period 7d,Both,22033,37.52941250674199,0.056342936802973975,0.9014869888475836,1.0,1.64732325273798,21.134585289514867,37,2300.423392390804,639
0.5,0.5,Per period 14d,Both,22033,25.695612162900794,0.03891728624535316,0.9436619718309859,1.0,5.2760773650046815,13.708920187793428,24,7367.838564985596,639
0.5,0.5,Per period 28d,Both,22033,21.00890180936493,0.026138475836431228,0.9109311740890689,1.0,9.362517607064811,10.28169014084507,18,13074.394766883328,639
0.5,0.5,Per period 56d,Both,22033,18.663756563322508,0.01858736059479554,0.9195402298850575,1.0,20.734986419004752,6.854460093896714,12,28955.60887634184,639
0.5,0.5,SP Part Period Balancing,SAP only,22033,16.67580276064065,0.023466542750929367,0.9758454106280193,1.0,14.549256987186338,6.854460093896714,12,20317.4762813552,639
0.5,0.5,WI Sliding Economic Lot Size,SAP only,22033,17.083335525598688,0.023815055762081785,0.9855769230769231,1.0,22.040550930827038,5.712050078247262,10,30778.77936718477,639
0.5,0.5,DY Dynamic Planning Calculation,SAP only,22033,17.171697888195872,0.012894981412639405,0.9568965517241379,0.9997597340082927,34.76192471735024,3.427230046948357,6,48543.68725227968,639
0.5,0.5,GR Groff Reorder Procedure,SAP only,22033,22.5524370504857,0.03473513011152416,0.92,0.9996038442323826,4.830572793633261,11.995305164319248,21,6745.708612229529,639
2.0,2.0,Per period 7d,Both,22033,37.52941250674199,0.056342936802973975,0.9014869888475836,1.0,1.64732325273798,21.134585289514867,37,2300.423392390804,639
2.0,2.0,Per period 14d,Both,22033,25.695612162900794,0.03891728624535316,0.9436619718309859,1.0,5.2760773650046815,13.708920187793428,24,7367.838564985596,639
2.0,2.0,Per period 28d,Both,22033,21.00890180936493,0.026138475836431228,0.9109311740890689,1.0,9.362517607064811,10.28169014084507,18,13074.394766883328,639
2.0,2.0,Per period 56d,Both,22033,18.663756563322508,0.01858736059479554,0.9195402298850575,1.0,20.734986419004752,6.854460093896714,12,28955.60887634184,639
2.0,2.0,SP Part Period Balancing,SAP only,22033,14.791965848024704,0.012197955390334572,0.9905660377358491,1.0,27.357135682077136,3.427230046948357,6,38203.18493486925,639
2.0,2.0,WI Sliding Economic Lot Size,SAP only,22033,15.776438748722873,0.011965613382899629,1.0,1.0,33.53203391760682,2.856025039123631,5,46826.19218195057,639
2.0,2.0,DY Dynamic Planning Calculation,SAP only,22033,36.1967498802143,0.004414498141263941,0.9047619047619048,0.9997597340082927,106.40681987740689,1.1424100156494523,2,148593.02031283593,639
2.0,2.0,GR Groff Reorder Procedure,SAP only,22033,16.153678017131305,0.02578996282527881,0.9779735682819384,0.9999756607551684,12.924610383905458,6.854460093896714,12,18048.71995539198,639
1.0,1.0,Per period 7d,Both,79534,6.046462849615217,0.009409851301115242,0.8181818181818182,1.0,1.5239255126150824,3.427230046948357,6,154.1721828141291,639
1.0,1.0,Per period 14d,Both,79534,7.026668912520592,0.00871282527881041,0.78125,1.0,0.8747082135599485,3.998435054773083,7,88.49230063651208,639
1.0,1.0,Per period 28d,Both,79534,6.192958529422389,0.006970260223048327,0.8450704225352113,1.0,6.328807386948569,3.427230046948357,6,640.2714839924706,639
1.0,1.0,Per period 56d,Both,79534,3.463877529172494,0.005808550185873606,0.9615384615384616,1.0,15.214624313599787,1.7136150234741785,3,1539.2299831632756,639
1.0,1.0,SP Part Period Balancing,SAP only,79534,2.543475846191943,0.0018587360594795538,0.8,1.0,50.62414896194201,0.5712050078247262,1,5121.533489636902,639
1.0,1.0,WI Sliding Economic Lot Size,SAP only,79534,3.1088410536056186,0.0011617100371747212,0.9090909090909091,1.0,69.1674469012153,0.5712050078247262,1,6997.518041509552,639
1.0,1.0,DY Dynamic Planning Calculation,SAP only,79534,3.317127503648835,0.0,0.0,1.0,108.79778733485311,0.0,0,11006.832171198406,639
1.0,1.0,GR Groff Reorder Procedure,SAP only,79534,5.204500488851603,0.0070864312267657995,0.8026315789473685,1.0,6.707369756355795,2.856025039123631,5,678.5698039166823,639
0.5,0.5,Per period 7d,Both,79534,6.046462849615217,0.009409851301115242,0.8181818181818182,1.0,1.5239255126150824,3.427230046948357,6,154.1721828141291,639
0.5,0.5,Per period 14d,Both,79534,7.026668912520592,0.00871282527881041,0.78125,1.0,0.8747082135599485,3.998435054773083,7,88.49230063651208,639
0.5,0.5,Per period 28d,Both,79534,6.192958529422389,0.006970260223048327,0.8450704225352113,1.0,6.328807386948569,3.427230046948357,6,640.2714839924706,639
0.5,0.5,Per period 56d,Both,79534,3.463877529172494,0.005808550185873606,0.9615384615384616,1.0,15.214624313599787,1.7136150234741785,3,1539.2299831632756,639
0.5,0.5,SP Part Period Balancing,SAP only,79534,2.892312893175765,0.0032527881040892194,0.8484848484848485,1.0,29.26678829230853,1.1424100156494523,2,2960.856418265037,639
0.5,0.5,WI Sliding Economic Lot Size,SAP only,79534,3.0510056995447736,0.0015102230483271376,0.9285714285714286,1.0,67.27051693858162,0.5712050078247262,1,6805.609821216749,639
0.5,0.5,DY Dynamic Planning Calculation,SAP only,79534,2.6261840567805668,0.0017425650557620818,1.0,1.0,53.33687866454435,0.5712050078247262,1,5395.974370226426,639
0.5,0.5,GR Groff Reorder Procedure,SAP only,79534,5.122163863275832,0.009409851301115242,0.8901098901098901,1.0,4.006827594678766,2.856025039123631,5,405.36190996071525,639
2.0,2.0,Per period 7d,Both,79534,6.046462849615217,0.009409851301115242,0.8181818181818182,1.0,1.5239255126150824,3.427230046948357,6,154.1721828141291,639
2.0,2.0,Per period 14d,Both,79534,7.026668912520592,0.00871282527881041,0.78125,1.0,0.8747082135599485,3.998435054773083,7,88.49230063651208,639
2.0,2.0,Per period 28d,Both,79534,6.192958529422389,0.006970260223048327,0.8450704225352113,1.0,6.328807386948569,3.427230046948357,6,640.2714839924706,639
2.0,2.0,Per period 56d,Both,79534,3.463877529172494,0.005808550185873606,0.9615384615384616,1.0,15.214624313599787,1.7136150234741785,3,1539.2299831632756,639
2.0,2.0,SP Part Period Balancing,SAP only,79534,3.8318195161618007,0.0,0.0,1.0,125.67906550662559,0.0,0,12714.673849082337,639
2.0,2.0,WI Sliding Economic Lot Size,SAP only,79534,2.8500109451709723,0.0,0.0,1.0,93.47692676076913,0.0,0,9456.854499885498,639
2.0,2.0,DY Dynamic Planning Calculation,SAP only,79534,8.391886500653046,0.0,0.0,1.0,275.24377095301753,0.0,0,27845.805206712375,639
2.0,2.0,GR Groff Reorder Procedure,SAP only,79534,4.329539161241978,0.005924721189591078,0.85,1.0,10.808487627886521,2.2848200312989047,4,1093.4708532120162,639
1.0,1.0,Per period 7d,Both,84816,13.437808219178082,0.006157063197026022,0.28804347826086957,1.0,0.7009057713283066,7.42566510172144,13,20.0,639
1.0,1.0,Per period 14d,Both,84816,12.545689455368377,0.0060408921933085506,0.30409356725146197,0.9843993934992772,0.8736174239458949,6.854460093896714,12,24.928241703311347,639
1.0,1.0,Per period 28d,Both,84816,17.000115728602196,0.005808550185873606,0.373134328358209,1.0,11.206782557336147,5.712050078247262,10,319.78000512387996,639
1.0,1.0,Per period 56d,Both,84816,22.614257186474767,0.008131970260223048,0.6542056074766355,1.0,24.99752745060511,3.998435054773083,7,713.2920992569823,639
1.0,1.0,SP Part Period Balancing,SAP only,84816,14.587377297287048,0.011849442379182156,0.6181818181818182,1.0,5.743184667298069,6.283255086071987,11,163.87893786104786,639
1.0,1.0,WI Sliding Economic Lot Size,SAP only,84816,32.60821717215245,0.010455390334572491,0.7317073170731707,1.0,37.79539748659447,5.140845070422535,9,1078.472999729117,639
1.0,1.0,DY Dynamic Planning Calculation,SAP only,84816,14.699531849715786,0.010571561338289962,0.65,0.9938734367048726,7.523680122293807,5.712050078247262,10,214.6844962636123,639
1.0,1.0,GR Groff Reorder Procedure,SAP only,84816,12.625839600875421,0.007899628252788104,0.37362637362637363,0.9984278500997552,1.0019331957789488,6.854460093896714,12,28.58966887603612,639
0.5,0.5,Per period 7d,Both,84816,13.437808219178082,0.006157063197026022,0.28804347826086957,1.0,0.7009057713283066,7.42566510172144,13,20.0,639
0.5,0.5,Per period 14d,Both,84816,12.545689455368377,0.0060408921933085506,0.30409356725146197,0.9843993934992772,0.8736174239458949,6.854460093896714,12,24.928241703311347,639
0.5,0.5,Per period 28d,Both,84816,17.000115728602196,0.005808550185873606,0.373134328358209,1.0,11.206782557336147,5.712050078247262,10,319.78000512387996,639
0.5,0.5,Per period 56d,Both,84816,22.614257186474767,0.008131970260223048,0.6542056074766355,1.0,24.99752745060511,3.998435054773083,7,713.2920992569823,639
0.5,0.5,SP Part Period Balancing,SAP only,84816,12.888899605283548,0.00871282527881041,0.42857142857142855,1.0,1.4230771287125321,6.854460093896714,12,40.60680299480536,639
0.5,0.5,WI Sliding Economic Lot Size,SAP only,84816,15.022768134521137,0.009526022304832713,0.5061728395061729,1.0,8.041162818137476,5.712050078247262,10,229.45060939927595,639
0.5,0.5,DY Dynamic Planning Calculation,SAP only,84816,12.9549828236408,0.008596654275092937,0.4277456647398844,0.9978969103696685,1.528872559464156,6.854460093896714,12,43.625623357808735,639
0.5,0.5,GR Groff Reorder Procedure,SAP only,84816,14.21890410958904,0.007551115241635688,0.3217821782178218,1.0,0.3504528856641533,7.996870109546166,14,10.0,639
2.0,2.0,Per period 7d,Both,84816,13.437808219178082,0.006157063197026022,0.28804347826086957,1.0,0.7009057713283066,7.42566510172144,13,20.0,639
2.0,2.0,Per period 14d,Both,84816,12.545689455368377,0.0060408921933085506,0.30409356725146197,0.9843993934992772,0.8736174239458949,6.854460093896714,12,24.928241703311347,639
2.0,2.0,Per period 28d,Both,84816,17.000115728602196,0.005808550185873606,0.373134328358209,1.0,11.206782557336147,5.712050078247262,10,319.78000512387996,639
2.0,2.0,Per period 56d,Both,84816,22.614257186474767,0.008131970260223048,0.6542056074766355,1.0,24.99752745060511,3.998435054773083,7,713.2920992569823,639
2.0,2.0,SP Part Period Balancing,SAP only,84816,17.093379339800236,0.010339219330855019,0.6742424242424242,0.9912392203435154,14.557977171166478,4.569640062597809,8,415.404688238684,639
2.0,2.0,WI Sliding Economic Lot Size,SAP only,84816,23.04483518646623,0.008828996282527882,0.6785714285714286,1.0,25.686858056977897,3.998435054773083,7,732.9618076420743,639
2.0,2.0,DY Dynamic Planning Calculation,SAP only,84816,21.93240107122785,0.009409851301115242,0.801980198019802,0.9826041356098114,25.506857506936335,3.427230046948357,6,727.8255808508343,639
2.0,2.0,GR Groff Reorder Procedure,SAP only,84816,12.625839600875421,0.006273234200743495,0.3157894736842105,0.9984278500997552,1.0019331957789488,6.854460093896714,12,28.58966887603612,639
1.0,1.0,Per period 7d,Both,22827,45.455681459861495,0.01092007434944238,0.3657587548638132,1.0,6.143719271352681,11.424100156494523,20,281.5552646318014,639
1.0,1.0,Per period 14d,Both,22827,53.91051057525548,0.009061338289962825,0.33191489361702126,0.9916107402567742,8.90833802639428,9.710485133020343,17,408.25261696873486,639
1.0,1.0,Per period 28d,Both,22827,86.83080702776192,0.009990706319702601,0.593103448275862,0.9925016407422207,17.819037870630623,7.42566510172144,13,816.6134716706999,639
1.0,1.0,Per period 56d,Both,22827,139.06140641689305,0.010339219330855019,0.8018018018018018,1.0,31.631621789567788,4.569640062597809,8,1449.618586126241,639
1.0,1.0,SP Part Period Balancing,SAP only,22827,44.5215959293522,0.012430297397769517,0.39338235294117646,0.9975747341607942,5.91827807529079,11.424100156494523,20,271.2237125519258,639
1.0,1.0,WI Sliding Economic Lot Size,SAP only,22827,53.78668334685915,0.019400557620817844,0.526813880126183,0.9942865017583291,8.154403484365359,11.424100156494523,20,373.70119459404816,639
1.0,1.0,DY Dynamic Planning Calculation,SAP only,22827,45.22355072545294,0.01324349442379182,0.42857142857142855,0.9993513413495234,6.0876946047686085,11.424100156494523,20,278.9877580239492,639
1.0,1.0,GR Groff Reorder Procedure,SAP only,22827,45.23289895638312,0.011617100371747211,0.33112582781456956,1.0,5.365901910414268,13.137715179968701,23,245.90933694181325,639
0.5,0.5,Per period 7d,Both,22827,45.455681459861495,0.01092007434944238,0.3657587548638132,1.0,6.143719271352681,11.424100156494523,20,281.5552646318014,639
0.5,0.5,Per period 14d,Both,22827,53.91051057525548,0.009061338289962825,0.33191489361702126,0.9916107402567742,8.90833802639428,9.710485133020343,17,408.25261696873486,639
0.5,0.5,Per period 28d,Both,22827,86.83080702776192,0.009990706319702601,0.593103448275862,0.9925016407422207,17.819037870630623,7.42566510172144,13,816.6134716706999,639
0.5,0.5,Per period 56d,Both,22827,139.06140641689305,0.010339219330855019,0.8018018018018018,1.0,31.631621789567788,4.569640062597809,8,1449.618586126241,639
0.5,0.5,SP Part Period Balancing,SAP only,22827,45.59454279199956,0.011849442379182156,0.3411371237458194,1.0,5.453184515900435,13.137715179968701,23,249.90933694181325,639
0.5,0.5,WI Sliding Economic Lot Size,SAP only,22827,46.69043320295846,0.010571561338289962,0.2826086956521739,1.0,5.234978002185018,14.280125195618153,25,239.90933694181325,639
0.5,0.5,DY Dynamic Planning Calculation,SAP only,22827,45.95618662761599,0.014405204460966542,0.41471571906354515,1.0,5.540467121386601,13.137715179968701,23,253.90933694181325,639
0.5,0.5,GR Groff Reorder Procedure,SAP only,22827,48.1479674495338,0.015799256505576207,0.3919308357348703,1.0,5.104054093955768,15.422535211267606,27,233.90933694181325,639
2.0,2.0,Per period 7d,Both,22827,45.455681459861495,0.01092007434944238,0.3657587548638132,1.0,6.143719271352681,11.424100156494523,20,281.5552646318014,639
2.0,2.0,Per period 14d,Both,22827,53.91051057525548,0.009061338289962825,0.33191489361702126,0.9916107402567742,8.90833802639428,9.710485133020343,17,408.25261696873486,639
2.0,2.0,Per period 28d,Both,22827,86.83080702776192,0.009990706319702601,0.593103448275862,0.9925016407422207,17.819037870630623,7.42566510172144,13,816.6134716706999,639
2.0,2.0,Per period 56d,Both,22827,139.06140641689305,0.010339219330855019,0.8018018018018018,1.0,31.631621789567788,4.569640062597809,8,1449.618586126241,639
2.0,2.0,SP Part Period Balancing,SAP only,22827,49.28692503191411,0.009990706319702601,0.4075829383886256,0.9956783305137946,7.792437371753993,9.710485133020343,17,357.1129586863227,639
2.0,2.0,WI Sliding Economic Lot Size,SAP only,22827,68.4937760258907,0.012314126394052044,0.4711111111111111,1.0,12.428003729690943,9.710485133020343,17,569.5523711954576,639
2.0,2.0,DY Dynamic Planning Calculation,SAP only,22827,49.88243584125554,0.012314126394052044,0.5096153846153846,0.997985831353337,7.936163684538774,9.710485133020343,17,363.699669153281,639
2.0,2.0,GR Groff Reorder Procedure,SAP only,22827,44.99149580865941,0.01324349442379182,0.4014084507042254,0.9982740471775153,5.790338607931333,11.995305164319248,21,265.36048394426314,639
1.0,1.0,Per period 7d,Both,90011A,10.369075188611044,0.00034851301115241634,0.022727272727272728,0.976319350473613,17.544392279603542,5.712050078247262,10,227.55480378890388,639
1.0,1.0,Per period 14d,Both,90011A,7.420825774213639,0.0022072490706319704,0.19791666666666666,0.9605048658960581,20.004412900138853,3.998435054773083,7,259.4618371418551,639
1.0,1.0,Per period 28d,Both,90011A,6.524805750321819,0.001974907063197026,0.20987654320987653,0.9860427631374208,24.947214655334157,3.427230046948357,6,323.5711129517969,639
1.0,1.0,Per period 56d,Both,90011A,6.7386383047457885,0.004763011152416357,0.4880952380952381,1.0,35.11197872707306,3.427230046948357,6,455.4104412706296,639
1.0,1.0,SP Part Period Balancing,SAP only,90011A,5.02019980310334,0.0025557620817843866,0.6470588235294118,1.0,143.56849699877333,1.1424100156494523,2,1862.1164326566204,639
1.0,1.0,WI Sliding Economic Lot Size,SAP only,90011A,5.700295963197721,0.0009293680297397769,0.6666666666666666,1.0,223.43370335707843,0.5712050078247262,1,2897.98653136346,639
1.0,1.0,DY Dynamic Planning Calculation,SAP only,90011A,7.2714137324435875,0.0,0.0,1.0,345.6545952855445,0.0,0,4483.219615442415,639
1.0,1.0,GR Groff Reorder Procedure,SAP only,90011A,7.706120219264734,0.0037174721189591076,0.4266666666666667,1.0,33.56619600998409,3.998435054773083,7,435.36128383720904,639
0.5,0.5,Per period 7d,Both,90011A,10.369075188611044,0.00034851301115241634,0.022727272727272728,0.976319350473613,17.544392279603542,5.712050078247262,10,227.55480378890388,639
0.5,0.5,Per period 14d,Both,90011A,7.420825774213639,0.0022072490706319704,0.19791666666666666,0.9605048658960581,20.004412900138853,3.998435054773083,7,259.4618371418551,639
0.5,0.5,Per period 28d,Both,90011A,6.524805750321819,0.001974907063197026,0.20987654320987653,0.9860427631374208,24.947214655334157,3.427230046948357,6,323.5711129517969,639
0.5,0.5,Per period 56d,Both,90011A,6.7386383047457885,0.004763011152416357,0.4880952380952381,1.0,35.11197872707306,3.427230046948357,6,455.4104412706296,639
0.5,0.5,SP Part Period Balancing,SAP only,90011A,4.687835545890525,0.0031366171003717473,0.574468085106383,0.9806784481557639,80.23310651686562,1.7136150234741785,3,1040.641848395341,639
0.5,0.5,WI Sliding Economic Lot Size,SAP only,90011A,5.046494156103929,0.0012778810408921933,0.55,1.0,144.8184277934084,1.1424100156494523,2,1878.3283225978616,639
0.5,0.5,DY Dynamic Planning Calculation,SAP only,90011A,5.0470222687786475,0.002091078066914498,0.5454545454545454,0.9623816369965382,144.84353220632752,1.1424100156494523,2,1878.6539326084564,639
0.5,0.5,GR Groff Reorder Procedure,SAP only,90011A,7.532154321229888,0.0036013011152416356,0.34065934065934067,0.976319350473613,25.29653700125195,3.998435054773083,7,328.1019041366711,639
2.0,2.0,Per period 7d,Both,90011A,10.369075188611044,0.00034851301115241634,0.022727272727272728,0.976319350473613,17.544392279603542,5.712050078247262,10,227.55480378890388,639
2.0,2.0,Per period 14d,Both,90011A,7.420825774213639,0.0022072490706319704,0.19791666666666666,0.9605048658960581,20.004412900138853,3.998435054773083,7,259.4618371418551,639
2.0,2.0,Per period 28d,Both,90011A,6.524805750321819,0.001974907063197026,0.20987654320987653,0.9860427631374208,24.947214655334157,3.427230046948357,6,323.5711129517969,639
2.0,2.0,Per period 56d,Both,90011A,6.7386383047457885,0.004763011152416357,0.4880952380952381,1.0,35.11197872707306,3.427230046948357,6,455.4104412706296,639
2.0,2.0,SP Part Period Balancing,SAP only,90011A,5.123273518752036,0.0016263940520446097,0.6086956521739131,0.9960235112902418,196.0043111034592,0.5712050078247262,1,2542.221003960293,639
2.0,2.0,WI Sliding Economic Lot Size,SAP only,90011A,5.998533448844262,0.0,0.0,0.9874826265735388,285.14684047145863,0.0,0,3698.420116263777,639
2.0,2.0,DY Dynamic Planning Calculation,SAP only,90011A,8.530007021003524,0.0,0.0,1.0,405.48320218288455,0.0,0,5259.210409909268,639
2.0,2.0,GR Groff Reorder Procedure,SAP only,90011A,6.684198857403775,0.004065985130111524,0.44871794871794873,1.0,32.52414012636003,3.427230046948357,6,421.84557931144917,639
1.0,1.0,Per period 7d,Both,90162D,9.027479452054795,0.005227695167286246,0.3515625,1.0,0.6553468961919665,5.140845070422535,9,17.0,639
1.0,1.0,Per period 14d,Both,90162D,8.050558066094482,0.006273234200743495,0.46551724137931033,0.9897467123132113,1.2057398970844968,4.569640062597809,8,31.277447668619494,639
1.0,1.0,Per period 28d,Both,90162D,7.132065392600727,0.005692379182156134,0.532608695652174,0.9949024739680989,3.149576816986027,3.998435054773083,7,81.70147169367002,639
1.0,1.0,Per period 56d,Both,90162D,5.646778929903199,0.0037174721189591076,0.4266666666666667,1.0,15.424782247812995,2.856025039123631,5,400.1259481604535,639
1.0,1.0,SP Part Period Balancing,SAP only,90162D,5.225523309156261,0.004763011152416357,0.803921568627451,0.9905094686237493,53.075650495147265,1.7136150234741785,3,1376.8067929526023,639
1.0,1.0,WI Sliding Economic Lot Size,SAP only,90162D,4.833984365675002,0.006273234200743495,0.8059701492537313,0.9885151773362931,43.73798863649478,1.7136150234741785,3,1134.5835482565694,639
1.0,1.0,DY Dynamic Planning Calculation,SAP only,90162D,6.658659176297274,0.004995353159851301,0.8431372549019608,1.0,87.2539572706776,1.7136150234741785,3,2263.40779550594,639
1.0,1.0,GR Groff Reorder Procedure,SAP only,90162D,5.169069320315763,0.0055762081784386614,0.5647058823529412,0.966407160475989,4.032069274499542,2.856025039123631,5,104.59373205975133,639
0.5,0.5,Per period 7d,Both,90162D,9.027479452054795,0.005227695167286246,0.3515625,1.0,0.6553468961919665,5.140845070422535,9,17.0,639
0.5,0.5,Per period 14d,Both,90162D,8.050558066094482,0.006273234200743495,0.46551724137931033,0.9897467123132113,1.2057398970844968,4.569640062597809,8,31.277447668619494,639
0.5,0.5,Per period 28d,Both,90162D,7.132065392600727,0.005692379182156134,0.532608695652174,0.9949024739680989,3.149576816986027,3.998435054773083,7,81.70147169367002,639
0.5,0.5,Per period 56d,Both,90162D,5.646778929903199,0.0037174721189591076,0.4266666666666667,1.0,15.424782247812995,2.856025039123631,5,400.1259481604535,639
0.5,0.5,SP Part Period Balancing,SAP only,90162D,6.271899458589218,0.006273234200743495,0.7397260273972602,1.0,30.3330416047817,2.856025039123631,5,786.8530548899395,639
0.5,0.5,WI Sliding Economic Lot Size,SAP only,90162D,6.677416027228459,0.005808550185873606,0.819672131147541,1.0,63.85266633992627,2.2848200312989047,4,1656.3675422684528,639
0.5,0.5,DY Dynamic Planning Calculation,SAP only,90162D,6.462868282205495,0.006854089219330855,0.7866666666666666,1.0,34.88738372109486,2.856025039123631,5,904.994784754247,639
0.5,0.5,GR Groff Reorder Procedure,SAP only,90162D,6.133449309059343,0.007202602230483271,0.5849056603773585,0.9751618189263725,3.1825813089946187,3.427230046948357,6,82.55762340111886,639
2.0,2.0,Per period 7d,Both,90162D,9.027479452054795,0.005227695167286246,0.3515625,1.0,0.6553468961919665,5.140845070422535,9,17.0,639
2.0,2.0,Per period 14d,Both,90162D,8.050558066094482,0.006273234200743495,0.46551724137931033,0.9897467123132113,1.2057398970844968,4.569640062597809,8,31.277447668619494,639
2.0,2.0,Per period 28d,Both,90162D,7.132065392600727,0.005692379182156134,0.532608695652174,0.9949024739680989,3.149576816986027,3.998435054773083,7,81.70147169367002,639
2.0,2.0,Per period 56d,Both,90162D,5.646778929903199,0.0037174721189591076,0.4266666666666667,1.0,15.424782247812995,2.856025039123631,5,400.1259481604535,639
2.0,2.0,SP Part Period Balancing,SAP only,90162D,5.218816378163319,0.0036013011152416356,0.7560975609756098,1.0,76.76431533769066,1.1424100156494523,2,1991.301657677307,639
2.0,2.0,WI Sliding Economic Lot Size,SAP only,90162D,5.538937714078932,0.004763011152416357,0.803921568627451,0.9885151773362931,84.39876610762583,1.1424100156494523,2,2189.3428231166267,639
2.0,2.0,DY Dynamic Planning Calculation,SAP only,90162D,7.083599681680938,0.0034851301115241635,0.8333333333333334,1.0,121.23681601179524,1.1424100156494523,2,3144.938786124648,639
2.0,2.0,GR Groff Reorder Procedure,SAP only,90162D,5.169069320315763,0.004879182156133829,0.5454545454545454,0.966407160475989,4.032069274499542,2.856025039123631,5,104.59373205975133,639
1.0,1.0,Per period 7d,Both,90054,11.009742465753424,0.001974907063197026,0.11486486486486487,1.0,0.42607692941273373,6.283255086071987,11,7.0,639
1.0,1.0,Per period 14d,Both,90054,10.038730010428287,0.0033689591078066915,0.21014492753623187,0.9886222077883614,1.6938180063509225,5.712050078247262,10,27.827664973080584,639
1.0,1.0,Per period 28d,Both,90054,8.100186799464874,0.0034851301115241635,0.2727272727272727,0.9820222513844303,4.381568790085542,4.569640062597809,8,71.98460985173011,639
1.0,1.0,Per period 56d,Both,90054,5.531578967723364,0.0027881040892193307,0.34782608695652173,0.9848994560058745,23.248070872442618,2.856025039123631,5,381.9415811398185,639
1.0,1.0,SP Part Period Balancing,SAP only,90054,4.054753097789622,0.0017425650557620818,0.5769230769230769,0.9811068815331295,89.86255766921802,1.1424100156494523,2,1476.3481903409688,639
1.0,1.0,WI Sliding Economic Lot Size,SAP only,90054,5.7780170767721675,0.0024395910780669145,0.65625,0.9849672936957781,165.22777252505188,1.1424100156494523,2,2714.520143743782,639
1.0,1.0,DY Dynamic Planning Calculation,SAP only,90054,5.828658638849902,0.001974907063197026,0.6071428571428571,1.0,167.44253024828646,1.1424100156494523,2,2750.906305472863,639
1.0,1.0,GR Groff Reorder Procedure,SAP only,90054,6.233487331453419,0.002904275092936803,0.29069767441860467,0.9768316585767637,10.211333327753863,3.427230046948357,6,167.76156689074378,639
0.5,0.5,Per period 7d,Both,90054,11.009742465753424,0.001974907063197026,0.11486486486486487,1.0,0.42607692941273373,6.283255086071987,11,7.0,639
0.5,0.5,Per period 14d,Both,90054,10.038730010428287,0.0033689591078066915,0.21014492753623187,0.9886222077883614,1.6938180063509225,5.712050078247262,10,27.827664973080584,639
0.5,0.5,Per period 28d,Both,90054,8.100186799464874,0.0034851301115241635,0.2727272727272727,0.9820222513844303,4.381568790085542,4.569640062597809,8,71.98460985173011,639
0.5,0.5,Per period 56d,Both,90054,5.531578967723364,0.0027881040892193307,0.34782608695652173,0.9848994560058745,23.248070872442618,2.856025039123631,5,381.9415811398185,639
0.5,0.5,SP Part Period Balancing,SAP only,90054,5.403974096501571,0.005343866171003717,0.7666666666666667,1.0,61.401393358978744,2.2848200312989047,4,1008.7609157934519,639
0.5,0.5,WI Sliding Economic Lot Size,SAP only,90054,5.175827478077204,0.0031366171003717473,0.627906976744186,0.9849672936957781,95.15762377354059,1.7136150234741785,3,1563.3406092483847,639
0.5,0.5,DY Dynamic Planning Calculation,SAP only,90054,4.239922092394479,0.0025557620817843866,0.6666666666666666,0.9916728894798787,97.96073718973075,1.1424100156494523,2,1609.3928419763479,639
0.5,0.5,GR Groff Reorder Procedure,SAP only,90054,8.114685965961382,0.004298327137546468,0.3135593220338983,0.9963310820396866,5.015675236670098,4.569640062597809,8,82.40231806280333,639
2.0,2.0,Per period 7d,Both,90054,11.009742465753424,0.001974907063197026,0.11486486486486487,1.0,0.42607692941273373,6.283255086071987,11,7.0,639
2.0,2.0,Per period 14d,Both,90054,10.038730010428287,0.0033689591078066915,0.21014492753623187,0.9886222077883614,1.6938180063509225,5.712050078247262,10,27.827664973080584,639
2.0,2.0,Per period 28d,Both,90054,8.100186799464874,0.0034851301115241635,0.2727272727272727,0.9820222513844303,4.381568790085542,4.569640062597809,8,71.98460985173011,639
2.0,2.0,Per period 56d,Both,90054,5.531578967723364,0.0027881040892193307,0.34782608695652173,0.9848994560058745,23.248070872442618,2.856025039123631,5,381.9415811398185,639
2.0,2.0,SP Part Period Balancing,SAP only,90054,6.312828339066154,0.002904275092936803,0.6944444444444444,1.0,188.6172045457361,1.1424100156494523,2,3098.784141258162,639
2.0,2.0,WI Sliding Economic Lot Size,SAP only,90054,6.297598722553569,0.0009293680297397769,0.6666666666666666,1.0,231.68514563913178,0.5712050078247262,1,3806.3455388426237,639
2.0,2.0,DY Dynamic Planning Calculation,SAP only,90054,8.9909621084041,0.0,0.0,1.0,393.21067423495384,0.0,0,6460.041672376961,639
2.0,2.0,GR Groff Reorder Procedure,SAP only,90054,6.3698350122981395,0.004414498141263941,0.4222222222222222,0.980500576537077,16.17436185227751,3.427230046948357,6,265.7279123795687,639
1.0,1.0,Per period 7d,Both,22049,26.363152670801313,0.025557620817843865,1.0,1.0,28.692404314347705,9.710485133020343,17,89935.54539059155,639
1.0,1.0,Per period 14d,Both,22049,22.503288582949992,0.01533457249070632,0.9705882352941176,1.0,32.186231843903286,6.854460093896714,12,100886.85086254597,639
1.0,1.0,Per period 28d,Both,22049,19.15550227414962,0.010223048327137546,0.9777777777777777,1.0,40.31366394198906,3.427230046948357,6,126362.06131748974,639
1.0,1.0,Per period 56d,Both,22049,19.796547050446954,0.008596654275092937,1.0,1.0,48.40687006583345,2.2848200312989047,4,151729.9914056089,639
1.0,1.0,SP Part Period Balancing,SAP only,22049,19.29565288983575,0.009642193308550186,1.0,1.0,43.80753652900086,2.856025039123631,5,137313.50802079076,639
1.0,1.0,WI Sliding Economic Lot Size,SAP only,22049,21.161959285783592,0.01312732342007435,1.0,1.0,46.46224208027898,3.427230046948357,6,145634.60892923712,639
1.0,1.0,DY Dynamic Planning Calculation,SAP only,22049,24.45666774874321,0.004763011152416357,1.0,1.0,65.75171931196088,1.7136150234741785,3,206096.94021819133,639
1.0,1.0,GR Groff Reorder Procedure,SAP only,22049,20.77417707337555,0.01638011152416357,0.9929577464788732,1.0,33.016341355588544,5.712050078247262,10,103488.8060995283,639
0.5,0.5,Per period 7d,Both,22049,26.363152670801313,0.025557620817843865,1.0,1.0,28.692404314347705,9.710485133020343,17,89935.54539059155,639
0.5,0.5,Per period 14d,Both,22049,22.503288582949992,0.01533457249070632,0.9705882352941176,1.0,32.186231843903286,6.854460093896714,12,100886.85086254597,639
0.5,0.5,Per period 28d,Both,22049,19.15550227414962,0.010223048327137546,0.9777777777777777,1.0,40.31366394198906,3.427230046948357,6,126362.06131748974,639
0.5,0.5,Per period 56d,Both,22049,19.796547050446954,0.008596654275092937,1.0,1.0,48.40687006583345,2.2848200312989047,4,151729.9914056089,639
0.5,0.5,SP Part Period Balancing,SAP only,22049,20.68813217291981,0.01475371747211896,1.0,1.0,35.81706138689394,5.140845070422535,9,112267.5853451508,639
0.5,0.5,WI Sliding Economic Lot Size,SAP only,22049,19.591076345056187,0.01486988847583643,1.0,1.0,38.58403958014854,3.998435054773083,7,120940.6017354081,639
0.5,0.5,DY Dynamic Planning Calculation,SAP only,22049,21.135814439587765,0.008828996282527882,1.0,1.0,46.38212392732753,3.427230046948357,6,145383.48080130352,639
0.5,0.5,GR Groff Reorder Procedure,SAP only,22049,23.034434111791235,0.019516728624535316,0.9940828402366864,1.0,30.749476242018456,7.42566510172144,13,96383.38028431055,639
2.0,2.0,Per period 7d,Both,22049,26.363152670801313,0.025557620817843865,1.0,1.0,28.692404314347705,9.710485133020343,17,89935.54539059155,639
2.0,2.0,Per period 14d,Both,22049,22.503288582949992,0.01533457249070632,0.9705882352941176,1.0,32.186231843903286,6.854460093896714,12,100886.85086254597,639
2.0,2.0,Per period 28d,Both,22049,19.15550227414962,0.010223048327137546,0.9777777777777777,1.0,40.31366394198906,3.427230046948357,6,126362.06131748974,639
2.0,2.0,Per period 56d,Both,22049,19.796547050446954,0.008596654275092937,1.0,1.0,48.40687006583345,2.2848200312989047,4,151729.9914056089,639
2.0,2.0,SP Part Period Balancing,SAP only,22049,21.007127517452396,0.008248141263940521,0.9861111111111112,1.0,49.052171932892215,2.856025039123631,5,153752.67220710852,639
2.0,2.0,WI Sliding Economic Lot Size,SAP only,22049,20.679545544114397,0.008945167286245352,0.9871794871794872,1.0,51.112726808752285,2.2848200312989047,4,160211.4243053093,639
2.0,2.0,DY Dynamic Planning Calculation,SAP only,22049,28.87011092560161,0.003949814126394052,1.0,1.0,79.27625538448689,1.7136150234741785,3,248489.22336433124,639
2.0,2.0,GR Groff Reorder Procedure,SAP only,22049,19.35940929209262,0.011965613382899629,1.0,1.0,37.87412007080712,3.998435054773083,7,118715.37872667909,639
1.0,1.0,Per period 7d,Both,90019C,17.8029134372625,0.004879182156133829,0.18666666666666668,1.0,7.322751322751324,9.710485133020343,17,265.937753721245,639
1.0,1.0,Per period 14d,Both,90019C,15.991733882697266,0.004995353159851301,0.2182741116751269,0.9955764446148847,9.044836297794395,8.568075117370892,15,328.4781008933775,639
1.0,1.0,Per period 28d,Both,90019C,13.599361531538383,0.00871282527881041,0.528169014084507,0.9931293125517242,14.586537261801148,6.854460093896714,12,529.7340825875767,639
1.0,1.0,Per period 56d,Both,90019C,9.228134775981918,0.0070864312267657995,0.6224489795918368,0.9867699518298734,29.44131596730623,3.427230046948357,6,1069.2097942226856,639
1.0,1.0,SP Part Period Balancing,SAP only,90019C,11.003134142159634,0.007318773234200744,0.75,1.0,54.749934974349316,2.856025039123631,5,1988.3339037098606,639
1.0,1.0,WI Sliding Economic Lot Size,SAP only,90019C,11.463569511010666,0.006157063197026022,0.7794117647058824,1.0,58.949209204695876,2.856025039123631,5,2140.83745146905,639
1.0,1.0,DY Dynamic Planning Calculation,SAP only,90019C,13.765401018804969,0.004182156133828996,0.9230769230769231,0.993105637676223,107.30310625625629,1.1424100156494523,2,3896.8887221994673,639
1.0,1.0,GR Groff Reorder Procedure,SAP only,90019C,13.250964002623501,0.005808550185873606,0.33783783783783783,0.9987678752552712,11.409073356846399,6.854460093896714,12,414.3392567673122,639
0.5,0.5,Per period 7d,Both,90019C,17.8029134372625,0.004879182156133829,0.18666666666666668,1.0,7.322751322751324,9.710485133020343,17,265.937753721245,639
0.5,0.5,Per period 14d,Both,90019C,15.991733882697266,0.004995353159851301,0.2182741116751269,0.9955764446148847,9.044836297794395,8.568075117370892,15,328.4781008933775,639
0.5,0.5,Per period 28d,Both,90019C,13.599361531538383,0.00871282527881041,0.528169014084507,0.9931293125517242,14.586537261801148,6.854460093896714,12,529.7340825875767,639
0.5,0.5,Per period 56d,Both,90019C,9.228134775981918,0.0070864312267657995,0.6224489795918368,0.9867699518298734,29.44131596730623,3.427230046948357,6,1069.2097942226856,639
0.5,0.5,SP Part Period Balancing,SAP only,90019C,9.723668040979598,0.0070864312267657995,0.6559139784946236,0.9933646982882515,33.96069091275595,3.427230046948357,6,1233.3383257328069,639
0.5,0.5,WI Sliding Economic Lot Size,SAP only,90019C,10.105480510944787,0.007899628252788104,0.7906976744186046,1.0,46.56313175212099,2.856025039123631,5,1691.0166846595712,639
0.5,0.5,DY Dynamic Planning Calculation,SAP only,90019C,11.440524113116586,0.00546003717472119,0.6619718309859155,1.0,58.739029987260466,2.856025039123631,5,2133.204447629359,639
0.5,0.5,GR Groff Reorder Procedure,SAP only,90019C,16.010239417475947,0.008248141263940521,0.3697916666666667,0.9987678752552712,9.2136109414731,8.568075117370892,15,334.607429563268,639
2.0,2.0,Per period 7d,Both,90019C,17.8029134372625,0.004879182156133829,0.18666666666666668,1.0,7.322751322751324,9.710485133020343,17,265.937753721245,639
2.0,2.0,Per period 14d,Both,90019C,15.991733882697266,0.004995353159851301,0.2182741116751269,0.9955764446148847,9.044836297794395,8.568075117370892,15,328.4781008933775,639
2.0,2.0,Per period 28d,Both,90019C,13.599361531538383,0.00871282527881041,0.528169014084507,0.9931293125517242,14.586537261801148,6.854460093896714,12,529.7340825875767,639
2.0,2.0,Per period 56d,Both,90019C,9.228134775981918,0.0070864312267657995,0.6224489795918368,0.9867699518298734,29.44131596730623,3.427230046948357,6,1069.2097942226856,639
2.0,2.0,SP Part Period Balancing,SAP only,90019C,12.29760479754172,0.0031366171003717473,0.7714285714285715,1.0,93.91647424592306,1.1424100156494523,2,3410.731171599571,639
2.0,2.0,WI Sliding Economic Lot Size,SAP only,90019C,12.613318364957419,0.0030204460966542753,0.7428571428571429,1.0,87.67562791455288,1.7136150234741785,3,3184.0845764151154,639
2.0,2.0,DY Dynamic Planning Calculation,SAP only,90019C,24.76207939001937,0.0006970260223048327,0.42857142857142855,1.0,216.71551403828204,0.5712050078247262,1,7870.380197238719,639
2.0,2.0,GR Groff Reorder Procedure,SAP only,90019C,12.912779097867372,0.010803903345724907,0.6038961038961039,0.9973470273305638,17.44497603227943,6.283255086071987,11,633.5429861357447,639
1.0,1.0,Per period 7d,Both,22824,34.03483886141631,0.011384758364312268,0.2824207492795389,0.9929115163569034,6.555731512252581,15.422535211267606,27,357.1232523528446,639
1.0,1.0,Per period 14d,Both,22824,33.367994294603186,0.012430297397769517,0.42292490118577075,1.0,11.525672661131331,11.995305164319248,21,627.8606283073938,639
1.0,1.0,Per period 28d,Both,22824,35.211488723514286,0.014172862453531599,0.6853932584269663,1.0,20.69877639378787,7.42566510172144,13,1127.5651438223522,639
1.0,1.0,Per period 56d,Both,22824,46.45442069043548,0.009177509293680297,0.7669902912621359,0.9964546835706486,36.76737934063838,3.998435054773083,7,2002.9017457592413,639
1.0,1.0,SP Part Period Balancing,SAP only,22824,32.51344232166868,0.021259293680297397,0.746938775510204,0.9928673299718845,15.388795157439255,9.139280125195619,16,838.304095606268,639
1.0,1.0,WI Sliding Economic Lot Size,SAP only,22824,34.16121038309631,0.016728624535315983,0.6956521739130435,0.9979990512105538,18.78813215730269,7.996870109546166,14,1023.48286367596,639
1.0,1.0,DY Dynamic Planning Calculation,SAP only,22824,32.732161886137895,0.011617100371747211,0.704225352112676,0.9970824100916177,20.252094086721616,6.283255086071987,11,1103.232140255957,639
1.0,1.0,GR Groff Reorder Procedure,SAP only,22824,30.88361906461018,0.015566914498141264,0.4174454828660436,0.9947174868669444,7.346705582116909,13.137715179968701,23,400.21153805044713,639
0.5,0.5,Per period 7d,Both,22824,34.03483886141631,0.011384758364312268,0.2824207492795389,0.9929115163569034,6.555731512252581,15.422535211267606,27,357.1232523528446,639
0.5,0.5,Per period 14d,Both,22824,33.367994294603186,0.012430297397769517,0.42292490118577075,1.0,11.525672661131331,11.995305164319248,21,627.8606283073938,639
0.5,0.5,Per period 28d,Both,22824,35.211488723514286,0.014172862453531599,0.6853932584269663,1.0,20.69877639378787,7.42566510172144,13,1127.5651438223522,639
0.5,0.5,Per period 56d,Both,22824,46.45442069043548,0.009177509293680297,0.7669902912621359,0.9964546835706486,36.76737934063838,3.998435054773083,7,2002.9017457592413,639
0.5,0.5,SP Part Period Balancing,SAP only,22824,31.49185890201531,0.022885687732342008,0.6501650165016502,0.999154403490402,8.84541632575065,12.566510172143975,22,481.853755109261,639
0.5,0.5,WI Sliding Economic Lot Size,SAP only,22824,34.76993076674363,0.018471189591078067,0.5932835820895522,1.0,13.764025369848488,11.424100156494523,20,749.7948163924094,639
0.5,0.5,DY Dynamic Planning Calculation,SAP only,22824,30.1866985769164,0.0170771375464684,0.6475770925110133,0.9970824100916177,12.288619129203848,9.710485133020343,17,669.4221113455471,639
0.5,0.5,GR Groff Reorder Procedure,SAP only,22824,32.901279622206594,0.016496282527881042,0.39444444444444443,0.9979566860585115,6.431268318356009,14.85133020344288,26,350.3431240758564,639
2.0,2.0,Per period 7d,Both,22824,34.03483886141631,0.011384758364312268,0.2824207492795389,0.9929115163569034,6.555731512252581,15.422535211267606,27,357.1232523528446,639
2.0,2.0,Per period 14d,Both,22824,33.367994294603186,0.012430297397769517,0.42292490118577075,1.0,11.525672661131331,11.995305164319248,21,627.8606283073938,639
2.0,2.0,Per period 28d,Both,22824,35.211488723514286,0.014172862453531599,0.6853932584269663,1.0,20.69877639378787,7.42566510172144,13,1127.5651438223522,639
2.0,2.0,Per period 56d,Both,22824,46.45442069043548,0.009177509293680297,0.7669902912621359,0.9964546835706486,36.76737934063838,3.998435054773083,7,2002.9017457592413,639
2.0,2.0,SP Part Period Balancing,SAP only,22824,33.59977310038385,0.013475836431226766,0.7341772151898734,1.0,21.060616682571215,6.283255086071987,11,1147.276381312949,639
2.0,2.0,WI Sliding Economic Lot Size,SAP only,22824,40.4866162204727,0.01428903345724907,0.7639751552795031,0.9979990512105538,28.410326746029504,5.712050078247262,10,1547.6515883828279,639
2.0,2.0,DY Dynamic Planning Calculation,SAP only,22824,42.14328086418175,0.010106877323420074,0.8446601941747572,0.9923638307749973,31.817954426882594,4.569640062597809,8,1733.2819910189617,639
2.0,2.0,GR Groff Reorder Procedure,SAP only,22824,31.802622217992287,0.01963289962825279,0.5767918088737202,0.9953897646189902,9.135015121620187,12.566510172143975,22,497.62963971727186,639
1.0,1.0,Per period 7d,Both,84313A,11.094611687183644,0.008015799256505576,0.4859154929577465,1.0,1.236456123028933,6.283255086071987,11,40.62737155532957,639
1.0,1.0,Per period 14d,Both,84313A,8.496976476240986,0.00662174721189591,0.5588235294117647,1.0,6.494859412630137,4.569640062597809,8,213.40754567995262,639
1.0,1.0,Per period 28d,Both,84313A,7.816962673009806,0.006273234200743495,0.6666666666666666,0.985840654139821,10.676677791067696,3.998435054773083,7,350.8133831159754,639
1.0,1.0,Per period 56d,Both,84313A,5.931320329382939,0.004879182156133829,0.7924528301886793,1.0,25.239935127259937,2.2848200312989047,4,829.3316708526736,639
1.0,1.0,SP Part Period Balancing,SAP only,84313A,3.9220040825441815,0.004065985130111524,0.8333333333333334,0.9905526512872017,25.11818346221383,1.1424100156494523,2,825.3311648572073,639
1.0,1.0,WI Sliding Economic Lot Size,SAP only,84313A,6.691377154086996,0.0009293680297397769,0.5333333333333333,1.0,74.37916329489555,0.5712050078247262,1,2443.944307343239,639
1.0,1.0,DY Dynamic Planning Calculation,SAP only,84313A,5.014630403833671,0.0026719330855018587,0.6388888888888888,1.0,39.39743949660485,1.1424100156494523,2,1294.517761646223,639
1.0,1.0,GR Groff Reorder Procedure,SAP only,84313A,7.469844922008178,0.007551115241635688,0.6914893617021277,1.0,6.14028401759115,3.998435054773083,7,201.75693709762965,639
0.5,0.5,Per period 7d,Both,84313A,11.094611687183644,0.008015799256505576,0.4859154929577465,1.0,1.236456123028933,6.283255086071987,11,40.62737155532957,639
0.5,0.5,Per period 14d,Both,84313A,8.496976476240986,0.00662174721189591,0.5588235294117647,1.0,6.494859412630137,4.569640062597809,8,213.40754567995262,639
0.5,0.5,Per period 28d,Both,84313A,7.816962673009806,0.006273234200743495,0.6666666666666666,0.985840654139821,10.676677791067696,3.998435054773083,7,350.8133831159754,639
0.5,0.5,Per period 56d,Both,84313A,5.931320329382939,0.004879182156133829,0.7924528301886793,1.0,25.239935127259937,2.2848200312989047,4,829.3316708526736,639
0.5,0.5,SP Part Period Balancing,SAP only,84313A,5.873146280297405,0.00662174721189591,0.9344262295081968,1.0,24.479673246995855,2.2848200312989047,4,804.3510497747677,639
0.5,0.5,WI Sliding Economic Lot Size,SAP only,84313A,5.314239723456188,0.0025557620817843866,0.7586206896551724,1.0,43.312957640200906,1.1424100156494523,2,1423.1735283076569,639
0.5,0.5,DY Dynamic Planning Calculation,SAP only,84313A,4.893240417062682,0.0034851301115241635,0.6666666666666666,1.0,24.742278419570173,1.7136150234741785,3,812.9797085033869,639
0.5,0.5,GR Groff Reorder Procedure,SAP only,84313A,8.216282405562739,0.006970260223048327,0.5825242718446602,0.995705699489,2.8265398559313097,4.569640062597809,8,92.87420944752917,639
2.0,2.0,Per period 7d,Both,84313A,11.094611687183644,0.008015799256505576,0.4859154929577465,1.0,1.236456123028933,6.283255086071987,11,40.62737155532957,639
2.0,2.0,Per period 14d,Both,84313A,8.496976476240986,0.00662174721189591,0.5588235294117647,1.0,6.494859412630137,4.569640062597809,8,213.40754567995262,639
2.0,2.0,Per period 28d,Both,84313A,7.816962673009806,0.006273234200743495,0.6666666666666666,0.985840654139821,10.676677791067696,3.998435054773083,7,350.8133831159754,639
2.0,2.0,Per period 56d,Both,84313A,5.931320329382939,0.004879182156133829,0.7924528301886793,1.0,25.239935127259937,2.2848200312989047,4,829.3316708526736,639
2.0,2.0,SP Part Period Balancing,SAP only,84313A,4.714249975819569,0.0017425650557620818,0.8823529411764706,1.0,48.54059008743787,0.5712050078247262,1,1594.9426366754617,639
2.0,2.0,WI Sliding Economic Lot Size,SAP only,84313A,7.550952401058868,0.0,0.0,1.0,98.68148015230908,0.0,0,3242.4677957488075,639
2.0,2.0,DY Dynamic Planning Calculation,SAP only,84313A,6.958957606469416,0.00034851301115241634,0.75,1.0,90.94485045717852,0.0,0,2988.2582663074545,639
2.0,2.0,GR Groff Reorder Procedure,SAP only,84313A,6.685095250063887,0.005924721189591078,0.6538461538461539,1.0,8.953335914571559,3.427230046948357,6,294.18796032155154,639
1.0,1.0,Per period 7d,Both,90003D,14.163157358147812,0.007551115241635688,0.3299492385786802,1.0,1.5304903495044337,7.996870109546166,14,79.40324763193505,639
1.0,1.0,Per period 14d,Both,90003D,11.340892782528616,0.00871282527881041,0.47770700636942676,0.9777933762394092,3.1977296016468824,6.283255086071987,11,165.9011541639262,639
1.0,1.0,Per period 28d,Both,90003D,12.671135621544213,0.008480483271375464,0.5069444444444444,1.0,6.29555788131553,6.854460093896714,12,326.6193358181833,639
1.0,1.0,Per period 56d,Both,90003D,8.178004705083001,0.006273234200743495,0.6,0.9985377937323803,11.050220800749907,3.998435054773083,7,573.2956231403944,639
1.0,1.0,SP Part Period Balancing,SAP only,90003D,8.532225211381693,0.004995353159851301,0.7678571428571429,1.0,42.514337241941966,2.2848200312989047,4,2205.682936205758,639
1.0,1.0,WI Sliding Economic Lot Size,SAP only,90003D,9.487499130600549,0.0045306691449814125,0.78,1.0,51.47524180116637,2.2848200312989047,4,2670.5829102256007,639
1.0,1.0,DY Dynamic Planning Calculation,SAP only,90003D,10.66771365943189,0.0034851301115241635,0.7142857142857143,1.0,71.92664732835544,1.7136150234741785,3,3731.6206475901863,639
1.0,1.0,GR Groff Reorder Procedure,SAP only,90003D,12.392166914874595,0.00766728624535316,0.44594594594594594,1.0,3.6787043221595814,6.854460093896714,12,190.85456523896937,639
0.5,0.5,Per period 7d,Both,90003D,14.163157358147812,0.007551115241635688,0.3299492385786802,1.0,1.5304903495044337,7.996870109546166,14,79.40324763193505,639
0.5,0.5,Per period 14d,Both,90003D,11.340892782528616,0.00871282527881041,0.47770700636942676,0.9777933762394092,3.1977296016468824,6.283255086071987,11,165.9011541639262,639
0.5,0.5,Per period 28d,Both,90003D,12.671135621544213,0.008480483271375464,0.5069444444444444,1.0,6.29555788131553,6.854460093896714,12,326.6193358181833,639
0.5,0.5,Per period 56d,Both,90003D,8.178004705083001,0.006273234200743495,0.6,0.9985377937323803,11.050220800749907,3.998435054773083,7,573.2956231403944,639
0.5,0.5,SP Part Period Balancing,SAP only,90003D,7.892965217104719,0.007434944237918215,0.7191011235955056,0.9970369846367244,17.756876120178806,3.427230046948357,6,921.2430723242969,639
0.5,0.5,WI Sliding Economic Lot Size,SAP only,90003D,11.251764731417563,0.008248141263940521,0.8160919540229885,1.0,49.26394574261576,3.427230046948357,6,2555.8588359565474,639
0.5,0.5,DY Dynamic Planning Calculation,SAP only,90003D,8.991390981936194,0.00546003717472119,0.746031746031746,1.0,37.44106578030114,2.856025039123631,5,1942.4769445422812,639
0.5,0.5,GR Groff Reorder Procedure,SAP only,90003D,12.392166914874595,0.006970260223048327,0.40540540540540543,1.0,3.6787043221595814,6.854460093896714,12,190.85456523896937,639
2.0,2.0,Per period 7d,Both,90003D,14.163157358147812,0.007551115241635688,0.3299492385786802,1.0,1.5304903495044337,7.996870109546166,14,79.40324763193505,639
2.0,2.0,Per period 14d,Both,90003D,11.340892782528616,0.00871282527881041,0.47770700636942676,0.9777933762394092,3.1977296016468824,6.283255086071987,11,165.9011541639262,639
2.0,2.0,Per period 28d,Both,90003D,12.671135621544213,0.008480483271375464,0.5069444444444444,1.0,6.29555788131553,6.854460093896714,12,326.6193358181833,639
2.0,2.0,Per period 56d,Both,90003D,8.178004705083001,0.006273234200743495,0.6,0.9985377937323803,11.050220800749907,3.998435054773083,7,573.2956231403944,639
2.0,2.0,SP Part Period Balancing,SAP only,90003D,10.997305259461422,0.003949814126394052,0.7727272727272727,1.0,75.01836668964795,1.7136150234741785,3,3892.0218929378925,639
2.0,2.0,WI Sliding Economic Lot Size,SAP only,90003D,9.548540945698038,0.003949814126394052,0.7391304347826086,1.0,61.42829740872406,1.7136150234741785,3,3186.9565935730457,639
2.0,2.0,DY Dynamic Planning Calculation,SAP only,90003D,16.343517557293985,0.0027881040892193307,0.7741935483870968,1.0,134.54872920593613,1.1424100156494523,2,6980.511877883073,639
2.0,2.0,GR Groff Reorder Procedure,SAP only,90003D,11.583111200162401,0.007783457249070632,0.48905109489051096,1.0,5.469848707209369,6.283255086071987,11,283.78078407903547,639
1.0,1.0,Per period 7d,Both,90122A,19.128008170536432,0.009990706319702601,0.3104693140794224,1.0,0.971710420282809,10.852895148669797,19,47.052348686603565,639
1.0,1.0,Per period 14d,Both,90122A,15.496459668890976,0.00987453531598513,0.39906103286384975,0.9951372248073351,3.768626889126733,8.568075117370892,15,182.485175372816,639
1.0,1.0,Per period 28d,Both,90122A,13.310034656275572,0.010571561338289962,0.5449101796407185,0.9929747274738063,9.944477146263834,6.854460093896714,12,481.5333832231462,639
1.0,1.0,Per period 56d,Both,90122A,10.13900286744848,0.009177509293680297,0.6752136752136753,1.0,23.828180520158437,3.998435054773083,7,1153.8127357690792,639
1.0,1.0,SP Part Period Balancing,SAP only,90122A,10.739094673027196,0.010571561338289962,0.8198198198198198,0.9972338896082167,35.974482388033884,3.427230046948357,6,1741.9632987461496,639
1.0,1.0,WI Sliding Economic Lot Size,SAP only,90122A,11.832034076208313,0.009990706319702601,0.8775510204081632,1.0,59.45299500781262,2.2848200312989047,4,2878.8443482538114,639
1.0,1.0,DY Dynamic Planning Calculation,SAP only,90122A,11.94327509431757,0.006505576208178439,0.875,0.9924253625823806,67.88842902907402,1.7136150234741785,3,3287.3065553131055,639
1.0,1.0,GR Groff Reorder Procedure,SAP only,90122A,12.66711751470487,0.009990706319702601,0.4942528735632184,0.9985712455525457,5.064091126959753,6.854460093896714,12,245.21439362263573,639
0.5,0.5,Per period 7d,Both,90122A,19.128008170536432,0.009990706319702601,0.3104693140794224,1.0,0.971710420282809,10.852895148669797,19,47.052348686603565,639
0.5,0.5,Per period 14d,Both,90122A,15.496459668890976,0.00987453531598513,0.39906103286384975,0.9951372248073351,3.768626889126733,8.568075117370892,15,182.485175372816,639
0.5,0.5,Per period 28d,Both,90122A,13.310034656275572,0.010571561338289962,0.5449101796407185,0.9929747274738063,9.944477146263834,6.854460093896714,12,481.5333832231462,639
0.5,0.5,Per period 56d,Both,90122A,10.13900286744848,0.009177509293680297,0.6752136752136753,1.0,23.828180520158437,3.998435054773083,7,1153.8127357690792,639
0.5,0.5,SP Part Period Balancing,SAP only,90122A,9.978288960132163,0.00987453531598513,0.7083333333333334,1.0,22.60820075035783,3.998435054773083,7,1094.738640934783,639
0.5,0.5,WI Sliding Economic Lot Size,SAP only,90122A,10.302619128206882,0.009526022304832713,0.7192982456140351,0.996821567437756,25.07019206395594,3.998435054773083,7,1213.9536573972928,639
0.5,0.5,DY Dynamic Planning Calculation,SAP only,90122A,9.776164648176875,0.008015799256505576,0.69,1.0,21.07387447027442,3.998435054773083,7,1020.4431989774016,639
0.5,0.5,GR Groff Reorder Procedure,SAP only,90122A,14.579500204134433,0.013940520446096654,0.5741626794258373,0.9985712455525457,4.398987850179322,7.996870109546166,14,213.00863495374404,639
2.0,2.0,Per period 7d,Both,90122A,19.128008170536432,0.009990706319702601,0.3104693140794224,1.0,0.971710420282809,10.852895148669797,19,47.052348686603565,639
2.0,2.0,Per period 14d,Both,90122A,15.496459668890976,0.00987453531598513,0.39906103286384975,0.9951372248073351,3.768626889126733,8.568075117370892,15,182.485175372816,639
2.0,2.0,Per period 28d,Both,90122A,13.310034656275572,0.010571561338289962,0.5449101796407185,0.9929747274738063,9.944477146263834,6.854460093896714,12,481.5333832231462,639
2.0,2.0,Per period 56d,Both,90122A,10.13900286744848,0.009177509293680297,0.6752136752136753,1.0,23.828180520158437,3.998435054773083,7,1153.8127357690792,639
2.0,2.0,SP Part Period Balancing,SAP only,90122A,10.14929788211569,0.00662174721189591,0.7916666666666666,0.9946399041651386,46.67933932993947,2.2848200312989047,4,2260.3159385420213,639
2.0,2.0,WI Sliding Economic Lot Size,SAP only,90122A,10.762497121611565,0.005111524163568773,0.7213114754098361,0.996821567437756,58.925139769406854,1.7136150234741785,3,2853.284440471522,639
2.0,2.0,DY Dynamic Planning Calculation,SAP only,90122A,17.842492198894632,0.0023234200743494425,0.8333333333333334,0.9969973542823621,127.85141061398163,0.5712050078247262,1,6190.845571597725,639
2.0,2.0,GR Groff Reorder Procedure,SAP only,90122A,10.311369943463792,0.011036245353159852,0.6333333333333333,0.9922023134038453,9.954613315458541,5.140845070422535,9,482.024198755573,639
1.0,1.0,Per period 7d,Both,35265,11.062657586959222,0.004995353159851301,0.3028169014084507,1.0,3.0826400914975016,6.283255086071987,11,58.641074974657485,639
1.0,1.0,Per period 14d,Both,35265,11.06347232865975,0.0037174721189591076,0.22535211267605634,1.0,3.122723911384988,6.283255086071987,11,59.40358964309901,639
1.0,1.0,Per period 28d,Both,35265,8.180256008865243,0.004065985130111524,0.33980582524271846,0.9792361751116702,8.868270015296725,4.569640062597809,8,168.70113650208572,639
1.0,1.0,Per period 56d,Both,35265,6.484223041712719,0.005227695167286246,0.5844155844155844,0.9921068023134705,23.822898934520396,3.427230046948357,6,453.1831031413907,639
1.0,1.0,SP Part Period Balancing,SAP only,35265,5.955988857946638,0.005692379182156134,0.8305084745762712,1.0,96.23111844305026,2.2848200312989047,4,1830.6049567962118,639
1.0,1.0,WI Sliding Economic Lot Size,SAP only,35265,4.269796092101122,0.004879182156133829,0.7924528301886793,1.0,62.471673926497935,1.7136150234741785,3,1188.3989067100244,639
1.0,1.0,DY Dynamic Planning Calculation,SAP only,35265,7.230688538431429,0.0030204460966542753,0.8666666666666667,1.0,257.34042718878953,1.1424100156494523,2,4895.38799109608,639
1.0,1.0,GR Groff Reorder Procedure,SAP only,35265,7.305025056541837,0.007551115241635688,0.6435643564356436,0.9964140421858386,15.006681773734499,3.998435054773083,7,285.4721683019751,639
0.5,0.5,Per period 7d,Both,35265,11.062657586959222,0.004995353159851301,0.3028169014084507,1.0,3.0826400914975016,6.283255086071987,11,58.641074974657485,639
0.5,0.5,Per period 14d,Both,35265,11.06347232865975,0.0037174721189591076,0.22535211267605634,1.0,3.122723911384988,6.283255086071987,11,59.40358964309901,639
0.5,0.5,Per period 28d,Both,35265,8.180256008865243,0.004065985130111524,0.33980582524271846,0.9792361751116702,8.868270015296725,4.569640062597809,8,168.70113650208572,639
0.5,0.5,Per period 56d,Both,35265,6.484223041712719,0.005227695167286246,0.5844155844155844,0.9921068023134705,23.822898934520396,3.427230046948357,6,453.1831031413907,639
0.5,0.5,SP Part Period Balancing,SAP only,35265,4.93378942976819,0.005924721189591078,0.7083333333333334,0.9960612774848958,45.94075311411746,2.2848200312989047,4,873.9311329881776,639
0.5,0.5,WI Sliding Economic Lot Size,SAP only,35265,5.053538026470099,0.004414498141263941,0.6129032258064516,1.0,51.832167753722125,2.2848200312989047,4,986.00353759381,639
0.5,0.5,DY Dynamic Planning Calculation,SAP only,35265,4.366004593717635,0.0027881040892193307,0.6153846153846154,0.9784571119149615,116.40315197595788,1.1424100156494523,2,2214.337632581889,639
0.5,0.5,GR Groff Reorder Procedure,SAP only,35265,8.191288704773498,0.007434944237918215,0.5517241379310345,1.0,9.411058724128168,4.569640062597809,8,179.0266083136587,639
2.0,2.0,Per period 7d,Both,35265,11.062657586959222,0.004995353159851301,0.3028169014084507,1.0,3.0826400914975016,6.283255086071987,11,58.641074974657485,639
2.0,2.0,Per period 14d,Both,35265,11.06347232865975,0.0037174721189591076,0.22535211267605634,1.0,3.122723911384988,6.283255086071987,11,59.40358964309901,639
2.0,2.0,Per period 28d,Both,35265,8.180256008865243,0.004065985130111524,0.33980582524271846,0.9792361751116702,8.868270015296725,4.569640062597809,8,168.70113650208572,639
2.0,2.0,Per period 56d,Both,35265,6.484223041712719,0.005227695167286246,0.5844155844155844,0.9921068023134705,23.822898934520396,3.427230046948357,6,453.1831031413907,639
2.0,2.0,SP Part Period Balancing,SAP only,35265,5.2224904253461295,0.0026719330855018587,0.7419354838709677,1.0,158.54070770557476,1.1424100156494523,2,3015.9205262854803,639
2.0,2.0,WI Sliding Economic Lot Size,SAP only,35265,6.106899717162444,0.002091078066914498,0.6923076923076923,1.0,202.05204723449953,1.1424100156494523,2,3843.636914780236,639
2.0,2.0,DY Dynamic Planning Calculation,SAP only,35265,7.397928843396851,0.001974907063197026,0.7083333333333334,0.9907756420766326,314.76654164863686,0.5712050078247262,1,5987.80519958936,639
2.0,2.0,GR Groff Reorder Procedure,SAP only,35265,6.46903917912142,0.005227695167286246,0.6617647058823529,0.9778201774545914,23.07588032369859,3.427230046948357,6,438.9725650751757,639
1.0,1.0,Per period 7d,Both,90000B,13.262378004948443,0.00546003717472119,0.30718954248366015,0.9946357286484355,14.583350728670377,6.854460093896714,12,378.29882742707866,639
1.0,1.0,Per period 14d,Both,90000B,12.316524584201721,0.002904275092936803,0.18382352941176472,0.9963112223384352,15.208867454178087,6.283255086071987,11,394.5250190752286,639
1.0,1.0,Per period 28d,Both,90000B,9.798873751547418,0.005111524163568773,0.43564356435643564,0.9766005392956176,20.7811025957209,4.569640062597809,8,539.0713623274285,639
1.0,1.0,Per period 56d,Both,90000B,10.486420808946999,0.0060408921933085506,0.6190476190476191,0.9997644696502066,40.27612747156924,3.998435054773083,7,1044.7812769011941,639
1.0,1.0,SP Part Period Balancing,SAP only,90000B,8.790983685295183,0.006970260223048327,0.7894736842105263,1.0,55.34680986528349,2.2848200312989047,4,1435.7217119316435,639
1.0,1.0,WI Sliding Economic Lot Size,SAP only,90000B,8.92192771363888,0.004879182156133829,0.75,1.0,56.85951262442186,2.2848200312989047,4,1474.9619174697796,639
1.0,1.0,DY Dynamic Planning Calculation,SAP only,90000B,10.136499097458305,0.0034851301115241635,0.6666666666666666,1.0,82.44287282027268,1.7136150234741785,3,2138.6060513729735,639
1.0,1.0,GR Groff Reorder Procedure,SAP only,90000B,11.518761386192384,0.005924721189591078,0.3953488372093023,0.9875957060920966,17.545164666354992,5.712050078247262,10,455.129643645501,639
0.5,0.5,Per period 7d,Both,90000B,13.262378004948443,0.00546003717472119,0.30718954248366015,0.9946357286484355,14.583350728670377,6.854460093896714,12,378.29882742707866,639
0.5,0.5,Per period 14d,Both,90000B,12.316524584201721,0.002904275092936803,0.18382352941176472,0.9963112223384352,15.208867454178087,6.283255086071987,11,394.5250190752286,639
0.5,0.5,Per period 28d,Both,90000B,9.798873751547418,0.005111524163568773,0.43564356435643564,0.9766005392956176,20.7811025957209,4.569640062597809,8,539.0713623274285,639
0.5,0.5,Per period 56d,Both,90000B,10.486420808946999,0.0060408921933085506,0.6190476190476191,0.9997644696502066,40.27612747156924,3.998435054773083,7,1044.7812769011941,639
0.5,0.5,SP Part Period Balancing,SAP only,90000B,10.874740196931336,0.006389405204460966,0.7142857142857143,0.9895454085567273,44.76210378573159,3.998435054773083,7,1161.1495664038898,639
0.5,0.5,WI Sliding Economic Lot Size,SAP only,90000B,8.21064146871624,0.005227695167286246,0.625,0.9933105979914317,37.09024588416728,2.856025039123631,5,962.1380427597928,639
0.5,0.5,DY Dynamic Planning Calculation,SAP only,90000B,8.716749739045088,0.006273234200743495,0.72,1.0,42.93695295919094,2.856025039123631,5,1113.8043142458598,639
0.5,0.5,GR Groff Reorder Procedure,SAP only,90000B,12.344062248686441,0.007434944237918215,0.4507042253521127,1.0,15.526990407726784,6.283255086071987,11,402.7772748526691,639
2.0,2.0,Per period 7d,Both,90000B,13.262378004948443,0.00546003717472119,0.30718954248366015,0.9946357286484355,14.583350728670377,6.854460093896714,12,378.29882742707866,639
2.0,2.0,Per period 14d,Both,90000B,12.316524584201721,0.002904275092936803,0.18382352941176472,0.9963112223384352,15.208867454178087,6.283255086071987,11,394.5250190752286,639
2.0,2.0,Per period 28d,Both,90000B,9.798873751547418,0.005111524163568773,0.43564356435643564,0.9766005392956176,20.7811025957209,4.569640062597809,8,539.0713623274285,639
2.0,2.0,Per period 56d,Both,90000B,10.486420808946999,0.0060408921933085506,0.6190476190476191,0.9997644696502066,40.27612747156924,3.998435054773083,7,1044.7812769011941,639
2.0,2.0,SP Part Period Balancing,SAP only,90000B,10.450761992262247,0.004995353159851301,0.8113207547169812,0.9940867175598103,86.07332740516567,1.7136150234741785,3,2232.781713608966,639
2.0,2.0,WI Sliding Economic Lot Size,SAP only,90000B,12.611824144870626,0.0024395910780669145,0.75,1.0,122.59081889021135,1.1424100156494523,2,3180.062243742019,639
2.0,2.0,DY Dynamic Planning Calculation,SAP only,90000B,12.645481146699748,0.0026719330855018587,0.8214285714285714,1.0,122.97963417392633,1.1424100156494523,2,3190.148291088184,639
2.0,2.0,GR Groff Reorder Procedure,SAP only,90000B,9.989723607632829,0.008480483271375464,0.6576576576576577,0.9988497145413392,22.98585456137596,4.569640062597809,8,596.2636426814305,639
1.0,1.0,Per period 7d,Both,90194,13.009315068493152,0.0070864312267657995,0.3177083333333333,1.0,0.14018115426566133,7.42566510172144,13,4.0,639
1.0,1.0,Per period 14d,Both,90194,13.009315068493152,0.005924721189591078,0.2712765957446808,1.0,0.14018115426566133,7.42566510172144,13,4.0,639
1.0,1.0,Per period 28d,Both,90194,9.693808484802407,0.006157063197026022,0.3680555555555556,1.0,10.44102620505955,5.140845070422535,9,297.9295258269157,639
1.0,1.0,Per period 56d,Both,90194,8.39434206856667,0.004763011152416357,0.47126436781609193,0.9938327910815286,20.983257477555487,3.998435054773083,7,598.7468882668641,639
1.0,1.0,SP Part Period Balancing,SAP only,90194,7.921051596132921,0.005227695167286246,0.7142857142857143,1.0,43.9584942093073,2.856025039123631,5,1254.333920692372,639
1.0,1.0,WI Sliding Economic Lot Size,SAP only,90194,9.156662208829314,0.004995353159851301,0.86,0.9945239242732251,92.65074277146358,1.7136150234741785,3,2643.7431837914105,639
1.0,1.0,DY Dynamic Planning Calculation,SAP only,90194,8.608426350879467,0.005924721189591078,0.7846153846153846,1.0,69.35155932450566,2.2848200312989047,4,1978.9124918482416,639
1.0,1.0,GR Groff Reorder Procedure,SAP only,90194,9.417232968438967,0.00871282527881041,0.4658385093167702,0.9783846770523419,6.278880198945244,5.140845070422535,9,179.16474527085026,639
0.5,0.5,Per period 7d,Both,90194,13.009315068493152,0.0070864312267657995,0.3177083333333333,1.0,0.14018115426566133,7.42566510172144,13,4.0,639
0.5,0.5,Per period 14d,Both,90194,13.009315068493152,0.005924721189591078,0.2712765957446808,1.0,0.14018115426566133,7.42566510172144,13,4.0,639
0.5,0.5,Per period 28d,Both,90194,9.693808484802407,0.006157063197026022,0.3680555555555556,1.0,10.44102620505955,5.140845070422535,9,297.9295258269157,639
0.5,0.5,Per period 56d,Both,90194,8.39434206856667,0.004763011152416357,0.47126436781609193,0.9938327910815286,20.983257477555487,3.998435054773083,7,598.7468882668641,639
0.5,0.5,SP Part Period Balancing,SAP only,90194,7.684913532761244,0.007783457249070632,0.7613636363636364,0.9993105435675417,25.35602653206208,3.427230046948357,6,723.5216934798283,639
0.5,0.5,WI Sliding Economic Lot Size,SAP only,90194,6.883487519962639,0.006273234200743495,0.7397260273972602,1.0,28.34433850781341,2.856025039123631,5,808.7916997486623,639
0.5,0.5,DY Dynamic Planning Calculation,SAP only,90194,6.461548106139142,0.004646840148698885,0.7017543859649122,0.9922481693851352,37.043490882837844,2.2848200312989047,4,1057.0177161656313,639
0.5,0.5,GR Groff Reorder Procedure,SAP only,90194,12.043454075600579,0.0070864312267657995,0.33152173913043476,0.9895889840514078,0.6539342657239127,6.854460093896714,12,18.659691287307368,639
2.0,2.0,Per period 7d,Both,90194,13.009315068493152,0.0070864312267657995,0.3177083333333333,1.0,0.14018115426566133,7.42566510172144,13,4.0,639
2.0,2.0,Per period 14d,Both,90194,13.009315068493152,0.005924721189591078,0.2712765957446808,1.0,0.14018115426566133,7.42566510172144,13,4.0,639
2.0,2.0,Per period 28d,Both,90194,9.693808484802407,0.006157063197026022,0.3680555555555556,1.0,10.44102620505955,5.140845070422535,9,297.9295258269157,639
2.0,2.0,Per period 56d,Both,90194,8.39434206856667,0.004763011152416357,0.47126436781609193,0.9938327910815286,20.983257477555487,3.998435054773083,7,598.7468882668641,639
2.0,2.0,SP Part Period Balancing,SAP only,90194,7.892231054190186,0.004879182156133829,0.8235294117647058,1.0,73.62249634717737,1.7136150234741785,3,2100.781570328727,639
2.0,2.0,WI Sliding Economic Lot Size,SAP only,90194,10.109466149499838,0.0032527881040892194,0.717948717948718,0.9847585392442751,122.03821433530771,1.1424100156494523,2,3482.3001700793416,639
2.0,2.0,DY Dynamic Planning Calculation,SAP only,90194,9.077443899276322,0.0030204460966542753,0.8387096774193549,1.0,106.50745679224158,1.1424100156494523,2,3039.137674395126,639
2.0,2.0,GR Groff Reorder Procedure,SAP only,90194,10.619009406855252,0.009177509293680297,0.6171875,0.985135734541749,9.31538541214975,5.712050078247262,10,265.80992176725545,639
1.0,1.0,Per period 7d,Both,20836,15.068219178082192,0.02032992565055762,0.8177570093457944,1.0,0.7744382964453387,8.568075117370892,15,150.0,639
1.0,1.0,Per period 14d,Both,20836,13.360062785918753,0.01696096654275093,0.8690476190476191,1.0,4.087507624385668,7.42566510172144,13,791.7043184358147,639
1.0,1.0,Per period 28d,Both,20836,9.923466284161723,0.011733271375464684,0.9099099099099099,1.0,10.48338130179851,5.140845070422535,9,2030.5132151748737,639
1.0,1.0,Per period 56d,Both,20836,7.973161770399415,0.007551115241635688,0.9154929577464789,1.0,22.399742756180913,3.427230046948357,6,4338.5785915408815,639
1.0,1.0,SP Part Period Balancing,SAP only,20836,8.176629754343264,0.007783457249070632,0.9305555555555556,1.0,36.061761583043285,2.856025039123631,5,6984.758194790911,639
1.0,1.0,WI Sliding Economic Lot Size,SAP only,20836,10.055412756619486,0.00871282527881041,0.9493670886075949,1.0,68.7423048964283,2.2848200312989047,4,13314.612386542844,639
1.0,1.0,DY Dynamic Planning Calculation,SAP only,20836,9.315303844523104,0.005692379182156134,0.9607843137254902,1.0,60.340434613303955,2.2848200312989047,4,11687.264477415258,639
1.0,1.0,GR Groff Reorder Procedure,SAP only,20836,8.863600450162071,0.013359665427509293,0.9126984126984127,0.9974891441948064,9.803771904539104,4.569640062597809,8,1898.8805078864807,639
0.5,0.5,Per period 7d,Both,20836,15.068219178082192,0.02032992565055762,0.8177570093457944,1.0,0.7744382964453387,8.568075117370892,15,150.0,639
0.5,0.5,Per period 14d,Both,20836,13.360062785918753,0.01696096654275093,0.8690476190476191,1.0,4.087507624385668,7.42566510172144,13,791.7043184358147,639
0.5,0.5,Per period 28d,Both,20836,9.923466284161723,0.011733271375464684,0.9099099099099099,1.0,10.48338130179851,5.140845070422535,9,2030.5132151748737,639
0.5,0.5,Per period 56d,Both,20836,7.973161770399415,0.007551115241635688,0.9154929577464789,1.0,22.399742756180913,3.427230046948357,6,4338.5785915408815,639
0.5,0.5,SP Part Period Balancing,SAP only,20836,8.431783895260327,0.010223048327137546,0.967032967032967,1.0,27.606116492632356,3.427230046948357,6,5346.99470945795,639
0.5,0.5,WI Sliding Economic Lot Size,SAP only,20836,7.862886169974582,0.009409851301115242,0.9418604651162791,1.0,32.50007916719249,2.856025039123631,5,6294.900313498328,639
0.5,0.5,DY Dynamic Planning Calculation,SAP only,20836,8.706866147086675,0.007551115241635688,0.9558823529411765,1.0,42.08111538139581,2.856025039123631,5,8150.639419799014,639
0.5,0.5,GR Groff Reorder Procedure,SAP only,20836,12.446924142898876,0.016612453531598514,0.8827160493827161,1.0,5.073575812506737,6.854460093896714,12,982.6946515547555,639
2.0,2.0,Per period 7d,Both,20836,15.068219178082192,0.02032992565055762,0.8177570093457944,1.0,0.7744382964453387,8.568075117370892,15,150.0,639
2.0,2.0,Per period 14d,Both,20836,13.360062785918753,0.01696096654275093,0.8690476190476191,1.0,4.087507624385668,7.42566510172144,13,791.7043184358147,639
2.0,2.0,Per period 28d,Both,20836,9.923466284161723,0.011733271375464684,0.9099099099099099,1.0,10.48338130179851,5.140845070422535,9,2030.5132151748737,639
2.0,2.0,Per period 56d,Both,20836,7.973161770399415,0.007551115241635688,0.9154929577464789,1.0,22.399742756180913,3.427230046948357,6,4338.5785915408815,639
2.0,2.0,SP Part Period Balancing,SAP only,20836,9.716389777431145,0.008131970260223048,0.9859154929577465,0.9979598393065787,64.89364553348327,2.2848200312989047,4,12569.170293749203,639
2.0,2.0,WI Sliding Economic Lot Size,SAP only,20836,6.141384253338796,0.006273234200743495,0.9642857142857143,1.0,47.013855285929935,1.1424100156494523,2,9106.055737763014,639
2.0,2.0,DY Dynamic Planning Calculation,SAP only,20836,11.40407648449681,0.0036013011152416356,1.0,1.0,118.10923988314707,0.5712050078247262,1,22876.43323398395,639
2.0,2.0,GR Groff Reorder Procedure,SAP only,20836,11.019153078904424,0.01254646840148699,0.9230769230769231,1.0,11.569637694737896,5.712050078247262,10,2240.9088783139428,639
1.0,1.0,Per period 7d,Both,37489A,16.001068493150687,0.007783457249070632,0.27800829875518673,1.0,0.11564945226917059,9.139280125195619,16,5.0,639
1.0,1.0,Per period 14d,Both,37489A,11.0326941003653,0.008480483271375464,0.4147727272727273,0.9972306407671079,3.5386794920084284,6.283255086071987,11,152.9916235042886,639
1.0,1.0,Per period 28d,Both,37489A,8.069617245116982,0.008248141263940521,0.5378787878787878,0.966515531581066,7.535093941506845,4.569640062597809,8,325.7730059961349,639
1.0,1.0,Per period 56d,Both,37489A,8.20000457159211,0.008945167286245352,0.7064220183486238,1.0,21.64769997929369,4.569640062597809,8,935.9188286041049,639
1.0,1.0,SP Part Period Balancing,SAP only,37489A,2.981814391272202,0.0016263940520446097,0.875,1.0,214.50371366711101,0.5712050078247262,1,9273.875036081457,639
1.0,1.0,WI Sliding Economic Lot Size,SAP only,37489A,4.840082000835215,0.0017425650557620818,0.7894736842105263,1.0,415.6352146764924,0.5712050078247262,1,17969.614491087865,639
1.0,1.0,DY Dynamic Planning Calculation,SAP only,37489A,5.061040115863184,0.00034851301115241634,0.5,1.0,439.55084292458395,0.5712050078247262,1,19003.585157564896,639
1.0,1.0,GR Groff Reorder Procedure,SAP only,37489A,7.213559103232441,0.0070864312267657995,0.6777777777777778,0.9935941953720018,23.11478861618813,3.998435054773083,7,999.3470856389861,639
0.5,0.5,Per period 7d,Both,37489A,16.001068493150687,0.007783457249070632,0.27800829875518673,1.0,0.11564945226917059,9.139280125195619,16,5.0,639
0.5,0.5,Per period 14d,Both,37489A,11.0326941003653,0.008480483271375464,0.4147727272727273,0.9972306407671079,3.5386794920084284,6.283255086071987,11,152.9916235042886,639
0.5,0.5,Per period 28d,Both,37489A,8.069617245116982,0.008248141263940521,0.5378787878787878,0.966515531581066,7.535093941506845,4.569640062597809,8,325.7730059961349,639
0.5,0.5,Per period 56d,Both,37489A,8.20000457159211,0.008945167286245352,0.7064220183486238,1.0,21.64769997929369,4.569640062597809,8,935.9188286041049,639
0.5,0.5,SP Part Period Balancing,SAP only,37489A,3.0006969532317864,0.002904275092936803,0.78125,0.9899838149192954,108.31146128966573,1.1424100156494523,2,4682.748563200027,639
0.5,0.5,WI Sliding Economic Lot Size,SAP only,37489A,3.154777005432121,0.0027881040892193307,0.8888888888888888,0.9893912072708234,233.22449964296501,0.5712050078247262,1,10083.251371573386,639
0.5,0.5,DY Dynamic Planning Calculation,SAP only,37489A,4.221659718533436,0.0018587360594795538,0.6956521739130435,1.0,240.46361870655926,1.1424100156494523,2,10396.228170060309,639
0.5,0.5,GR Groff Reorder Procedure,SAP only,37489A,9.132638629561404,0.009990706319702601,0.7678571428571429,0.9857775207736221,14.356278136810465,5.140845070422535,9,620.6807665373401,639
2.0,2.0,Per period 7d,Both,37489A,16.001068493150687,0.007783457249070632,0.27800829875518673,1.0,0.11564945226917059,9.139280125195619,16,5.0,639
2.0,2.0,Per period 14d,Both,37489A,11.0326941003653,0.008480483271375464,0.4147727272727273,0.9972306407671079,3.5386794920084284,6.283255086071987,11,152.9916235042886,639
2.0,2.0,Per period 28d,Both,37489A,8.069617245116982,0.008248141263940521,0.5378787878787878,0.966515531581066,7.535093941506845,4.569640062597809,8,325.7730059961349,639
2.0,2.0,Per period 56d,Both,37489A,8.20000457159211,0.008945167286245352,0.7064220183486238,1.0,21.64769997929369,4.569640062597809,8,935.9188286041049,639
2.0,2.0,SP Part Period Balancing,SAP only,37489A,4.232465080183456,0.0017425650557620818,0.7142857142857143,0.9899838149192954,349.8691739509989,0.5712050078247262,1,15126.278900858477,639
2.0,2.0,WI Sliding Economic Lot Size,SAP only,37489A,4.8400820008352134,0.0017425650557620818,0.7894736842105263,1.0,415.63521467649224,0.5712050078247262,1,17969.614491087857,639
2.0,2.0,DY Dynamic Planning Calculation,SAP only,37489A,4.739944865928055,0.0,0.0,1.0,513.032794996631,0.0,0,22180.51123158641,639
2.0,2.0,GR Groff Reorder Procedure,SAP only,37489A,6.293133513715992,0.0060408921933085506,0.7123287671232876,1.0,31.727606565620523,3.427230046948357,6,1371.7145193120102,639
1.0,1.0,Per period 7d,Both,90003E,14.01849315068493,0.0060408921933085506,0.2694300518134715,1.0,0.2973843058350101,7.996870109546166,14,9.0,639
1.0,1.0,Per period 14d,Both,90003E,10.208100447088176,0.0060408921933085506,0.37681159420289856,0.9978527915042245,3.346417711920668,5.712050078247262,10,101.27555091624592,639
1.0,1.0,Per period 28d,Both,90003E,9.332296204905507,0.004763011152416357,0.3203125,0.9736091479517608,5.3435824922982125,5.140845070422535,9,161.7174863873471,639
1.0,1.0,Per period 56d,Both,90003E,8.49965683745134,0.004995353159851301,0.4215686274509804,0.9853490694960159,24.11565315149786,3.998435054773083,7,729.8329942263188,639
1.0,1.0,SP Part Period Balancing,SAP only,90003E,8.257191145379824,0.0060408921933085506,0.8253968253968254,1.0,68.45895840816915,2.2848200312989047,4,2071.8330240848486,639
1.0,1.0,WI Sliding Economic Lot Size,SAP only,90003E,9.968647045867066,0.0027881040892193307,0.8571428571428571,1.0,128.14206786895912,1.1424100156494523,2,3878.074895655305,639
1.0,1.0,DY Dynamic Planning Calculation,SAP only,90003E,9.375850068744935,0.002904275092936803,0.7575757575757576,1.0,118.60942951295418,1.1424100156494523,2,3589.580366789202,639
1.0,1.0,GR Groff Reorder Procedure,SAP only,90003E,10.237199644618187,0.006854089219330855,0.427536231884058,0.9918059837177424,3.8143555341582283,5.712050078247262,10,115.43716038085083,639
0.5,0.5,Per period 7d,Both,90003E,14.01849315068493,0.0060408921933085506,0.2694300518134715,1.0,0.2973843058350101,7.996870109546166,14,9.0,639
0.5,0.5,Per period 14d,Both,90003E,10.208100447088176,0.0060408921933085506,0.37681159420289856,0.9978527915042245,3.346417711920668,5.712050078247262,10,101.27555091624592,639
0.5,0.5,Per period 28d,Both,90003E,9.332296204905507,0.004763011152416357,0.3203125,0.9736091479517608,5.3435824922982125,5.140845070422535,9,161.7174863873471,639
0.5,0.5,Per period 56d,Both,90003E,8.49965683745134,0.004995353159851301,0.4215686274509804,0.9853490694960159,24.11565315149786,3.998435054773083,7,729.8329942263188,639
0.5,0.5,SP Part Period Balancing,SAP only,90003E,7.918037922085019,0.00662174721189591,0.6195652173913043,0.9949808584857881,30.843547740582917,3.427230046948357,6,933.445122081376,639
0.5,0.5,WI Sliding Economic Lot Size,SAP only,90003E,9.964924020576328,0.005343866171003717,0.8214285714285714,0.9898886432441648,95.92063675028876,2.2848200312989047,4,2902.9296900138133,639
0.5,0.5,DY Dynamic Planning Calculation,SAP only,90003E,6.988333778728268,0.004879182156133829,0.9333333333333333,1.0,64.13552197959727,1.7136150234741785,3,1940.9891056477577,639
0.5,0.5,GR Groff Reorder Procedure,SAP only,90003E,10.168000105851775,0.005227695167286246,0.32608695652173914,0.9918059837177424,2.7015729071870234,5.712050078247262,10,81.76005151453015,639
2.0,2.0,Per period 7d,Both,90003E,14.01849315068493,0.0060408921933085506,0.2694300518134715,1.0,0.2973843058350101,7.996870109546166,14,9.0,639
2.0,2.0,Per period 14d,Both,90003E,10.208100447088176,0.0060408921933085506,0.37681159420289856,0.9978527915042245,3.346417711920668,5.712050078247262,10,101.27555091624592,639
2.0,2.0,Per period 28d,Both,90003E,9.332296204905507,0.004763011152416357,0.3203125,0.9736091479517608,5.3435824922982125,5.140845070422535,9,161.7174863873471,639
2.0,2.0,Per period 56d,Both,90003E,8.49965683745134,0.004995353159851301,0.4215686274509804,0.9853490694960159,24.11565315149786,3.998435054773083,7,729.8329942263188,639
2.0,2.0,SP Part Period Balancing,SAP only,90003E,8.683299983367121,0.005111524163568773,0.8627450980392157,0.9949808584857881,91.39190228860754,1.7136150234741785,3,2765.872658571999,639
2.0,2.0,WI Sliding Economic Lot Size,SAP only,90003E,16.02241227328553,0.0015102230483271376,0.7647058823529411,1.0,241.57212159085907,0.5712050078247262,1,7310.907306332291,639
2.0,2.0,DY Dynamic Planning Calculation,SAP only,90003E,10.86593581653268,0.0013940520446096654,0.9230769230769231,1.0,158.65195305000032,0.5712050078247262,1,4801.422097379238,639
2.0,2.0,GR Groff Reorder Procedure,SAP only,90003E,9.584654677290839,0.006854089219330855,0.4796747967479675,0.9918059837177424,9.401703815726629,5.140845070422535,9,284.53194294820844,639
1.0,1.0,Per period 7d,Both,22929,15.115805124985773,0.004879182156133829,0.328125,0.9938956887292633,7.222361944028544,5.712050078247262,10,143.6360669707544,639
1.0,1.0,Per period 14d,Both,22929,15.004362456634672,0.0037174721189591076,0.2782608695652174,0.9891009991025684,8.476804304595671,5.140845070422535,9,168.58402282089656,639
1.0,1.0,Per period 28d,Both,22929,16.59660115431305,0.005111524163568773,0.4943820224719101,0.9757772095723739,13.548234398221668,3.998435054773083,7,269.44303240955867,639
1.0,1.0,Per period 56d,Both,22929,25.974400626840723,0.005692379182156134,0.6712328767123288,0.9772397471828099,29.611118716435495,2.856025039123631,5,588.8966329843742,639
1.0,1.0,SP Part Period Balancing,SAP only,22929,16.21687306206909,0.008131970260223048,0.6542056074766355,0.9938812105650409,11.600369805440184,4.569640062597809,8,230.70451289655531,639
1.0,1.0,WI Sliding Economic Lot Size,SAP only,22929,15.474433518962316,0.005343866171003717,0.4423076923076923,0.985599288719103,10.55221277621964,4.569640062597809,8,209.85909495548043,639
1.0,1.0,DY Dynamic Planning Calculation,SAP only,22929,16.165025614753983,0.007551115241635688,0.6701030927835051,0.9871893394324818,12.93894716449545,3.998435054773083,7,257.3257191834772,639
1.0,1.0,GR Groff Reorder Procedure,SAP only,22929,15.499854092560799,0.004414498141263941,0.2695035460992908,0.9993502415873273,6.352778137123155,6.283255086071987,11,126.34205721420705,639
0.5,0.5,Per period 7d,Both,22929,15.115805124985773,0.004879182156133829,0.328125,0.9938956887292633,7.222361944028544,5.712050078247262,10,143.6360669707544,639
0.5,0.5,Per period 14d,Both,22929,15.004362456634672,0.0037174721189591076,0.2782608695652174,0.9891009991025684,8.476804304595671,5.140845070422535,9,168.58402282089656,639
0.5,0.5,Per period 28d,Both,22929,16.59660115431305,0.005111524163568773,0.4943820224719101,0.9757772095723739,13.548234398221668,3.998435054773083,7,269.44303240955867,639
0.5,0.5,Per period 56d,Both,22929,25.974400626840723,0.005692379182156134,0.6712328767123288,0.9772397471828099,29.611118716435495,2.856025039123631,5,588.8966329843742,639
0.5,0.5,SP Part Period Balancing,SAP only,22929,15.019005498654902,0.00929368029739777,0.583941605839416,0.9938812105650409,7.085702724154484,5.712050078247262,10,140.91823130838762,639
0.5,0.5,WI Sliding Economic Lot Size,SAP only,22929,14.512996689364046,0.006273234200743495,0.4462809917355372,0.985599288719103,7.783106766978144,5.140845070422535,9,154.78798397060592,639
0.5,0.5,DY Dynamic Planning Calculation,SAP only,22929,15.584781857757818,0.00871282527881041,0.5813953488372093,0.9871893394324818,9.296225469364787,5.140845070422535,9,184.88041369858493,639
0.5,0.5,GR Groff Reorder Procedure,SAP only,22929,16.324433240031883,0.004414498141263941,0.24836601307189543,1.0,6.105123494590734,6.854460093896714,12,121.41677943166441,639
2.0,2.0,Per period 7d,Both,22929,15.115805124985773,0.004879182156133829,0.328125,0.9938956887292633,7.222361944028544,5.712050078247262,10,143.6360669707544,639
2.0,2.0,Per period 14d,Both,22929,15.004362456634672,0.0037174721189591076,0.2782608695652174,0.9891009991025684,8.476804304595671,5.140845070422535,9,168.58402282089656,639
2.0,2.0,Per period 28d,Both,22929,16.59660115431305,0.005111524163568773,0.4943820224719101,0.9757772095723739,13.548234398221668,3.998435054773083,7,269.44303240955867,639
2.0,2.0,Per period 56d,Both,22929,25.974400626840723,0.005692379182156134,0.6712328767123288,0.9772397471828099,29.611118716435495,2.856025039123631,5,588.8966329843742,639
2.0,2.0,SP Part Period Balancing,SAP only,22929,16.874812532519613,0.006505576208178439,0.5894736842105263,0.9938812105650409,13.94100605806092,3.998435054773083,7,277.2543518745891,639
2.0,2.0,WI Sliding Economic Lot Size,SAP only,22929,15.147167229283552,0.006157063197026022,0.5520833333333334,0.985599288719103,11.501960905631181,3.998435054773083,7,228.7473875914228,639
2.0,2.0,DY Dynamic Planning Calculation,SAP only,22929,17.249900837644176,0.00383364312267658,0.5076923076923077,0.9935979308571453,17.294094568969868,2.856025039123631,5,343.93952351847105,639
2.0,2.0,GR Groff Reorder Procedure,SAP only,22929,15.077480854111986,0.00546003717472119,0.36153846153846153,0.97142393271337,7.168256725254745,5.712050078247262,10,142.56003936545193,639
1.0,1.0,Per period 7d,Both,21672,100.42617537716788,0.1366171003717472,0.9584352078239609,1.0,2.926025647992236,46.267605633802816,81,28362.216050665094,639
1.0,1.0,Per period 14d,Both,21672,87.82467605763843,0.07888011152416356,0.9769784172661871,1.0,6.60099703981444,25.13302034428795,44,63984.0270441521,639
1.0,1.0,Per period 28d,Both,21672,106.80029980871123,0.047397769516728624,1.0,1.0,12.4716160642969,13.708920187793428,24,120888.4377207184,639
1.0,1.0,Per period 56d,Both,21672,187.63203232581716,0.029158921933085502,1.0,1.0,26.454194982628852,6.854460093896714,12,256422.76719569307,639
1.0,1.0,SP Part Period Balancing,SAP only,21672,80.95282123324016,0.09595724907063197,0.9951807228915662,1.0,5.415315933458714,25.704225352112676,45,52491.11900053063,639
1.0,1.0,WI Sliding Economic Lot Size,SAP only,21672,87.82158129195778,0.1000232342007435,0.9942263279445728,1.0,7.203022245556091,22.848200312989047,40,69819.50868625837,639
1.0,1.0,DY Dynamic Planning Calculation,SAP only,21672,95.11710515551704,0.040892193308550186,0.9971671388101983,1.0,11.16372865113079,11.995305164319248,21,108210.97352705488,639
1.0,1.0,GR Groff Reorder Procedure,SAP only,21672,75.83636070196901,0.10850371747211895,0.989406779661017,1.0,3.2890545993869287,30.845070422535212,54,31881.086624874766,639
0.5,0.5,Per period 7d,Both,21672,100.42617537716788,0.1366171003717472,0.9584352078239609,1.0,2.926025647992236,46.267605633802816,81,28362.216050665094,639
0.5,0.5,Per period 14d,Both,21672,87.82467605763843,0.07888011152416356,0.9769784172661871,1.0,6.60099703981444,25.13302034428795,44,63984.0270441521,639
0.5,0.5,Per period 28d,Both,21672,106.80029980871123,0.047397769516728624,1.0,1.0,12.4716160642969,13.708920187793428,24,120888.4377207184,639
0.5,0.5,Per period 56d,Both,21672,187.63203232581716,0.029158921933085502,1.0,1.0,26.454194982628852,6.854460093896714,12,256422.76719569307,639
0.5,0.5,SP Part Period Balancing,SAP only,21672,82.8197332702071,0.12221189591078067,0.9924528301886792,1.0,3.437172965474494,34.27230046948357,60,33316.81057450236,639
0.5,0.5,WI Sliding Economic Lot Size,SAP only,21672,90.41303941594319,0.13557156133828996,0.9931914893617021,1.0,5.334012464759101,31.41627543035994,55,51703.037547277054,639
0.5,0.5,DY Dynamic Planning Calculation,SAP only,21672,78.52460526369416,0.06412639405204461,0.9928057553956835,1.0,7.00766803661639,18.278560250391237,32,67925.92368499345,639
0.5,0.5,GR Groff Reorder Procedure,SAP only,21672,86.95736766123008,0.13696561338289961,0.9899244332493703,0.9999675040421105,2.4035439886988317,40.55555555555556,71,23297.75678539592,639
2.0,2.0,Per period 7d,Both,21672,100.42617537716788,0.1366171003717472,0.9584352078239609,1.0,2.926025647992236,46.267605633802816,81,28362.216050665094,639
2.0,2.0,Per period 14d,Both,21672,87.82467605763843,0.07888011152416356,0.9769784172661871,1.0,6.60099703981444,25.13302034428795,44,63984.0270441521,639
2.0,2.0,Per period 28d,Both,21672,106.80029980871123,0.047397769516728624,1.0,1.0,12.4716160642969,13.708920187793428,24,120888.4377207184,639
2.0,2.0,Per period 56d,Both,21672,187.63203232581716,0.029158921933085502,1.0,1.0,26.454194982628852,6.854460093896714,12,256422.76719569307,639
2.0,2.0,SP Part Period Balancing,SAP only,21672,83.58761451290113,0.06842472118959107,0.9915824915824916,1.0,7.770272853651731,18.278560250391237,32,75317.91718883565,639
2.0,2.0,WI Sliding Economic Lot Size,SAP only,21672,108.52540941052324,0.07214219330855019,0.9951923076923077,1.0,12.12896561858473,15.993740219092333,28,117567.09773936393,639
2.0,2.0,DY Dynamic Planning Calculation,SAP only,21672,132.84376938714504,0.03055297397769517,1.0,1.0,17.900585708680946,7.996870109546166,14,173511.90330523177,639
2.0,2.0,GR Groff Reorder Procedure,SAP only,21672,72.3166317652136,0.08503717472118959,0.9891891891891892,1.0,4.867622759798297,22.848200312989047,40,47182.28237721186,639
1.0,1.0,Per period 7d,Both,21578,70.06498799634247,0.09107806691449814,0.835820895522388,1.0,2.331653706972464,36.557120500782474,64,4919.3791525888855,639
1.0,1.0,Per period 14d,Both,21578,56.71028486056227,0.06552044609665428,0.8826291079812206,1.0,5.270849099463478,24.561815336463223,43,11120.564386900507,639
1.0,1.0,Per period 28d,Both,21578,57.44949824413998,0.03984665427509294,0.9346049046321526,1.0,14.397268627384971,11.424100156494523,20,30375.704131357987,639
1.0,1.0,Per period 56d,Both,21578,69.84917450702457,0.023118029739776953,0.9707317073170731,0.99974348537148,23.008709940184705,5.712050078247262,10,48544.33043347548,639
1.0,1.0,SP Part Period Balancing,SAP only,21578,43.52430027790579,0.053787174721189594,0.9788583509513742,1.0,7.506017678266812,13.708920187793428,24,15836.376892079139,639
1.0,1.0,WI Sliding Economic Lot Size,SAP only,21578,54.851268253887206,0.047513940520446094,0.9738095238095238,1.0,13.013947456696433,11.995305164319248,21,27457.139805930732,639
1.0,1.0,DY Dynamic Planning Calculation,SAP only,21578,49.0233842870579,0.027184014869888477,0.9669421487603306,0.9998422944815094,13.080116587948446,8.568075117370892,15,27596.745032835854,639
1.0,1.0,GR Groff Reorder Procedure,SAP only,21578,45.162330131249774,0.06424256505576208,0.9501718213058419,0.9999638248416056,3.90685599646627,19.992175273865413,35,8242.778884235926,639
0.5,0.5,Per period 7d,Both,21578,70.06498799634247,0.09107806691449814,0.835820895522388,1.0,2.331653706972464,36.557120500782474,64,4919.3791525888855,639
0.5,0.5,Per period 14d,Both,21578,56.71028486056227,0.06552044609665428,0.8826291079812206,1.0,5.270849099463478,24.561815336463223,43,11120.564386900507,639
0.5,0.5,Per period 28d,Both,21578,57.44949824413998,0.03984665427509294,0.9346049046321526,1.0,14.397268627384971,11.424100156494523,20,30375.704131357987,639
0.5,0.5,Per period 56d,Both,21578,69.84917450702457,0.023118029739776953,0.9707317073170731,0.99974348537148,23.008709940184705,5.712050078247262,10,48544.33043347548,639
0.5,0.5,SP Part Period Balancing,SAP only,21578,47.24064591792068,0.07028345724907063,0.9758064516129032,1.0,5.090298802874389,19.420970266040687,34,10739.63502231344,639
0.5,0.5,WI Sliding Economic Lot Size,SAP only,21578,51.76538346457727,0.0745817843866171,0.9771689497716894,0.9999026856105895,7.2142559794558165,18.849765258215964,33,15220.811032379337,639
0.5,0.5,DY Dynamic Planning Calculation,SAP only,21578,43.5331964178267,0.03554832713754647,0.9652996845425867,0.9998422944815094,9.047217356015755,11.424100156494523,20,19088.037094459436,639
0.5,0.5,GR Groff Reorder Procedure,SAP only,21578,57.72922923676418,0.08538568773234201,0.932741116751269,0.9999638248416056,2.5870178645746376,29.131455399061032,51,5458.1526031531685,639
2.0,2.0,Per period 7d,Both,21578,70.06498799634247,0.09107806691449814,0.835820895522388,1.0,2.331653706972464,36.557120500782474,64,4919.3791525888855,639
2.0,2.0,Per period 14d,Both,21578,56.71028486056227,0.06552044609665428,0.8826291079812206,1.0,5.270849099463478,24.561815336463223,43,11120.564386900507,639
2.0,2.0,Per period 28d,Both,21578,57.44949824413998,0.03984665427509294,0.9346049046321526,1.0,14.397268627384971,11.424100156494523,20,30375.704131357987,639
2.0,2.0,Per period 56d,Both,21578,69.84917450702457,0.023118029739776953,0.9707317073170731,0.99974348537148,23.008709940184705,5.712050078247262,10,48544.33043347548,639
2.0,2.0,SP Part Period Balancing,SAP only,21578,47.625868410496444,0.041008364312267655,0.988795518207283,1.0,11.773958934733033,9.710485133020343,17,24840.98215518045,639
2.0,2.0,WI Sliding Economic Lot Size,SAP only,21578,55.301928568990235,0.03822026022304833,0.982089552238806,1.0,14.724981118831195,9.710485133020343,17,31067.119839292078,639
2.0,2.0,DY Dynamic Planning Calculation,SAP only,21578,76.04250499114586,0.019052044609665426,0.9704142011834319,0.9998422944815094,25.389704262105138,5.712050078247262,10,53567.809603929425,639
2.0,2.0,GR Groff Reorder Procedure,SAP only,21578,42.17984913914763,0.05715613382899628,0.9516441005802708,0.9999922417677042,5.06692579130641,16.564945226917057,29,10690.322079530855,639
1.0,1.0,Per period 7d,Both,22983,69.35620256318387,0.0900325278810409,0.972396486825596,1.0,7.524934265911868,33.701095461658845,59,45000.165899548985,639
1.0,1.0,Per period 14d,Both,22983,48.0148249643183,0.051347583643122675,0.9910313901345291,1.0,11.636553495486114,18.278560250391237,32,69588.22752352594,639
1.0,1.0,Per period 28d,Both,22983,44.66053708036088,0.03357342007434944,0.9897260273972602,1.0,20.098460031042734,9.710485133020343,17,120191.61945633004,639
1.0,1.0,Per period 56d,Both,22983,51.900795037102796,0.016728624535315983,0.993103448275862,1.0,31.898815696195364,4.569640062597809,8,190759.40700645855,639
1.0,1.0,SP Part Period Balancing,SAP only,22983,40.30505991494837,0.03868494423791822,0.9910714285714286,1.0,15.480498224439167,10.852895148669797,19,92575.55796376374,639
1.0,1.0,WI Sliding Economic Lot Size,SAP only,22983,42.06855908029682,0.04368029739776952,1.0,1.0,16.761876723582564,10.852895148669797,19,100238.38171795642,639
1.0,1.0,DY Dynamic Planning Calculation,SAP only,22983,61.35667504003747,0.013011152416356878,0.9911504424778761,1.0,39.49617672059742,3.998435054773083,7,236192.69511444852,639
1.0,1.0,GR Groff Reorder Procedure,SAP only,22983,42.75712112549979,0.052276951672862455,1.0,1.0,11.449302962740038,15.422535211267606,27,68468.44298580266,639
0.5,0.5,Per period 7d,Both,22983,69.35620256318387,0.0900325278810409,0.972396486825596,1.0,7.524934265911868,33.701095461658845,59,45000.165899548985,639
0.5,0.5,Per period 14d,Both,22983,48.0148249643183,0.051347583643122675,0.9910313901345291,1.0,11.636553495486114,18.278560250391237,32,69588.22752352594,639
0.5,0.5,Per period 28d,Both,22983,44.66053708036088,0.03357342007434944,0.9897260273972602,1.0,20.098460031042734,9.710485133020343,17,120191.61945633004,639
0.5,0.5,Per period 56d,Both,22983,51.900795037102796,0.016728624535315983,0.993103448275862,1.0,31.898815696195364,4.569640062597809,8,190759.40700645855,639
0.5,0.5,SP Part Period Balancing,SAP only,22983,45.59301627029839,0.0604089219330855,1.0,1.0,12.783285201831061,15.993740219092333,28,76445.84450784419,639
0.5,0.5,WI Sliding Economic Lot Size,SAP only,22983,45.940405536664,0.05657527881040892,0.9979508196721312,1.0,15.942147560706614,13.708920187793428,24,95336.28596288525,639
0.5,0.5,DY Dynamic Planning Calculation,SAP only,22983,44.78551295521075,0.01963289962825279,1.0,1.0,24.548936985055832,6.283255086071987,11,146806.09796014192,639
0.5,0.5,GR Groff Reorder Procedure,SAP only,22983,48.498733513204876,0.06761152416356878,0.9982847341337907,1.0,9.808332903899837,19.992175273865413,35,58655.21109904499,639
2.0,2.0,Per period 7d,Both,22983,69.35620256318387,0.0900325278810409,0.972396486825596,1.0,7.524934265911868,33.701095461658845,59,45000.165899548985,639
2.0,2.0,Per period 14d,Both,22983,48.0148249643183,0.051347583643122675,0.9910313901345291,1.0,11.636553495486114,18.278560250391237,32,69588.22752352594,639
2.0,2.0,Per period 28d,Both,22983,44.66053708036088,0.03357342007434944,0.9897260273972602,1.0,20.098460031042734,9.710485133020343,17,120191.61945633004,639
2.0,2.0,Per period 56d,Both,22983,51.900795037102796,0.016728624535315983,0.993103448275862,1.0,31.898815696195364,4.569640062597809,8,190759.40700645855,639
2.0,2.0,SP Part Period Balancing,SAP only,22983,43.933718231755975,0.03183085501858736,0.9963636363636363,1.0,21.750179243214937,7.996870109546166,14,130069.13279274915,639
2.0,2.0,WI Sliding Economic Lot Size,SAP only,22983,47.96771954505335,0.031598513011152414,1.0,1.0,24.68133036023524,7.996870109546166,14,147597.8289755294,639
2.0,2.0,DY Dynamic Planning Calculation,SAP only,22983,75.50777221716868,0.012197955390334572,1.0,1.0,50.5051358075568,3.427230046948357,6,302027.8197531734,639
2.0,2.0,GR Groff Reorder Procedure,SAP only,22983,40.75137218765624,0.03973048327137547,0.9970845481049563,1.0,14.351571096343973,11.995305164319248,21,85824.41486303008,639
1.0,1.0,Per period 7d,Both,21440,12.342779535319057,0.020097583643122675,0.8439024390243902,0.9985903218963832,1.203278745171421,6.854460093896714,12,500.4581215658225,639
1.0,1.0,Per period 14d,Both,21440,7.611083050554141,0.01858736059479554,0.9696969696969697,1.0,2.1451200276057794,3.998435054773083,7,892.1812538090456,639
1.0,1.0,Per period 28d,Both,21440,6.537816108283488,0.008828996282527882,0.95,1.0,8.90864205008276,2.2848200312989047,4,3705.2115180938936,639
1.0,1.0,Per period 56d,Both,21440,6.932307374320518,0.005111524163568773,1.0,1.0,20.824520246517526,0.5712050078247262,1,8661.168766507957,639
1.0,1.0,SP Part Period Balancing,SAP only,21440,5.023234757019577,0.007899628252788104,1.0,1.0,7.102277495497781,1.7136150234741785,3,2953.922745248583,639
1.0,1.0,WI Sliding Economic Lot Size,SAP only,21440,5.631495099629111,0.007202602230483271,1.0,1.0,9.237488808832127,1.7136150234741785,3,3841.982845458503,639
1.0,1.0,DY Dynamic Planning Calculation,SAP only,21440,5.497900541008088,0.0030204460966542753,1.0,1.0,12.278881730208864,1.1424100156494523,2,5106.934789871808,639
1.0,1.0,GR Groff Reorder Procedure,SAP only,21440,5.930905719105619,0.012894981412639405,0.9652173913043478,1.0,3.2678119611653345,2.856025039123631,5,1359.122349894203,639
0.5,0.5,Per period 7d,Both,21440,12.342779535319057,0.020097583643122675,0.8439024390243902,0.9985903218963832,1.203278745171421,6.854460093896714,12,500.4581215658225,639
0.5,0.5,Per period 14d,Both,21440,7.611083050554141,0.01858736059479554,0.9696969696969697,1.0,2.1451200276057794,3.998435054773083,7,892.1812538090456,639
0.5,0.5,Per period 28d,Both,21440,6.537816108283488,0.008828996282527882,0.95,1.0,8.90864205008276,2.2848200312989047,4,3705.2115180938936,639
0.5,0.5,Per period 56d,Both,21440,6.932307374320518,0.005111524163568773,1.0,1.0,20.824520246517526,0.5712050078247262,1,8661.168766507957,639
0.5,0.5,SP Part Period Balancing,SAP only,21440,5.628856016214324,0.00871282527881041,0.9615384615384616,1.0,5.717867087458909,2.2848200312989047,4,2378.129783672913,639
0.5,0.5,WI Sliding Economic Lot Size,SAP only,21440,5.436344239458069,0.00929368029739777,0.963855421686747,1.0,8.552439504686344,1.7136150234741785,3,3557.062589608782,639
0.5,0.5,DY Dynamic Planning Calculation,SAP only,21440,6.7322375577950995,0.004995353159851301,1.0,1.0,16.61184605170971,1.1424100156494523,2,6909.066834380845,639
0.5,0.5,GR Groff Reorder Procedure,SAP only,21440,6.808331315850904,0.01266263940520446,0.9396551724137931,1.0,2.8375319737641433,3.427230046948357,6,1180.1637211423185,639
2.0,2.0,Per period 7d,Both,21440,12.342779535319057,0.020097583643122675,0.8439024390243902,0.9985903218963832,1.203278745171421,6.854460093896714,12,500.4581215658225,639
2.0,2.0,Per period 14d,Both,21440,7.611083050554141,0.01858736059479554,0.9696969696969697,1.0,2.1451200276057794,3.998435054773083,7,892.1812538090456,639
2.0,2.0,Per period 28d,Both,21440,6.537816108283488,0.008828996282527882,0.95,1.0,8.90864205008276,2.2848200312989047,4,3705.2115180938936,639
2.0,2.0,Per period 56d,Both,21440,6.932307374320518,0.005111524163568773,1.0,1.0,20.824520246517526,0.5712050078247262,1,8661.168766507957,639
2.0,2.0,SP Part Period Balancing,SAP only,21440,6.110365902502087,0.005692379182156134,1.0,1.0,10.918496568656202,1.7136150234741785,3,4541.134217653047,639
2.0,2.0,WI Sliding Economic Lot Size,SAP only,21440,6.0105492256837625,0.005227695167286246,1.0,1.0,10.568104339092846,1.7136150234741785,3,4395.401869498292,639
2.0,2.0,DY Dynamic Planning Calculation,SAP only,21440,68.72759985012004,0.0,0.0,1.0,241.2584521106866,0.0,0,100342.29578117526,639
2.0,2.0,GR Groff Reorder Procedure,SAP only,21440,4.819998561933879,0.00929368029739777,0.9411764705882353,1.0,6.3888457745273115,1.7136150234741785,3,2657.197900423464,639
1.0,1.0,Per period 7d,Both,21471,73.96117057039852,0.08526951672862454,0.7718191377497371,1.0,2.364418422763789,38.841940532081374,68,2901.1030109272815,639
1.0,1.0,Per period 14d,Both,21471,57.79922946164398,0.06993494423791821,0.9079939668174962,0.9997864455561923,5.86991604561323,24.561815336463223,43,7202.291671333405,639
1.0,1.0,Per period 28d,Both,21471,58.29130001611679,0.043912639405204464,0.9692307692307692,1.0,15.187731020357173,11.424100156494523,20,18635.09934117684,639
1.0,1.0,Per period 56d,Both,21471,77.802263745838,0.023815055762081785,0.9903381642512077,0.9996424364898079,26.496222716275273,6.283255086071987,11,32510.4350229745,639
1.0,1.0,SP Part Period Balancing,SAP only,21471,45.09333637686102,0.05448420074349442,0.9710144927536232,0.9997649167976694,7.573116009404534,14.85133020344288,26,9292.090370072363,639
1.0,1.0,WI Sliding Economic Lot Size,SAP only,21471,56.2922972367948,0.058317843866171004,0.9785575048732943,1.0,12.411670359623967,14.280125195618153,25,15228.917988573472,639
1.0,1.0,DY Dynamic Planning Calculation,SAP only,21471,56.75306589212558,0.026138475836431228,0.974025974025974,1.0,17.35406726347435,7.42566510172144,13,21293.158734167788,639
1.0,1.0,GR Groff Reorder Procedure,SAP only,21471,54.53192956947743,0.0737685873605948,0.9324522760646109,0.9997332047540525,4.17734872828146,25.13302034428795,44,5125.539057145683,639
0.5,0.5,Per period 7d,Both,21471,73.96117057039852,0.08526951672862454,0.7718191377497371,1.0,2.364418422763789,38.841940532081374,68,2901.1030109272815,639
0.5,0.5,Per period 14d,Both,21471,57.79922946164398,0.06993494423791821,0.9079939668174962,0.9997864455561923,5.86991604561323,24.561815336463223,43,7202.291671333405,639
0.5,0.5,Per period 28d,Both,21471,58.29130001611679,0.043912639405204464,0.9692307692307692,1.0,15.187731020357173,11.424100156494523,20,18635.09934117684,639
0.5,0.5,Per period 56d,Both,21471,77.802263745838,0.023815055762081785,0.9903381642512077,0.9996424364898079,26.496222716275273,6.283255086071987,11,32510.4350229745,639
0.5,0.5,SP Part Period Balancing,SAP only,21471,52.72202202561719,0.07272304832713755,0.9705426356589147,0.9996873526486802,5.83929275074853,21.705790297339593,38,7164.71738580037,639
0.5,0.5,WI Sliding Economic Lot Size,SAP only,21471,58.21189722185415,0.07260687732342007,0.9615384615384616,1.0,9.603324576164278,19.420970266040687,34,11783.123314635688,639
0.5,0.5,DY Dynamic Planning Calculation,SAP only,21471,45.98760862158453,0.03822026022304833,0.9619883040935673,1.0,9.514363508496327,12.566510172143975,22,11673.969529171136,639
0.5,0.5,GR Groff Reorder Procedure,SAP only,21471,61.75677421105155,0.08526951672862454,0.9061728395061729,0.9994659254735755,2.2833473458874365,31.987480438184665,56,2801.6301160450885,639
2.0,2.0,Per period 7d,Both,21471,73.96117057039852,0.08526951672862454,0.7718191377497371,1.0,2.364418422763789,38.841940532081374,68,2901.1030109272815,639
2.0,2.0,Per period 14d,Both,21471,57.79922946164398,0.06993494423791821,0.9079939668174962,0.9997864455561923,5.86991604561323,24.561815336463223,43,7202.291671333405,639
2.0,2.0,Per period 28d,Both,21471,58.29130001611679,0.043912639405204464,0.9692307692307692,1.0,15.187731020357173,11.424100156494523,20,18635.09934117684,639
2.0,2.0,Per period 56d,Both,21471,77.802263745838,0.023815055762081785,0.9903381642512077,0.9996424364898079,26.496222716275273,6.283255086071987,11,32510.4350229745,639
2.0,2.0,SP Part Period Balancing,SAP only,21471,50.170226554883854,0.03729089219330855,0.9668674698795181,1.0,12.759889258757973,10.28169014084507,18,15656.17692337681,639
2.0,2.0,WI Sliding Economic Lot Size,SAP only,21471,58.05545008775654,0.045422862453531596,0.972636815920398,1.0,15.490820906111022,10.852895148669797,19,19006.98570937485,639
2.0,2.0,DY Dynamic Planning Calculation,SAP only,21471,88.89107073073033,0.020446096654275093,0.9887640449438202,1.0,31.687722607379687,5.140845070422535,9,38880.32108895543,639
2.0,2.0,GR Groff Reorder Procedure,SAP only,21471,51.54422494442831,0.06064126394052045,0.9439421338155516,1.0,5.76877192110407,21.134585289514867,37,7078.1894729551095,639
1.0,1.0,Per period 7d,Both,22678,59.785104851907406,0.07702137546468402,0.8565891472868217,0.9997775996996583,6.821260774207448,30.845070422535212,54,8446.253083784813,639
1.0,1.0,Per period 14d,Both,22678,44.31948302633592,0.052276951672862455,0.9375,1.0,10.988672743325896,19.992175273865413,35,13606.44521845044,639
1.0,1.0,Per period 28d,Both,22678,33.20205314638346,0.031133828996282528,0.9675090252707581,1.0,19.10396309456878,9.710485133020343,17,23654.997593719854,639
1.0,1.0,Per period 56d,Both,22678,37.72993798725187,0.017193308550185873,0.9673202614379085,1.0,32.6965790777812,5.712050078247262,10,40485.709461387734,639
1.0,1.0,SP Part Period Balancing,SAP only,22678,31.336545672863128,0.030320631970260224,0.9702602230483272,1.0,18.083436703078902,9.139280125195619,16,22391.356682380167,639
1.0,1.0,WI Sliding Economic Lot Size,SAP only,22678,34.25098827108644,0.03345724907063197,0.993103448275862,1.0,22.69898550153216,8.568075117370892,15,28106.442875786197,639
1.0,1.0,DY Dynamic Planning Calculation,SAP only,22678,41.64122964640092,0.01324349442379182,1.0,1.0,42.02484275654152,3.427230046948357,6,52036.19528374534,639
1.0,1.0,GR Groff Reorder Procedure,SAP only,22678,40.12454584604086,0.051347583643122675,0.973568281938326,1.0,10.758820843417308,17.70735524256651,31,13321.83693521965,639
0.5,0.5,Per period 7d,Both,22678,59.785104851907406,0.07702137546468402,0.8565891472868217,0.9997775996996583,6.821260774207448,30.845070422535212,54,8446.253083784813,639
0.5,0.5,Per period 14d,Both,22678,44.31948302633592,0.052276951672862455,0.9375,1.0,10.988672743325896,19.992175273865413,35,13606.44521845044,639
0.5,0.5,Per period 28d,Both,22678,33.20205314638346,0.031133828996282528,0.9675090252707581,1.0,19.10396309456878,9.710485133020343,17,23654.997593719854,639
0.5,0.5,Per period 56d,Both,22678,37.72993798725187,0.017193308550185873,0.9673202614379085,1.0,32.6965790777812,5.712050078247262,10,40485.709461387734,639
0.5,0.5,SP Part Period Balancing,SAP only,22678,34.573777008782244,0.03938197026022305,0.946927374301676,0.9999935558919478,13.64672778461405,13.137715179968701,23,16897.714432822082,639
0.5,0.5,WI Sliding Economic Lot Size,SAP only,22678,33.1150818704142,0.045771375464684017,0.9899497487437185,1.0,14.284984430614237,11.995305164319248,21,17688.019530804733,639
0.5,0.5,DY Dynamic Planning Calculation,SAP only,22678,35.04782436091197,0.022885687732342008,0.9949494949494949,0.9999794223232986,28.35497112278521,6.283255086071987,11,35109.823566931474,639
0.5,0.5,GR Groff Reorder Procedure,SAP only,22678,42.13823529948581,0.053322490706319704,0.9425051334702259,1.0,8.416747093078413,19.992175273865413,35,10421.823537249278,639
2.0,2.0,Per period 7d,Both,22678,59.785104851907406,0.07702137546468402,0.8565891472868217,0.9997775996996583,6.821260774207448,30.845070422535212,54,8446.253083784813,639
2.0,2.0,Per period 14d,Both,22678,44.31948302633592,0.052276951672862455,0.9375,1.0,10.988672743325896,19.992175273865413,35,13606.44521845044,639
2.0,2.0,Per period 28d,Both,22678,33.20205314638346,0.031133828996282528,0.9675090252707581,1.0,19.10396309456878,9.710485133020343,17,23654.997593719854,639
2.0,2.0,Per period 56d,Both,22678,37.72993798725187,0.017193308550185873,0.9673202614379085,1.0,32.6965790777812,5.712050078247262,10,40485.709461387734,639
2.0,2.0,SP Part Period Balancing,SAP only,22678,32.910593381166386,0.023350371747211895,1.0,1.0,25.834945951114758,6.283255086071987,11,31989.466336502923,639
2.0,2.0,WI Sliding Economic Lot Size,SAP only,22678,34.20018113341859,0.02509293680297398,0.9818181818181818,1.0,26.176401054469988,6.854460093896714,12,32412.26445479114,639
2.0,2.0,DY Dynamic Planning Calculation,SAP only,22678,62.343381763662045,0.008248141263940521,1.0,1.0,68.79312158497208,2.2848200312989047,4,85181.33737494658,639
2.0,2.0,GR Groff Reorder Procedure,SAP only,22678,33.81527866297387,0.037523234200743494,0.9847560975609756,1.0,13.931484206980423,12.566510172143975,22,17250.306847941843,639
1.0,1.0,Per period 7d,Both,22952,119.1498490951608,0.06505576208178439,0.8296296296296296,1.0,7.628348115250569,28.560250391236305,50,229451.77199757902,639
1.0,1.0,Per period 14d,Both,22952,137.52091597752727,0.04565520446096654,0.8618421052631579,1.0,11.750981951004714,17.70735524256651,31,353455.7666527041,639
1.0,1.0,Per period 28d,Both,22952,190.91802575009876,0.024976765799256506,0.9033613445378151,1.0,19.406606922925,8.568075117370892,15,583727.9945344186,639
1.0,1.0,Per period 56d,Both,22952,316.0589523240444,0.013940520446096654,1.0,1.0,34.20452330015587,3.427230046948357,6,1028831.9781661474,639
1.0,1.0,SP Part Period Balancing,SAP only,22952,99.04817181941073,0.07690520446096655,0.9969879518072289,1.0,6.844918112575739,21.134585289514867,37,205887.11558259014,639
1.0,1.0,WI Sliding Economic Lot Size,SAP only,22952,113.49591587519477,0.07655669144981413,0.9969742813918305,1.0,8.88000301066286,18.849765258215964,33,267100.08449496445,639
1.0,1.0,DY Dynamic Planning Calculation,SAP only,22952,115.13838390360561,0.03822026022304833,1.0,1.0,10.495304343185381,11.424100156494523,20,315686.4556801459,639
1.0,1.0,GR Groff Reorder Procedure,SAP only,22952,98.02673172503017,0.07190985130111524,0.9856687898089171,0.9999864079743422,6.180655763545153,23.990610328638496,42,185906.88254214558,639
0.5,0.5,Per period 7d,Both,22952,119.1498490951608,0.06505576208178439,0.8296296296296296,1.0,7.628348115250569,28.560250391236305,50,229451.77199757902,639
0.5,0.5,Per period 14d,Both,22952,137.52091597752727,0.04565520446096654,0.8618421052631579,1.0,11.750981951004714,17.70735524256651,31,353455.7666527041,639
0.5,0.5,Per period 28d,Both,22952,190.91802575009876,0.024976765799256506,0.9033613445378151,1.0,19.406606922925,8.568075117370892,15,583727.9945344186,639
0.5,0.5,Per period 56d,Both,22952,316.0589523240444,0.013940520446096654,1.0,1.0,34.20452330015587,3.427230046948357,6,1028831.9781661474,639
0.5,0.5,SP Part Period Balancing,SAP only,22952,101.08400477098971,0.10037174721189591,0.9976905311778291,1.0,5.856025328232711,27.417840375586856,48,176142.37946737494,639
0.5,0.5,WI Sliding Economic Lot Size,SAP only,22952,116.31146070643426,0.10315985130111524,0.9988751406074241,1.0,7.646176492989526,26.84663536776213,47,229988.02870771367,639
0.5,0.5,DY Dynamic Planning Calculation,SAP only,22952,100.68893798826362,0.05657527881040892,1.0,1.0,7.3568697700373455,19.420970266040687,34,221286.02150651108,639
0.5,0.5,GR Groff Reorder Procedure,SAP only,22952,102.2387306334302,0.09363382899628253,0.9901719901719902,0.9999967908170301,5.542145516654898,29.70266040688576,52,166701.242556382,639
2.0,2.0,Per period 7d,Both,22952,119.1498490951608,0.06505576208178439,0.8296296296296296,1.0,7.628348115250569,28.560250391236305,50,229451.77199757902,639
2.0,2.0,Per period 14d,Both,22952,137.52091597752727,0.04565520446096654,0.8618421052631579,1.0,11.750981951004714,17.70735524256651,31,353455.7666527041,639
2.0,2.0,Per period 28d,Both,22952,190.91802575009876,0.024976765799256506,0.9033613445378151,1.0,19.406606922925,8.568075117370892,15,583727.9945344186,639
2.0,2.0,Per period 56d,Both,22952,316.0589523240444,0.013940520446096654,1.0,1.0,34.20452330015587,3.427230046948357,6,1028831.9781661474,639
2.0,2.0,SP Part Period Balancing,SAP only,22952,105.74760042925651,0.05367100371747212,0.9978401727861771,1.0,8.576819312846167,15.993740219092333,28,257980.67415162385,639
2.0,2.0,WI Sliding Economic Lot Size,SAP only,22952,132.46245000062174,0.05309014869888476,1.0,1.0,11.854848400237787,14.280125195618153,25,356579.9477293358,639
2.0,2.0,DY Dynamic Planning Calculation,SAP only,22952,155.74876048723735,0.021259293680297397,1.0,1.0,15.7474998465814,7.42566510172144,13,473666.3416167421,639
2.0,2.0,GR Groff Reorder Procedure,SAP only,22952,100.40658573044188,0.058317843866171004,0.996031746031746,1.0,7.325721743801927,19.420970266040687,34,220349.12537828437,639
1.0,1.0,Per period 7d,Both,21238,96.45962872267276,0.13812732342007436,0.9658813972380179,1.0,2.7085101890115273,49.123630672926446,86,22457.438139856225,639
1.0,1.0,Per period 14d,Both,21238,72.22283376238883,0.08515334572490706,0.9812583668005355,1.0,6.531427075713366,26.84663536776213,47,54154.907783952476,639
1.0,1.0,Per period 28d,Both,21238,72.89509366686596,0.04565520446096654,0.9974619289340102,1.0,13.179232592509988,12.566510172143975,22,109274.75993180042,639
1.0,1.0,Per period 56d,Both,21238,121.81044668296754,0.02532527881040892,1.0,1.0,28.953201122932654,5.712050078247262,10,240063.6061134303,639
1.0,1.0,SP Part Period Balancing,SAP only,21238,64.74389428684914,0.07644052044609666,0.9924585218702866,0.9999708226405917,7.443202107073185,20.56338028169014,36,61714.83185117609,639
1.0,1.0,WI Sliding Economic Lot Size,SAP only,21238,68.08641059677521,0.08108736059479554,0.9971428571428571,1.0,8.826641256211301,19.420970266040687,34,73185.52863425264,639
1.0,1.0,DY Dynamic Planning Calculation,SAP only,21238,78.49436504069186,0.03566449814126394,0.9935275080906149,1.0,15.923903103603411,9.710485133020343,17,132032.01905795606,639
1.0,1.0,GR Groff Reorder Procedure,SAP only,21238,67.41219073774823,0.09630576208178439,0.9951980792316927,1.0,4.249920051257106,29.131455399061032,51,35237.93893693004,639
0.5,0.5,Per period 7d,Both,21238,96.45962872267276,0.13812732342007436,0.9658813972380179,1.0,2.7085101890115273,49.123630672926446,86,22457.438139856225,639
0.5,0.5,Per period 14d,Both,21238,72.22283376238883,0.08515334572490706,0.9812583668005355,1.0,6.531427075713366,26.84663536776213,47,54154.907783952476,639
0.5,0.5,Per period 28d,Both,21238,72.89509366686596,0.04565520446096654,0.9974619289340102,1.0,13.179232592509988,12.566510172143975,22,109274.75993180042,639
0.5,0.5,Per period 56d,Both,21238,121.81044668296754,0.02532527881040892,1.0,1.0,28.953201122932654,5.712050078247262,10,240063.6061134303,639
0.5,0.5,SP Part Period Balancing,SAP only,21238,67.64416708366963,0.10304368029739777,0.9921700223713646,0.9999708226405917,5.08683702944746,27.417840375586856,48,42177.1822678789,639
0.5,0.5,WI Sliding Economic Lot Size,SAP only,21238,73.80890889329669,0.10548327137546469,0.9945235487404163,1.0,7.4600375730984805,25.704225352112676,45,61854.42203560759,639
0.5,0.5,DY Dynamic Planning Calculation,SAP only,21238,61.715545776625945,0.04960501858736059,0.9976635514018691,1.0,8.989555169321585,15.422535211267606,27,74536.31887334393,639
0.5,0.5,GR Groff Reorder Procedure,SAP only,21238,77.37617580276508,0.11338289962825279,0.9908629441624366,1.0,2.945849120531883,37.69953051643193,66,24425.31863534853,639
2.0,2.0,Per period 7d,Both,21238,96.45962872267276,0.13812732342007436,0.9658813972380179,1.0,2.7085101890115273,49.123630672926446,86,22457.438139856225,639
2.0,2.0,Per period 14d,Both,21238,72.22283376238883,0.08515334572490706,0.9812583668005355,1.0,6.531427075713366,26.84663536776213,47,54154.907783952476,639
2.0,2.0,Per period 28d,Both,21238,72.89509366686596,0.04565520446096654,0.9974619289340102,1.0,13.179232592509988,12.566510172143975,22,109274.75993180042,639
2.0,2.0,Per period 56d,Both,21238,121.81044668296754,0.02532527881040892,1.0,1.0,28.953201122932654,5.712050078247262,10,240063.6061134303,639
2.0,2.0,SP Part Period Balancing,SAP only,21238,65.97821169306695,0.05657527881040892,0.9979508196721312,1.0,10.8702151005319,13.708920187793428,24,90129.6898115849,639
2.0,2.0,WI Sliding Economic Lot Size,SAP only,21238,76.37677656888485,0.05866635687732342,0.9940944881889764,1.0,13.562912868684919,13.708920187793428,24,112456.02028025273,639
2.0,2.0,DY Dynamic Planning Calculation,SAP only,21238,115.40078257507172,0.021259293680297397,1.0,1.0,27.293425139991157,5.712050078247262,10,226301.68023471278,639
2.0,2.0,GR Groff Reorder Procedure,SAP only,21238,60.41134716531959,0.06993494423791821,0.9933993399339934,1.0,6.321293449111113,20.56338028169014,36,52412.59832553911,639
1.0,1.0,Per period 7d,Both,84510A,84.21047755568753,0.11512546468401487,0.8808888888888889,1.0,2.8267656371215604,45.69640062597809,80,6147.297231303793,639
1.0,1.0,Per period 14d,Both,84510A,53.50003476672213,0.07725371747211895,0.965166908563135,1.0,6.377987170067031,25.13302034428795,44,13870.05075941431,639
1.0,1.0,Per period 28d,Both,84510A,43.89773547616025,0.04472583643122677,0.9771573604060914,1.0,13.35863548888101,13.708920187793428,24,29050.69379519396,639
1.0,1.0,Per period 56d,Both,84510A,51.472732102003064,0.02427973977695167,1.0,1.0,26.50059553423446,6.854460093896714,12,57630.18886892447,639
1.0,1.0,SP Part Period Balancing,SAP only,84510A,40.595868782151854,0.046816914498141265,0.9829268292682927,1.0,12.484608258937719,12.566510172143975,22,27149.96842194171,639
1.0,1.0,WI Sliding Economic Lot Size,SAP only,84510A,43.82516293419826,0.04600371747211896,0.9826302729528535,1.0,15.324006693002465,11.995305164319248,21,33324.737883929454,639
1.0,1.0,DY Dynamic Planning Calculation,SAP only,84510A,58.309798085126125,0.019400557620817844,0.9940476190476191,1.0,31.762124309520644,6.283255086071987,11,69072.30520428414,639
1.0,1.0,GR Groff Reorder Procedure,SAP only,84510A,46.05592374154972,0.06912174721189591,0.9802306425041186,0.9999164401627185,6.751191356840278,20.56338028169014,36,14681.648662662596,639
0.5,0.5,Per period 7d,Both,84510A,84.21047755568753,0.11512546468401487,0.8808888888888889,1.0,2.8267656371215604,45.69640062597809,80,6147.297231303793,639
0.5,0.5,Per period 14d,Both,84510A,53.50003476672213,0.07725371747211895,0.965166908563135,1.0,6.377987170067031,25.13302034428795,44,13870.05075941431,639
0.5,0.5,Per period 28d,Both,84510A,43.89773547616025,0.04472583643122677,0.9771573604060914,1.0,13.35863548888101,13.708920187793428,24,29050.69379519396,639
0.5,0.5,Per period 56d,Both,84510A,51.472732102003064,0.02427973977695167,1.0,1.0,26.50059553423446,6.854460093896714,12,57630.18886892447,639
0.5,0.5,SP Part Period Balancing,SAP only,84510A,43.87655617986731,0.0683085501858736,0.9767441860465116,1.0,8.644864163815875,17.70735524256651,31,18799.77202260627,639
0.5,0.5,WI Sliding Economic Lot Size,SAP only,84510A,45.52611973210975,0.06714684014869889,0.9948364888123924,1.0,11.766416601338756,15.993740219092333,28,25588.134808880233,639
0.5,0.5,DY Dynamic Planning Calculation,SAP only,84510A,47.231727531289785,0.028345724907063198,0.9959183673469387,1.0,22.31060591232561,7.996870109546166,14,48518.32219568308,639
0.5,0.5,GR Groff Reorder Procedure,SAP only,84510A,54.18338225280247,0.08759293680297398,0.9691516709511568,1.0,4.822668650282154,26.84663536776213,47,10487.738089091605,639
2.0,2.0,Per period 7d,Both,84510A,84.21047755568753,0.11512546468401487,0.8808888888888889,1.0,2.8267656371215604,45.69640062597809,80,6147.297231303793,639
2.0,2.0,Per period 14d,Both,84510A,53.50003476672213,0.07725371747211895,0.965166908563135,1.0,6.377987170067031,25.13302034428795,44,13870.05075941431,639
2.0,2.0,Per period 28d,Both,84510A,43.89773547616025,0.04472583643122677,0.9771573604060914,1.0,13.35863548888101,13.708920187793428,24,29050.69379519396,639
2.0,2.0,Per period 56d,Both,84510A,51.472732102003064,0.02427973977695167,1.0,1.0,26.50059553423446,6.854460093896714,12,57630.18886892447,639
2.0,2.0,SP Part Period Balancing,SAP only,84510A,41.90512149552875,0.03531598513011153,0.9838187702265372,1.0,17.39178188234337,9.139280125195619,16,37821.47738347198,639
2.0,2.0,WI Sliding Economic Lot Size,SAP only,84510A,48.573897855933886,0.03473513011152416,0.9900662251655629,1.0,23.211691573676134,7.996870109546166,14,50477.890869663475,639
2.0,2.0,DY Dynamic Planning Calculation,SAP only,84510A,105.13108984350035,0.008828996282527882,0.987012987012987,1.0,67.89583505274847,2.2848200312989047,4,147651.3911715105,639
2.0,2.0,GR Groff Reorder Procedure,SAP only,84510A,39.46208307009448,0.05425185873605948,0.9852320675105485,0.9999164401627185,9.037966198208393,14.85133020344288,26,19654.641282337936,639
1.0,1.0,Per period 7d,Both,20975,86.38407618806991,0.11744888475836432,0.9702495201535508,1.0,2.6658841944316283,40.55555555555556,71,43193.75237419627,639
1.0,1.0,Per period 14d,Both,20975,81.44078221136374,0.07225836431226766,0.9857369255150554,1.0,7.181212895177321,22.848200312989047,40,116352.96543959819,639
1.0,1.0,Per period 28d,Both,20975,107.63317113715856,0.04158921933085502,0.9808219178082191,1.0,15.185824809138769,11.424100156494523,20,246046.98050048365,639
1.0,1.0,Per period 56d,Both,20975,190.0000821296958,0.022653345724907063,0.9948979591836735,0.9999986010697133,30.845375423002395,6.854460093896714,12,499769.461364146,639
1.0,1.0,SP Part Period Balancing,SAP only,20975,67.08994979266653,0.07551115241635688,0.9954058192955589,1.0,4.8676665572365945,22.27699530516432,39,78867.93595633296,639
1.0,1.0,WI Sliding Economic Lot Size,SAP only,20975,115.11100964226135,0.08027416356877323,0.9956772334293948,1.0,14.228897472821908,18.849765258215964,33,230542.4501494261,639
1.0,1.0,DY Dynamic Planning Calculation,SAP only,20975,79.74657505105301,0.03612918215613383,0.9967948717948718,1.0,10.353397120039112,11.424100156494523,20,167749.99918180268,639
1.0,1.0,GR Groff Reorder Procedure,SAP only,20975,67.02215404240299,0.09270446096654275,0.9925373134328358,1.0,3.296321416102402,27.417840375586856,48,53408.35558059301,639
0.5,0.5,Per period 7d,Both,20975,86.38407618806991,0.11744888475836432,0.9702495201535508,1.0,2.6658841944316283,40.55555555555556,71,43193.75237419627,639
0.5,0.5,Per period 14d,Both,20975,81.44078221136374,0.07225836431226766,0.9857369255150554,1.0,7.181212895177321,22.848200312989047,40,116352.96543959819,639
0.5,0.5,Per period 28d,Both,20975,107.63317113715856,0.04158921933085502,0.9808219178082191,1.0,15.185824809138769,11.424100156494523,20,246046.98050048365,639
0.5,0.5,Per period 56d,Both,20975,190.0000821296958,0.022653345724907063,0.9948979591836735,0.9999986010697133,30.845375423002395,6.854460093896714,12,499769.461364146,639
0.5,0.5,SP Part Period Balancing,SAP only,20975,70.07928389233265,0.10618029739776952,0.9945593035908596,1.0,3.132932818714725,29.70266040688576,52,50761.066313087824,639
0.5,0.5,WI Sliding Economic Lot Size,SAP only,20975,88.99812365843417,0.10315985130111524,0.9944008958566629,1.0,7.797659422222987,25.13302034428795,44,126340.88565637288,639
0.5,0.5,DY Dynamic Planning Calculation,SAP only,20975,65.82782631153546,0.05657527881040892,0.9959100204498977,1.0,6.035263382427448,17.70735524256651,31,97785.82002854184,639
0.5,0.5,GR Groff Reorder Procedure,SAP only,20975,76.22132081984115,0.11315055762081784,0.9959100204498977,1.0,1.94452636925053,37.1283255086072,65,31506.016148015562,639
2.0,2.0,Per period 7d,Both,20975,86.38407618806991,0.11744888475836432,0.9702495201535508,1.0,2.6658841944316283,40.55555555555556,71,43193.75237419627,639
2.0,2.0,Per period 14d,Both,20975,81.44078221136374,0.07225836431226766,0.9857369255150554,1.0,7.181212895177321,22.848200312989047,40,116352.96543959819,639
2.0,2.0,Per period 28d,Both,20975,107.63317113715856,0.04158921933085502,0.9808219178082191,1.0,15.185824809138769,11.424100156494523,20,246046.98050048365,639
2.0,2.0,Per period 56d,Both,20975,190.0000821296958,0.022653345724907063,0.9948979591836735,0.9999986010697133,30.845375423002395,6.854460093896714,12,499769.461364146,639
2.0,2.0,SP Part Period Balancing,SAP only,20975,71.64788859091301,0.05913104089219331,1.0,1.0,7.563679150592286,15.993740219092333,28,122549.84104371732,639
2.0,2.0,WI Sliding Economic Lot Size,SAP only,20975,122.61689687351182,0.062151486988847586,1.0,1.0,17.089178671831107,13.708920187793428,24,276885.90276024473,639
2.0,2.0,DY Dynamic Planning Calculation,SAP only,20975,112.83909130772626,0.023350371747211895,1.0,1.0,17.300970968285107,7.42566510172144,13,280317.448671693,639
2.0,2.0,GR Groff Reorder Procedure,SAP only,20975,64.02435286649707,0.07295539033457249,0.9936708860759493,1.0,4.336433723229245,22.27699530516432,39,70260.68304824177,639
1.0,1.0,Per period 7d,Both,22379,127.99211902501854,0.14010223048327136,0.9648,1.0,2.5629288026328294,49.694835680751176,87,35624.103438408965,639
1.0,1.0,Per period 14d,Both,22379,145.95982019507062,0.09177509293680297,0.9949622166246851,1.0,6.312257995949286,25.704225352112676,45,87738.89136000186,639
1.0,1.0,Per period 28d,Both,22379,251.51991929464066,0.05146375464684015,0.9977477477477478,1.0,14.16258635412264,14.280125195618153,25,196856.59652986628,639
1.0,1.0,Per period 56d,Both,22379,441.5340899878171,0.028229553903345726,1.0,1.0,26.79301261468096,7.42566510172144,13,372416.5305846505,639
1.0,1.0,SP Part Period Balancing,SAP only,22379,114.417647058091,0.13522304832713755,0.9931740614334471,1.0,3.0897136819451765,37.1283255086072,65,42946.28851476956,639
1.0,1.0,WI Sliding Economic Lot Size,SAP only,22379,148.14927910426354,0.14312267657992564,0.9951534733441034,1.0,5.636356193537822,33.129890453834115,58,78344.01636441948,639
1.0,1.0,DY Dynamic Planning Calculation,SAP only,22379,127.38701952558061,0.06993494423791821,0.9917627677100495,1.0,5.526175360261908,22.27699530516432,39,76812.52887342124,639
1.0,1.0,GR Groff Reorder Procedure,SAP only,22379,106.78857780673391,0.14149628252788105,0.9934747145187602,1.0,1.9249781355489357,43.41158059467919,76,26756.740236804464,639
0.5,0.5,Per period 7d,Both,22379,127.99211902501854,0.14010223048327136,0.9648,1.0,2.5629288026328294,49.694835680751176,87,35624.103438408965,639
0.5,0.5,Per period 14d,Both,22379,145.95982019507062,0.09177509293680297,0.9949622166246851,1.0,6.312257995949286,25.704225352112676,45,87738.89136000186,639
0.5,0.5,Per period 28d,Both,22379,251.51991929464066,0.05146375464684015,0.9977477477477478,1.0,14.16258635412264,14.280125195618153,25,196856.59652986628,639
0.5,0.5,Per period 56d,Both,22379,441.5340899878171,0.028229553903345726,1.0,1.0,26.79301261468096,7.42566510172144,13,372416.5305846505,639
0.5,0.5,SP Part Period Balancing,SAP only,22379,118.98729834976344,0.17681226765799257,0.9934725848563969,0.9999694331226185,1.8748801594483526,50.83724569640063,89,26060.390232532503,639
0.5,0.5,WI Sliding Economic Lot Size,SAP only,22379,147.1068699346278,0.18343401486988847,0.9924575738529227,1.0,4.195687705361675,45.69640062597809,80,58319.06553842655,639
0.5,0.5,DY Dynamic Planning Calculation,SAP only,22379,106.65326502083444,0.09630576208178439,0.985731272294887,1.0,3.4170574835209697,29.70266040688576,52,47496.289839534686,639
0.5,0.5,GR Groff Reorder Procedure,SAP only,22379,115.6050170115163,0.1775092936802974,0.9858064516129033,1.0,1.2257542173961569,54.83568075117371,96,17037.6933552463,639
2.0,2.0,Per period 7d,Both,22379,127.99211902501854,0.14010223048327136,0.9648,1.0,2.5629288026328294,49.694835680751176,87,35624.103438408965,639
2.0,2.0,Per period 14d,Both,22379,145.95982019507062,0.09177509293680297,0.9949622166246851,1.0,6.312257995949286,25.704225352112676,45,87738.89136000186,639
2.0,2.0,Per period 28d,Both,22379,251.51991929464066,0.05146375464684015,0.9977477477477478,1.0,14.16258635412264,14.280125195618153,25,196856.59652986628,639
2.0,2.0,Per period 56d,Both,22379,441.5340899878171,0.028229553903345726,1.0,1.0,26.79301261468096,7.42566510172144,13,372416.5305846505,639
2.0,2.0,SP Part Period Balancing,SAP only,22379,117.7542347518395,0.09804832713754646,0.9952830188679245,1.0,4.486252463409553,26.275430359937403,46,62357.84686767004,639
2.0,2.0,WI Sliding Economic Lot Size,SAP only,22379,168.74986944844696,0.10676115241635688,0.9967462039045553,1.0,7.799670793768275,25.13302034428795,44,108413.57702067413,639
2.0,2.0,DY Dynamic Planning Calculation,SAP only,22379,171.5539066220629,0.04925650557620818,0.9953051643192489,1.0,9.162913197797957,14.280125195618153,25,127362.32361203083,639
2.0,2.0,GR Groff Reorder Procedure,SAP only,22379,108.98014228473284,0.11640334572490706,0.9940476190476191,1.0,2.937314846784157,35.41471048513302,62,40827.98079506543,639
1.0,1.0,Per period 7d,Both,21259,99.50781332866814,0.11013011152416356,0.8367166813768756,0.9999032619677232,2.426731405559163,47.41001564945227,83,5063.320894927621,639
1.0,1.0,Per period 14d,Both,21259,87.90716414189028,0.07493029739776952,0.9307359307359307,1.0,6.160563444489408,26.275430359937403,46,12853.87807713441,639
1.0,1.0,Per period 28d,Both,21259,123.25358327540833,0.04879182156133829,0.974477958236659,1.0,14.590774856317568,13.708920187793428,24,30443.32596262524,639
1.0,1.0,Per period 56d,Both,21259,205.46261379330355,0.026603159851301114,0.9913419913419913,1.0,28.439975140647604,6.854460093896714,12,59339.37313828217,639
1.0,1.0,SP Part Period Balancing,SAP only,21259,76.40383039522973,0.08596654275092937,0.9788359788359788,0.9999154747256944,4.7635256902230125,25.13302034428795,44,9938.989995175501,639
1.0,1.0,WI Sliding Economic Lot Size,SAP only,21259,95.92865807708479,0.09049721189591078,0.9713216957605985,1.0,8.368798439953467,22.27699530516432,39,17461.311090870542,639
1.0,1.0,DY Dynamic Planning Calculation,SAP only,21259,88.87962874505678,0.04158921933085502,0.9623655913978495,1.0,9.684636049558847,13.137715179968701,23,20206.776883988,639
1.0,1.0,GR Groff Reorder Procedure,SAP only,21259,75.18211088623914,0.09607342007434944,0.9494833524684271,0.9999398939913552,2.96687158638142,31.41627543035994,55,6190.31132224982,639
0.5,0.5,Per period 7d,Both,21259,99.50781332866814,0.11013011152416356,0.8367166813768756,0.9999032619677232,2.426731405559163,47.41001564945227,83,5063.320894927621,639
0.5,0.5,Per period 14d,Both,21259,87.90716414189028,0.07493029739776952,0.9307359307359307,1.0,6.160563444489408,26.275430359937403,46,12853.87807713441,639
0.5,0.5,Per period 28d,Both,21259,123.25358327540833,0.04879182156133829,0.974477958236659,1.0,14.590774856317568,13.708920187793428,24,30443.32596262524,639
0.5,0.5,Per period 56d,Both,21259,205.46261379330355,0.026603159851301114,0.9913419913419913,1.0,28.439975140647604,6.854460093896714,12,59339.37313828217,639
0.5,0.5,SP Part Period Balancing,SAP only,21259,81.6407379404529,0.11071096654275094,0.9568273092369478,0.9998618630421484,3.0342920650202707,34.84350547730829,61,6330.982645601098,639
0.5,0.5,WI Sliding Economic Lot Size,SAP only,21259,91.9325065718534,0.11303438661710037,0.952054794520548,1.0,5.135253778621324,32.55868544600939,57,10714.592351871,639
0.5,0.5,DY Dynamic Planning Calculation,SAP only,21259,75.13351767507129,0.06319702602230483,0.9611307420494699,1.0,5.605818475414462,21.134585289514867,37,11696.415085210941,639
0.5,0.5,GR Groff Reorder Procedure,SAP only,21259,89.42840923238032,0.12395446096654275,0.937609841827768,0.9997720600618637,1.9740435490826491,43.41158059467919,76,4118.797789763708,639
2.0,2.0,Per period 7d,Both,21259,99.50781332866814,0.11013011152416356,0.8367166813768756,0.9999032619677232,2.426731405559163,47.41001564945227,83,5063.320894927621,639
2.0,2.0,Per period 14d,Both,21259,87.90716414189028,0.07493029739776952,0.9307359307359307,1.0,6.160563444489408,26.275430359937403,46,12853.87807713441,639
2.0,2.0,Per period 28d,Both,21259,123.25358327540833,0.04879182156133829,0.974477958236659,1.0,14.590774856317568,13.708920187793428,24,30443.32596262524,639
2.0,2.0,Per period 56d,Both,21259,205.46261379330355,0.026603159851301114,0.9913419913419913,1.0,28.439975140647604,6.854460093896714,12,59339.37313828217,639
2.0,2.0,SP Part Period Balancing,SAP only,21259,85.02018601957619,0.06842472118959107,0.9849498327759197,1.0,7.941238451018405,17.70735524256651,31,16569.21672029017,639
2.0,2.0,WI Sliding Economic Lot Size,SAP only,21259,107.2967896410672,0.07005111524163568,0.9885245901639345,1.0,11.510021018136076,16.564945226917057,29,24015.40186469708,639
2.0,2.0,DY Dynamic Planning Calculation,SAP only,21259,116.6892514825255,0.028229553903345726,0.9759036144578314,1.0,14.80182528781982,9.139280125195619,16,30883.677975732608,639
2.0,2.0,GR Groff Reorder Procedure,SAP only,21259,72.09233989156175,0.07841542750929369,0.9670487106017192,0.9997720600618637,4.12971494850285,25.13302034428795,44,8616.55803396642,639
1.0,1.0,Per period 7d,Both,22902,61.31800268542082,0.062151486988847586,0.8333333333333334,0.9998836447613249,7.205954722291323,26.84663536776213,47,12443.026143282379,639
1.0,1.0,Per period 14d,Both,22902,53.67650239079525,0.047513940520446094,0.9467592592592593,1.0,9.399497510632065,19.992175273865413,35,16230.769934857775,639
1.0,1.0,Per period 28d,Both,22902,55.95486541831258,0.027881040892193308,0.967741935483871,1.0,19.605178360745796,9.710485133020343,17,33853.63304210498,639
1.0,1.0,Per period 56d,Both,22902,67.62520290319591,0.01696096654275093,0.9864864864864865,1.0,29.00157320169379,5.712050078247262,10,50079.04538015835,639
1.0,1.0,SP Part Period Balancing,SAP only,22902,46.087427973336894,0.04065985130111524,0.9915014164305949,1.0,11.6194251590293,13.137715179968701,23,20064.07431016182,639
1.0,1.0,WI Sliding Economic Lot Size,SAP only,22902,51.335592480529975,0.04426115241635688,0.9896103896103896,1.0,16.27383514674305,10.852895148669797,19,28101.169655698664,639
1.0,1.0,DY Dynamic Planning Calculation,SAP only,22902,51.32122975153673,0.021607806691449814,0.9841269841269841,1.0,18.783003305596964,7.996870109546166,14,32433.92585550215,639
1.0,1.0,GR Groff Reorder Procedure,SAP only,22902,48.7518427134828,0.050882899628252785,0.9647577092511013,1.0,7.4242974386337,19.420970266040687,34,12820.053786717195,639
0.5,0.5,Per period 7d,Both,22902,61.31800268542082,0.062151486988847586,0.8333333333333334,0.9998836447613249,7.205954722291323,26.84663536776213,47,12443.026143282379,639
0.5,0.5,Per period 14d,Both,22902,53.67650239079525,0.047513940520446094,0.9467592592592593,1.0,9.399497510632065,19.992175273865413,35,16230.769934857775,639
0.5,0.5,Per period 28d,Both,22902,55.95486541831258,0.027881040892193308,0.967741935483871,1.0,19.605178360745796,9.710485133020343,17,33853.63304210498,639
0.5,0.5,Per period 56d,Both,22902,67.62520290319591,0.01696096654275093,0.9864864864864865,1.0,29.00157320169379,5.712050078247262,10,50079.04538015835,639
0.5,0.5,SP Part Period Balancing,SAP only,22902,47.74378570606453,0.05297397769516728,0.9785407725321889,1.0,8.930080487422604,17.136150234741784,30,15420.19472074655,639
0.5,0.5,WI Sliding Economic Lot Size,SAP only,22902,54.81022414707068,0.05587825278810409,0.983640081799591,1.0,12.989752178588525,16.564945226917057,29,22430.313842097134,639
0.5,0.5,DY Dynamic Planning Calculation,SAP only,22902,42.85113998674084,0.028694237918215612,0.9762845849802372,1.0,12.507064950066017,10.28169014084507,18,21596.824036096205,639
0.5,0.5,GR Groff Reorder Procedure,SAP only,22902,51.292619624309765,0.05947955390334572,0.9588014981273408,0.99974909163648,6.689900627756588,21.705790297339593,38,11551.919435412055,639
2.0,2.0,Per period 7d,Both,22902,61.31800268542082,0.062151486988847586,0.8333333333333334,0.9998836447613249,7.205954722291323,26.84663536776213,47,12443.026143282379,639
2.0,2.0,Per period 14d,Both,22902,53.67650239079525,0.047513940520446094,0.9467592592592593,1.0,9.399497510632065,19.992175273865413,35,16230.769934857775,639
2.0,2.0,Per period 28d,Both,22902,55.95486541831258,0.027881040892193308,0.967741935483871,1.0,19.605178360745796,9.710485133020343,17,33853.63304210498,639
2.0,2.0,Per period 56d,Both,22902,67.62520290319591,0.01696096654275093,0.9864864864864865,1.0,29.00157320169379,5.712050078247262,10,50079.04538015835,639
2.0,2.0,SP Part Period Balancing,SAP only,22902,46.95694027758121,0.03183085501858736,0.9891696750902527,1.0,15.579987997073797,9.139280125195619,16,26903.05524123129,639
2.0,2.0,WI Sliding Economic Lot Size,SAP only,22902,59.3030235917014,0.03078531598513011,0.9888059701492538,1.0,22.296795794533097,8.568075117370892,15,38501.43716897859,639
2.0,2.0,DY Dynamic Planning Calculation,SAP only,22902,63.00396173316209,0.016728624535315983,0.9863013698630136,1.0,26.675798066453726,5.712050078247262,10,46062.96674429563,639
2.0,2.0,GR Groff Reorder Procedure,SAP only,22902,46.707412840920526,0.04495817843866171,0.9650872817955112,1.0,8.911774776416237,16.564945226917057,29,15388.584968895213,639
1.0,1.0,Per period 7d,Both,82582,99.96481262208273,0.12987918215613384,0.9580119965724079,1.0,2.7583008256017876,45.12519561815336,79,18219.420493000467,639
1.0,1.0,Per period 14d,Both,82582,90.4013139638021,0.07644052044609666,0.9806259314456036,0.9999776834152061,6.762773858232889,22.27699530516432,39,44670.189516161336,639
1.0,1.0,Per period 28d,Both,82582,122.081085642252,0.046352230483271376,0.9851851851851852,1.0,13.035911422393378,13.137715179968701,23,86106.18157005233,639
1.0,1.0,Per period 56d,Both,82582,215.9847828399018,0.025673791821561338,1.0,1.0,26.969460969450544,6.283255086071987,11,178141.5374680099,639
1.0,1.0,SP Part Period Balancing,SAP only,82582,81.35766458144049,0.09642193308550186,0.9952038369304557,1.0,4.65194119138517,26.275430359937403,46,30727.494219585184,639
1.0,1.0,WI Sliding Economic Lot Size,SAP only,82582,93.88352025581469,0.10269516728624535,0.9943757030371203,1.0,6.826216829908569,23.990610328638496,42,45089.24974612467,639
1.0,1.0,DY Dynamic Planning Calculation,SAP only,82582,89.14085767611573,0.04821096654275093,0.992822966507177,1.0,8.044187241072395,15.993740219092333,28,53134.31678995771,639
1.0,1.0,GR Groff Reorder Procedure,SAP only,82582,81.14494771621628,0.10420539033457249,0.9867986798679867,0.9999451476479023,3.0451370849317607,33.129890453834115,58,20114.061705759388,639
0.5,0.5,Per period 7d,Both,82582,99.96481262208273,0.12987918215613384,0.9580119965724079,1.0,2.7583008256017876,45.12519561815336,79,18219.420493000467,639
0.5,0.5,Per period 14d,Both,82582,90.4013139638021,0.07644052044609666,0.9806259314456036,0.9999776834152061,6.762773858232889,22.27699530516432,39,44670.189516161336,639
0.5,0.5,Per period 28d,Both,82582,122.081085642252,0.046352230483271376,0.9851851851851852,1.0,13.035911422393378,13.137715179968701,23,86106.18157005233,639
0.5,0.5,Per period 56d,Both,82582,215.9847828399018,0.025673791821561338,1.0,1.0,26.969460969450544,6.283255086071987,11,178141.5374680099,639
0.5,0.5,SP Part Period Balancing,SAP only,82582,83.02101301531289,0.12441914498141264,0.9898336414048059,1.0,2.7656950052608336,35.41471048513302,62,18268.261310926682,639
0.5,0.5,WI Sliding Economic Lot Size,SAP only,82582,93.77048620244202,0.13533921933085502,0.9923339011925043,1.0,4.969391577859324,31.987480438184665,56,32824.351104503185,639
0.5,0.5,DY Dynamic Planning Calculation,SAP only,82582,76.6083763005367,0.0716775092936803,0.9919614147909968,1.0,4.421790634048441,24.561815336463223,43,29207.27940403785,639
0.5,0.5,GR Groff Reorder Procedure,SAP only,82582,88.21471554478256,0.13429368029739777,0.9813242784380306,0.9999451476479023,1.738635181450309,42.840375586854464,75,11484.21708058485,639
2.0,2.0,Per period 7d,Both,82582,99.96481262208273,0.12987918215613384,0.9580119965724079,1.0,2.7583008256017876,45.12519561815336,79,18219.420493000467,639
2.0,2.0,Per period 14d,Both,82582,90.4013139638021,0.07644052044609666,0.9806259314456036,0.9999776834152061,6.762773858232889,22.27699530516432,39,44670.189516161336,639
2.0,2.0,Per period 28d,Both,82582,122.081085642252,0.046352230483271376,0.9851851851851852,1.0,13.035911422393378,13.137715179968701,23,86106.18157005233,639
2.0,2.0,Per period 56d,Both,82582,215.9847828399018,0.025673791821561338,1.0,1.0,26.969460969450544,6.283255086071987,11,178141.5374680099,639
2.0,2.0,SP Part Period Balancing,SAP only,82582,89.06149186398181,0.0687732342007435,0.9932885906040269,1.0,7.112768443473518,19.992175273865413,35,46982.01078655562,639
2.0,2.0,WI Sliding Economic Lot Size,SAP only,82582,108.5379938962115,0.07574349442379182,0.9923896499238964,1.0,10.333095616454276,17.136150234741784,30,68253.25660027904,639
2.0,2.0,DY Dynamic Planning Calculation,SAP only,82582,122.88121995745149,0.035432156133828996,1.0,1.0,13.66745603399024,10.852895148669797,19,90277.72686778521,639
2.0,2.0,GR Groff Reorder Procedure,SAP only,82582,80.67738178529365,0.08573420074349443,0.9866310160427807,0.9999451476479023,4.167733330430225,27.98904538341158,49,27529.15321817185,639
1.0,1.0,Per period 7d,Both,22070,69.04446922039189,0.08480483271375465,0.8102108768035516,1.0,2.1396761108534195,35.41471048513302,62,3428.3083539240533,639
1.0,1.0,Per period 14d,Both,22070,62.01787317137024,0.06319702602230483,0.9021558872305141,1.0,6.687674509274169,22.848200312989047,40,10715.364943400185,639
1.0,1.0,Per period 28d,Both,22070,67.27293916536107,0.0383364312267658,0.9620991253644315,1.0,13.751132039846471,12.566510172143975,22,22032.830393809054,639
1.0,1.0,Per period 56d,Both,22070,93.98059515245538,0.020910780669144983,0.994475138121547,1.0,25.811873633780923,5.140845070422535,9,41357.222974194956,639
1.0,1.0,SP Part Period Balancing,SAP only,22070,49.74501379142514,0.05796933085501859,0.9842209072978304,1.0,5.693581297939008,17.70735524256651,31,9122.573378493567,639
1.0,1.0,WI Sliding Economic Lot Size,SAP only,22070,64.34890405588018,0.0575046468401487,0.9821428571428571,1.0,12.559251726479264,13.137715179968701,23,20123.13330719502,639
1.0,1.0,DY Dynamic Planning Calculation,SAP only,22070,47.16298787600083,0.03276022304832714,0.9724137931034482,0.9997814619861256,8.857920522777945,10.28169014084507,18,14192.654099653737,639
1.0,1.0,GR Groff Reorder Procedure,SAP only,22070,57.09883541170262,0.07690520446096655,0.9390070921985816,1.0,2.45992765586813,27.98904538341158,49,3941.4332336952757,639
0.5,0.5,Per period 7d,Both,22070,69.04446922039189,0.08480483271375465,0.8102108768035516,1.0,2.1396761108534195,35.41471048513302,62,3428.3083539240533,639
0.5,0.5,Per period 14d,Both,22070,62.01787317137024,0.06319702602230483,0.9021558872305141,1.0,6.687674509274169,22.848200312989047,40,10715.364943400185,639
0.5,0.5,Per period 28d,Both,22070,67.27293916536107,0.0383364312267658,0.9620991253644315,1.0,13.751132039846471,12.566510172143975,22,22032.830393809054,639
0.5,0.5,Per period 56d,Both,22070,93.98059515245538,0.020910780669144983,0.994475138121547,1.0,25.811873633780923,5.140845070422535,9,41357.222974194956,639
0.5,0.5,SP Part Period Balancing,SAP only,22070,52.55979861875399,0.07504646840148699,0.9685157421289355,1.0,3.81489367344878,22.848200312989047,40,6112.435327793608,639
0.5,0.5,WI Sliding Economic Lot Size,SAP only,22070,57.293370715766684,0.06935408921933085,0.9491255961844197,1.0,7.986307475300332,17.70735524256651,31,12796.107081673123,639
0.5,0.5,DY Dynamic Planning Calculation,SAP only,22070,46.18253701060449,0.04460966542750929,0.9696969696969697,0.9997814619861256,5.826473919190275,15.422535211267606,27,9335.501345160854,639
0.5,0.5,GR Groff Reorder Procedure,SAP only,22070,62.19261243471307,0.08108736059479554,0.9053177691309987,1.0,1.8809344573432978,31.987480438184665,56,3013.738051560361,639
2.0,2.0,Per period 7d,Both,22070,69.04446922039189,0.08480483271375465,0.8102108768035516,1.0,2.1396761108534195,35.41471048513302,62,3428.3083539240533,639
2.0,2.0,Per period 14d,Both,22070,62.01787317137024,0.06319702602230483,0.9021558872305141,1.0,6.687674509274169,22.848200312989047,40,10715.364943400185,639
2.0,2.0,Per period 28d,Both,22070,67.27293916536107,0.0383364312267658,0.9620991253644315,1.0,13.751132039846471,12.566510172143975,22,22032.830393809054,639
2.0,2.0,Per period 56d,Both,22070,93.98059515245538,0.020910780669144983,0.994475138121547,1.0,25.811873633780923,5.140845070422535,9,41357.222974194956,639
2.0,2.0,SP Part Period Balancing,SAP only,22070,53.66678466897313,0.04309944237918216,0.973753280839895,1.0,9.922158304313825,11.995305164319248,21,15897.835205566924,639
2.0,2.0,WI Sliding Economic Lot Size,SAP only,22070,63.71779476891626,0.04054368029739777,0.9614325068870524,1.0,13.886251788109545,10.28169014084507,18,22249.32678753925,639
2.0,2.0,DY Dynamic Planning Calculation,SAP only,22070,71.73752108613941,0.020562267657992565,0.9833333333333333,0.9997814619861256,18.14458162718812,6.854460093896714,12,29072.260261921183,639
2.0,2.0,GR Groff Reorder Procedure,SAP only,22070,49.83480446794586,0.05855018587360595,0.9368029739776952,0.9997882140972135,3.594685079094766,21.705790297339593,38,5759.6048410669855,639
1.0,1.0,Per period 7d,Both,20692,21.136275049342636,0.015566914498141264,0.708994708994709,1.0,5.513471425677977,6.283255086071987,11,4352.635756482425,639
1.0,1.0,Per period 14d,Both,20692,17.60592141605221,0.011384758364312268,0.9245283018867925,0.9994188706903142,6.312863037415094,3.427230046948357,6,4983.7191963047735,639
1.0,1.0,Per period 28d,Both,20692,23.049331965387477,0.007202602230483271,0.8611111111111112,1.0,9.817657429313126,2.856025039123631,5,7750.595491019327,639
1.0,1.0,Per period 56d,Both,20692,28.442200273850897,0.004414498141263941,0.76,0.9999457976424905,13.294960144093071,2.2848200312989047,4,10495.768352888914,639
1.0,1.0,SP Part Period Balancing,SAP only,20692,18.2933825511791,0.009758364312267658,0.9438202247191011,0.9999190133681052,6.686796983202411,3.427230046948357,6,5278.923095506318,639
1.0,1.0,WI Sliding Economic Lot Size,SAP only,20692,24.653846436947116,0.010223048327137546,0.9565217391304348,1.0,10.146473809011608,3.427230046948357,6,8010.181117041996,639
1.0,1.0,DY Dynamic Planning Calculation,SAP only,20692,22.86233732855471,0.005227695167286246,0.9375,0.99985279617935,10.80381390353703,1.7136150234741785,3,8529.121323438198,639
1.0,1.0,GR Groff Reorder Procedure,SAP only,20692,18.372857242431294,0.014172862453531599,0.9104477611940298,0.9996590350867621,5.09822201267666,5.140845070422535,9,4024.815168808731,639
0.5,0.5,Per period 7d,Both,20692,21.136275049342636,0.015566914498141264,0.708994708994709,1.0,5.513471425677977,6.283255086071987,11,4352.635756482425,639
0.5,0.5,Per period 14d,Both,20692,17.60592141605221,0.011384758364312268,0.9245283018867925,0.9994188706903142,6.312863037415094,3.427230046948357,6,4983.7191963047735,639
0.5,0.5,Per period 28d,Both,20692,23.049331965387477,0.007202602230483271,0.8611111111111112,1.0,9.817657429313126,2.856025039123631,5,7750.595491019327,639
0.5,0.5,Per period 56d,Both,20692,28.442200273850897,0.004414498141263941,0.76,0.9999457976424905,13.294960144093071,2.2848200312989047,4,10495.768352888914,639
0.5,0.5,SP Part Period Balancing,SAP only,20692,18.18625369427971,0.014637546468401487,0.9618320610687023,0.9999190133681052,5.540656543427179,4.569640062597809,8,4374.097174602463,639
0.5,0.5,WI Sliding Economic Lot Size,SAP only,20692,20.39920957765579,0.012894981412639405,0.8409090909090909,0.9999564513619902,6.7443599719436795,4.569640062597809,8,5324.3664656992505,639
0.5,0.5,DY Dynamic Planning Calculation,SAP only,20692,17.378104857883883,0.007318773234200744,0.9692307692307692,0.99985279617935,7.276815053321787,2.2848200312989047,4,5744.715615444255,639
0.5,0.5,GR Groff Reorder Procedure,SAP only,20692,18.908641783970097,0.01533457249070632,0.88,0.9998137773027074,4.845719130392523,5.712050078247262,10,3825.4755895871594,639
2.0,2.0,Per period 7d,Both,20692,21.136275049342636,0.015566914498141264,0.708994708994709,1.0,5.513471425677977,6.283255086071987,11,4352.635756482425,639
2.0,2.0,Per period 14d,Both,20692,17.60592141605221,0.011384758364312268,0.9245283018867925,0.9994188706903142,6.312863037415094,3.427230046948357,6,4983.7191963047735,639
2.0,2.0,Per period 28d,Both,20692,23.049331965387477,0.007202602230483271,0.8611111111111112,1.0,9.817657429313126,2.856025039123631,5,7750.595491019327,639
2.0,2.0,Per period 56d,Both,20692,28.442200273850897,0.004414498141263941,0.76,0.9999457976424905,13.294960144093071,2.2848200312989047,4,10495.768352888914,639
2.0,2.0,SP Part Period Balancing,SAP only,20692,19.91584665949822,0.006854089219330855,0.921875,1.0,8.657180803149839,2.2848200312989047,4,6834.451800843352,639
2.0,2.0,WI Sliding Economic Lot Size,SAP only,20692,42.03260915396278,0.008596654275092937,0.9866666666666667,1.0,20.687254715720403,2.2848200312989047,4,16331.649813172251,639
2.0,2.0,DY Dynamic Planning Calculation,SAP only,20692,22.86233732855471,0.005227695167286246,0.9375,0.99985279617935,10.80381390353703,1.7136150234741785,3,8529.121323438198,639
2.0,2.0,GR Groff Reorder Procedure,SAP only,20692,16.19908753413018,0.010223048327137546,0.8712871287128713,0.9996590350867621,5.547637313873209,3.427230046948357,6,4379.608176420606,639
1.0,1.0,Per period 7d,Both,21889,102.06112505045469,0.13173791821561337,0.9642857142857143,1.0,2.8151309413913794,45.69640062597809,80,32209.242573663843,639
1.0,1.0,Per period 14d,Both,21889,101.39091613055055,0.08259758364312268,0.9875,1.0,6.94060482316973,26.84663536776213,47,79410.73755060381,639
1.0,1.0,Per period 28d,Both,21889,133.1479893275299,0.04519052044609666,0.9974358974358974,1.0,14.310751335152455,11.995305164319248,21,163736.06441819368,639
1.0,1.0,Per period 56d,Both,21889,238.07085334692067,0.026022304832713755,1.0,1.0,28.847987251246398,6.854460093896714,12,330063.4458865042,639
1.0,1.0,SP Part Period Balancing,SAP only,21889,83.90762977883853,0.09851301115241635,0.9929742388758782,1.0,4.709633363040332,26.84663536776213,47,53885.139477104254,639
1.0,1.0,WI Sliding Economic Lot Size,SAP only,21889,98.29848772352969,0.10618029739776952,0.9956427015250545,1.0,6.928810407976811,25.13302034428795,44,79275.79207635333,639
1.0,1.0,DY Dynamic Planning Calculation,SAP only,21889,97.40729843234621,0.046352230483271376,1.0,1.0,9.367208456877387,13.708920187793428,24,107174.65571122547,639
1.0,1.0,GR Groff Reorder Procedure,SAP only,21889,84.90764016472055,0.10931691449814127,0.9915700737618546,1.0,2.9231513113895167,35.41471048513302,62,33445.154640492,639
0.5,0.5,Per period 7d,Both,21889,102.06112505045469,0.13173791821561337,0.9642857142857143,1.0,2.8151309413913794,45.69640062597809,80,32209.242573663843,639
0.5,0.5,Per period 14d,Both,21889,101.39091613055055,0.08259758364312268,0.9875,1.0,6.94060482316973,26.84663536776213,47,79410.73755060381,639
0.5,0.5,Per period 28d,Both,21889,133.1479893275299,0.04519052044609666,0.9974358974358974,1.0,14.310751335152455,11.995305164319248,21,163736.06441819368,639
0.5,0.5,Per period 56d,Both,21889,238.07085334692067,0.026022304832713755,1.0,1.0,28.847987251246398,6.854460093896714,12,330063.4458865042,639
0.5,0.5,SP Part Period Balancing,SAP only,21889,83.95560163694017,0.1309247211895911,0.9947043248014121,1.0,2.8016655253826057,35.41471048513302,62,32055.178389932644,639
0.5,0.5,WI Sliding Economic Lot Size,SAP only,21889,96.89884147372891,0.12685873605947956,0.994535519125683,1.0,5.091329789459171,32.55868544600939,57,58252.308551644215,639
0.5,0.5,DY Dynamic Planning Calculation,SAP only,21889,82.60972746860429,0.06540427509293681,0.9894551845342706,1.0,5.947678809063425,20.56338028169014,36,68050.20210416225,639
0.5,0.5,GR Groff Reorder Procedure,SAP only,21889,94.12661985616066,0.14649163568773235,0.9913522012578616,1.0,2.0578527356744574,44.55399061032864,78,23544.864989994567,639
2.0,2.0,Per period 7d,Both,21889,102.06112505045469,0.13173791821561337,0.9642857142857143,1.0,2.8151309413913794,45.69640062597809,80,32209.242573663843,639
2.0,2.0,Per period 14d,Both,21889,101.39091613055055,0.08259758364312268,0.9875,1.0,6.94060482316973,26.84663536776213,47,79410.73755060381,639
2.0,2.0,Per period 28d,Both,21889,133.1479893275299,0.04519052044609666,0.9974358974358974,1.0,14.310751335152455,11.995305164319248,21,163736.06441819368,639
2.0,2.0,Per period 56d,Both,21889,238.07085334692067,0.026022304832713755,1.0,1.0,28.847987251246398,6.854460093896714,12,330063.4458865042,639
2.0,2.0,SP Part Period Balancing,SAP only,21889,86.94754391469449,0.07202602230483271,0.9935897435897436,1.0,7.0116338434213255,18.278560250391237,32,80223.41411545395,639
2.0,2.0,WI Sliding Economic Lot Size,SAP only,21889,98.6930291885856,0.07736988847583644,0.9955156950672646,1.0,8.382821759069936,18.849765258215964,33,95911.82261533498,639
2.0,2.0,DY Dynamic Planning Calculation,SAP only,21889,129.1137671042132,0.03171468401486989,1.0,1.0,14.178778420150396,10.28169014084507,18,162226.09997215128,639
2.0,2.0,GR Groff Reorder Procedure,SAP only,21889,80.55493675692844,0.0837592936802974,0.9917469050894085,1.0,4.281809766492996,26.84663536776213,47,48990.20766511552,639
1.0,1.0,Per period 7d,Both,21115,85.62843826758363,0.08050650557620818,0.6581196581196581,0.9992591952528782,2.63337540884428,42.840375586854464,75,2873.6147908652047,639
1.0,1.0,Per period 14d,Both,21115,75.86747753472729,0.06679832713754646,0.8846153846153846,1.0,7.400172902546418,26.275430359937403,46,8075.280963092931,639
1.0,1.0,Per period 28d,Both,21115,68.12988535727173,0.041356877323420076,0.9270833333333334,1.0,11.1816926731626,13.137715179968701,23,12201.783818817912,639
1.0,1.0,Per period 56d,Both,21115,105.45615225955021,0.026603159851301114,0.9786324786324786,1.0,23.15534295533506,6.854460093896714,12,25267.774499804313,639
1.0,1.0,SP Part Period Balancing,SAP only,21115,53.393336444706506,0.06017657992565056,0.9452554744525548,1.0,6.043861827666169,16.564945226917057,29,6595.235409124352,639
1.0,1.0,WI Sliding Economic Lot Size,SAP only,21115,75.22561206552177,0.061686802973977696,0.9448398576512456,1.0,11.700944423816884,15.993740219092333,28,12768.40622512255,639
1.0,1.0,DY Dynamic Planning Calculation,SAP only,21115,75.05912391449974,0.02648698884758364,0.9620253164556962,1.0,14.63289720171552,9.139280125195619,16,15967.83720651289,639
1.0,1.0,GR Groff Reorder Procedure,SAP only,21115,62.51134390667429,0.0766728624535316,0.9016393442622951,0.99964092173817,3.595430977820058,27.417840375586856,48,3923.4374266193445,639
0.5,0.5,Per period 7d,Both,21115,85.62843826758363,0.08050650557620818,0.6581196581196581,0.9992591952528782,2.63337540884428,42.840375586854464,75,2873.6147908652047,639
0.5,0.5,Per period 14d,Both,21115,75.86747753472729,0.06679832713754646,0.8846153846153846,1.0,7.400172902546418,26.275430359937403,46,8075.280963092931,639
0.5,0.5,Per period 28d,Both,21115,68.12988535727173,0.041356877323420076,0.9270833333333334,1.0,11.1816926731626,13.137715179968701,23,12201.783818817912,639
0.5,0.5,Per period 56d,Both,21115,105.45615225955021,0.026603159851301114,0.9786324786324786,1.0,23.15534295533506,6.854460093896714,12,25267.774499804313,639
0.5,0.5,SP Part Period Balancing,SAP only,21115,57.21421120795213,0.07934479553903345,0.9330601092896175,0.9994243812975752,4.017345163405255,23.419405320813773,41,4383.842289557428,639
0.5,0.5,WI Sliding Economic Lot Size,SAP only,21115,73.64165053835414,0.07946096654275094,0.9306122448979591,1.0,9.078588879935673,21.134585289514867,37,9906.816627036489,639
0.5,0.5,DY Dynamic Planning Calculation,SAP only,21115,53.78772911320049,0.0391496282527881,0.9546742209631728,0.9996162985256893,7.380413881808317,13.708920187793428,24,8053.7193528282805,639
0.5,0.5,GR Groff Reorder Procedure,SAP only,21115,68.32634286616694,0.10106877323420074,0.8895705521472392,0.9995189115480541,2.310759242316975,33.701095461658845,59,2521.5667749266177,639
2.0,2.0,Per period 7d,Both,21115,85.62843826758363,0.08050650557620818,0.6581196581196581,0.9992591952528782,2.63337540884428,42.840375586854464,75,2873.6147908652047,639
2.0,2.0,Per period 14d,Both,21115,75.86747753472729,0.06679832713754646,0.8846153846153846,1.0,7.400172902546418,26.275430359937403,46,8075.280963092931,639
2.0,2.0,Per period 28d,Both,21115,68.12988535727173,0.041356877323420076,0.9270833333333334,1.0,11.1816926731626,13.137715179968701,23,12201.783818817912,639
2.0,2.0,Per period 56d,Both,21115,105.45615225955021,0.026603159851301114,0.9786324786324786,1.0,23.15534295533506,6.854460093896714,12,25267.774499804313,639
2.0,2.0,SP Part Period Balancing,SAP only,21115,58.24810237160018,0.046352230483271376,0.9827586206896551,1.0,8.981080662977169,12.566510172143975,22,9800.41286343264,639
2.0,2.0,WI Sliding Economic Lot Size,SAP only,21115,91.2783966014682,0.047862453531598514,0.9559164733178654,1.0,17.660428754113664,11.424100156494523,20,19271.566488545104,639
2.0,2.0,DY Dynamic Planning Calculation,SAP only,21115,102.31927904211454,0.017193308550185873,0.9801324503311258,1.0,22.873663380368736,5.712050078247262,10,24960.397666942077,639
2.0,2.0,GR Groff Reorder Procedure,SAP only,21115,57.590054231257724,0.06157063197026022,0.9281961471103327,1.0,5.101534309583132,21.134585289514867,37,5566.940588451163,639
1.0,1.0,Per period 7d,Both,22365,111.20830666832825,0.09491171003717472,0.7607076350093109,1.0,4.183918722240212,42.26917057902973,74,8541.529518201138,639
1.0,1.0,Per period 14d,Both,22365,78.43226345275703,0.06389405204460967,0.8885298869143781,1.0,4.0966559030036755,23.990610328638496,42,8363.381232865606,639
1.0,1.0,Per period 28d,Both,22365,144.08490702203594,0.04321561338289963,0.9612403100775194,0.9999010528279308,13.6154922067829,13.137715179968701,23,27796.220794366738,639
1.0,1.0,Per period 56d,Both,22365,243.3718065916048,0.022769516728624536,0.9655172413793104,1.0,26.24168521145729,5.712050078247262,10,53572.77321128034,639
1.0,1.0,SP Part Period Balancing,SAP only,22365,69.17303970714349,0.0816682156133829,0.9669876203576341,1.0,3.1679406790491953,23.419405320813773,41,6467.3959076146975,639
1.0,1.0,WI Sliding Economic Lot Size,SAP only,22365,100.9490215679811,0.07446561338289963,0.9595808383233533,1.0,7.303246281851521,20.56338028169014,36,14909.681051769247,639
1.0,1.0,DY Dynamic Planning Calculation,SAP only,22365,73.11071059931689,0.04007899628252788,0.9610027855153204,0.9995707617994269,5.5222943460069756,13.708920187793428,24,11273.842370283433,639
1.0,1.0,GR Groff Reorder Procedure,SAP only,22365,67.13781696515517,0.09363382899628253,0.9221967963386728,0.9996965595664924,1.58973848553199,30.273865414710485,53,3245.4737058375067,639
0.5,0.5,Per period 7d,Both,22365,111.20830666832825,0.09491171003717472,0.7607076350093109,1.0,4.183918722240212,42.26917057902973,74,8541.529518201138,639
0.5,0.5,Per period 14d,Both,22365,78.43226345275703,0.06389405204460967,0.8885298869143781,1.0,4.0966559030036755,23.990610328638496,42,8363.381232865606,639
0.5,0.5,Per period 28d,Both,22365,144.08490702203594,0.04321561338289963,0.9612403100775194,0.9999010528279308,13.6154922067829,13.137715179968701,23,27796.220794366738,639
0.5,0.5,Per period 56d,Both,22365,243.3718065916048,0.022769516728624536,0.9655172413793104,1.0,26.24168521145729,5.712050078247262,10,53572.77321128034,639
0.5,0.5,SP Part Period Balancing,SAP only,22365,72.14054895692624,0.09642193308550186,0.9410430839002267,1.0,1.9273831601533822,31.41627543035994,55,3934.780106464201,639
0.5,0.5,WI Sliding Economic Lot Size,SAP only,22365,93.15840682805342,0.09990706319702602,0.9217577706323687,1.0,4.965428465183461,27.98904538341158,49,10136.992762414775,639
0.5,0.5,DY Dynamic Planning Calculation,SAP only,22365,67.9930180271929,0.061686802973977696,0.9448398576512456,0.9997860119965282,3.485035466370147,21.134585289514867,37,7114.7494213367345,639
0.5,0.5,GR Groff Reorder Procedure,SAP only,22365,74.16638199047644,0.11361524163568773,0.9089219330855018,0.9995547397664901,1.1431672052844641,36.557120500782474,64,2333.7920921533964,639
2.0,2.0,Per period 7d,Both,22365,111.20830666832825,0.09491171003717472,0.7607076350093109,1.0,4.183918722240212,42.26917057902973,74,8541.529518201138,639
2.0,2.0,Per period 14d,Both,22365,78.43226345275703,0.06389405204460967,0.8885298869143781,1.0,4.0966559030036755,23.990610328638496,42,8363.381232865606,639
2.0,2.0,Per period 28d,Both,22365,144.08490702203594,0.04321561338289963,0.9612403100775194,0.9999010528279308,13.6154922067829,13.137715179968701,23,27796.220794366738,639
2.0,2.0,Per period 56d,Both,22365,243.3718065916048,0.022769516728624536,0.9655172413793104,1.0,26.24168521145729,5.712050078247262,10,53572.77321128034,639
2.0,2.0,SP Part Period Balancing,SAP only,22365,70.22273469567614,0.05587825278810409,0.969758064516129,1.0,4.522878567225631,17.136150234741784,30,9233.520857812448,639
2.0,2.0,WI Sliding Economic Lot Size,SAP only,22365,120.51469100959463,0.06006040892193309,0.9681647940074907,1.0,10.515336535123502,15.422535211267606,27,21467.208942454112,639
2.0,2.0,DY Dynamic Planning Calculation,SAP only,22365,90.87588958839055,0.03171468401486989,0.9680851063829787,0.9997847498028989,8.082143667734096,10.852895148669797,19,16499.81113192613,639
2.0,2.0,GR Groff Reorder Procedure,SAP only,22365,64.6652165411991,0.07678903345724906,0.9362606232294618,0.9994911629025681,2.3237173128189466,25.13302034428795,44,4743.9019104010495,639
1.0,1.0,Per period 7d,Both,21918,92.94523935444622,0.13522304832713755,0.9675810473815462,1.0,2.7056154263637944,48.55242566510172,85,34523.9567187246,639
1.0,1.0,Per period 14d,Both,21918,67.79136486621698,0.08561802973977695,0.9986449864498645,1.0,7.42067674909816,26.275430359937403,46,94688.668763919,639
1.0,1.0,Per period 28d,Both,21918,65.27769580427457,0.04867565055762082,1.0,1.0,14.396946505475551,13.137715179968701,23,183706.65438762167,639
1.0,1.0,Per period 56d,Both,21918,103.61082219556121,0.026022304832713755,1.0,1.0,31.53703217768067,6.283255086071987,11,402416.07263547427,639
1.0,1.0,SP Part Period Balancing,SAP only,21918,54.23667401182075,0.06586895910780668,0.9947368421052631,1.0,8.253384972403182,17.136150234741784,30,105314.11921803065,639
1.0,1.0,WI Sliding Economic Lot Size,SAP only,21918,63.68217201114567,0.06586895910780668,0.9982394366197183,1.0,12.49148654160383,15.422535211267606,27,159392.77123890675,639
1.0,1.0,DY Dynamic Planning Calculation,SAP only,21918,70.74906934624617,0.02799721189591078,0.9917695473251029,1.0,18.984392451842247,8.568075117370892,15,242242.9798973792,639
1.0,1.0,GR Groff Reorder Procedure,SAP only,21918,56.37598226555741,0.07562732342007435,0.9893617021276596,1.0,4.8954949815398665,23.990610328638496,42,62467.065796767325,639
0.5,0.5,Per period 7d,Both,21918,92.94523935444622,0.13522304832713755,0.9675810473815462,1.0,2.7056154263637944,48.55242566510172,85,34523.9567187246,639
0.5,0.5,Per period 14d,Both,21918,67.79136486621698,0.08561802973977695,0.9986449864498645,1.0,7.42067674909816,26.275430359937403,46,94688.668763919,639
0.5,0.5,Per period 28d,Both,21918,65.27769580427457,0.04867565055762082,1.0,1.0,14.396946505475551,13.137715179968701,23,183706.65438762167,639
0.5,0.5,Per period 56d,Both,21918,103.61082219556121,0.026022304832713755,1.0,1.0,31.53703217768067,6.283255086071987,11,402416.07263547427,639
0.5,0.5,SP Part Period Balancing,SAP only,21918,54.12496404809793,0.07864776951672862,0.9926686217008798,1.0,5.150547922616218,22.27699530516432,39,65721.5699709017,639
0.5,0.5,WI Sliding Economic Lot Size,SAP only,21918,64.49693181966533,0.08689591078066915,0.9933598937583001,1.0,9.704142933362625,20.56338028169014,36,123825.95374021246,639
0.5,0.5,DY Dynamic Planning Calculation,SAP only,21918,54.34443573407328,0.03787174721189591,0.9939024390243902,1.0,11.695410419557515,11.424100156494523,20,149234.75051115174,639
0.5,0.5,GR Groff Reorder Procedure,SAP only,21918,67.64981704284521,0.1000232342007435,0.9942263279445728,1.0,3.286080215833857,33.129890453834115,58,41930.75262664883,639
2.0,2.0,Per period 7d,Both,21918,92.94523935444622,0.13522304832713755,0.9675810473815462,1.0,2.7056154263637944,48.55242566510172,85,34523.9567187246,639
2.0,2.0,Per period 14d,Both,21918,67.79136486621698,0.08561802973977695,0.9986449864498645,1.0,7.42067674909816,26.275430359937403,46,94688.668763919,639
2.0,2.0,Per period 28d,Both,21918,65.27769580427457,0.04867565055762082,1.0,1.0,14.396946505475551,13.137715179968701,23,183706.65438762167,639
2.0,2.0,Per period 56d,Both,21918,103.61082219556121,0.026022304832713755,1.0,1.0,31.53703217768067,6.283255086071987,11,402416.07263547427,639
2.0,2.0,SP Part Period Balancing,SAP only,21918,56.99782256646435,0.04763011152416357,0.9975669099756691,1.0,12.258443038198601,11.995305164319248,21,156419.10996142248,639
2.0,2.0,WI Sliding Economic Lot Size,SAP only,21918,69.58607591934495,0.050302044609665426,1.0,1.0,16.545157502435586,11.995305164319248,21,211118.06798286794,639
2.0,2.0,DY Dynamic Planning Calculation,SAP only,21918,95.15374571310932,0.02079460966542751,1.0,1.0,28.657119367998533,6.283255086071987,11,365668.06172958214,639
2.0,2.0,GR Groff Reorder Procedure,SAP only,21918,50.69377834780496,0.06354553903345725,0.9963570127504554,1.0,6.3658466181440705,18.278560250391237,32,81228.91782081916,639
1.0,1.0,Per period 7d,Both,20977,75.67094001828669,0.1087360594795539,0.9221674876847291,1.0,2.4832158095711017,39.98435054773083,70,8279.572426698567,639
1.0,1.0,Per period 14d,Both,20977,54.33543562837808,0.07272304832713755,0.9615975422427036,1.0,6.277262724466656,22.848200312989047,40,20929.736017432,639
1.0,1.0,Per period 28d,Both,20977,51.26632312133891,0.043447955390334574,0.9816272965879265,1.0,13.253148830729987,11.995305164319248,21,44188.8317571548,639
1.0,1.0,Per period 56d,Both,20977,67.42253385249415,0.02462825278810409,0.986046511627907,1.0,24.70654382285358,6.283255086071987,11,82376.89942464148,639
1.0,1.0,SP Part Period Balancing,SAP only,20977,50.32079462371962,0.05506505576208178,0.9978947368421053,1.0,9.773926353140297,15.993740219092333,28,32588.36015063064,639
1.0,1.0,WI Sliding Economic Lot Size,SAP only,20977,51.291172250209904,0.05703996282527881,0.9919191919191919,1.0,11.512492527403372,14.280125195618153,25,38385.11148530646,639
1.0,1.0,DY Dynamic Planning Calculation,SAP only,20977,67.29873763034428,0.023931226765799257,0.9951690821256038,1.0,24.652335396205352,6.283255086071987,11,82196.15694030264,639
1.0,1.0,GR Groff Reorder Procedure,SAP only,20977,56.02980642762468,0.07678903345724906,0.9850968703427719,1.0,4.829779473820192,25.704225352112676,45,16103.517384332032,639
0.5,0.5,Per period 7d,Both,20977,75.67094001828669,0.1087360594795539,0.9221674876847291,1.0,2.4832158095711017,39.98435054773083,70,8279.572426698567,639
0.5,0.5,Per period 14d,Both,20977,54.33543562837808,0.07272304832713755,0.9615975422427036,1.0,6.277262724466656,22.848200312989047,40,20929.736017432,639
0.5,0.5,Per period 28d,Both,20977,51.26632312133891,0.043447955390334574,0.9816272965879265,1.0,13.253148830729987,11.995305164319248,21,44188.8317571548,639
0.5,0.5,Per period 56d,Both,20977,67.42253385249415,0.02462825278810409,0.986046511627907,1.0,24.70654382285358,6.283255086071987,11,82376.89942464148,639
0.5,0.5,SP Part Period Balancing,SAP only,20977,50.56784271170069,0.07551115241635688,0.9803921568627451,1.0,6.379030146040862,20.56338028169014,36,21269.050359083012,639
0.5,0.5,WI Sliding Economic Lot Size,SAP only,20977,55.28084926493817,0.07713754646840149,0.9822485207100592,1.0,8.880666232375042,19.992175273865413,35,29610.03992680972,639
0.5,0.5,DY Dynamic Planning Calculation,SAP only,20977,48.31182943972302,0.03880111524163569,0.9910979228486647,1.0,12.835190997869608,10.852895148669797,19,42795.27098199561,639
0.5,0.5,GR Groff Reorder Procedure,SAP only,20977,62.543124400670536,0.09398234200743494,0.9770531400966184,1.0,3.3030160264269055,31.41627543035994,55,11012.961624978987,639
2.0,2.0,Per period 7d,Both,20977,75.67094001828669,0.1087360594795539,0.9221674876847291,1.0,2.4832158095711017,39.98435054773083,70,8279.572426698567,639
2.0,2.0,Per period 14d,Both,20977,54.33543562837808,0.07272304832713755,0.9615975422427036,1.0,6.277262724466656,22.848200312989047,40,20929.736017432,639
2.0,2.0,Per period 28d,Both,20977,51.26632312133891,0.043447955390334574,0.9816272965879265,1.0,13.253148830729987,11.995305164319248,21,44188.8317571548,639
2.0,2.0,Per period 56d,Both,20977,67.42253385249415,0.02462825278810409,0.986046511627907,1.0,24.70654382285358,6.283255086071987,11,82376.89942464148,639
2.0,2.0,SP Part Period Balancing,SAP only,20977,50.190073436992876,0.041821561338289966,0.997229916897507,1.0,13.657644625171713,10.852895148669797,19,45537.5072180096,639
2.0,2.0,WI Sliding Economic Lot Size,SAP only,20977,56.219838953957385,0.04031133828996283,0.9971264367816092,1.0,17.173753174120765,9.710485133020343,17,57260.96487277778,639
2.0,2.0,DY Dynamic Planning Calculation,SAP only,20977,104.6284998928619,0.01638011152416357,1.0,1.0,42.74999093922867,3.998435054773083,7,142537.60984357836,639
2.0,2.0,GR Groff Reorder Procedure,SAP only,20977,49.22939185483111,0.06191914498141264,0.9797794117647058,1.0,6.230827817003469,19.992175273865413,35,20774.912108053417,639
1.0,1.0,Per period 7d,Both,20718,110.42955552740813,0.14451672862453532,0.9621036349574633,1.0,2.932788409026693,49.694835680751176,87,34207.151070015854,639
1.0,1.0,Per period 14d,Both,20718,96.75517967373032,0.08526951672862454,0.9839142091152815,1.0,6.228091440550655,26.84663536776213,47,72642.56232364627,639
1.0,1.0,Per period 28d,Both,20718,126.15435601340083,0.047862453531598514,0.9951690821256038,1.0,12.912319198834673,13.137715179968701,23,150605.35977956522,639
1.0,1.0,Per period 56d,Both,20718,216.3544621723531,0.02799721189591078,1.0,1.0,25.7051904248229,6.283255086071987,11,299817.5147716355,639
1.0,1.0,SP Part Period Balancing,SAP only,20718,86.00012033478265,0.10827137546468402,0.9967914438502674,1.0,4.7566550005227,27.417840375586856,48,55480.17568878268,639
1.0,1.0,WI Sliding Economic Lot Size,SAP only,20718,98.27722016123016,0.10885223048327138,0.9957492029755579,1.0,6.919311396344124,24.561815336463223,43,80704.74143539605,639
1.0,1.0,DY Dynamic Planning Calculation,SAP only,20718,103.59637908926375,0.047281598513011155,0.9951100244498777,1.0,10.213805145880787,12.566510172143975,22,119130.71347032506,639
1.0,1.0,GR Groff Reorder Procedure,SAP only,20718,86.76313103747356,0.1179135687732342,0.9892787524366472,1.0,3.0997183703700277,35.41471048513302,62,36154.171314711384,639
0.5,0.5,Per period 7d,Both,20718,110.42955552740813,0.14451672862453532,0.9621036349574633,1.0,2.932788409026693,49.694835680751176,87,34207.151070015854,639
0.5,0.5,Per period 14d,Both,20718,96.75517967373032,0.08526951672862454,0.9839142091152815,1.0,6.228091440550655,26.84663536776213,47,72642.56232364627,639
0.5,0.5,Per period 28d,Both,20718,126.15435601340083,0.047862453531598514,0.9951690821256038,1.0,12.912319198834673,13.137715179968701,23,150605.35977956522,639
0.5,0.5,Per period 56d,Both,20718,216.3544621723531,0.02799721189591078,1.0,1.0,25.7051904248229,6.283255086071987,11,299817.5147716355,639
0.5,0.5,SP Part Period Balancing,SAP only,20718,88.79265514286972,0.1378949814126394,0.9941373534338358,1.0,2.9782393072437805,37.1283255086072,65,34737.27650858979,639
0.5,0.5,WI Sliding Economic Lot Size,SAP only,20718,98.19015770704951,0.14033457249070633,0.9926047658175843,0.9999631037854979,5.15596708387835,32.55868544600939,57,60137.63025229229,639
0.5,0.5,DY Dynamic Planning Calculation,SAP only,20718,83.63596791256296,0.07098048327137546,0.9918831168831169,1.0,6.087994404712386,19.992175273865413,35,71008.51315234191,639
0.5,0.5,GR Groff Reorder Procedure,SAP only,20718,94.94593294951248,0.14556226765799257,0.987391646966115,1.0,1.9960279344923826,45.12519561815336,79,23281.062106288216,639
2.0,2.0,Per period 7d,Both,20718,110.42955552740813,0.14451672862453532,0.9621036349574633,1.0,2.932788409026693,49.694835680751176,87,34207.151070015854,639
2.0,2.0,Per period 14d,Both,20718,96.75517967373032,0.08526951672862454,0.9839142091152815,1.0,6.228091440550655,26.84663536776213,47,72642.56232364627,639
2.0,2.0,Per period 28d,Both,20718,126.15435601340083,0.047862453531598514,0.9951690821256038,1.0,12.912319198834673,13.137715179968701,23,150605.35977956522,639
2.0,2.0,Per period 56d,Both,20718,216.3544621723531,0.02799721189591078,1.0,1.0,25.7051904248229,6.283255086071987,11,299817.5147716355,639
2.0,2.0,SP Part Period Balancing,SAP only,20718,91.05253215821816,0.07702137546468402,0.9954954954954955,1.0,7.266710340667994,18.849765258215964,33,84756.69695099849,639
2.0,2.0,WI Sliding Economic Lot Size,SAP only,20718,113.12934170270441,0.08259758364312268,0.9944055944055944,1.0,10.280518599890398,17.70735524256651,31,119908.83888594843,639
2.0,2.0,DY Dynamic Planning Calculation,SAP only,20718,142.7267778088251,0.034502788104089216,1.0,1.0,15.988165590330746,8.568075117370892,15,186481.0956008846,639
2.0,2.0,GR Groff Reorder Procedure,SAP only,20718,83.21396970139213,0.09491171003717472,0.9975579975579976,1.0,4.533074067958465,26.84663536776213,47,52872.395764032495,639
1.0,1.0,Per period 7d,Both,22349,76.8447800092843,0.09189126394052044,0.8231009365244537,1.0,1.4862767311033682,39.98435054773083,70,3331.1262711850277,639
1.0,1.0,Per period 14d,Both,22349,63.96914317991369,0.06981877323420074,0.9375975039001561,1.0,4.118963075370162,25.704225352112676,45,9231.64968089133,639
1.0,1.0,Per period 28d,Both,22349,68.03430018410751,0.03891728624535316,0.9517045454545454,1.0,10.213036187072326,11.995305164319248,21,22890.026089598985,639
1.0,1.0,Per period 56d,Both,22349,122.05021311696461,0.023815055762081785,0.9855769230769231,1.0,23.89632256797888,6.854460093896714,12,53557.77038358945,639
1.0,1.0,SP Part Period Balancing,SAP only,22349,54.82078894506796,0.06110594795539034,0.9704797047970479,1.0,4.95531011200782,18.278560250391237,32,11106.11728659974,639
1.0,1.0,WI Sliding Economic Lot Size,SAP only,22349,55.894455741084286,0.05820167286245353,0.9561068702290076,1.0,6.274147184806323,15.422535211267606,27,14061.96846066102,639
1.0,1.0,DY Dynamic Planning Calculation,SAP only,22349,63.51667583315309,0.029623605947955392,0.9922178988326849,1.0,10.317779320066357,9.139280125195619,16,23124.78223880117,639
1.0,1.0,GR Groff Reorder Procedure,SAP only,22349,56.58073891214389,0.07353624535315985,0.9267935578330894,0.9999374379707576,2.5146436774821233,25.704225352112676,45,5635.959603910028,639
0.5,0.5,Per period 7d,Both,22349,76.8447800092843,0.09189126394052044,0.8231009365244537,1.0,1.4862767311033682,39.98435054773083,70,3331.1262711850277,639
0.5,0.5,Per period 14d,Both,22349,63.96914317991369,0.06981877323420074,0.9375975039001561,1.0,4.118963075370162,25.704225352112676,45,9231.64968089133,639
0.5,0.5,Per period 28d,Both,22349,68.03430018410751,0.03891728624535316,0.9517045454545454,1.0,10.213036187072326,11.995305164319248,21,22890.026089598985,639
0.5,0.5,Per period 56d,Both,22349,122.05021311696461,0.023815055762081785,0.9855769230769231,1.0,23.89632256797888,6.854460093896714,12,53557.77038358945,639
0.5,0.5,SP Part Period Balancing,SAP only,22349,54.27007525527986,0.0803903345724907,0.97054698457223,1.0,2.8814664671706978,23.419405320813773,41,6458.103290902869,639
0.5,0.5,WI Sliding Economic Lot Size,SAP only,22349,74.64441356354435,0.07539498141263941,0.9614814814814815,1.0,8.174114560239634,21.134585289514867,37,18320.281267591585,639
0.5,0.5,DY Dynamic Planning Calculation,SAP only,22349,50.7745471817576,0.045422862453531596,0.9799498746867168,1.0,5.596689693315322,14.280125195618153,25,12543.612961788698,639
0.5,0.5,GR Groff Reorder Procedure,SAP only,22349,64.55063041134295,0.089567843866171,0.9091981132075472,0.9997422991664952,1.4224050358420686,33.129890453834115,58,3187.9734668535693,639
2.0,2.0,Per period 7d,Both,22349,76.8447800092843,0.09189126394052044,0.8231009365244537,1.0,1.4862767311033682,39.98435054773083,70,3331.1262711850277,639
2.0,2.0,Per period 14d,Both,22349,63.96914317991369,0.06981877323420074,0.9375975039001561,1.0,4.118963075370162,25.704225352112676,45,9231.64968089133,639
2.0,2.0,Per period 28d,Both,22349,68.03430018410751,0.03891728624535316,0.9517045454545454,1.0,10.213036187072326,11.995305164319248,21,22890.026089598985,639
2.0,2.0,Per period 56d,Both,22349,122.05021311696461,0.023815055762081785,0.9855769230769231,1.0,23.89632256797888,6.854460093896714,12,53557.77038358945,639
2.0,2.0,SP Part Period Balancing,SAP only,22349,56.20814923567287,0.04054368029739777,0.9748603351955307,1.0,7.645103697009396,11.995305164319248,21,17134.632628027466,639
2.0,2.0,WI Sliding Economic Lot Size,SAP only,22349,72.52728252144487,0.04228624535315985,0.9655172413793104,0.9999208961570871,11.622923510019138,10.852895148669797,19,26049.944160436506,639
2.0,2.0,DY Dynamic Planning Calculation,SAP only,22349,86.27052368194838,0.021723977695167287,0.9790575916230366,1.0,15.909974356593658,7.42566510172144,13,35658.32152521488,639
2.0,2.0,GR Groff Reorder Procedure,SAP only,22349,52.21978956681049,0.06424256505576208,0.9534482758620689,0.9999374379707576,3.304827774560646,21.134585289514867,37,7406.964255847771,639
1.0,1.0,Per period 7d,Both,22107,75.02541236091035,0.05494888475836431,0.7134238310708899,0.9998097339636581,11.443604269643574,27.98904538341158,49,12665.700682309705,639
1.0,1.0,Per period 14d,Both,22107,63.4564133532852,0.036942379182156135,0.8091603053435115,1.0,14.271372352387168,17.70735524256651,31,15795.4544985988,639
1.0,1.0,Per period 28d,Both,22107,66.73626820831359,0.028694237918215612,0.9080882352941176,1.0,20.550350979997173,11.424100156494523,20,22744.98386137928,639
1.0,1.0,Per period 56d,Both,22107,112.54415586029613,0.01486988847583643,0.9696969696969697,1.0,45.96899106836362,4.569640062597809,8,50878.15585201079,639
1.0,1.0,SP Part Period Balancing,SAP only,22107,57.753898634441214,0.03345724907063197,0.935064935064935,1.0,17.040432394628656,10.852895148669797,19,18860.230668761393,639
1.0,1.0,WI Sliding Economic Lot Size,SAP only,22107,59.7534741292581,0.0362453531598513,0.9629629629629629,1.0,18.799081155867626,9.710485133020343,17,20806.690742905612,639
1.0,1.0,DY Dynamic Planning Calculation,SAP only,22107,73.55617485256525,0.01428903345724907,0.9761904761904762,1.0,28.825630581404354,4.569640062597809,8,31904.00509491509,639
1.0,1.0,GR Groff Reorder Procedure,SAP only,22107,62.32490668859287,0.047513940520446094,0.9149888143176734,0.9994912660992585,12.894421142487609,18.849765258215964,33,14271.45458844853,639
0.5,0.5,Per period 7d,Both,22107,75.02541236091035,0.05494888475836431,0.7134238310708899,0.9998097339636581,11.443604269643574,27.98904538341158,49,12665.700682309705,639
0.5,0.5,Per period 14d,Both,22107,63.4564133532852,0.036942379182156135,0.8091603053435115,1.0,14.271372352387168,17.70735524256651,31,15795.4544985988,639
0.5,0.5,Per period 28d,Both,22107,66.73626820831359,0.028694237918215612,0.9080882352941176,1.0,20.550350979997173,11.424100156494523,20,22744.98386137928,639
0.5,0.5,Per period 56d,Both,22107,112.54415586029613,0.01486988847583643,0.9696969696969697,1.0,45.96899106836362,4.569640062597809,8,50878.15585201079,639
0.5,0.5,SP Part Period Balancing,SAP only,22107,56.605605364356634,0.04402881040892193,0.9427860696517413,1.0,14.336973400747812,13.708920187793428,24,15868.06127732023,639
0.5,0.5,WI Sliding Economic Lot Size,SAP only,22107,72.9797188133965,0.04716542750929368,0.9508196721311475,1.0,21.53681607676628,13.708920187793428,24,23836.7964891863,639
0.5,0.5,DY Dynamic Planning Calculation,SAP only,22107,58.99757501689899,0.026719330855018587,0.9745762711864406,1.0,19.34612333265397,8.568075117370892,15,21412.153174890846,639
0.5,0.5,GR Groff Reorder Procedure,SAP only,22107,62.569751306267385,0.055297397769516726,0.870201096892139,0.999038066557952,11.682954924028484,20.56338028169014,36,12930.612302383463,639
2.0,2.0,Per period 7d,Both,22107,75.02541236091035,0.05494888475836431,0.7134238310708899,0.9998097339636581,11.443604269643574,27.98904538341158,49,12665.700682309705,639
2.0,2.0,Per period 14d,Both,22107,63.4564133532852,0.036942379182156135,0.8091603053435115,1.0,14.271372352387168,17.70735524256651,31,15795.4544985988,639
2.0,2.0,Per period 28d,Both,22107,66.73626820831359,0.028694237918215612,0.9080882352941176,1.0,20.550350979997173,11.424100156494523,20,22744.98386137928,639
2.0,2.0,Per period 56d,Both,22107,112.54415586029613,0.01486988847583643,0.9696969696969697,1.0,45.96899106836362,4.569640062597809,8,50878.15585201079,639
2.0,2.0,SP Part Period Balancing,SAP only,22107,59.932954118017406,0.023350371747211895,0.95260663507109,1.0,20.636835516144085,7.42566510172144,13,22840.70433743514,639
2.0,2.0,WI Sliding Economic Lot Size,SAP only,22107,81.753234143305,0.025557620817843865,0.9691629955947136,1.0,30.67111471642601,6.854460093896714,12,33946.57394974177,639
2.0,2.0,DY Dynamic Planning Calculation,SAP only,22107,91.97276599516763,0.01092007434944238,0.9690721649484536,1.0,37.36327764036669,3.998435054773083,7,41353.41278431492,639
2.0,2.0,GR Groff Reorder Procedure,SAP only,22107,59.013225157678676,0.0412407063197026,0.9366754617414248,1.0,14.516207433337339,14.85133020344288,26,16066.436243403623,639
1.0,1.0,Per period 7d,Both,22274,93.08139065156902,0.11663568773234201,0.8838028169014085,1.0,2.441103760630341,45.69640062597809,80,8092.724725123206,639
1.0,1.0,Per period 14d,Both,22274,76.46482979920805,0.07690520446096655,0.9457142857142857,1.0,5.498399118640541,26.84663536776213,47,18228.24216391684,639
1.0,1.0,Per period 28d,Both,22274,84.91582800253394,0.04530669144981413,0.9774436090225563,1.0,11.92726157765754,11.995305164319248,21,39541.14783207608,639
1.0,1.0,Per period 56d,Both,22274,141.94203938995736,0.026719330855018587,1.0,0.9999496188797166,24.434948339463606,6.283255086071987,11,81006.51589378716,639
1.0,1.0,SP Part Period Balancing,SAP only,22274,64.26363893498647,0.07760223048327138,0.9794721407624634,1.0,5.4608551152285765,19.992175273865413,35,18103.77662927129,639
1.0,1.0,WI Sliding Economic Lot Size,SAP only,22274,81.1787328913543,0.07527881040892194,0.9759036144578314,0.999995276278642,9.177188649260378,18.278560250391237,32,30424.131364990368,639
1.0,1.0,DY Dynamic Planning Calculation,SAP only,22274,79.15995689037584,0.034967472118959106,0.9933993399339934,0.9999817022750216,11.599600422262165,9.710485133020343,17,38454.88858472403,639
1.0,1.0,GR Groff Reorder Procedure,SAP only,22274,66.9493215357482,0.09804832713754646,0.9757225433526011,0.9998842841479987,2.9762851532721064,29.131455399061032,51,9866.953153471337,639
0.5,0.5,Per period 7d,Both,22274,93.08139065156902,0.11663568773234201,0.8838028169014085,1.0,2.441103760630341,45.69640062597809,80,8092.724725123206,639
0.5,0.5,Per period 14d,Both,22274,76.46482979920805,0.07690520446096655,0.9457142857142857,1.0,5.498399118640541,26.84663536776213,47,18228.24216391684,639
0.5,0.5,Per period 28d,Both,22274,84.91582800253394,0.04530669144981413,0.9774436090225563,1.0,11.92726157765754,11.995305164319248,21,39541.14783207608,639
0.5,0.5,Per period 56d,Both,22274,141.94203938995736,0.026719330855018587,1.0,0.9999496188797166,24.434948339463606,6.283255086071987,11,81006.51589378716,639
0.5,0.5,SP Part Period Balancing,SAP only,22274,68.39777315900332,0.09921003717472118,0.9748858447488584,1.0,3.4331879875692137,28.560250391236305,50,11381.673225485105,639
0.5,0.5,WI Sliding Economic Lot Size,SAP only,22274,76.22524501639327,0.09967472118959107,0.9705882352941176,0.999995276278642,5.826908244421161,25.704225352112676,45,19317.312594887357,639
0.5,0.5,DY Dynamic Planning Calculation,SAP only,22274,66.0143276714345,0.05436802973977695,0.9915254237288136,0.9999817022750216,7.093811407997548,15.993740219092333,28,23517.338305209472,639
0.5,0.5,GR Groff Reorder Procedure,SAP only,22274,76.86975167088721,0.11547397769516729,0.9594594594594594,1.0,2.028392270185594,37.69953051643193,66,6724.50738961666,639
2.0,2.0,Per period 7d,Both,22274,93.08139065156902,0.11663568773234201,0.8838028169014085,1.0,2.441103760630341,45.69640062597809,80,8092.724725123206,639
2.0,2.0,Per period 14d,Both,22274,76.46482979920805,0.07690520446096655,0.9457142857142857,1.0,5.498399118640541,26.84663536776213,47,18228.24216391684,639
2.0,2.0,Per period 28d,Both,22274,84.91582800253394,0.04530669144981413,0.9774436090225563,1.0,11.92726157765754,11.995305164319248,21,39541.14783207608,639
2.0,2.0,Per period 56d,Both,22274,141.94203938995736,0.026719330855018587,1.0,0.9999496188797166,24.434948339463606,6.283255086071987,11,81006.51589378716,639
2.0,2.0,SP Part Period Balancing,SAP only,22274,66.49860817653536,0.056342936802973975,0.9857723577235772,1.0,7.744009117907885,14.280125195618153,25,25672.86777022949,639
2.0,2.0,WI Sliding Economic Lot Size,SAP only,22274,81.31893178841844,0.06052509293680297,0.9756554307116105,1.0,10.882830999896576,13.137715179968701,23,36078.661191140214,639
2.0,2.0,DY Dynamic Planning Calculation,SAP only,22274,103.09785426911544,0.024395910780669144,0.9905660377358491,1.0,16.999669267962705,6.854460093896714,12,56357.14713258836,639
2.0,2.0,GR Groff Reorder Procedure,SAP only,22274,63.714514600345055,0.07074814126394052,0.9759615384615384,1.0,4.6119480825855135,22.27699530516432,39,15289.487845976179,639
1.0,1.0,Per period 7d,Both,47590B,124.61957422882011,0.12604553903345725,0.924190800681431,0.9999955909719147,2.7832615171315886,47.41001564945227,83,13936.829902311325,639
1.0,1.0,Per period 14d,Both,47590B,150.69454825692998,0.08224907063197026,0.976551724137931,1.0,7.068202262636659,25.704225352112676,45,35393.12854475178,639
1.0,1.0,Per period 28d,Both,47590B,243.85567730899072,0.048327137546468404,0.9696969696969697,1.0,14.769471309691776,13.137715179968701,23,73956.25891539597,639
1.0,1.0,Per period 56d,Both,47590B,454.55437317036683,0.025906133828996283,0.9955357142857143,1.0,29.59531852275494,6.854460093896714,12,148194.81303411367,639
1.0,1.0,SP Part Period Balancing,SAP only,47590B,102.32952711768164,0.12070167286245354,0.9867046533713201,1.0,2.897612664635174,33.701095461658845,59,14509.428805462201,639
1.0,1.0,WI Sliding Economic Lot Size,SAP only,47590B,139.2922779949452,0.13301579925650558,0.9819897084048027,1.0,5.436328294454738,33.129890453834115,58,27221.726117573402,639
1.0,1.0,DY Dynamic Planning Calculation,SAP only,47590B,111.18664567091761,0.06865706319702602,0.9817275747508306,0.9999302666238374,4.961147243980235,21.134585289514867,37,24842.3171283348,639
1.0,1.0,GR Groff Reorder Procedure,SAP only,47590B,99.13039120009341,0.12964684014869887,0.9653979238754326,1.0,1.881187800207264,40.55555555555556,71,9419.809897278985,639
0.5,0.5,Per period 7d,Both,47590B,124.61957422882011,0.12604553903345725,0.924190800681431,0.9999955909719147,2.7832615171315886,47.41001564945227,83,13936.829902311325,639
0.5,0.5,Per period 14d,Both,47590B,150.69454825692998,0.08224907063197026,0.976551724137931,1.0,7.068202262636659,25.704225352112676,45,35393.12854475178,639
0.5,0.5,Per period 28d,Both,47590B,243.85567730899072,0.048327137546468404,0.9696969696969697,1.0,14.769471309691776,13.137715179968701,23,73956.25891539597,639
0.5,0.5,Per period 56d,Both,47590B,454.55437317036683,0.025906133828996283,0.9955357142857143,1.0,29.59531852275494,6.854460093896714,12,148194.81303411367,639
0.5,0.5,SP Part Period Balancing,SAP only,47590B,103.71135286090944,0.15985130111524162,0.9779673063255153,1.0,1.6525435141621982,45.12519561815336,79,8274.90256351555,639
0.5,0.5,WI Sliding Economic Lot Size,SAP only,47590B,140.50287949939178,0.1699581784386617,0.9759839893262174,1.0,4.313556435435998,43.41158059467919,76,21599.588089245877,639
0.5,0.5,DY Dynamic Planning Calculation,SAP only,47590B,98.0428939697265,0.08805762081784387,0.979328165374677,0.9999302666238374,3.012192117029552,30.273865414710485,53,15083.17091646805,639
0.5,0.5,GR Groff Reorder Procedure,SAP only,47590B,111.053931404975,0.15961895910780668,0.950207468879668,1.0,1.1404621953676908,53.69327073552426,94,5710.720149372362,639
2.0,2.0,Per period 7d,Both,47590B,124.61957422882011,0.12604553903345725,0.924190800681431,0.9999955909719147,2.7832615171315886,47.41001564945227,83,13936.829902311325,639
2.0,2.0,Per period 14d,Both,47590B,150.69454825692998,0.08224907063197026,0.976551724137931,1.0,7.068202262636659,25.704225352112676,45,35393.12854475178,639
2.0,2.0,Per period 28d,Both,47590B,243.85567730899072,0.048327137546468404,0.9696969696969697,1.0,14.769471309691776,13.137715179968701,23,73956.25891539597,639
2.0,2.0,Per period 56d,Both,47590B,454.55437317036683,0.025906133828996283,0.9955357142857143,1.0,29.59531852275494,6.854460093896714,12,148194.81303411367,639
2.0,2.0,SP Part Period Balancing,SAP only,47590B,106.57996137698535,0.08898698884758365,0.9807938540332907,1.0,4.251837339526111,24.561815336463223,43,21290.537525320782,639
2.0,2.0,WI Sliding Economic Lot Size,SAP only,47590B,152.22748919842272,0.09769981412639406,0.9905771495877503,1.0,7.438211372156931,23.419405320813773,41,37245.90234626082,639
2.0,2.0,DY Dynamic Planning Calculation,SAP only,47590B,134.48557376323276,0.05262546468401487,0.9912472647702407,0.9999800334789415,7.1211011904021815,15.993740219092333,28,35658.013232642166,639
2.0,2.0,GR Groff Reorder Procedure,SAP only,47590B,100.89159051600717,0.10141728624535316,0.9689234184239733,1.0,2.7345784373424675,34.27230046948357,60,13693.055539763865,639
1.0,1.0,Per period 7d,Both,23184,60.9537461058062,0.052393122676579924,0.8673076923076923,1.0,10.710221552174106,22.27699530516432,39,8094.057907696223,639
1.0,1.0,Per period 14d,Both,23184,53.750425542155824,0.03531598513011153,0.9382716049382716,1.0,15.489570221565106,12.566510172143975,22,11705.964972613005,639
1.0,1.0,Per period 28d,Both,23184,59.320783360471665,0.02032992565055762,0.9615384615384616,1.0,23.57348458304286,6.283255086071987,11,17815.238309668843,639
1.0,1.0,Per period 56d,Both,23184,86.4302532184194,0.010571561338289962,0.9891304347826086,1.0,39.72606992973527,2.856025039123631,5,30022.26507547785,639
1.0,1.0,SP Part Period Balancing,SAP only,23184,48.931481914322575,0.03612918215613383,0.9598765432098766,1.0,14.602191404705366,10.852895148669797,19,11035.34434214923,639
1.0,1.0,WI Sliding Economic Lot Size,SAP only,23184,52.43152416209879,0.03880111524163569,0.9794721407624634,1.0,17.2854086896325,9.710485133020343,17,13063.13769612733,639
1.0,1.0,DY Dynamic Planning Calculation,SAP only,23184,57.086162054083,0.017774163568773236,0.9935064935064936,1.0,22.971169713374213,5.712050078247262,10,17360.049646202315,639
1.0,1.0,GR Groff Reorder Procedure,SAP only,23184,52.004337224803265,0.045771375464684017,0.9680589680589681,1.0,12.198464451225961,15.422535211267606,27,9218.770795003224,639
0.5,0.5,Per period 7d,Both,23184,60.9537461058062,0.052393122676579924,0.8673076923076923,1.0,10.710221552174106,22.27699530516432,39,8094.057907696223,639
0.5,0.5,Per period 14d,Both,23184,53.750425542155824,0.03531598513011153,0.9382716049382716,1.0,15.489570221565106,12.566510172143975,22,11705.964972613005,639
0.5,0.5,Per period 28d,Both,23184,59.320783360471665,0.02032992565055762,0.9615384615384616,1.0,23.57348458304286,6.283255086071987,11,17815.238309668843,639
0.5,0.5,Per period 56d,Both,23184,86.4302532184194,0.010571561338289962,0.9891304347826086,1.0,39.72606992973527,2.856025039123631,5,30022.26507547785,639
0.5,0.5,SP Part Period Balancing,SAP only,23184,53.35318232781391,0.050302044609665426,0.9774266365688488,1.0,12.85650385020527,15.422535211267606,27,9716.072272375834,639
0.5,0.5,WI Sliding Economic Lot Size,SAP only,23184,54.77077746447428,0.046816914498141265,0.9805352798053528,1.0,15.987352927830766,12.566510172143975,22,12082.155327811222,639
0.5,0.5,DY Dynamic Planning Calculation,SAP only,23184,49.47088794863997,0.027881040892193308,0.9876543209876543,1.0,16.328904586498776,9.139280125195619,16,12340.276869953119,639
0.5,0.5,GR Groff Reorder Procedure,SAP only,23184,54.92191439095927,0.04937267657992565,0.9139784946236559,1.0,10.69469232464487,18.849765258215964,33,8082.321972424379,639
2.0,2.0,Per period 7d,Both,23184,60.9537461058062,0.052393122676579924,0.8673076923076923,1.0,10.710221552174106,22.27699530516432,39,8094.057907696223,639
2.0,2.0,Per period 14d,Both,23184,53.750425542155824,0.03531598513011153,0.9382716049382716,1.0,15.489570221565106,12.566510172143975,22,11705.964972613005,639
2.0,2.0,Per period 28d,Both,23184,59.320783360471665,0.02032992565055762,0.9615384615384616,1.0,23.57348458304286,6.283255086071987,11,17815.238309668843,639
2.0,2.0,Per period 56d,Both,23184,86.4302532184194,0.010571561338289962,0.9891304347826086,1.0,39.72606992973527,2.856025039123631,5,30022.26507547785,639
2.0,2.0,SP Part Period Balancing,SAP only,23184,50.15325330914138,0.026022304832713755,0.9696969696969697,1.0,17.63750709817898,7.996870109546166,14,13329.229755390506,639
2.0,2.0,WI Sliding Economic Lot Size,SAP only,23184,58.61168867215225,0.027764869888475836,0.9835390946502057,1.0,21.76398812269221,7.996870109546166,14,16447.74380336926,639
2.0,2.0,DY Dynamic Planning Calculation,SAP only,23184,73.7553557446579,0.011965613382899629,0.9716981132075472,1.0,32.5668633669037,3.998435054773083,7,24611.823077575893,639
2.0,2.0,GR Groff Reorder Procedure,SAP only,23184,49.087405309554725,0.0362453531598513,0.9719626168224299,1.0,13.70255136600504,11.995305164319248,21,10355.457513118661,639
1.0,1.0,Per period 7d,Both,23174,97.97425787886114,0.04553903345724907,0.9311163895486936,1.0,11.641292856492404,15.993740219092333,28,30771.812199740136,639
1.0,1.0,Per period 14d,Both,23174,114.97083557959704,0.03357342007434944,0.996551724137931,1.0,16.298953685965365,9.710485133020343,17,43083.56022476255,639
1.0,1.0,Per period 28d,Both,23174,139.95747219852151,0.0170771375464684,1.0,1.0,21.953152845505322,4.569640062597809,8,58029.49078609681,639
1.0,1.0,Per period 56d,Both,23174,244.39773823209842,0.010455390334572491,0.989010989010989,1.0,39.827491772280354,2.856025039123631,5,105277.31862013966,639
1.0,1.0,SP Part Period Balancing,SAP only,23174,92.68057036084038,0.03775557620817844,0.975975975975976,1.0,11.592433425764396,13.137715179968701,23,30642.660459887637,639
1.0,1.0,WI Sliding Economic Lot Size,SAP only,23174,127.29816441296406,0.03891728624535316,0.9824046920821115,0.9999148774811908,18.349794229868593,9.710485133020343,17,48504.6144707613,639
1.0,1.0,DY Dynamic Planning Calculation,SAP only,23174,94.3644018872302,0.019865241635687734,0.9771428571428571,1.0,13.702583669826094,6.854460093896714,12,36220.48998655304,639
1.0,1.0,GR Groff Reorder Procedure,SAP only,23174,89.63933898510633,0.04321561338289963,0.9789473684210527,1.0,11.086477862068898,13.137715179968701,23,29305.25148140218,639
0.5,0.5,Per period 7d,Both,23174,97.97425787886114,0.04553903345724907,0.9311163895486936,1.0,11.641292856492404,15.993740219092333,28,30771.812199740136,639
0.5,0.5,Per period 14d,Both,23174,114.97083557959704,0.03357342007434944,0.996551724137931,1.0,16.298953685965365,9.710485133020343,17,43083.56022476255,639
0.5,0.5,Per period 28d,Both,23174,139.95747219852151,0.0170771375464684,1.0,1.0,21.953152845505322,4.569640062597809,8,58029.49078609681,639
0.5,0.5,Per period 56d,Both,23174,244.39773823209842,0.010455390334572491,0.989010989010989,1.0,39.827491772280354,2.856025039123631,5,105277.31862013966,639
0.5,0.5,SP Part Period Balancing,SAP only,23174,92.47923906359874,0.051696096654275096,0.978021978021978,1.0,10.893477416784526,15.422535211267606,27,28795.087058088604,639
0.5,0.5,WI Sliding Economic Lot Size,SAP only,23174,102.09294946492888,0.057736988847583645,0.9900398406374502,1.0,12.160135116246632,16.564945226917057,29,32143.285005661495,639
0.5,0.5,DY Dynamic Planning Calculation,SAP only,23174,90.34677160761386,0.030901486988847583,0.9743589743589743,1.0,11.869631602058345,10.852895148669797,19,31375.387514191636,639
0.5,0.5,GR Groff Reorder Procedure,SAP only,23174,93.30810381816835,0.05808550185873606,0.9784735812133072,1.0,10.532275712196771,17.136150234741784,30,27840.310715218606,639
2.0,2.0,Per period 7d,Both,23174,97.97425787886114,0.04553903345724907,0.9311163895486936,1.0,11.641292856492404,15.993740219092333,28,30771.812199740136,639
2.0,2.0,Per period 14d,Both,23174,114.97083557959704,0.03357342007434944,0.996551724137931,1.0,16.298953685965365,9.710485133020343,17,43083.56022476255,639
2.0,2.0,Per period 28d,Both,23174,139.95747219852151,0.0170771375464684,1.0,1.0,21.953152845505322,4.569640062597809,8,58029.49078609681,639
2.0,2.0,Per period 56d,Both,23174,244.39773823209842,0.010455390334572491,0.989010989010989,1.0,39.827491772280354,2.856025039123631,5,105277.31862013966,639
2.0,2.0,SP Part Period Balancing,SAP only,23174,95.4153852257968,0.032063197026022304,0.9787234042553191,1.0,13.045604076980679,9.710485133020343,17,34483.8742258022,639
2.0,2.0,WI Sliding Economic Lot Size,SAP only,23174,116.84240552898272,0.03241171003717472,0.9928825622775801,0.9999148774811908,16.77668346477308,9.139280125195619,16,44346.359057926136,639
2.0,2.0,DY Dynamic Planning Calculation,SAP only,23174,113.29123282531482,0.015566914498141264,0.9781021897810219,1.0,17.350448872011437,5.140845070422535,9,45863.01202559025,639
2.0,2.0,GR Groff Reorder Procedure,SAP only,23174,89.26279189662361,0.03403810408921933,0.9766666666666667,1.0,11.522929559649766,11.424100156494523,20,30458.93860514171,639
1.0,1.0,Per period 7d,Both,22894,71.65194599753218,0.05065055762081784,0.6866141732283465,1.0,7.07707340142625,29.131455399061032,51,3787.9197432659544,639
1.0,1.0,Per period 14d,Both,22894,58.27186739156049,0.03682620817843866,0.8149100257069408,1.0,10.0309750060185,16.564945226917057,29,5368.960601969638,639
1.0,1.0,Per period 28d,Both,22894,66.20326048842952,0.025557620817843865,0.9090909090909091,0.9993576243016772,17.203810212848406,9.139280125195619,16,9208.135717727024,639
1.0,1.0,Per period 56d,Both,22894,82.21830843320637,0.016496282527881042,0.922077922077922,1.0,24.747995649887677,5.712050078247262,10,13246.071647296647,639
1.0,1.0,SP Part Period Balancing,SAP only,22894,56.377995064076686,0.048327137546468404,0.9651972157772621,1.0,10.410026294002751,14.85133020344288,26,5571.843315772859,639
1.0,1.0,WI Sliding Economic Lot Size,SAP only,22894,58.45981809856385,0.04484200743494424,0.946078431372549,0.9999912624380465,12.151481294535,13.137715179968701,23,6503.936485414978,639
1.0,1.0,DY Dynamic Planning Calculation,SAP only,22894,62.139091159673605,0.020910780669144983,0.9278350515463918,0.9996955051354758,16.1537710903078,8.568075117370892,15,8646.11471019139,639
1.0,1.0,GR Groff Reorder Procedure,SAP only,22894,57.71343390409589,0.04937267657992565,0.8835758835758836,0.9991321223702369,7.440827394893756,20.56338028169014,36,3982.6147613040207,639
0.5,0.5,Per period 7d,Both,22894,71.65194599753218,0.05065055762081784,0.6866141732283465,1.0,7.07707340142625,29.131455399061032,51,3787.9197432659544,639
0.5,0.5,Per period 14d,Both,22894,58.27186739156049,0.03682620817843866,0.8149100257069408,1.0,10.0309750060185,16.564945226917057,29,5368.960601969638,639
0.5,0.5,Per period 28d,Both,22894,66.20326048842952,0.025557620817843865,0.9090909090909091,0.9993576243016772,17.203810212848406,9.139280125195619,16,9208.135717727024,639
0.5,0.5,Per period 56d,Both,22894,82.21830843320637,0.016496282527881042,0.922077922077922,1.0,24.747995649887677,5.712050078247262,10,13246.071647296647,639
0.5,0.5,SP Part Period Balancing,SAP only,22894,58.48220466651108,0.0575046468401487,0.9099264705882353,0.9995666571196946,8.046955287994232,19.992175273865413,35,4307.037539334948,639
0.5,0.5,WI Sliding Economic Lot Size,SAP only,22894,63.642320895575835,0.05320631970260223,0.8841698841698842,1.0,10.500606296082754,18.849765258215964,33,5620.3251893895385,639
0.5,0.5,DY Dynamic Planning Calculation,SAP only,22894,55.11128270979311,0.02846189591078067,0.8844765342960289,0.9996955051354758,11.003994721771557,13.137715179968701,23,5889.757883957028,639
0.5,0.5,GR Groff Reorder Procedure,SAP only,22894,65.18990218351976,0.061222118959107806,0.808282208588957,1.0,6.233372532201844,26.84663536776213,47,3336.3388427058853,639
2.0,2.0,Per period 7d,Both,22894,71.65194599753218,0.05065055762081784,0.6866141732283465,1.0,7.07707340142625,29.131455399061032,51,3787.9197432659544,639
2.0,2.0,Per period 14d,Both,22894,58.27186739156049,0.03682620817843866,0.8149100257069408,1.0,10.0309750060185,16.564945226917057,29,5368.960601969638,639
2.0,2.0,Per period 28d,Both,22894,66.20326048842952,0.025557620817843865,0.9090909090909091,0.9993576243016772,17.203810212848406,9.139280125195619,16,9208.135717727024,639
2.0,2.0,Per period 56d,Both,22894,82.21830843320637,0.016496282527881042,0.922077922077922,1.0,24.747995649887677,5.712050078247262,10,13246.071647296647,639
2.0,2.0,SP Part Period Balancing,SAP only,22894,55.861270191280525,0.032063197026022304,0.9583333333333334,1.0,13.317101528796087,9.710485133020343,17,7127.820914481101,639
2.0,2.0,WI Sliding Economic Lot Size,SAP only,22894,63.12875245324452,0.031482342007434945,0.928082191780822,0.9995131527496884,15.807545064607602,9.710485133020343,17,8460.801329363945,639
2.0,2.0,DY Dynamic Planning Calculation,SAP only,22894,94.32493784505071,0.015566914498141264,0.9640287769784173,1.0,29.582099506554282,4.569640062597809,8,15833.468499217845,639
2.0,2.0,GR Groff Reorder Procedure,SAP only,22894,56.59152161869983,0.04065985130111524,0.8951406649616368,0.9996701353341092,8.769782613772453,17.70735524256651,31,4693.922306947456,639
1.0,1.0,Per period 7d,Both,22972,60.55673031235402,0.06401022304832714,0.9291736930860034,1.0,8.666233229481934,26.84663536776213,47,14994.565345482475,639
1.0,1.0,Per period 14d,Both,22972,46.54289605696254,0.039962825278810406,0.9662921348314607,1.0,13.13218780168599,14.85133020344288,26,22721.68806300402,639
1.0,1.0,Per period 28d,Both,22972,48.367409582005216,0.02532527881040892,0.9864253393665159,1.0,21.330346406448164,8.568075117370892,15,36906.377264945164,639
1.0,1.0,Per period 56d,Both,22972,61.37653371393591,0.013475836431226766,0.9747899159663865,1.0,34.76057371638671,3.998435054773083,7,60143.74183511094,639
1.0,1.0,SP Part Period Balancing,SAP only,22972,43.085483445409096,0.03531598513011153,0.990228013029316,1.0,15.396811190713796,10.852895148669797,19,26640.004416891876,639
1.0,1.0,WI Sliding Economic Lot Size,SAP only,22972,43.60210375653044,0.03938197026022305,1.0,1.0,16.36632117091674,10.28169014084507,18,28317.478397374573,639
1.0,1.0,DY Dynamic Planning Calculation,SAP only,22972,53.1641104309624,0.017193308550185873,1.0,1.0,28.23221179066568,5.140845070422535,9,48848.182749397805,639
1.0,1.0,GR Groff Reorder Procedure,SAP only,22972,49.47224193620096,0.04902416356877323,0.9791183294663574,1.0,10.529994116758584,18.849765258215964,33,18219.297899131365,639
0.5,0.5,Per period 7d,Both,22972,60.55673031235402,0.06401022304832714,0.9291736930860034,1.0,8.666233229481934,26.84663536776213,47,14994.565345482475,639
0.5,0.5,Per period 14d,Both,22972,46.54289605696254,0.039962825278810406,0.9662921348314607,1.0,13.13218780168599,14.85133020344288,26,22721.68806300402,639
0.5,0.5,Per period 28d,Both,22972,48.367409582005216,0.02532527881040892,0.9864253393665159,1.0,21.330346406448164,8.568075117370892,15,36906.377264945164,639
0.5,0.5,Per period 56d,Both,22972,61.37653371393591,0.013475836431226766,0.9747899159663865,1.0,34.76057371638671,3.998435054773083,7,60143.74183511094,639
0.5,0.5,SP Part Period Balancing,SAP only,22972,42.871031764096,0.04716542750929368,0.9854368932038835,1.0,11.424180148955337,14.280125195618153,25,19766.44422392436,639
0.5,0.5,WI Sliding Economic Lot Size,SAP only,22972,46.85866548076724,0.04704925650557621,0.9878048780487805,1.0,14.61255935662546,13.708920187793428,24,25283.069395394075,639
0.5,0.5,DY Dynamic Planning Calculation,SAP only,22972,42.627597002847935,0.02741635687732342,0.9874476987447699,1.0,17.66113168000622,8.568075117370892,15,30557.796684968165,639
0.5,0.5,GR Groff Reorder Procedure,SAP only,22972,52.184644543958306,0.05982806691449814,0.9809523809523809,1.0,9.067631727041098,21.705790297339593,38,15689.076541044793,639
2.0,2.0,Per period 7d,Both,22972,60.55673031235402,0.06401022304832714,0.9291736930860034,1.0,8.666233229481934,26.84663536776213,47,14994.565345482475,639
2.0,2.0,Per period 14d,Both,22972,46.54289605696254,0.039962825278810406,0.9662921348314607,1.0,13.13218780168599,14.85133020344288,26,22721.68806300402,639
2.0,2.0,Per period 28d,Both,22972,48.367409582005216,0.02532527881040892,0.9864253393665159,1.0,21.330346406448164,8.568075117370892,15,36906.377264945164,639
2.0,2.0,Per period 56d,Both,22972,61.37653371393591,0.013475836431226766,0.9747899159663865,1.0,34.76057371638671,3.998435054773083,7,60143.74183511094,639
2.0,2.0,SP Part Period Balancing,SAP only,22972,45.15774230899696,0.02753252788104089,0.9957983193277311,1.0,19.9178013822256,7.996870109546166,14,34462.35134176936,639
2.0,2.0,WI Sliding Economic Lot Size,SAP only,22972,49.84416826684369,0.027881040892193308,1.0,1.0,23.55288834327343,7.42566510172144,13,40751.88308302408,639
2.0,2.0,DY Dynamic Planning Calculation,SAP only,22972,66.41897272961606,0.010803903345724907,0.9893617021276596,1.0,38.62324447683444,3.427230046948357,6,66827.04559487836,639
2.0,2.0,GR Groff Reorder Procedure,SAP only,22972,43.43848151327056,0.038452602230483274,0.976401179941003,1.0,12.426183197541542,13.708920187793428,24,21500.138643465925,639
1.0,1.0,Per period 7d,Both,22694,97.7356026525855,0.08515334572490706,0.8553092182030338,1.0,6.992995515999504,35.41471048513302,62,31055.94040046121,639
1.0,1.0,Per period 14d,Both,22694,92.23666283522864,0.05994423791821561,0.9520295202952029,1.0,11.20047506820402,19.992175273865413,35,49741.38555918679,639
1.0,1.0,Per period 28d,Both,22694,108.57999372340635,0.03287639405204461,0.9860627177700348,1.0,17.921020996597306,9.710485133020343,17,79587.37549772217,639
1.0,1.0,Per period 56d,Both,22694,181.19047316600572,0.020910780669144983,1.0,1.0,33.49976276796041,5.712050078247262,10,148772.67310855258,639
1.0,1.0,SP Part Period Balancing,SAP only,22694,71.38951201763058,0.06563661710037175,0.9912280701754386,1.0,7.903705421692773,17.70735524256651,31,35100.40925341705,639
1.0,1.0,WI Sliding Economic Lot Size,SAP only,22694,82.11153826735423,0.06273234200743494,0.9836065573770492,1.0,10.393241512175043,16.564945226917057,29,46156.4558752007,639
1.0,1.0,DY Dynamic Planning Calculation,SAP only,22694,88.71082106089406,0.03125,0.9889705882352942,1.0,14.22856781195731,9.139280125195619,16,63189.16592196745,639
1.0,1.0,GR Groff Reorder Procedure,SAP only,22694,76.97755012862817,0.07330390334572491,0.9737654320987654,1.0,6.453280288011613,25.13302034428795,44,28659.0614213078,639
0.5,0.5,Per period 7d,Both,22694,97.7356026525855,0.08515334572490706,0.8553092182030338,1.0,6.992995515999504,35.41471048513302,62,31055.94040046121,639
0.5,0.5,Per period 14d,Both,22694,92.23666283522864,0.05994423791821561,0.9520295202952029,1.0,11.20047506820402,19.992175273865413,35,49741.38555918679,639
0.5,0.5,Per period 28d,Both,22694,108.57999372340635,0.03287639405204461,0.9860627177700348,1.0,17.921020996597306,9.710485133020343,17,79587.37549772217,639
0.5,0.5,Per period 56d,Both,22694,181.19047316600572,0.020910780669144983,1.0,1.0,33.49976276796041,5.712050078247262,10,148772.67310855258,639
0.5,0.5,SP Part Period Balancing,SAP only,22694,75.69231325635764,0.09142657992565056,0.9874529485570891,1.0,6.397463119117693,24.561815336463223,43,28411.17699659652,639
0.5,0.5,WI Sliding Economic Lot Size,SAP only,22694,81.0543059246442,0.08910315985130111,0.9820742637644047,1.0,8.033796996081646,22.848200312989047,40,35678.1468154646,639
0.5,0.5,DY Dynamic Planning Calculation,SAP only,22694,74.69391398887441,0.0412407063197026,1.0,1.0,10.115830765274872,13.137715179968701,23,44924.47287128372,639
0.5,0.5,GR Groff Reorder Procedure,SAP only,22694,80.84369138791595,0.09409851301115242,0.965435041716329,1.0,5.448650493389197,30.273865414710485,53,24197.493706165056,639
2.0,2.0,Per period 7d,Both,22694,97.7356026525855,0.08515334572490706,0.8553092182030338,1.0,6.992995515999504,35.41471048513302,62,31055.94040046121,639
2.0,2.0,Per period 14d,Both,22694,92.23666283522864,0.05994423791821561,0.9520295202952029,1.0,11.20047506820402,19.992175273865413,35,49741.38555918679,639
2.0,2.0,Per period 28d,Both,22694,108.57999372340635,0.03287639405204461,0.9860627177700348,1.0,17.921020996597306,9.710485133020343,17,79587.37549772217,639
2.0,2.0,Per period 56d,Both,22694,181.19047316600572,0.020910780669144983,1.0,1.0,33.49976276796041,5.712050078247262,10,148772.67310855258,639
2.0,2.0,SP Part Period Balancing,SAP only,22694,74.98448839219515,0.045887546468401486,0.9850374064837906,1.0,10.368379493869845,12.566510172143975,22,46046.0434836934,639
2.0,2.0,WI Sliding Economic Lot Size,SAP only,22694,88.62197862493386,0.046352230483271376,0.9876237623762376,1.0,13.428434200156323,11.424100156494523,20,59635.767138335366,639
2.0,2.0,DY Dynamic Planning Calculation,SAP only,22694,122.95137899882057,0.020097583643122675,0.9942528735632183,1.0,22.103124845652072,5.712050078247262,10,98160.12698707025,639
2.0,2.0,GR Groff Reorder Procedure,SAP only,22694,74.11853085263107,0.05936338289962825,0.9826923076923076,1.0,8.242052058176945,18.278560250391237,32,36603.00895526272,639
1.0,1.0,Per period 7d,Both,85199S,103.98696416794442,0.07214219330855019,0.9013062409288825,0.9999976290081143,44.88676330308908,27.98904538341158,49,238931.45144404424,639
1.0,1.0,Per period 14d,Both,85199S,86.2776696993005,0.050766728624535316,0.9732739420935412,1.0,46.75670390699315,16.564945226917057,29,248885.1123838653,639
1.0,1.0,Per period 28d,Both,85199S,79.05293044598264,0.029623605947955392,0.9845559845559846,1.0,51.47114424885633,9.139280125195619,16,273979.9953902817,639
1.0,1.0,Per period 56d,Both,85199S,86.50161707688822,0.018355018587360595,1.0,1.0,64.0821612533068,4.569640062597809,8,341108.2170602881,639
1.0,1.0,SP Part Period Balancing,SAP only,85199S,78.28900937044365,0.025906133828996283,0.9911111111111112,1.0,54.92912515201616,6.283255086071987,11,292386.7669072849,639
1.0,1.0,WI Sliding Economic Lot Size,SAP only,85199S,84.5548778535476,0.025557620817843865,1.0,1.0,60.04405665887928,6.283255086071987,11,319613.45733981987,639
1.0,1.0,DY Dynamic Planning Calculation,SAP only,85199S,101.11705816369471,0.012197955390334572,1.0,1.0,77.6456191114638,3.427230046948357,6,413306.26463986386,639
1.0,1.0,GR Groff Reorder Procedure,SAP only,85199S,78.1170791513948,0.035432156133828996,0.9651898734177216,1.0,46.625611201264924,11.995305164319248,21,248187.30821737027,639
0.5,0.5,Per period 7d,Both,85199S,103.98696416794442,0.07214219330855019,0.9013062409288825,0.9999976290081143,44.88676330308908,27.98904538341158,49,238931.45144404424,639
0.5,0.5,Per period 14d,Both,85199S,86.2776696993005,0.050766728624535316,0.9732739420935412,1.0,46.75670390699315,16.564945226917057,29,248885.1123838653,639
0.5,0.5,Per period 28d,Both,85199S,79.05293044598264,0.029623605947955392,0.9845559845559846,1.0,51.47114424885633,9.139280125195619,16,273979.9953902817,639
0.5,0.5,Per period 56d,Both,85199S,86.50161707688822,0.018355018587360595,1.0,1.0,64.0821612533068,4.569640062597809,8,341108.2170602881,639
0.5,0.5,SP Part Period Balancing,SAP only,85199S,79.10513689836638,0.037058550185873604,0.9906832298136646,1.0,49.88112833766507,10.28169014084507,18,265516.36866552057,639
0.5,0.5,WI Sliding Economic Lot Size,SAP only,85199S,82.11692695304698,0.032063197026022304,0.9857142857142858,1.0,54.78865144419851,8.568075117370892,15,291639.02783169225,639
0.5,0.5,DY Dynamic Planning Calculation,SAP only,85199S,85.85453447772248,0.016728624535315983,1.0,1.0,63.553937084073,4.569640062597809,8,338296.4890996274,639
0.5,0.5,GR Groff Reorder Procedure,SAP only,85199S,80.04587126954621,0.04356412639405204,0.9765625,1.0,45.75116658755461,13.708920187793428,24,243532.65492124247,639
2.0,2.0,Per period 7d,Both,85199S,103.98696416794442,0.07214219330855019,0.9013062409288825,0.9999976290081143,44.88676330308908,27.98904538341158,49,238931.45144404424,639
2.0,2.0,Per period 14d,Both,85199S,86.2776696993005,0.050766728624535316,0.9732739420935412,1.0,46.75670390699315,16.564945226917057,29,248885.1123838653,639
2.0,2.0,Per period 28d,Both,85199S,79.05293044598264,0.029623605947955392,0.9845559845559846,1.0,51.47114424885633,9.139280125195619,16,273979.9953902817,639
2.0,2.0,Per period 56d,Both,85199S,86.50161707688822,0.018355018587360595,1.0,1.0,64.0821612533068,4.569640062597809,8,341108.2170602881,639
2.0,2.0,SP Part Period Balancing,SAP only,85199S,78.03184495344534,0.019052044609665426,0.9939393939393939,1.0,55.53551405694768,5.712050078247262,10,295614.56438104226,639
2.0,2.0,WI Sliding Economic Lot Size,SAP only,85199S,78.4930513270632,0.01963289962825279,1.0,1.0,56.72832085437743,5.140845070422535,9,301963.8539806913,639
2.0,2.0,DY Dynamic Planning Calculation,SAP only,85199S,117.96489593317465,0.007551115241635688,1.0,1.0,93.03141910125245,2.2848200312989047,4,495204.6073286755,639
2.0,2.0,GR Groff Reorder Procedure,SAP only,85199S,75.83353043068021,0.029855947955390334,0.9846743295019157,1.0,48.026778613585606,9.710485133020343,17,255645.6977047414,639
1.0,1.0,Per period 7d,Both,22361,88.54225099168261,0.10525092936802974,0.824385805277525,1.0,2.7419549793614477,46.267605633802816,81,4665.968833837547,639
1.0,1.0,Per period 14d,Both,22361,63.86620023760121,0.07144516728624535,0.9192825112107623,1.0,7.222277105674778,25.13302034428795,44,12290.106926651595,639
1.0,1.0,Per period 28d,Both,22361,62.40708761006525,0.04519052044609666,0.970074812967581,1.0,14.689834002619868,12.566510172143975,22,24997.605046904766,639
1.0,1.0,Per period 56d,Both,22361,102.98775769108751,0.024860594795539034,0.9907407407407407,1.0,33.441778922435745,6.283255086071987,11,56907.68060550328,639
1.0,1.0,SP Part Period Balancing,SAP only,22361,50.14722440610924,0.056342936802973975,0.9719438877755511,0.9999193392070461,8.415080231182912,15.422535211267606,27,14319.893064796392,639
1.0,1.0,WI Sliding Economic Lot Size,SAP only,22361,65.06721185114468,0.0604089219330855,0.9737827715355806,1.0,14.92981951249232,13.708920187793428,24,25405.986992657297,639
1.0,1.0,DY Dynamic Planning Calculation,SAP only,22361,68.15289902047752,0.028694237918215612,0.988,1.0,19.323522420218552,8.568075117370892,15,32882.725665210666,639
1.0,1.0,GR Groff Reorder Procedure,SAP only,22361,56.16345588589821,0.0779507434944238,0.9517730496453901,0.9999458059418027,4.4219754114999885,25.13302034428795,44,7524.849827716689,639
0.5,0.5,Per period 7d,Both,22361,88.54225099168261,0.10525092936802974,0.824385805277525,1.0,2.7419549793614477,46.267605633802816,81,4665.968833837547,639
0.5,0.5,Per period 14d,Both,22361,63.86620023760121,0.07144516728624535,0.9192825112107623,1.0,7.222277105674778,25.13302034428795,44,12290.106926651595,639
0.5,0.5,Per period 28d,Both,22361,62.40708761006525,0.04519052044609666,0.970074812967581,1.0,14.689834002619868,12.566510172143975,22,24997.605046904766,639
0.5,0.5,Per period 56d,Both,22361,102.98775769108751,0.024860594795539034,0.9907407407407407,1.0,33.441778922435745,6.283255086071987,11,56907.68060550328,639
0.5,0.5,SP Part Period Balancing,SAP only,22361,52.12481605754996,0.07214219330855019,0.9539170506912442,1.0,5.498565978069252,21.134585289514867,37,9356.877730518194,639
0.5,0.5,WI Sliding Economic Lot Size,SAP only,22361,60.37277833656786,0.07214219330855019,0.9568567026194145,1.0,9.224171401469873,19.992175273865413,35,15696.71880143605,639
0.5,0.5,DY Dynamic Planning Calculation,SAP only,22361,55.71969621184761,0.04054368029739777,0.9886685552407932,1.0,11.895113812866445,13.137715179968701,23,20241.84596156674,639
0.5,0.5,GR Groff Reorder Procedure,SAP only,22361,64.88774131371633,0.09282063197026022,0.94,0.9999671537035341,3.2311025683572825,31.987480438184665,56,5498.348439841458,639
2.0,2.0,Per period 7d,Both,22361,88.54225099168261,0.10525092936802974,0.824385805277525,1.0,2.7419549793614477,46.267605633802816,81,4665.968833837547,639
2.0,2.0,Per period 14d,Both,22361,63.86620023760121,0.07144516728624535,0.9192825112107623,1.0,7.222277105674778,25.13302034428795,44,12290.106926651595,639
2.0,2.0,Per period 28d,Both,22361,62.40708761006525,0.04519052044609666,0.970074812967581,1.0,14.689834002619868,12.566510172143975,22,24997.605046904766,639
2.0,2.0,Per period 56d,Both,22361,102.98775769108751,0.024860594795539034,0.9907407407407407,1.0,33.441778922435745,6.283255086071987,11,56907.68060550328,639
2.0,2.0,SP Part Period Balancing,SAP only,22361,55.00294308094684,0.03856877323420074,0.967930029154519,0.9999193392070461,13.088724992224865,10.852895148669797,19,22273.007160246772,639
2.0,2.0,WI Sliding Economic Lot Size,SAP only,22361,62.584873948954474,0.047397769516728624,0.9878934624697336,1.0,16.20865140438204,10.28169014084507,18,27582.167781980304,639
2.0,2.0,DY Dynamic Planning Calculation,SAP only,22361,102.80271939591302,0.021143122676579924,0.9837837837837838,1.0,33.73805496880433,5.712050078247262,10,57411.851829675,639
2.0,2.0,GR Groff Reorder Procedure,SAP only,22361,51.33201386184264,0.05715613382899628,0.9516441005802708,0.9999458059418027,7.028075799654399,18.278560250391237,32,11959.635694190783,639
1.0,1.0,Per period 7d,Both,23177,66.66116185597822,0.05367100371747212,0.8988326848249028,1.0,10.975747969700198,21.134585289514867,37,24058.497949849,639
1.0,1.0,Per period 14d,Both,23177,59.688826012896136,0.034502788104089216,0.9642857142857143,1.0,15.056399397602117,10.852895148669797,19,33003.158877126865,639
1.0,1.0,Per period 28d,Both,23177,78.64396881523315,0.017890334572490705,0.9871794871794872,1.0,25.400856008750953,5.712050078247262,10,55677.88581680022,639
1.0,1.0,Per period 56d,Both,23177,109.85418927473134,0.011965613382899629,1.0,1.0,38.429964834545075,3.427230046948357,6,84237.28685617098,639
1.0,1.0,SP Part Period Balancing,SAP only,23177,49.894245454518234,0.032992565055762084,0.9861111111111112,1.0,12.17211077284489,9.710485133020343,17,26680.8879797759,639
1.0,1.0,WI Sliding Economic Lot Size,SAP only,23177,64.06890238755342,0.03554832713754647,0.9683544303797469,1.0,17.787305849570757,9.139280125195619,16,38989.22082546,639
1.0,1.0,DY Dynamic Planning Calculation,SAP only,23177,57.66852532783285,0.01742565055762082,0.9868421052631579,1.0,17.63915124518675,5.712050078247262,10,38664.47054368665,639
1.0,1.0,GR Groff Reorder Procedure,SAP only,23177,50.28983704463286,0.038452602230483274,0.9821958456973294,1.0,10.098268401974572,13.137715179968701,23,22135.09004731332,639
0.5,0.5,Per period 7d,Both,23177,66.66116185597822,0.05367100371747212,0.8988326848249028,1.0,10.975747969700198,21.134585289514867,37,24058.497949849,639
0.5,0.5,Per period 14d,Both,23177,59.688826012896136,0.034502788104089216,0.9642857142857143,1.0,15.056399397602117,10.852895148669797,19,33003.158877126865,639
0.5,0.5,Per period 28d,Both,23177,78.64396881523315,0.017890334572490705,0.9871794871794872,1.0,25.400856008750953,5.712050078247262,10,55677.88581680022,639
0.5,0.5,Per period 56d,Both,23177,109.85418927473134,0.011965613382899629,1.0,1.0,38.429964834545075,3.427230046948357,6,84237.28685617098,639
0.5,0.5,SP Part Period Balancing,SAP only,23177,54.31125956516885,0.04472583643122677,0.9821428571428571,1.0,10.84627093246909,14.280125195618153,25,23774.688313970288,639
0.5,0.5,WI Sliding Economic Lot Size,SAP only,23177,59.65732284975623,0.040892193308550186,0.9643835616438357,1.0,13.934628954167302,12.566510172143975,22,30544.272978135607,639
0.5,0.5,DY Dynamic Planning Calculation,SAP only,23177,50.95466667626157,0.020678438661710038,0.9834254143646409,1.0,13.674619683219714,7.996870109546166,14,29974.340748523275,639
0.5,0.5,GR Groff Reorder Procedure,SAP only,23177,54.875069819982514,0.04925650557620818,0.9636363636363636,1.0,9.20471350375629,17.136150234741784,30,20176.44552065248,639
2.0,2.0,Per period 7d,Both,23177,66.66116185597822,0.05367100371747212,0.8988326848249028,1.0,10.975747969700198,21.134585289514867,37,24058.497949849,639
2.0,2.0,Per period 14d,Both,23177,59.688826012896136,0.034502788104089216,0.9642857142857143,1.0,15.056399397602117,10.852895148669797,19,33003.158877126865,639
2.0,2.0,Per period 28d,Both,23177,78.64396881523315,0.017890334572490705,0.9871794871794872,1.0,25.400856008750953,5.712050078247262,10,55677.88581680022,639
2.0,2.0,Per period 56d,Both,23177,109.85418927473134,0.011965613382899629,1.0,1.0,38.429964834545075,3.427230046948357,6,84237.28685617098,639
2.0,2.0,SP Part Period Balancing,SAP only,23177,50.039940220303514,0.023931226765799257,1.0,1.0,13.706174108917264,7.42566510172144,13,30043.507067579518,639
2.0,2.0,WI Sliding Economic Lot Size,SAP only,23177,68.41097889406078,0.02648698884758364,0.9785407725321889,1.0,20.504150917911858,7.42566510172144,13,44944.460658515956,639
2.0,2.0,DY Dynamic Planning Calculation,SAP only,23177,69.41556002052161,0.014637546468401487,0.9921259842519685,1.0,22.726072278499746,4.569640062597809,8,49814.843127756416,639
2.0,2.0,GR Groff Reorder Procedure,SAP only,23177,49.53489704345506,0.0333410780669145,0.9828767123287672,1.0,11.299062924676303,10.852895148669797,19,24767.194268580213,639
1.0,1.0,Per period 7d,Both,21910,28.951243071125937,0.03612918215613383,0.7387173396674585,1.0,1.1403799992886812,15.993740219092333,28,1052.1324877605055,639
1.0,1.0,Per period 14d,Both,21910,21.50800894141335,0.029855947955390334,0.8682432432432432,1.0,3.0066797032641013,10.852895148669797,19,2774.00988974507,639
1.0,1.0,Per period 28d,Both,21910,17.522730105698116,0.01754182156133829,0.8988095238095238,1.0,9.018484562973704,5.712050078247262,10,8320.595419938823,639
1.0,1.0,Per period 56d,Both,21910,15.148013172764164,0.012778810408921933,0.9565217391304348,1.0,10.96692482932,3.427230046948357,6,10118.256994117939,639
1.0,1.0,SP Part Period Balancing,SAP only,21910,12.702327575762906,0.01638011152416357,0.986013986013986,1.0,6.836128970795322,3.998435054773083,7,6307.119894404426,639
1.0,1.0,WI Sliding Economic Lot Size,SAP only,21910,19.56540321696826,0.012894981412639405,0.9910714285714286,1.0,16.262630425897605,3.427230046948357,6,15004.158103616408,639
1.0,1.0,DY Dynamic Planning Calculation,SAP only,21910,19.210082145809203,0.008015799256505576,0.9857142857142858,1.0,19.433154392417137,1.7136150234741785,3,17929.333282485935,639
1.0,1.0,GR Groff Reorder Procedure,SAP only,21910,17.3636438782098,0.02730018587360595,0.9437751004016064,1.0,2.8336103420560215,8.568075117370892,15,2614.333380444171,639
0.5,0.5,Per period 7d,Both,21910,28.951243071125937,0.03612918215613383,0.7387173396674585,1.0,1.1403799992886812,15.993740219092333,28,1052.1324877605055,639
0.5,0.5,Per period 14d,Both,21910,21.50800894141335,0.029855947955390334,0.8682432432432432,1.0,3.0066797032641013,10.852895148669797,19,2774.00988974507,639
0.5,0.5,Per period 28d,Both,21910,17.522730105698116,0.01754182156133829,0.8988095238095238,1.0,9.018484562973704,5.712050078247262,10,8320.595419938823,639
0.5,0.5,Per period 56d,Both,21910,15.148013172764164,0.012778810408921933,0.9565217391304348,1.0,10.96692482932,3.427230046948357,6,10118.256994117939,639
0.5,0.5,SP Part Period Balancing,SAP only,21910,12.678703316152877,0.01742565055762082,0.9375,1.0,4.4101448014671405,5.140845070422535,9,4068.868819381212,639
0.5,0.5,WI Sliding Economic Lot Size,SAP only,21910,17.297071400247606,0.020562267657992565,0.9672131147540983,1.0,11.145620502919323,4.569640062597809,8,10283.124427546594,639
0.5,0.5,DY Dynamic Planning Calculation,SAP only,21910,14.058206902023349,0.013011152416356878,0.9911504424778761,1.0,9.660430924685109,3.427230046948357,6,8912.865209813704,639
0.5,0.5,GR Groff Reorder Procedure,SAP only,21910,19.509255499198254,0.029972118959107806,0.9247311827956989,1.0,1.8093427824551065,10.28169014084507,18,1669.328052143523,639
2.0,2.0,Per period 7d,Both,21910,28.951243071125937,0.03612918215613383,0.7387173396674585,1.0,1.1403799992886812,15.993740219092333,28,1052.1324877605055,639
2.0,2.0,Per period 14d,Both,21910,21.50800894141335,0.029855947955390334,0.8682432432432432,1.0,3.0066797032641013,10.852895148669797,19,2774.00988974507,639
2.0,2.0,Per period 28d,Both,21910,17.522730105698116,0.01754182156133829,0.8988095238095238,1.0,9.018484562973704,5.712050078247262,10,8320.595419938823,639
2.0,2.0,Per period 56d,Both,21910,15.148013172764164,0.012778810408921933,0.9565217391304348,1.0,10.96692482932,3.427230046948357,6,10118.256994117939,639
2.0,2.0,SP Part Period Balancing,SAP only,21910,14.438716171003422,0.011733271375464684,0.9805825242718447,1.0,10.116597358964855,3.427230046948357,6,9333.731522473483,639
2.0,2.0,WI Sliding Economic Lot Size,SAP only,21910,18.66257356183538,0.011152416356877323,0.9896907216494846,1.0,16.379121279995797,2.856025039123631,5,15111.634394151251,639
2.0,2.0,DY Dynamic Planning Calculation,SAP only,21910,27.745618931278777,0.005111524163568773,0.9777777777777777,1.0,30.864654671057632,1.1424100156494523,2,28476.214878535615,639
2.0,2.0,GR Groff Reorder Procedure,SAP only,21910,15.442819676651538,0.022653345724907063,0.9420289855072463,1.0,4.1273601034105765,6.854460093896714,12,3807.967218114581,639
1.0,1.0,Per period 7d,Both,85015,69.1209609464673,0.0816682156133829,0.8203033838973163,1.0,2.0471301806621094,35.41471048513302,62,5177.591126415469,639
1.0,1.0,Per period 14d,Both,85015,64.4101804644138,0.05692379182156134,0.9023941068139963,1.0,6.442467123140901,23.990610328638496,42,16294.254720141513,639
1.0,1.0,Per period 28d,Both,85015,62.450162128340494,0.03717472118959108,0.9552238805970149,1.0,11.628591748797833,12.566510172143975,22,29410.9744558651,639
1.0,1.0,Per period 56d,Both,85015,94.95065337253179,0.02427973977695167,0.9858490566037735,1.0,24.421570023094876,5.712050078247262,10,61766.909324649605,639
1.0,1.0,SP Part Period Balancing,SAP only,85015,48.44682517045597,0.05053438661710037,0.9731543624161074,1.0,5.878042755722097,15.993740219092333,28,14866.715512383327,639
1.0,1.0,WI Sliding Economic Lot Size,SAP only,85015,61.083250704821495,0.05518122676579926,0.9854771784232366,1.0,10.085714820442188,14.85133020344288,26,25508.73806227061,639
1.0,1.0,DY Dynamic Planning Calculation,SAP only,85015,54.5545518905567,0.03020446096654275,0.9848484848484849,1.0,10.796163210885108,9.710485133020343,17,27305.600478193617,639
1.0,1.0,GR Groff Reorder Procedure,SAP only,85015,54.7423902070832,0.07295539033457249,0.9443609022556391,1.0,2.8007373126517625,25.704225352112676,45,7083.610409532602,639
0.5,0.5,Per period 7d,Both,85015,69.1209609464673,0.0816682156133829,0.8203033838973163,1.0,2.0471301806621094,35.41471048513302,62,5177.591126415469,639
0.5,0.5,Per period 14d,Both,85015,64.4101804644138,0.05692379182156134,0.9023941068139963,1.0,6.442467123140901,23.990610328638496,42,16294.254720141513,639
0.5,0.5,Per period 28d,Both,85015,62.450162128340494,0.03717472118959108,0.9552238805970149,1.0,11.628591748797833,12.566510172143975,22,29410.9744558651,639
0.5,0.5,Per period 56d,Both,85015,94.95065337253179,0.02427973977695167,0.9858490566037735,1.0,24.421570023094876,5.712050078247262,10,61766.909324649605,639
0.5,0.5,SP Part Period Balancing,SAP only,85015,49.74870199568064,0.0662174721189591,0.95,1.0,3.6649902753044037,21.134585289514867,37,9269.474558612419,639
0.5,0.5,WI Sliding Economic Lot Size,SAP only,85015,60.40893592893438,0.06970260223048327,0.9693053311793215,1.0,6.729588829030272,21.134585289514867,37,17020.44146227301,639
0.5,0.5,DY Dynamic Planning Calculation,SAP only,85015,49.30193852912164,0.04855947955390334,0.9789227166276346,1.0,6.411349787402696,15.422535211267606,27,16215.552914600397,639
0.5,0.5,GR Groff Reorder Procedure,SAP only,85015,57.011890950499314,0.08387546468401487,0.9244558258642765,0.9998663072100819,1.7282953101606473,29.131455399061032,51,4371.195611418825,639
2.0,2.0,Per period 7d,Both,85015,69.1209609464673,0.0816682156133829,0.8203033838973163,1.0,2.0471301806621094,35.41471048513302,62,5177.591126415469,639
2.0,2.0,Per period 14d,Both,85015,64.4101804644138,0.05692379182156134,0.9023941068139963,1.0,6.442467123140901,23.990610328638496,42,16294.254720141513,639
2.0,2.0,Per period 28d,Both,85015,62.450162128340494,0.03717472118959108,0.9552238805970149,1.0,11.628591748797833,12.566510172143975,22,29410.9744558651,639
2.0,2.0,Per period 56d,Both,85015,94.95065337253179,0.02427973977695167,0.9858490566037735,1.0,24.421570023094876,5.712050078247262,10,61766.909324649605,639
2.0,2.0,SP Part Period Balancing,SAP only,85015,47.87182387487944,0.041473048327137545,0.9727520435967303,1.0,8.30005703855856,10.852895148669797,19,20992.461582332664,639
2.0,2.0,WI Sliding Economic Lot Size,SAP only,85015,72.16549782111898,0.04031133828996283,0.9857954545454546,1.0,15.283989896550688,10.852895148669797,19,38656.18865479767,639
2.0,2.0,DY Dynamic Planning Calculation,SAP only,85015,83.69265227581288,0.020213754646840148,0.9942857142857143,1.0,20.89764618917307,6.283255086071987,11,52854.21928420657,639
2.0,2.0,GR Groff Reorder Procedure,SAP only,85015,53.471041282282584,0.05913104089219331,0.9425925925925925,0.9999961140016951,3.8726480009115574,22.848200312989047,40,9794.681410424586,639
1.0,1.0,Per period 7d,Both,23133,69.40657445688501,0.04077602230483272,0.841726618705036,1.0,11.910378548798478,18.849765258215964,33,8053.575561674562,639
1.0,1.0,Per period 14d,Both,23133,63.23871774334377,0.02695167286245353,0.9317269076305221,1.0,15.126955505975104,9.710485133020343,17,10228.564834133622,639
1.0,1.0,Per period 28d,Both,23133,79.5606347433453,0.017890334572490705,0.9746835443037974,0.99969977252344,23.083849084236267,5.140845070422535,9,15608.867685649111,639
1.0,1.0,Per period 56d,Both,23133,111.07565683871023,0.010687732342007435,0.989247311827957,1.0,34.70255706857791,2.856025039123631,5,23465.22105826014,639
1.0,1.0,SP Part Period Balancing,SAP only,23133,54.58746223823444,0.03217936802973978,0.9719298245614035,1.0,12.296704939274433,9.710485133020343,17,8314.802252700345,639
1.0,1.0,WI Sliding Economic Lot Size,SAP only,23133,70.77966662736281,0.03287639405204461,0.9792387543252595,1.0,18.575417585836036,7.996870109546166,14,12560.350496356015,639
1.0,1.0,DY Dynamic Planning Calculation,SAP only,23133,63.26730927966551,0.0170771375464684,0.9865771812080537,1.0,17.099203881023627,6.283255086071987,11,11562.162355804794,639
1.0,1.0,GR Groff Reorder Procedure,SAP only,23133,57.16018613239023,0.03984665427509294,0.9423076923076923,1.0,11.175474600501465,13.137715179968701,23,7556.647235346929,639
0.5,0.5,Per period 7d,Both,23133,69.40657445688501,0.04077602230483272,0.841726618705036,1.0,11.910378548798478,18.849765258215964,33,8053.575561674562,639
0.5,0.5,Per period 14d,Both,23133,63.23871774334377,0.02695167286245353,0.9317269076305221,1.0,15.126955505975104,9.710485133020343,17,10228.564834133622,639
0.5,0.5,Per period 28d,Both,23133,79.5606347433453,0.017890334572490705,0.9746835443037974,0.99969977252344,23.083849084236267,5.140845070422535,9,15608.867685649111,639
0.5,0.5,Per period 56d,Both,23133,111.07565683871023,0.010687732342007435,0.989247311827957,1.0,34.70255706857791,2.856025039123631,5,23465.22105826014,639
0.5,0.5,SP Part Period Balancing,SAP only,23133,57.65849668484302,0.03868494423791822,0.9380281690140845,1.0,11.338496455842519,13.137715179968701,23,7666.879569677395,639
0.5,0.5,WI Sliding Economic Lot Size,SAP only,23133,67.27081256256321,0.0412407063197026,0.9646739130434783,1.0,16.118902637269258,10.28169014084507,18,10899.300960809436,639
0.5,0.5,DY Dynamic Planning Calculation,SAP only,23133,55.19709038789429,0.02137546468401487,0.9735449735449735,1.0,13.804740700690692,7.42566510172144,13,9334.507873685707,639
0.5,0.5,GR Groff Reorder Procedure,SAP only,23133,60.87196151568527,0.043912639405204464,0.877030162412993,1.0,10.42688394630765,16.564945226917057,29,7050.4642140758315,639
2.0,2.0,Per period 7d,Both,23133,69.40657445688501,0.04077602230483272,0.841726618705036,1.0,11.910378548798478,18.849765258215964,33,8053.575561674562,639
2.0,2.0,Per period 14d,Both,23133,63.23871774334377,0.02695167286245353,0.9317269076305221,1.0,15.126955505975104,9.710485133020343,17,10228.564834133622,639
2.0,2.0,Per period 28d,Both,23133,79.5606347433453,0.017890334572490705,0.9746835443037974,0.99969977252344,23.083849084236267,5.140845070422535,9,15608.867685649111,639
2.0,2.0,Per period 56d,Both,23133,111.07565683871023,0.010687732342007435,0.989247311827957,1.0,34.70255706857791,2.856025039123631,5,23465.22105826014,639
2.0,2.0,SP Part Period Balancing,SAP only,23133,57.04188564812289,0.02300185873605948,0.9753694581280788,1.0,14.73541294735527,6.854460093896714,12,9963.811067615065,639
2.0,2.0,WI Sliding Economic Lot Size,SAP only,23133,77.97484461739685,0.022769516728624536,0.9655172413793104,1.0,22.23791013756981,5.712050078247262,10,15036.859566878698,639
2.0,2.0,DY Dynamic Planning Calculation,SAP only,23133,67.64857770946207,0.01312732342007435,0.9658119658119658,1.0,19.51397930224007,4.569640062597809,8,13194.988402396153,639
2.0,2.0,GR Groff Reorder Procedure,SAP only,23133,56.42009166346722,0.028229553903345726,0.9239543726235742,1.0,12.896248030592698,9.710485133020343,17,8720.20209525184,639
1.0,1.0,Per period 7d,Both,22745,91.17960908067602,0.08015799256505576,0.8846153846153846,1.0,7.648774480361176,34.27230046948357,60,27096.565034397016,639
1.0,1.0,Per period 14d,Both,22745,81.92066187986129,0.053322490706319704,0.9765957446808511,1.0,11.755578292219969,19.420970266040687,34,41645.337109879445,639
1.0,1.0,Per period 28d,Both,22745,92.82894790464381,0.03078531598513011,0.9962406015037594,0.9999726920114578,18.601853541683386,9.710485133020343,17,65898.96663141664,639
1.0,1.0,Per period 56d,Both,22745,146.26933402589307,0.019516728624535316,0.9882352941176471,1.0,33.67400073287451,5.140845070422535,9,119293.58790345468,639
1.0,1.0,SP Part Period Balancing,SAP only,22745,70.46872066996715,0.06261617100371747,0.9853747714808044,1.0,10.17283095413311,16.564945226917057,29,36038.29296318574,639
1.0,1.0,WI Sliding Economic Lot Size,SAP only,22745,73.82683279059795,0.06308085501858736,0.9836956521739131,1.0,10.996620701593132,16.564945226917057,29,38956.65230611488,639
1.0,1.0,DY Dynamic Planning Calculation,SAP only,22745,88.73066930084704,0.027067843866171004,0.9957264957264957,1.0,18.332431133746468,7.996870109546166,14,64944.51022573611,639
1.0,1.0,GR Groff Reorder Procedure,SAP only,22745,72.39427677848536,0.0674953531598513,0.9731993299832495,1.0,8.192062041332646,22.27699530516432,39,29021.216724159898,639
0.5,0.5,Per period 7d,Both,22745,91.17960908067602,0.08015799256505576,0.8846153846153846,1.0,7.648774480361176,34.27230046948357,60,27096.565034397016,639
0.5,0.5,Per period 14d,Both,22745,81.92066187986129,0.053322490706319704,0.9765957446808511,1.0,11.755578292219969,19.420970266040687,34,41645.337109879445,639
0.5,0.5,Per period 28d,Both,22745,92.82894790464381,0.03078531598513011,0.9962406015037594,0.9999726920114578,18.601853541683386,9.710485133020343,17,65898.96663141664,639
0.5,0.5,Per period 56d,Both,22745,146.26933402589307,0.019516728624535316,0.9882352941176471,1.0,33.67400073287451,5.140845070422535,9,119293.58790345468,639
0.5,0.5,SP Part Period Balancing,SAP only,22745,71.63593122193548,0.07760223048327138,0.9794721407624634,1.0,8.006029749355356,22.27699530516432,39,28362.178323824875,639
0.5,0.5,WI Sliding Economic Lot Size,SAP only,22745,79.64050853955806,0.08027416356877323,0.9787535410764873,1.0,9.969659458589096,22.27699530516432,39,35318.537183187356,639
0.5,0.5,DY Dynamic Planning Calculation,SAP only,22745,70.99672362908484,0.040427509293680296,0.997134670487106,1.0,11.774237255034013,13.137715179968701,23,41711.43839194278,639
0.5,0.5,GR Groff Reorder Procedure,SAP only,22745,79.8877404732102,0.08840613382899629,0.9719029374201787,1.0,7.086548505309104,29.131455399061032,51,25104.82207790886,639
2.0,2.0,Per period 7d,Both,22745,91.17960908067602,0.08015799256505576,0.8846153846153846,1.0,7.648774480361176,34.27230046948357,60,27096.565034397016,639
2.0,2.0,Per period 14d,Both,22745,81.92066187986129,0.053322490706319704,0.9765957446808511,1.0,11.755578292219969,19.420970266040687,34,41645.337109879445,639
2.0,2.0,Per period 28d,Both,22745,92.82894790464381,0.03078531598513011,0.9962406015037594,0.9999726920114578,18.601853541683386,9.710485133020343,17,65898.96663141664,639
2.0,2.0,Per period 56d,Both,22745,146.26933402589307,0.019516728624535316,0.9882352941176471,1.0,33.67400073287451,5.140845070422535,9,119293.58790345468,639
2.0,2.0,SP Part Period Balancing,SAP only,22745,72.46805494311792,0.04553903345724907,0.9949238578680203,1.0,12.380487828554156,12.566510172143975,22,43859.14298628105,639
2.0,2.0,WI Sliding Economic Lot Size,SAP only,22745,84.95351804538919,0.046816914498141265,0.9901719901719902,1.0,15.443338658564404,12.566510172143975,22,54709.60496801679,639
2.0,2.0,DY Dynamic Planning Calculation,SAP only,22745,125.13635517441965,0.01486988847583643,1.0,1.0,28.735112164568495,4.569640062597809,8,101797.07056824563,639
2.0,2.0,GR Groff Reorder Procedure,SAP only,22745,68.90987381541322,0.04902416356877323,0.9882903981264637,1.0,9.545111649839631,17.136150234741784,30,33814.53319672815,639
1.0,1.0,Per period 7d,Both,22919,51.02445421953357,0.061802973977695165,0.8866666666666667,0.9998323609284638,8.900604856721287,26.275430359937403,46,14107.121462536543,639
1.0,1.0,Per period 14d,Both,22919,36.00350654263083,0.04402881040892193,0.959493670886076,1.0,14.17786810101609,15.993740219092333,28,22471.38375430965,639
1.0,1.0,Per period 28d,Both,22919,25.654397718979787,0.02474442379182156,0.9770642201834863,1.0,22.416722070738714,7.42566510172144,13,35529.65513405864,639
1.0,1.0,Per period 56d,Both,22919,27.971870030281504,0.015218401486988848,0.9924242424242424,1.0,35.37930999515249,4.569640062597809,8,56074.86585425192,639
1.0,1.0,SP Part Period Balancing,SAP only,22919,22.72154102085233,0.023118029739776953,1.0,0.9998798835484349,20.76420649487801,6.283255086071987,11,32910.48055854693,639
1.0,1.0,WI Sliding Economic Lot Size,SAP only,22919,23.76879788064795,0.023815055762081785,0.9761904761904762,1.0,22.61937704380917,6.283255086071987,11,35850.855587973085,639
1.0,1.0,DY Dynamic Planning Calculation,SAP only,22919,31.855398534947163,0.012314126394052044,1.0,1.0,45.80172805196318,3.427230046948357,6,72594.00357889012,639
1.0,1.0,GR Groff Reorder Procedure,SAP only,22919,24.806203508278532,0.03136617100371747,0.9854014598540146,1.0,13.82835424954647,9.710485133020343,17,21917.417542474337,639
0.5,0.5,Per period 7d,Both,22919,51.02445421953357,0.061802973977695165,0.8866666666666667,0.9998323609284638,8.900604856721287,26.275430359937403,46,14107.121462536543,639
0.5,0.5,Per period 14d,Both,22919,36.00350654263083,0.04402881040892193,0.959493670886076,1.0,14.17786810101609,15.993740219092333,28,22471.38375430965,639
0.5,0.5,Per period 28d,Both,22919,25.654397718979787,0.02474442379182156,0.9770642201834863,1.0,22.416722070738714,7.42566510172144,13,35529.65513405864,639
0.5,0.5,Per period 56d,Both,22919,27.971870030281504,0.015218401486988848,0.9924242424242424,1.0,35.37930999515249,4.569640062597809,8,56074.86585425192,639
0.5,0.5,SP Part Period Balancing,SAP only,22919,23.969973213282493,0.02973977695167286,0.9961089494163424,1.0,15.88992229970276,8.568075117370892,15,25184.924791139303,639
0.5,0.5,WI Sliding Economic Lot Size,SAP only,22919,27.42528632569385,0.030436802973977696,0.9776119402985075,1.0,23.782318128960387,7.996870109546166,14,37694.07314521735,639
0.5,0.5,DY Dynamic Planning Calculation,SAP only,22919,23.808140878135937,0.015102230483271376,1.0,1.0,26.231985576969855,5.140845070422535,9,41576.70323476629,639
0.5,0.5,GR Groff Reorder Procedure,SAP only,22919,32.33052137794793,0.04158921933085502,0.9754768392370572,1.0,11.214246734120318,14.85133020344288,26,17774.15617654612,639
2.0,2.0,Per period 7d,Both,22919,51.02445421953357,0.061802973977695165,0.8866666666666667,0.9998323609284638,8.900604856721287,26.275430359937403,46,14107.121462536543,639
2.0,2.0,Per period 14d,Both,22919,36.00350654263083,0.04402881040892193,0.959493670886076,1.0,14.17786810101609,15.993740219092333,28,22471.38375430965,639
2.0,2.0,Per period 28d,Both,22919,25.654397718979787,0.02474442379182156,0.9770642201834863,1.0,22.416722070738714,7.42566510172144,13,35529.65513405864,639
2.0,2.0,Per period 56d,Both,22919,27.971870030281504,0.015218401486988848,0.9924242424242424,1.0,35.37930999515249,4.569640062597809,8,56074.86585425192,639
2.0,2.0,SP Part Period Balancing,SAP only,22919,24.939591086481528,0.01928438661710037,0.9940119760479041,1.0,30.007758078290703,4.569640062597809,8,47561.15958896736,639
2.0,2.0,WI Sliding Economic Lot Size,SAP only,22919,28.127262646223,0.017657992565055763,0.9806451612903225,1.0,35.654581340400384,4.569640062597809,8,56511.16050670303,639
2.0,2.0,DY Dynamic Planning Calculation,SAP only,22919,47.411816556687704,0.009061338289962825,1.0,1.0,76.90216855422321,2.2848200312989047,4,121887.02340916163,639
2.0,2.0,GR Groff Reorder Procedure,SAP only,22919,23.830154609344028,0.02648698884758364,0.987012987012987,1.0,15.642239647836497,8.568075117370892,15,24792.357172388995,639
1.0,1.0,Per period 7d,Both,84884A,73.27643463424495,0.08399163568773234,0.7578616352201258,0.9997367457928391,1.8862124495848922,38.27073552425665,67,2899.8716981005123,639
1.0,1.0,Per period 14d,Both,84884A,57.404101445854735,0.06505576208178439,0.8818897637795275,1.0,4.929808430188012,23.419405320813773,41,7579.110161692379,639
1.0,1.0,Per period 28d,Both,84884A,68.26722967073931,0.04007899628252788,0.9400544959128065,1.0,13.904362858588199,12.566510172143975,22,21376.63143015171,639
1.0,1.0,Per period 56d,Both,84884A,97.69904961039431,0.022885687732342008,0.9752475247524752,1.0,26.055051358306216,6.283255086071987,11,40057.15583265053,639
1.0,1.0,SP Part Period Balancing,SAP only,84884A,45.79182692420963,0.05297397769516728,0.9661016949152542,0.9996770312651067,5.947897575605779,14.85133020344288,26,9144.32509789432,639
1.0,1.0,WI Sliding Economic Lot Size,SAP only,84884A,57.981311487714464,0.056691449814126396,0.9663366336633663,1.0,9.310594125166805,15.422535211267606,27,14314.15024432377,639
1.0,1.0,DY Dynamic Planning Calculation,SAP only,84884A,57.24906355103304,0.02695167286245353,0.9914529914529915,1.0,12.99733476992713,7.996870109546166,14,19982.162273578553,639
1.0,1.0,GR Groff Reorder Procedure,SAP only,84884A,48.35985629690893,0.06006040892193309,0.8975694444444444,1.0,3.113374242204761,21.705790297339593,38,4786.515884014887,639
0.5,0.5,Per period 7d,Both,84884A,73.27643463424495,0.08399163568773234,0.7578616352201258,0.9997367457928391,1.8862124495848922,38.27073552425665,67,2899.8716981005123,639
0.5,0.5,Per period 14d,Both,84884A,57.404101445854735,0.06505576208178439,0.8818897637795275,1.0,4.929808430188012,23.419405320813773,41,7579.110161692379,639
0.5,0.5,Per period 28d,Both,84884A,68.26722967073931,0.04007899628252788,0.9400544959128065,1.0,13.904362858588199,12.566510172143975,22,21376.63143015171,639
0.5,0.5,Per period 56d,Both,84884A,97.69904961039431,0.022885687732342008,0.9752475247524752,1.0,26.055051358306216,6.283255086071987,11,40057.15583265053,639
0.5,0.5,SP Part Period Balancing,SAP only,84884A,48.29696578110699,0.0703996282527881,0.964968152866242,1.0,3.996042954256869,19.992175273865413,35,6143.53482291652,639
0.5,0.5,WI Sliding Economic Lot Size,SAP only,84884A,60.16531869085943,0.07005111524163568,0.9407176287051482,1.0,7.863277917813054,19.420970266040687,34,12089.03964830847,639
0.5,0.5,DY Dynamic Planning Calculation,SAP only,84884A,43.83178924299442,0.039962825278810406,0.9745042492917847,1.0,6.861475921610595,11.995305164319248,21,10548.864650244257,639
0.5,0.5,GR Groff Reorder Procedure,SAP only,84884A,60.0594877326068,0.08410780669144981,0.905,0.9997300261455843,1.82101493369967,30.845070422535212,54,2799.636737217064,639
2.0,2.0,Per period 7d,Both,84884A,73.27643463424495,0.08399163568773234,0.7578616352201258,0.9997367457928391,1.8862124495848922,38.27073552425665,67,2899.8716981005123,639
2.0,2.0,Per period 14d,Both,84884A,57.404101445854735,0.06505576208178439,0.8818897637795275,1.0,4.929808430188012,23.419405320813773,41,7579.110161692379,639
2.0,2.0,Per period 28d,Both,84884A,68.26722967073931,0.04007899628252788,0.9400544959128065,1.0,13.904362858588199,12.566510172143975,22,21376.63143015171,639
2.0,2.0,Per period 56d,Both,84884A,97.69904961039431,0.022885687732342008,0.9752475247524752,1.0,26.055051358306216,6.283255086071987,11,40057.15583265053,639
2.0,2.0,SP Part Period Balancing,SAP only,84884A,43.27085028509056,0.03763940520446097,0.972972972972973,1.0,7.594469662642789,10.28169014084507,18,11675.772600073484,639
2.0,2.0,WI Sliding Economic Lot Size,SAP only,84884A,65.6330474616575,0.04158921933085502,0.9808219178082191,1.0,13.7137765707061,11.424100156494523,20,21083.62319431011,639
2.0,2.0,DY Dynamic Planning Calculation,SAP only,84884A,75.19004008169307,0.021956319702602232,0.9792746113989638,0.9999232176780191,19.59110105602493,5.712050078247262,10,30119.44889850376,639
2.0,2.0,GR Groff Reorder Procedure,SAP only,84884A,46.61088463484761,0.05309014869888476,0.9103585657370518,1.0,4.090382764131462,18.849765258215964,33,6288.57328065744,639
1.0,1.0,Per period 7d,Both,21529,16.51906805416817,0.026138475836431228,0.7601351351351351,1.0,1.8080126536630103,8.568075117370892,15,803.5649851759149,639
1.0,1.0,Per period 14d,Both,21529,12.82761192350727,0.016263940520446097,0.7486631016042781,0.9996211056664832,3.365456947976597,5.712050078247262,10,1495.765727652397,639
1.0,1.0,Per period 28d,Both,21529,12.859614838886841,0.011965613382899629,0.8583333333333333,1.0,6.9741824569540425,3.998435054773083,7,3099.651327816952,639
1.0,1.0,Per period 56d,Both,21529,15.038959259943212,0.007202602230483271,0.8857142857142857,0.999871781551033,13.138699066499017,2.2848200312989047,4,5839.449463593148,639
1.0,1.0,SP Part Period Balancing,SAP only,21529,10.019278437883672,0.01370817843866171,0.9672131147540983,0.9995166966618148,5.974004194908144,2.856025039123631,5,2655.125550474696,639
1.0,1.0,WI Sliding Economic Lot Size,SAP only,21529,9.663891854222229,0.014172862453531599,0.9172932330827067,0.9981490454649633,5.551018905711333,2.856025039123631,5,2467.1311982479897,639
1.0,1.0,DY Dynamic Planning Calculation,SAP only,21529,13.350247807168659,0.005692379182156134,1.0,1.0,14.699410108694718,0.5712050078247262,1,6533.102100893566,639
1.0,1.0,GR Groff Reorder Procedure,SAP only,21529,11.513567015227853,0.018819702602230485,0.9050279329608939,0.9992248094319495,2.9916770067622114,5.140845070422535,9,1329.6405225480667,639
0.5,0.5,Per period 7d,Both,21529,16.51906805416817,0.026138475836431228,0.7601351351351351,1.0,1.8080126536630103,8.568075117370892,15,803.5649851759149,639
0.5,0.5,Per period 14d,Both,21529,12.82761192350727,0.016263940520446097,0.7486631016042781,0.9996211056664832,3.365456947976597,5.712050078247262,10,1495.765727652397,639
0.5,0.5,Per period 28d,Both,21529,12.859614838886841,0.011965613382899629,0.8583333333333333,1.0,6.9741824569540425,3.998435054773083,7,3099.651327816952,639
0.5,0.5,Per period 56d,Both,21529,15.038959259943212,0.007202602230483271,0.8857142857142857,0.999871781551033,13.138699066499017,2.2848200312989047,4,5839.449463593148,639
0.5,0.5,SP Part Period Balancing,SAP only,21529,10.424729474328608,0.018238847583643122,0.9075144508670521,1.0,4.076153275667079,3.998435054773083,7,1811.6322581593363,639
0.5,0.5,WI Sliding Economic Lot Size,SAP only,21529,10.288772437382146,0.02032992565055762,0.9358288770053476,0.9981490454649633,5.104547366519532,3.427230046948357,6,2268.6984632528743,639
0.5,0.5,DY Dynamic Planning Calculation,SAP only,21529,10.078452627920054,0.009409851301115242,0.9878048780487805,1.0,8.424857520054763,1.7136150234741785,3,3744.3988538997382,639
0.5,0.5,GR Groff Reorder Procedure,SAP only,21529,12.818180877772619,0.02137546468401487,0.863849765258216,0.9983297140281012,2.1640202521809426,6.283255086071987,11,961.7913338942111,639
2.0,2.0,Per period 7d,Both,21529,16.51906805416817,0.026138475836431228,0.7601351351351351,1.0,1.8080126536630103,8.568075117370892,15,803.5649851759149,639
2.0,2.0,Per period 14d,Both,21529,12.82761192350727,0.016263940520446097,0.7486631016042781,0.9996211056664832,3.365456947976597,5.712050078247262,10,1495.765727652397,639
2.0,2.0,Per period 28d,Both,21529,12.859614838886841,0.011965613382899629,0.8583333333333333,1.0,6.9741824569540425,3.998435054773083,7,3099.651327816952,639
2.0,2.0,Per period 56d,Both,21529,15.038959259943212,0.007202602230483271,0.8857142857142857,0.999871781551033,13.138699066499017,2.2848200312989047,4,5839.449463593148,639
2.0,2.0,SP Part Period Balancing,SAP only,21529,9.917946649635226,0.008131970260223048,0.9459459459459459,1.0,8.233821418063638,1.7136150234741785,3,3659.4935175606624,639
2.0,2.0,WI Sliding Economic Lot Size,SAP only,21529,9.851371911023499,0.012314126394052044,0.9464285714285714,1.0,6.964371627321188,2.2848200312989047,4,3095.290938439966,639
2.0,2.0,DY Dynamic Planning Calculation,SAP only,21529,21.050001333646723,0.0030204460966542753,0.9629629629629629,1.0,23.86374726117464,0.5712050078247262,1,10606.160125769642,639
2.0,2.0,GR Groff Reorder Procedure,SAP only,21529,10.549019916807175,0.0170771375464684,0.9545454545454546,0.9992248094319495,4.2240852212530715,3.998435054773083,7,1877.3801009197382,639
1.0,1.0,Per period 7d,Both,20727,151.6382337928149,0.14440055762081785,0.9810576164167324,1.0,3.048079067417995,49.694835680751176,87,71493.804043568,639
1.0,1.0,Per period 14d,Both,20727,186.75251047831156,0.09328531598513011,0.9962779156327544,1.0,6.637322149776364,26.275430359937403,46,155680.8070441931,639
1.0,1.0,Per period 28d,Both,20727,286.7852423052057,0.05065055762081784,0.9977116704805492,1.0,12.439050824647639,13.137715179968701,23,291762.46497393964,639
1.0,1.0,Per period 56d,Both,20727,671.8785324678109,0.02753252788104089,1.0,1.0,31.117216913764434,6.854460093896714,12,729865.6495477302,639
1.0,1.0,SP Part Period Balancing,SAP only,20727,138.66677558210807,0.17367565055762083,0.9993315508021391,1.0,2.8608010752936734,44.55399061032864,78,67101.13056808923,639
1.0,1.0,WI Sliding Economic Lot Size,SAP only,20727,179.93141293400237,0.17681226765799257,0.9960732984293194,1.0,4.9481432971066,42.840375586854464,75,116060.50218457836,639
1.0,1.0,DY Dynamic Planning Calculation,SAP only,20727,166.19555431404564,0.08701208178438662,0.9960106382978723,1.0,5.715094774291723,25.704225352112676,45,134049.6282564444,639
1.0,1.0,GR Groff Reorder Procedure,SAP only,20727,129.8417485438525,0.16809944237918215,0.9897400820793434,1.0,2.0202445098773385,49.694835680751176,87,47385.57035910959,639
0.5,0.5,Per period 7d,Both,20727,151.6382337928149,0.14440055762081785,0.9810576164167324,1.0,3.048079067417995,49.694835680751176,87,71493.804043568,639
0.5,0.5,Per period 14d,Both,20727,186.75251047831156,0.09328531598513011,0.9962779156327544,1.0,6.637322149776364,26.275430359937403,46,155680.8070441931,639
0.5,0.5,Per period 28d,Both,20727,286.7852423052057,0.05065055762081784,0.9977116704805492,1.0,12.439050824647639,13.137715179968701,23,291762.46497393964,639
0.5,0.5,Per period 56d,Both,20727,671.8785324678109,0.02753252788104089,1.0,1.0,31.117216913764434,6.854460093896714,12,729865.6495477302,639
0.5,0.5,SP Part Period Balancing,SAP only,20727,135.3129058153122,0.21712360594795538,0.9941489361702127,1.0,1.665214575174872,57.12050078247261,100,39058.21400784532,639
0.5,0.5,WI Sliding Economic Lot Size,SAP only,20727,168.81992170032032,0.2292053903345725,0.9934541792547835,1.0,3.481050531399164,54.26447574334898,95,81649.30733520277,639
0.5,0.5,DY Dynamic Planning Calculation,SAP only,20727,132.30359929390227,0.12465148698884758,0.9944392956441149,1.0,3.0794550276978976,38.27073552425665,67,72229.7386129525,639
0.5,0.5,GR Groff Reorder Procedure,SAP only,20727,140.491259658486,0.21119888475836432,0.9891186071817193,1.0,1.3906891627786422,63.4037558685446,111,32619.12053135571,639
2.0,2.0,Per period 7d,Both,20727,151.6382337928149,0.14440055762081785,0.9810576164167324,1.0,3.048079067417995,49.694835680751176,87,71493.804043568,639
2.0,2.0,Per period 14d,Both,20727,186.75251047831156,0.09328531598513011,0.9962779156327544,1.0,6.637322149776364,26.275430359937403,46,155680.8070441931,639
2.0,2.0,Per period 28d,Both,20727,286.7852423052057,0.05065055762081784,0.9977116704805492,1.0,12.439050824647639,13.137715179968701,23,291762.46497393964,639
2.0,2.0,Per period 56d,Both,20727,671.8785324678109,0.02753252788104089,1.0,1.0,31.117216913764434,6.854460093896714,12,729865.6495477302,639
2.0,2.0,SP Part Period Balancing,SAP only,20727,155.9407736046902,0.12987918215613384,0.9982142857142857,1.0,4.571336892509717,33.701095461658845,59,107222.37080518765,639
2.0,2.0,WI Sliding Economic Lot Size,SAP only,20727,194.61970614053587,0.13963754646840149,0.9966832504145937,1.0,6.631059631475913,30.845070422535212,54,155533.91739786544,639
2.0,2.0,DY Dynamic Planning Calculation,SAP only,20727,232.44920658382634,0.051696096654275096,0.9977578475336323,1.0,9.641002087647541,15.993740219092333,28,226133.213342717,639
2.0,2.0,GR Groff Reorder Procedure,SAP only,20727,132.95483533266312,0.13301579925650558,0.9956521739130435,1.0,3.110164699377013,38.27073552425665,67,72950.04514067285,639
1.0,1.0,Per period 7d,Both,22028,75.55185381173418,0.1100139405204461,0.9517587939698492,1.0,2.785413898020636,41.12676056338028,72,15433.650491463974,639
1.0,1.0,Per period 14d,Both,22028,52.35698663265393,0.07469795539033457,0.972768532526475,1.0,6.553666886645239,25.13302034428795,44,36313.09667760338,639
1.0,1.0,Per period 28d,Both,22028,36.92347756109916,0.043912639405204464,0.9895287958115183,1.0,12.487415883214515,11.995305164319248,21,69191.30130715707,639
1.0,1.0,Per period 56d,Both,22028,48.46777471896231,0.026370817843866173,1.0,1.0,28.598543722859006,6.854460093896714,12,158461.16395739574,639
1.0,1.0,SP Part Period Balancing,SAP only,22028,36.58837785505333,0.046236059479553906,0.9974937343358395,1.0,13.008840079632582,11.424100156494523,20,72080.45139398173,639
1.0,1.0,WI Sliding Economic Lot Size,SAP only,22028,40.57812658368127,0.041473048327137545,1.0,1.0,17.70608558541703,10.28169014084507,18,98107.3357505198,639
1.0,1.0,DY Dynamic Planning Calculation,SAP only,22028,54.125539126803105,0.017193308550185873,1.0,1.0,35.388084786660244,5.140845070422535,9,196081.21168194205,639
1.0,1.0,GR Groff Reorder Procedure,SAP only,22028,42.58346757195176,0.058782527881040894,0.9902152641878669,1.0,7.515490552554955,18.849765258215964,33,41642.44837812369,639
0.5,0.5,Per period 7d,Both,22028,75.55185381173418,0.1100139405204461,0.9517587939698492,1.0,2.785413898020636,41.12676056338028,72,15433.650491463974,639
0.5,0.5,Per period 14d,Both,22028,52.35698663265393,0.07469795539033457,0.972768532526475,1.0,6.553666886645239,25.13302034428795,44,36313.09667760338,639
0.5,0.5,Per period 28d,Both,22028,36.92347756109916,0.043912639405204464,0.9895287958115183,1.0,12.487415883214515,11.995305164319248,21,69191.30130715707,639
0.5,0.5,Per period 56d,Both,22028,48.46777471896231,0.026370817843866173,1.0,1.0,28.598543722859006,6.854460093896714,12,158461.16395739574,639
0.5,0.5,SP Part Period Balancing,SAP only,22028,38.64531974754911,0.05901486988847584,0.9883268482490273,1.0,9.132424134280528,15.422535211267606,27,50601.68699827888,639
0.5,0.5,WI Sliding Economic Lot Size,SAP only,22028,42.194732938351464,0.061686802973977696,0.9851576994434137,1.0,12.700138179164668,14.85133020344288,26,70369.97050593197,639
0.5,0.5,DY Dynamic Planning Calculation,SAP only,22028,38.61076636001698,0.025906133828996283,0.9867256637168141,1.0,20.084324507522723,7.42566510172144,13,111284.87763578807,639
0.5,0.5,GR Groff Reorder Procedure,SAP only,22028,46.79257071298271,0.07283921933085502,0.9843014128728415,0.9998607204694407,5.326829838751816,22.848200312989047,40,29515.33702665105,639
2.0,2.0,Per period 7d,Both,22028,75.55185381173418,0.1100139405204461,0.9517587939698492,1.0,2.785413898020636,41.12676056338028,72,15433.650491463974,639
2.0,2.0,Per period 14d,Both,22028,52.35698663265393,0.07469795539033457,0.972768532526475,1.0,6.553666886645239,25.13302034428795,44,36313.09667760338,639
2.0,2.0,Per period 28d,Both,22028,36.92347756109916,0.043912639405204464,0.9895287958115183,1.0,12.487415883214515,11.995305164319248,21,69191.30130715707,639
2.0,2.0,Per period 56d,Both,22028,48.46777471896231,0.026370817843866173,1.0,1.0,28.598543722859006,6.854460093896714,12,158461.16395739574,639
2.0,2.0,SP Part Period Balancing,SAP only,22028,37.811479893032406,0.030436802973977696,0.9924242424242424,1.0,18.673298660934652,7.996870109546166,14,103466.54953520033,639
2.0,2.0,WI Sliding Economic Lot Size,SAP only,22028,47.89754099875382,0.029855947955390334,1.0,1.0,26.58293015740807,7.996870109546166,14,147292.88648268027,639
2.0,2.0,DY Dynamic Planning Calculation,SAP only,22028,88.7943219263062,0.011152416356877323,1.0,1.0,64.92847600001043,3.427230046948357,6,359761.0417035924,639
2.0,2.0,GR Groff Reorder Procedure,SAP only,22028,39.081669280817124,0.047978624535315983,0.9951807228915662,0.9999295254101596,9.474615597888688,15.422535211267606,27,52497.72961307441,639
1.0,1.0,Per period 7d,Both,22371,92.41113535796777,0.11036245353159851,0.8232235701906413,0.9998492306617144,3.254236084591841,45.69640062597809,80,5329.487536068511,639
1.0,1.0,Per period 14d,Both,22371,74.05420557365184,0.07806691449814127,0.9333333333333333,1.0,7.0936920336802745,26.84663536776213,47,11617.394158097552,639
1.0,1.0,Per period 28d,Both,22371,80.02550189456473,0.047862453531598514,0.9716981132075472,1.0,14.690050882864169,13.708920187793428,24,24058.00963707779,639
1.0,1.0,Per period 56d,Both,22371,121.76346447323695,0.025441449814126393,0.9909502262443439,1.0,28.78030224924649,6.854460093896714,12,47133.7229796841,639
1.0,1.0,SP Part Period Balancing,SAP only,22371,66.15474612907646,0.07736988847583644,0.9751098096632503,1.0,7.9066628591676995,20.56338028169014,36,12948.802749544595,639
1.0,1.0,WI Sliding Economic Lot Size,SAP only,22371,71.20837161115148,0.07388475836431227,0.9709923664122138,1.0,10.28055000892263,18.278560250391237,32,16836.536044788572,639
1.0,1.0,DY Dynamic Planning Calculation,SAP only,22371,88.85680902254751,0.032063197026022304,0.9857142857142858,1.0,18.841066034678082,9.710485133020343,17,30856.15916850569,639
1.0,1.0,GR Groff Reorder Procedure,SAP only,22371,66.32391709051504,0.08828996282527882,0.9571788413098237,0.9997520415995298,4.542381860837468,27.98904538341158,49,7439.0938094564535,639
0.5,0.5,Per period 7d,Both,22371,92.41113535796777,0.11036245353159851,0.8232235701906413,0.9998492306617144,3.254236084591841,45.69640062597809,80,5329.487536068511,639
0.5,0.5,Per period 14d,Both,22371,74.05420557365184,0.07806691449814127,0.9333333333333333,1.0,7.0936920336802745,26.84663536776213,47,11617.394158097552,639
0.5,0.5,Per period 28d,Both,22371,80.02550189456473,0.047862453531598514,0.9716981132075472,1.0,14.690050882864169,13.708920187793428,24,24058.00963707779,639
0.5,0.5,Per period 56d,Both,22371,121.76346447323695,0.025441449814126393,0.9909502262443439,1.0,28.78030224924649,6.854460093896714,12,47133.7229796841,639
0.5,0.5,SP Part Period Balancing,SAP only,22371,68.40182095575334,0.10048791821561338,0.9632516703786191,1.0,5.087214347434294,27.98904538341158,49,8331.370175117609,639
0.5,0.5,WI Sliding Economic Lot Size,SAP only,22371,71.38448880908024,0.10455390334572491,0.9615384615384616,1.0,7.180293266514047,25.13302034428795,44,11759.221665075627,639
0.5,0.5,DY Dynamic Planning Calculation,SAP only,22371,66.67840677783995,0.04902416356877323,0.9701149425287356,1.0,10.403794607933694,15.422535211267606,27,17038.374675190094,639
0.5,0.5,GR Groff Reorder Procedure,SAP only,22371,73.4776778999783,0.10281133828996282,0.921875,0.9997520415995298,3.2716837342327048,34.84350547730829,61,5358.06168646127,639
2.0,2.0,Per period 7d,Both,22371,92.41113535796777,0.11036245353159851,0.8232235701906413,0.9998492306617144,3.254236084591841,45.69640062597809,80,5329.487536068511,639
2.0,2.0,Per period 14d,Both,22371,74.05420557365184,0.07806691449814127,0.9333333333333333,1.0,7.0936920336802745,26.84663536776213,47,11617.394158097552,639
2.0,2.0,Per period 28d,Both,22371,80.02550189456473,0.047862453531598514,0.9716981132075472,1.0,14.690050882864169,13.708920187793428,24,24058.00963707779,639
2.0,2.0,Per period 56d,Both,22371,121.76346447323695,0.025441449814126393,0.9909502262443439,1.0,28.78030224924649,6.854460093896714,12,47133.7229796841,639
2.0,2.0,SP Part Period Balancing,SAP only,22371,68.54073319685769,0.056691449814126396,0.9898580121703854,1.0,11.416507920674324,14.280125195618153,25,18696.903078650652,639
2.0,2.0,WI Sliding Economic Lot Size,SAP only,22371,73.26773351697457,0.05425185873605948,0.9749478079331941,1.0,13.44255006284096,12.566510172143975,22,22014.96792199496,639
2.0,2.0,DY Dynamic Planning Calculation,SAP only,22371,123.52110798555294,0.021026951672862452,0.9836956521739131,1.0,29.765567396883505,5.712050078247262,10,48747.29931144332,639
2.0,2.0,GR Groff Reorder Procedure,SAP only,22371,64.84217701663812,0.0687732342007435,0.9563812600969306,1.0,6.513691659600044,22.848200312989047,40,10667.523071850483,639
1.0,1.0,Per period 7d,Both,22297,105.11077336991431,0.14021840148698886,0.9702572347266881,1.0,2.67031277522237,47.41001564945227,83,32281.729120074895,639
1.0,1.0,Per period 14d,Both,22297,96.07004121691539,0.09119423791821561,0.9861809045226131,1.0,6.046946820022422,26.275430359937403,46,73102.26017669647,639
1.0,1.0,Per period 28d,Both,22297,128.4338289126402,0.04565520446096654,0.9924242424242424,1.0,12.853987886646072,12.566510172143975,22,155393.39021245466,639
1.0,1.0,Per period 56d,Both,22297,230.51868263995115,0.02474442379182156,1.0,1.0,26.511218438476465,6.283255086071987,11,320497.2766543287,639
1.0,1.0,SP Part Period Balancing,SAP only,22297,81.50505556436613,0.10339219330855019,0.9933035714285714,1.0,4.167167251085695,26.84663536776213,47,50377.381123974556,639
1.0,1.0,WI Sliding Economic Lot Size,SAP only,22297,100.52338020803154,0.10443773234200744,0.9911797133406836,1.0,7.3093940526320775,22.848200312989047,40,88364.13510372606,639
1.0,1.0,DY Dynamic Planning Calculation,SAP only,22297,103.2621733880159,0.047978624535315983,0.9927884615384616,1.0,9.5724735923486,13.708920187793428,24,115722.77314650321,639
1.0,1.0,GR Groff Reorder Procedure,SAP only,22297,86.05941213506256,0.11942379182156133,0.991321118611379,1.0,2.7848796504404643,35.985915492957744,63,33666.74171719133,639
0.5,0.5,Per period 7d,Both,22297,105.11077336991431,0.14021840148698886,0.9702572347266881,1.0,2.67031277522237,47.41001564945227,83,32281.729120074895,639
0.5,0.5,Per period 14d,Both,22297,96.07004121691539,0.09119423791821561,0.9861809045226131,1.0,6.046946820022422,26.275430359937403,46,73102.26017669647,639
0.5,0.5,Per period 28d,Both,22297,128.4338289126402,0.04565520446096654,0.9924242424242424,1.0,12.853987886646072,12.566510172143975,22,155393.39021245466,639
0.5,0.5,Per period 56d,Both,22297,230.51868263995115,0.02474442379182156,1.0,1.0,26.511218438476465,6.283255086071987,11,320497.2766543287,639
0.5,0.5,SP Part Period Balancing,SAP only,22297,84.76947633785694,0.13743029739776952,0.9932829554995802,1.0,2.8706339332160242,34.84350547730829,61,34703.435453271144,639
0.5,0.5,WI Sliding Economic Lot Size,SAP only,22297,94.45131850563527,0.1462592936802974,0.9952569169960475,1.0,4.402216957808504,33.129890453834115,58,53218.92501822749,639
0.5,0.5,DY Dynamic Planning Calculation,SAP only,22297,83.5518756030473,0.0758596654275093,0.9954268292682927,1.0,5.259749528524219,22.848200312989047,40,63585.73838044905,639
0.5,0.5,GR Groff Reorder Procedure,SAP only,22297,94.41788042353906,0.1496282527881041,0.9802130898021308,1.0,1.7412439466722314,45.69640062597809,80,21050.105418367028,639
2.0,2.0,Per period 7d,Both,22297,105.11077336991431,0.14021840148698886,0.9702572347266881,1.0,2.67031277522237,47.41001564945227,83,32281.729120074895,639
2.0,2.0,Per period 14d,Both,22297,96.07004121691539,0.09119423791821561,0.9861809045226131,1.0,6.046946820022422,26.275430359937403,46,73102.26017669647,639
2.0,2.0,Per period 28d,Both,22297,128.4338289126402,0.04565520446096654,0.9924242424242424,1.0,12.853987886646072,12.566510172143975,22,155393.39021245466,639
2.0,2.0,Per period 56d,Both,22297,230.51868263995115,0.02474442379182156,1.0,1.0,26.511218438476465,6.283255086071987,11,320497.2766543287,639
2.0,2.0,SP Part Period Balancing,SAP only,22297,88.00881334097123,0.07307156133828996,0.9936808846761453,1.0,6.643401140101663,18.849765258215964,33,80312.867477818,639
2.0,2.0,WI Sliding Economic Lot Size,SAP only,22297,99.2974089373413,0.08236524163568773,0.9929971988795518,1.0,8.248261630148296,17.70735524256651,31,99714.2170485183,639
2.0,2.0,DY Dynamic Planning Calculation,SAP only,22297,153.67349623301612,0.03055297397769517,1.0,1.0,16.868334504232763,7.996870109546166,14,203923.30450020352,639
2.0,2.0,GR Groff Reorder Procedure,SAP only,22297,81.40350825987906,0.09526022304832714,0.9903381642512077,1.0,3.913363889212256,27.98904538341158,49,47309.12205942343,639
1.0,1.0,Per period 7d,Both,20671,32.013809949023056,0.042983271375464684,0.8390022675736961,1.0,2.147804082207612,17.70735524256651,31,1480.1625255736662,639
1.0,1.0,Per period 14d,Both,20671,19.557006079768858,0.03427044609665428,0.921875,1.0,5.4171377008574995,9.710485133020343,17,3733.22887646253,639
1.0,1.0,Per period 28d,Both,20671,16.25774028696356,0.020678438661710038,0.9834254143646409,1.0,13.257317258216872,5.712050078247262,10,9136.300818966798,639
1.0,1.0,Per period 56d,Both,20671,17.004776183094847,0.011152416356877323,0.9696969696969697,1.0,27.551230288441506,2.2848200312989047,4,18986.973227318478,639
1.0,1.0,SP Part Period Balancing,SAP only,20671,14.546571264502877,0.015102230483271376,0.948905109489051,1.0,13.869219275182433,4.569640062597809,8,9557.9940461742,639
1.0,1.0,WI Sliding Economic Lot Size,SAP only,20671,16.56384851397072,0.015218401486988848,0.9776119402985075,1.0,18.14291605190742,4.569640062597809,8,12503.218830397247,639
1.0,1.0,DY Dynamic Planning Calculation,SAP only,20671,21.406786127317773,0.006157063197026022,1.0,1.0,38.99564254885444,1.7136150234741785,3,26873.907745883946,639
1.0,1.0,GR Groff Reorder Procedure,SAP only,20671,17.18314451160237,0.024860594795539034,0.9427312775330396,1.0,6.743641431872385,7.996870109546166,14,4647.390986939464,639
0.5,0.5,Per period 7d,Both,20671,32.013809949023056,0.042983271375464684,0.8390022675736961,1.0,2.147804082207612,17.70735524256651,31,1480.1625255736662,639
0.5,0.5,Per period 14d,Both,20671,19.557006079768858,0.03427044609665428,0.921875,1.0,5.4171377008574995,9.710485133020343,17,3733.22887646253,639
0.5,0.5,Per period 28d,Both,20671,16.25774028696356,0.020678438661710038,0.9834254143646409,1.0,13.257317258216872,5.712050078247262,10,9136.300818966798,639
0.5,0.5,Per period 56d,Both,20671,17.004776183094847,0.011152416356877323,0.9696969696969697,1.0,27.551230288441506,2.2848200312989047,4,18986.973227318478,639
0.5,0.5,SP Part Period Balancing,SAP only,20671,14.548519534422255,0.02404739776951673,0.9764150943396226,1.0,9.636252665943195,5.712050078247262,10,6640.838520256491,639
0.5,0.5,WI Sliding Economic Lot Size,SAP only,20671,16.36861614742754,0.023350371747211895,0.9804878048780488,0.9996430969714253,13.492212985914458,5.712050078247262,10,9298.179575244212,639
0.5,0.5,DY Dynamic Planning Calculation,SAP only,20671,15.723464563160753,0.01324349442379182,1.0,1.0,20.599617218278762,3.427230046948357,6,14196.2582622147,639
0.5,0.5,GR Groff Reorder Procedure,SAP only,20671,23.124981502650897,0.03566449814126394,0.9746031746031746,1.0,4.501873305156775,11.995305164319248,21,3102.4729938703085,639
2.0,2.0,Per period 7d,Both,20671,32.013809949023056,0.042983271375464684,0.8390022675736961,1.0,2.147804082207612,17.70735524256651,31,1480.1625255736662,639
2.0,2.0,Per period 14d,Both,20671,19.557006079768858,0.03427044609665428,0.921875,1.0,5.4171377008574995,9.710485133020343,17,3733.22887646253,639
2.0,2.0,Per period 28d,Both,20671,16.25774028696356,0.020678438661710038,0.9834254143646409,1.0,13.257317258216872,5.712050078247262,10,9136.300818966798,639
2.0,2.0,Per period 56d,Both,20671,17.004776183094847,0.011152416356877323,0.9696969696969697,1.0,27.551230288441506,2.2848200312989047,4,18986.973227318478,639
2.0,2.0,SP Part Period Balancing,SAP only,20671,14.829326588403475,0.011617100371747211,0.970873786407767,1.0,18.705343844762236,3.427230046948357,6,12890.816819069074,639
2.0,2.0,WI Sliding Economic Lot Size,SAP only,20671,19.485895998870806,0.008828996282527882,0.987012987012987,1.0,32.80759936817382,2.2848200312989047,4,22609.408158351376,639
2.0,2.0,DY Dynamic Planning Calculation,SAP only,20671,25.69078070117217,0.0055762081784386614,1.0,1.0,48.07148663851475,1.7136150234741785,3,33128.53982371137,639
2.0,2.0,GR Groff Reorder Procedure,SAP only,20671,16.33188454828277,0.02404739776951673,0.9904306220095693,1.0,9.177301253967268,6.854460093896714,12,6324.551440492844,639
1.0,1.0,Per period 7d,Both,22846,104.27466731969534,0.06366171003717472,0.7942028985507247,1.0,7.595339696763062,29.70266040688576,52,5628.393383978997,639
1.0,1.0,Per period 14d,Both,22846,109.9811026953233,0.042867100371747215,0.8848920863309353,0.9995422005045649,11.620994937710348,17.136150234741784,30,8611.534655986135,639
1.0,1.0,Per period 28d,Both,22846,154.62479024404075,0.028810408921933085,0.9538461538461539,1.0,20.287029384751698,8.568075117370892,15,15033.347622145979,639
1.0,1.0,Per period 56d,Both,22846,237.30880154324277,0.016031598513011152,0.9787234042553191,1.0,33.31782548757318,4.569640062597809,8,24689.59072663233,639
1.0,1.0,SP Part Period Balancing,SAP only,22846,97.08951653081843,0.06552044609665428,0.9415692821368948,1.0,8.73081195284564,21.134585289514867,37,6469.815201695788,639
1.0,1.0,WI Sliding Economic Lot Size,SAP only,22846,120.31173608679015,0.06714684014869889,0.9429037520391517,1.0,12.395518688564412,19.992175273865413,35,9185.481909049675,639
1.0,1.0,DY Dynamic Planning Calculation,SAP only,22846,107.74187794668656,0.04112453531598513,0.954177897574124,1.0,12.02212663181144,14.280125195618153,25,8908.786268596044,639
1.0,1.0,GR Groff Reorder Procedure,SAP only,22846,97.39126501774022,0.07005111524163568,0.8854625550660793,0.999983890035166,7.031093931559927,27.98904538341158,49,5210.268947337811,639
0.5,0.5,Per period 7d,Both,22846,104.27466731969534,0.06366171003717472,0.7942028985507247,1.0,7.595339696763062,29.70266040688576,52,5628.393383978997,639
0.5,0.5,Per period 14d,Both,22846,109.9811026953233,0.042867100371747215,0.8848920863309353,0.9995422005045649,11.620994937710348,17.136150234741784,30,8611.534655986135,639
0.5,0.5,Per period 28d,Both,22846,154.62479024404075,0.028810408921933085,0.9538461538461539,1.0,20.287029384751698,8.568075117370892,15,15033.347622145979,639
0.5,0.5,Per period 56d,Both,22846,237.30880154324277,0.016031598513011152,0.9787234042553191,1.0,33.31782548757318,4.569640062597809,8,24689.59072663233,639
0.5,0.5,SP Part Period Balancing,SAP only,22846,100.02193242159063,0.08224907063197026,0.9206762028608583,0.9996692200798076,7.268024619017714,28.560250391236305,50,5385.842281380701,639
0.5,0.5,WI Sliding Economic Lot Size,SAP only,22846,108.85137951770739,0.08980018587360594,0.9169632265717675,1.0,8.841508175021918,27.417840375586856,48,6551.844697334274,639
0.5,0.5,DY Dynamic Planning Calculation,SAP only,22846,96.21768259876178,0.05971189591078067,0.9311594202898551,1.0,8.4588405506567,21.705790297339593,38,6268.275560043672,639
0.5,0.5,GR Groff Reorder Procedure,SAP only,22846,104.21881017223565,0.08619888475836432,0.8422247446083996,0.9999113661747399,6.134256252463405,35.41471048513302,62,4545.683101140416,639
2.0,2.0,Per period 7d,Both,22846,104.27466731969534,0.06366171003717472,0.7942028985507247,1.0,7.595339696763062,29.70266040688576,52,5628.393383978997,639
2.0,2.0,Per period 14d,Both,22846,109.9811026953233,0.042867100371747215,0.8848920863309353,0.9995422005045649,11.620994937710348,17.136150234741784,30,8611.534655986135,639
2.0,2.0,Per period 28d,Both,22846,154.62479024404075,0.028810408921933085,0.9538461538461539,1.0,20.287029384751698,8.568075117370892,15,15033.347622145979,639
2.0,2.0,Per period 56d,Both,22846,237.30880154324277,0.016031598513011152,0.9787234042553191,1.0,33.31782548757318,4.569640062597809,8,24689.59072663233,639
2.0,2.0,SP Part Period Balancing,SAP only,22846,105.44234868713463,0.05425185873605948,0.9749478079331941,1.0,10.961528694120322,17.136150234741784,30,8122.848752449598,639
2.0,2.0,WI Sliding Economic Lot Size,SAP only,22846,116.35849050769443,0.04948884758364312,0.9181034482758621,1.0,12.983498987093547,15.422535211267606,27,9621.19440569571,639
2.0,2.0,DY Dynamic Planning Calculation,SAP only,22846,150.0652089468319,0.02648698884758364,0.9743589743589743,1.0,19.624537003585246,8.568075117370892,15,14542.4192523875,639
2.0,2.0,GR Groff Reorder Procedure,SAP only,22846,97.98627530496455,0.0625,0.9196581196581196,0.999983890035166,8.279921062862314,23.419405320813773,41,6135.690408941609,639
1.0,1.0,Per period 7d,Both,22227,87.06028380853235,0.13255111524163568,0.9253852392538524,1.0,2.67129739424373,46.838810641627546,82,14207.719923956218,639
1.0,1.0,Per period 14d,Both,22227,56.82084456154125,0.08317843866171004,0.984869325997249,0.9999600125075343,5.712267330149054,26.275430359937403,46,30381.60203817351,639
1.0,1.0,Per period 28d,Both,22227,48.80248080828913,0.047978624535315983,0.9927884615384616,1.0,13.093100083091773,13.708920187793428,24,69637.7345771195,639
1.0,1.0,Per period 56d,Both,22227,57.96299942714995,0.025557620817843865,1.0,1.0,24.263627347214385,6.854460093896714,12,129049.95993007487,639
1.0,1.0,SP Part Period Balancing,SAP only,22227,43.15729341684799,0.05343866171003717,0.989247311827957,1.0,10.640929919511665,13.137715179968701,23,56595.477670380904,639
1.0,1.0,WI Sliding Economic Lot Size,SAP only,22227,47.01888854138808,0.051812267657992565,0.9933184855233853,1.0,12.67944581785217,13.137715179968701,23,67437.64859697424,639
1.0,1.0,DY Dynamic Planning Calculation,SAP only,22227,60.6892038499849,0.023815055762081785,1.0,1.0,26.758565978540652,5.712050078247262,10,142319.6877326499,639
1.0,1.0,GR Groff Reorder Procedure,SAP only,22227,49.13266755680999,0.07202602230483271,0.9872611464968153,1.0,5.8768770607973915,21.705790297339593,38,31257.105063351126,639
0.5,0.5,Per period 7d,Both,22227,87.06028380853235,0.13255111524163568,0.9253852392538524,1.0,2.67129739424373,46.838810641627546,82,14207.719923956218,639
0.5,0.5,Per period 14d,Both,22227,56.82084456154125,0.08317843866171004,0.984869325997249,0.9999600125075343,5.712267330149054,26.275430359937403,46,30381.60203817351,639
0.5,0.5,Per period 28d,Both,22227,48.80248080828913,0.047978624535315983,0.9927884615384616,1.0,13.093100083091773,13.708920187793428,24,69637.7345771195,639
0.5,0.5,Per period 56d,Both,22227,57.96299942714995,0.025557620817843865,1.0,1.0,24.263627347214385,6.854460093896714,12,129049.95993007487,639
0.5,0.5,SP Part Period Balancing,SAP only,22227,47.418157630666386,0.0695864312267658,0.9933665008291874,1.0,7.083375334385967,19.420970266040687,34,37674.057963024854,639
0.5,0.5,WI Sliding Economic Lot Size,SAP only,22227,49.79467233307644,0.0758596654275093,0.9969465648854962,1.0,9.393714588620034,18.278560250391237,32,49961.96462748386,639
0.5,0.5,DY Dynamic Planning Calculation,SAP only,22227,46.781021762976536,0.03357342007434944,0.9897260273972602,1.0,15.19335107439553,10.28169014084507,18,80808.25341143413,639
0.5,0.5,GR Groff Reorder Procedure,SAP only,22227,56.99324168673678,0.09200743494423792,0.974169741697417,1.0,3.691695762913089,28.560250391236305,50,19634.87088968404,639
2.0,2.0,Per period 7d,Both,22227,87.06028380853235,0.13255111524163568,0.9253852392538524,1.0,2.67129739424373,46.838810641627546,82,14207.719923956218,639
2.0,2.0,Per period 14d,Both,22227,56.82084456154125,0.08317843866171004,0.984869325997249,0.9999600125075343,5.712267330149054,26.275430359937403,46,30381.60203817351,639
2.0,2.0,Per period 28d,Both,22227,48.80248080828913,0.047978624535315983,0.9927884615384616,1.0,13.093100083091773,13.708920187793428,24,69637.7345771195,639
2.0,2.0,Per period 56d,Both,22227,57.96299942714995,0.025557620817843865,1.0,1.0,24.263627347214385,6.854460093896714,12,129049.95993007487,639
2.0,2.0,SP Part Period Balancing,SAP only,22227,48.95059855297383,0.041473048327137545,0.9916666666666667,1.0,16.33865933081373,10.28169014084507,18,86899.75747565729,639
2.0,2.0,WI Sliding Economic Lot Size,SAP only,22227,52.22060869351012,0.038452602230483274,1.0,1.0,18.592775383074674,9.710485133020343,17,98888.63210100919,639
2.0,2.0,DY Dynamic Planning Calculation,SAP only,22227,86.61301152152876,0.01486988847583643,0.9922480620155039,1.0,42.555187765655305,3.427230046948357,6,226336.53234890767,639
2.0,2.0,GR Groff Reorder Procedure,SAP only,22227,45.457282741094474,0.05401951672862453,0.9935897435897436,1.0,8.159818830467929,17.136150234741784,30,43399.29384999602,639
1.0,1.0,Per period 7d,Both,21651,39.603037475458024,0.04821096654275093,0.8592132505175983,1.0,2.9243885238393257,20.56338028169014,36,3985.177813764177,639
1.0,1.0,Per period 14d,Both,21651,29.922629398066256,0.03427044609665428,0.8912386706948641,1.0,7.242010440332527,11.995305164319248,21,9868.968879679345,639
1.0,1.0,Per period 28d,Both,21651,27.422912407028974,0.01974907063197026,0.9392265193370166,1.0,12.517934757689739,6.854460093896714,12,17058.675844138106,639
1.0,1.0,Per period 56d,Both,21651,35.60409535330541,0.013011152416356878,0.9824561403508771,1.0,24.028025603271328,3.427230046948357,6,32743.923648352957,639
1.0,1.0,SP Part Period Balancing,SAP only,21651,23.12240996548826,0.026022304832713755,0.9824561403508771,1.0,9.027452054568272,6.854460093896714,12,12302.059507282467,639
1.0,1.0,WI Sliding Economic Lot Size,SAP only,21651,25.37428388535462,0.03008828996282528,0.9847908745247148,1.0,10.043529669493873,7.42566510172144,13,13686.707933801323,639
1.0,1.0,DY Dynamic Planning Calculation,SAP only,21651,24.57036934754123,0.01370817843866171,0.9915966386554622,1.0,15.07255347004227,3.427230046948357,6,20539.953975310757,639
1.0,1.0,GR Groff Reorder Procedure,SAP only,21651,28.507806597045512,0.042053903345724904,0.9551451187335093,1.0,4.470385477153242,13.137715179968701,23,6091.967902792764,639
0.5,0.5,Per period 7d,Both,21651,39.603037475458024,0.04821096654275093,0.8592132505175983,1.0,2.9243885238393257,20.56338028169014,36,3985.177813764177,639
0.5,0.5,Per period 14d,Both,21651,29.922629398066256,0.03427044609665428,0.8912386706948641,1.0,7.242010440332527,11.995305164319248,21,9868.968879679345,639
0.5,0.5,Per period 28d,Both,21651,27.422912407028974,0.01974907063197026,0.9392265193370166,1.0,12.517934757689739,6.854460093896714,12,17058.675844138106,639
0.5,0.5,Per period 56d,Both,21651,35.60409535330541,0.013011152416356878,0.9824561403508771,1.0,24.028025603271328,3.427230046948357,6,32743.923648352957,639
0.5,0.5,SP Part Period Balancing,SAP only,21651,23.31134685319342,0.03217936802973978,0.9719298245614035,1.0,5.122575169746749,9.710485133020343,17,6980.732125501813,639
0.5,0.5,WI Sliding Economic Lot Size,SAP only,21651,27.16837038818786,0.034502788104089216,0.9737704918032787,1.0,8.253110291500393,9.710485133020343,17,11246.833914207784,639
0.5,0.5,DY Dynamic Planning Calculation,SAP only,21651,21.596837442950864,0.022188661710037173,1.0,1.0,8.600873573544218,6.283255086071987,11,11720.744444475959,639
0.5,0.5,GR Groff Reorder Procedure,SAP only,21651,34.16941418553332,0.04960501858736059,0.9426048565121413,1.0,2.5724402076303625,17.70735524256651,31,3505.5641749080696,639
2.0,2.0,Per period 7d,Both,21651,39.603037475458024,0.04821096654275093,0.8592132505175983,1.0,2.9243885238393257,20.56338028169014,36,3985.177813764177,639
2.0,2.0,Per period 14d,Both,21651,29.922629398066256,0.03427044609665428,0.8912386706948641,1.0,7.242010440332527,11.995305164319248,21,9868.968879679345,639
2.0,2.0,Per period 28d,Both,21651,27.422912407028974,0.01974907063197026,0.9392265193370166,1.0,12.517934757689739,6.854460093896714,12,17058.675844138106,639
2.0,2.0,Per period 56d,Both,21651,35.60409535330541,0.013011152416356878,0.9824561403508771,1.0,24.028025603271328,3.427230046948357,6,32743.923648352957,639
2.0,2.0,SP Part Period Balancing,SAP only,21651,24.829819483697634,0.020562267657992565,1.0,1.0,12.8481989842997,5.140845070422535,9,17508.739731968595,639
2.0,2.0,WI Sliding Economic Lot Size,SAP only,21651,29.20839403940126,0.023234200743494422,0.9852216748768473,1.0,14.778757903316121,6.283255086071987,11,20139.587346610482,639
2.0,2.0,DY Dynamic Planning Calculation,SAP only,21651,34.9966889864302,0.009642193308550186,0.9880952380952381,1.0,24.346672390339943,2.856025039123631,5,33178.156000142495,639
2.0,2.0,GR Groff Reorder Procedure,SAP only,21651,26.103901575913923,0.03322490706319703,0.959731543624161,1.0,6.577493830788828,10.28169014084507,18,8963.406288510854,639
1.0,1.0,Per period 7d,Both,37413,38.444850510863134,0.03554832713754647,0.788659793814433,0.9999664603087058,7.287809425312824,17.136150234741784,30,39517.56969826977,639
1.0,1.0,Per period 14d,Both,37413,30.705261150925388,0.023931226765799257,0.8995633187772926,0.9999762940397872,7.512540829931082,12.566510172143975,22,40736.15794984317,639
1.0,1.0,Per period 28d,Both,37413,23.680266930301013,0.020213754646840148,0.9560439560439561,1.0,9.216948233646017,7.42566510172144,13,49978.172173844476,639
1.0,1.0,Per period 56d,Both,37413,19.540068921768075,0.012197955390334572,0.9905660377358491,1.0,9.958947520579034,4.569640062597809,8,54001.60456981213,639
1.0,1.0,SP Part Period Balancing,SAP only,37413,17.127461567725522,0.010339219330855019,1.0,1.0,10.465860657296075,2.856025039123631,5,56750.30092589506,639
1.0,1.0,WI Sliding Economic Lot Size,SAP only,37413,19.51723209755578,0.012197955390334572,0.9905660377358491,1.0,10.802228167573745,3.998435054773083,7,58574.22712317768,639
1.0,1.0,DY Dynamic Planning Calculation,SAP only,37413,18.844143404179512,0.006505576208178439,1.0,1.0,12.810326017318411,2.2848200312989047,4,69462.9787503272,639
1.0,1.0,GR Groff Reorder Procedure,SAP only,37413,22.286188887875575,0.018006505576208177,0.9810126582278481,1.0,8.01387482410009,7.42566510172144,13,43454.601847110054,639
0.5,0.5,Per period 7d,Both,37413,38.444850510863134,0.03554832713754647,0.788659793814433,0.9999664603087058,7.287809425312824,17.136150234741784,30,39517.56969826977,639
0.5,0.5,Per period 14d,Both,37413,30.705261150925388,0.023931226765799257,0.8995633187772926,0.9999762940397872,7.512540829931082,12.566510172143975,22,40736.15794984317,639
0.5,0.5,Per period 28d,Both,37413,23.680266930301013,0.020213754646840148,0.9560439560439561,1.0,9.216948233646017,7.42566510172144,13,49978.172173844476,639
0.5,0.5,Per period 56d,Both,37413,19.540068921768075,0.012197955390334572,0.9905660377358491,1.0,9.958947520579034,4.569640062597809,8,54001.60456981213,639
0.5,0.5,SP Part Period Balancing,SAP only,37413,19.22288134862398,0.01428903345724907,0.9919354838709677,1.0,9.685218271946619,4.569640062597809,8,52517.32938779169,639
0.5,0.5,WI Sliding Economic Lot Size,SAP only,37413,20.743165924296964,0.013475836431226766,0.9914529914529915,1.0,11.860195041687309,3.998435054773083,7,64310.968748312705,639
0.5,0.5,DY Dynamic Planning Calculation,SAP only,37413,18.844143404179512,0.006970260223048327,1.0,1.0,12.810326017318411,2.2848200312989047,4,69462.9787503272,639
0.5,0.5,GR Groff Reorder Procedure,SAP only,37413,23.991010247288898,0.02137546468401487,0.9735449735449735,0.9999448161771928,7.759139032595979,8.568075117370892,15,42073.31718282624,639
2.0,2.0,Per period 7d,Both,37413,38.444850510863134,0.03554832713754647,0.788659793814433,0.9999664603087058,7.287809425312824,17.136150234741784,30,39517.56969826977,639
2.0,2.0,Per period 14d,Both,37413,30.705261150925388,0.023931226765799257,0.8995633187772926,0.9999762940397872,7.512540829931082,12.566510172143975,22,40736.15794984317,639
2.0,2.0,Per period 28d,Both,37413,23.680266930301013,0.020213754646840148,0.9560439560439561,1.0,9.216948233646017,7.42566510172144,13,49978.172173844476,639
2.0,2.0,Per period 56d,Both,37413,19.540068921768075,0.012197955390334572,0.9905660377358491,1.0,9.958947520579034,4.569640062597809,8,54001.60456981213,639
2.0,2.0,SP Part Period Balancing,SAP only,37413,18.14021425666199,0.007318773234200744,1.0,0.9999966657076677,12.202843212331933,2.2848200312989047,4,66168.9513292516,639
2.0,2.0,WI Sliding Economic Lot Size,SAP only,37413,19.720303292225125,0.009758364312267658,1.0,1.0,11.840464851639982,3.427230046948357,6,64203.98335464321,639
2.0,2.0,DY Dynamic Planning Calculation,SAP only,37413,25.114899934776833,0.0034851301115241635,1.0,1.0,19.947894328399634,1.1424100156494523,2,108165.87789991722,639
2.0,2.0,GR Groff Reorder Procedure,SAP only,37413,20.53744623637847,0.015450743494423791,0.9851851851851852,1.0,9.09369560792345,5.712050078247262,10,49309.84456766848,639
1.0,1.0,Per period 7d,Both,85135C,36.92111315084964,0.021723977695167287,0.4506024096385542,0.99975543270781,6.0766498395315525,18.278560250391237,32,1129.689496893156,639
1.0,1.0,Per period 14d,Both,85135C,28.606216161742395,0.018935873605947954,0.5699300699300699,0.997784923047602,8.157435350217828,12.566510172143975,22,1516.5213201484116,639
1.0,1.0,Per period 28d,Both,85135C,28.216058294632273,0.019400557620817844,0.7076271186440678,0.9984427373100333,15.08453603895876,9.139280125195619,16,2804.3152688935716,639
1.0,1.0,Per period 56d,Both,85135C,31.839236431253997,0.01312732342007435,0.8692307692307693,0.9995111852201255,26.967352403298978,5.712050078247262,10,5013.4096210111375,639
1.0,1.0,SP Part Period Balancing,SAP only,85135C,25.661591428711237,0.01928438661710037,0.8601036269430051,0.9999380049756544,18.104309832252728,6.283255086071987,11,3365.7112399242774,639
1.0,1.0,WI Sliding Economic Lot Size,SAP only,85135C,33.676105653503285,0.018355018587360595,0.8977272727272727,1.0,29.235540661212628,5.712050078247262,10,5435.080857565219,639
1.0,1.0,DY Dynamic Planning Calculation,SAP only,85135C,28.34447715606037,0.013475836431226766,0.9666666666666667,1.0,26.35641768628419,3.998435054773083,7,4899.832806265431,639
1.0,1.0,GR Groff Reorder Procedure,SAP only,85135C,26.197789088631524,0.02462825278810409,0.7090301003344481,0.9976390991489301,7.653104677014141,11.424100156494523,20,1422.7629039940293,639
0.5,0.5,Per period 7d,Both,85135C,36.92111315084964,0.021723977695167287,0.4506024096385542,0.99975543270781,6.0766498395315525,18.278560250391237,32,1129.689496893156,639
0.5,0.5,Per period 14d,Both,85135C,28.606216161742395,0.018935873605947954,0.5699300699300699,0.997784923047602,8.157435350217828,12.566510172143975,22,1516.5213201484116,639
0.5,0.5,Per period 28d,Both,85135C,28.216058294632273,0.019400557620817844,0.7076271186440678,0.9984427373100333,15.08453603895876,9.139280125195619,16,2804.3152688935716,639
0.5,0.5,Per period 56d,Both,85135C,31.839236431253997,0.01312732342007435,0.8692307692307693,0.9995111852201255,26.967352403298978,5.712050078247262,10,5013.4096210111375,639
0.5,0.5,SP Part Period Balancing,SAP only,85135C,25.046973010486543,0.022188661710037173,0.8451327433628318,1.0,12.406123383163859,8.568075117370892,15,2306.3805967469107,639
0.5,0.5,WI Sliding Economic Lot Size,SAP only,85135C,31.188090605556898,0.02427973977695167,0.8636363636363636,0.9996130337199619,19.98924941679016,8.568075117370892,15,3716.1340069360167,639
0.5,0.5,DY Dynamic Planning Calculation,SAP only,85135C,25.541590762510406,0.015799256505576207,0.9066666666666666,1.0,20.425755671813995,5.140845070422535,9,3797.2834140354075,639
0.5,0.5,GR Groff Reorder Procedure,SAP only,85135C,29.266948239740035,0.02253717472118959,0.5791044776119403,0.9997547404392252,6.503691176113575,13.708920187793428,24,1209.079312896297,639
2.0,2.0,Per period 7d,Both,85135C,36.92111315084964,0.021723977695167287,0.4506024096385542,0.99975543270781,6.0766498395315525,18.278560250391237,32,1129.689496893156,639
2.0,2.0,Per period 14d,Both,85135C,28.606216161742395,0.018935873605947954,0.5699300699300699,0.997784923047602,8.157435350217828,12.566510172143975,22,1516.5213201484116,639
2.0,2.0,Per period 28d,Both,85135C,28.216058294632273,0.019400557620817844,0.7076271186440678,0.9984427373100333,15.08453603895876,9.139280125195619,16,2804.3152688935716,639
2.0,2.0,Per period 56d,Both,85135C,31.839236431253997,0.01312732342007435,0.8692307692307693,0.9995111852201255,26.967352403298978,5.712050078247262,10,5013.4096210111375,639
2.0,2.0,SP Part Period Balancing,SAP only,85135C,28.658314778997738,0.016263940520446097,0.9090909090909091,1.0,24.27432405748137,5.140845070422535,9,4512.757795178725,639
2.0,2.0,WI Sliding Economic Lot Size,SAP only,85135C,39.97892313348644,0.012430297397769517,0.8916666666666667,1.0,40.722771824993316,3.998435054773083,7,7570.63329793871,639
2.0,2.0,DY Dynamic Planning Calculation,SAP only,85135C,51.4805002079181,0.008248141263940521,0.9466666666666667,0.9992150288172071,57.39468194935266,2.856025039123631,5,10670.051934522078,639
2.0,2.0,GR Groff Reorder Procedure,SAP only,85135C,24.907319365952073,0.02404739776951673,0.7638376383763837,0.9976390991489301,8.52924121638192,10.28169014084507,18,1585.642495957551,639
1.0,1.0,Per period 7d,Both,20700,30.976361986633837,0.01475371747211896,0.39937106918238996,0.9999315592385236,8.468437927216073,13.708920187793428,24,3082.7749698805696,639
1.0,1.0,Per period 14d,Both,20700,24.65064389133589,0.013011152416356878,0.5022421524663677,1.0,9.286932504526494,9.710485133020343,17,3380.7324701423713,639
1.0,1.0,Per period 28d,Both,20700,204.4910068989213,0.00023234200743494423,1.0,1.0,248.22671213381238,0.0,0,90362.24881126668,639
1.0,1.0,Per period 56d,Both,20700,181.27679371997027,0.00011617100371747211,1.0,1.0,220.0475374132695,0.0,0,80104.1521886067,639
1.0,1.0,SP Part Period Balancing,SAP only,20700,15.829907760775265,0.008945167286245352,0.8191489361702128,0.9955896833907003,13.14616440564792,2.856025039123631,5,4785.61299356292,639
1.0,1.0,WI Sliding Economic Lot Size,SAP only,20700,17.15281207280092,0.010339219330855019,0.89,1.0,14.752006113904987,2.856025039123631,5,5370.189354203796,639
1.0,1.0,DY Dynamic Planning Calculation,SAP only,20700,17.024512889459416,0.006505576208178439,0.9032258064516129,1.0,17.02401869217432,1.7136150234741785,3,6197.272644857974,639
1.0,1.0,GR Groff Reorder Procedure,SAP only,20700,19.954597660294503,0.011965613382899629,0.6358024691358025,0.9957492495459128,9.655894669921727,6.854460093896714,12,3515.0461816071356,639
0.5,0.5,Per period 7d,Both,20700,30.976361986633837,0.01475371747211896,0.39937106918238996,0.9999315592385236,8.468437927216073,13.708920187793428,24,3082.7749698805696,639
0.5,0.5,Per period 14d,Both,20700,24.65064389133589,0.013011152416356878,0.5022421524663677,1.0,9.286932504526494,9.710485133020343,17,3380.7324701423713,639
0.5,0.5,Per period 28d,Both,20700,204.4910068989213,0.00023234200743494423,1.0,1.0,248.22671213381238,0.0,0,90362.24881126668,639
0.5,0.5,Per period 56d,Both,20700,181.27679371997027,0.00011617100371747211,1.0,1.0,220.0475374132695,0.0,0,80104.1521886067,639
0.5,0.5,SP Part Period Balancing,SAP only,20700,16.273443504035185,0.011268587360594795,0.7698412698412699,1.0,11.25680990119599,3.998435054773083,7,4097.829151298842,639
0.5,0.5,WI Sliding Economic Lot Size,SAP only,20700,17.118362629493582,0.011268587360594795,0.8818181818181818,0.9968248910599824,12.282436894343823,3.998435054773083,7,4471.18929753651,639
0.5,0.5,DY Dynamic Planning Calculation,SAP only,20700,16.17420431317938,0.008015799256505576,0.92,1.0,14.777973639689368,2.2848200312989047,4,5379.642341780235,639
0.5,0.5,GR Groff Reorder Procedure,SAP only,20700,22.630261721328328,0.016147769516728624,0.6682692307692307,0.9957492495459128,9.262191078857686,8.568075117370892,15,3371.725821168086,639
2.0,2.0,Per period 7d,Both,20700,30.976361986633837,0.01475371747211896,0.39937106918238996,0.9999315592385236,8.468437927216073,13.708920187793428,24,3082.7749698805696,639
2.0,2.0,Per period 14d,Both,20700,24.65064389133589,0.013011152416356878,0.5022421524663677,1.0,9.286932504526494,9.710485133020343,17,3380.7324701423713,639
2.0,2.0,Per period 28d,Both,20700,204.4910068989213,0.00023234200743494423,1.0,1.0,248.22671213381238,0.0,0,90362.24881126668,639
2.0,2.0,Per period 56d,Both,20700,181.27679371997027,0.00011617100371747211,1.0,1.0,220.0475374132695,0.0,0,80104.1521886067,639
2.0,2.0,SP Part Period Balancing,SAP only,20700,39.37898022801499,0.004414498141263941,0.9743589743589743,0.9993144899341246,45.373444561800355,1.1424100156494523,2,16517.345984534466,639
2.0,2.0,WI Sliding Economic Lot Size,SAP only,20700,17.336218842513084,0.007783457249070632,0.8701298701298701,1.0,16.188515112600204,2.2848200312989047,4,5893.123338398638,639
2.0,2.0,DY Dynamic Planning Calculation,SAP only,20700,128.32047235877928,0.00011617100371747211,1.0,1.0,155.76513332355034,0.0,0,56703.35642972692,639
2.0,2.0,GR Groff Reorder Procedure,SAP only,20700,20.8183610857633,0.013475836431226766,0.7435897435897436,1.0,10.704396305358143,6.854460093896714,12,3896.7334095685283,639
1.0,1.0,Per period 7d,Both,21824,43.4133820350788,0.04821096654275093,0.8867521367521367,1.0,4.369039376433771,19.992175273865413,35,10589.25669932331,639
1.0,1.0,Per period 14d,Both,21824,39.24238216729708,0.03171468401486989,0.934931506849315,1.0,9.47320419738051,11.995305164319248,21,22960.239624356676,639
1.0,1.0,Per period 28d,Both,21824,41.10855306869516,0.018006505576208177,0.9281437125748503,0.9999400741935459,15.635264555455677,6.283255086071987,11,37895.24782784047,639
1.0,1.0,Per period 56d,Both,21824,68.84212466026045,0.010803903345724907,0.9789473684210527,0.9998817026030269,32.11439545196802,3.998435054773083,7,77835.77758963816,639
1.0,1.0,SP Part Period Balancing,SAP only,21824,31.047561951347532,0.031598513011152414,0.9890909090909091,1.0,7.294848974221743,9.710485133020343,17,17680.55211117879,639
1.0,1.0,WI Sliding Economic Lot Size,SAP only,21824,40.95211917404764,0.03310873605947955,0.986159169550173,1.0,12.957546768035389,9.139280125195619,16,31405.25344319789,639
1.0,1.0,DY Dynamic Planning Calculation,SAP only,21824,36.597344043460694,0.01638011152416357,1.0,1.0,14.331202637435034,5.140845070422535,9,34734.58819263156,639
1.0,1.0,GR Groff Reorder Procedure,SAP only,21824,32.572961977545155,0.03775557620817844,0.9730538922155688,1.0,4.451908673158634,13.708920187793428,24,10790.107316565456,639
0.5,0.5,Per period 7d,Both,21824,43.4133820350788,0.04821096654275093,0.8867521367521367,1.0,4.369039376433771,19.992175273865413,35,10589.25669932331,639
0.5,0.5,Per period 14d,Both,21824,39.24238216729708,0.03171468401486989,0.934931506849315,1.0,9.47320419738051,11.995305164319248,21,22960.239624356676,639
0.5,0.5,Per period 28d,Both,21824,41.10855306869516,0.018006505576208177,0.9281437125748503,0.9999400741935459,15.635264555455677,6.283255086071987,11,37895.24782784047,639
0.5,0.5,Per period 56d,Both,21824,68.84212466026045,0.010803903345724907,0.9789473684210527,0.9998817026030269,32.11439545196802,3.998435054773083,7,77835.77758963816,639
0.5,0.5,SP Part Period Balancing,SAP only,21824,30.3779103736196,0.041937732342007435,0.9836512261580381,1.0,4.350619068760046,12.566510172143975,22,10544.611332314325,639
0.5,0.5,WI Sliding Economic Lot Size,SAP only,21824,39.63045430438382,0.03938197026022305,0.9741379310344828,1.0,9.67472867835136,11.995305164319248,21,23448.675245172737,639
0.5,0.5,DY Dynamic Planning Calculation,SAP only,21824,29.011735422855697,0.02578996282527881,0.9910714285714286,1.0,7.276244385359724,8.568075117370892,15,17635.460101180448,639
0.5,0.5,GR Groff Reorder Procedure,SAP only,21824,36.347436592164485,0.04914033457249071,0.9570135746606335,1.0,3.2962012535454166,17.136150234741784,30,7989.015021172538,639
2.0,2.0,Per period 7d,Both,21824,43.4133820350788,0.04821096654275093,0.8867521367521367,1.0,4.369039376433771,19.992175273865413,35,10589.25669932331,639
2.0,2.0,Per period 14d,Both,21824,39.24238216729708,0.03171468401486989,0.934931506849315,1.0,9.47320419738051,11.995305164319248,21,22960.239624356676,639
2.0,2.0,Per period 28d,Both,21824,41.10855306869516,0.018006505576208177,0.9281437125748503,0.9999400741935459,15.635264555455677,6.283255086071987,11,37895.24782784047,639
2.0,2.0,Per period 56d,Both,21824,68.84212466026045,0.010803903345724907,0.9789473684210527,0.9998817026030269,32.11439545196802,3.998435054773083,7,77835.77758963816,639
2.0,2.0,SP Part Period Balancing,SAP only,21824,32.725619452080295,0.024512081784386616,0.9906103286384976,1.0,10.243444045611989,7.42566510172144,13,24827.072758652786,639
2.0,2.0,WI Sliding Economic Lot Size,SAP only,21824,46.172577877898604,0.02427973977695167,0.9952380952380953,1.0,17.745698188943624,6.854460093896714,12,43010.31353597583,639
2.0,2.0,DY Dynamic Planning Calculation,SAP only,21824,54.86805874866275,0.01092007434944238,0.9690721649484536,0.9998261418470709,24.857712709867926,3.998435054773083,7,60247.72911469622,639
2.0,2.0,GR Groff Reorder Procedure,SAP only,21824,30.296402657906874,0.031017657992565055,0.967391304347826,1.0,5.34688529065365,11.424100156494523,20,12959.265414262103,639
1.0,1.0,Per period 7d,Both,21768,31.129667108099977,0.027067843866171004,0.8146853146853147,1.0,2.3523870524152706,9.139280125195619,16,1846.9326068416358,639
1.0,1.0,Per period 14d,Both,21768,21.925255859198693,0.01974907063197026,0.9289617486338798,0.9999221313688804,1.8541595977944347,5.712050078247262,10,1455.7586583971645,639
1.0,1.0,Per period 28d,Both,21768,81.64453569043386,0.010687732342007435,0.9484536082474226,1.0,11.761344454755042,3.427230046948357,6,9234.199172912493,639
1.0,1.0,Per period 56d,Both,21768,204.99415271316852,0.004414498141263941,0.926829268292683,1.0,31.561885211791285,1.1424100156494523,2,24780.222655620903,639
1.0,1.0,SP Part Period Balancing,SAP only,21768,19.089464915889046,0.02520910780669145,0.9194915254237288,0.9996309361926364,0.9468006349330296,7.42566510172144,13,743.362774013211,639
1.0,1.0,WI Sliding Economic Lot Size,SAP only,21768,82.37021835068907,0.023815055762081785,0.9234234234234234,1.0,11.096766133494645,6.283255086071987,11,8712.417959197828,639
1.0,1.0,DY Dynamic Planning Calculation,SAP only,21768,21.277084848958204,0.010687732342007435,0.9583333333333334,0.9997553827572061,2.3753078200972997,3.427230046948357,6,1864.9284180166364,639
1.0,1.0,GR Groff Reorder Procedure,SAP only,21768,17.425611468396426,0.02578996282527881,0.8951612903225806,0.9997531557677354,0.6881017964831941,7.42566510172144,13,540.2502294196306,639
0.5,0.5,Per period 7d,Both,21768,31.129667108099977,0.027067843866171004,0.8146853146853147,1.0,2.3523870524152706,9.139280125195619,16,1846.9326068416358,639
0.5,0.5,Per period 14d,Both,21768,21.925255859198693,0.01974907063197026,0.9289617486338798,0.9999221313688804,1.8541595977944347,5.712050078247262,10,1455.7586583971645,639
0.5,0.5,Per period 28d,Both,21768,81.64453569043386,0.010687732342007435,0.9484536082474226,1.0,11.761344454755042,3.427230046948357,6,9234.199172912493,639
0.5,0.5,Per period 56d,Both,21768,204.99415271316852,0.004414498141263941,0.926829268292683,1.0,31.561885211791285,1.1424100156494523,2,24780.222655620903,639
0.5,0.5,SP Part Period Balancing,SAP only,21768,18.792245647549304,0.02950743494423792,0.9202898550724637,0.9996309361926364,0.7451067186569539,7.996870109546166,14,585.0065757041793,639
0.5,0.5,WI Sliding Economic Lot Size,SAP only,21768,60.28569764447727,0.028694237918215612,0.8916967509025271,1.0,7.041099320779391,8.568075117370892,15,5528.18717064689,639
0.5,0.5,DY Dynamic Planning Calculation,SAP only,21768,17.226474600998877,0.016612453531598514,0.934640522875817,1.0,1.4345483767589504,4.569640062597809,8,1126.308772362739,639
0.5,0.5,GR Groff Reorder Procedure,SAP only,21768,17.92354727907566,0.03241171003717472,0.9029126213592233,0.9996101933314326,0.4545582343143269,8.568075117370892,15,356.8878785493697,639
2.0,2.0,Per period 7d,Both,21768,31.129667108099977,0.027067843866171004,0.8146853146853147,1.0,2.3523870524152706,9.139280125195619,16,1846.9326068416358,639
2.0,2.0,Per period 14d,Both,21768,21.925255859198693,0.01974907063197026,0.9289617486338798,0.9999221313688804,1.8541595977944347,5.712050078247262,10,1455.7586583971645,639
2.0,2.0,Per period 28d,Both,21768,81.64453569043386,0.010687732342007435,0.9484536082474226,1.0,11.761344454755042,3.427230046948357,6,9234.199172912493,639
2.0,2.0,Per period 56d,Both,21768,204.99415271316852,0.004414498141263941,0.926829268292683,1.0,31.561885211791285,1.1424100156494523,2,24780.222655620903,639
2.0,2.0,SP Part Period Balancing,SAP only,21768,50.613232532417015,0.01812267657992565,0.9629629629629629,1.0,6.470098034476652,5.140845070422535,9,5079.876212151241,639
2.0,2.0,WI Sliding Economic Lot Size,SAP only,21768,101.43537085929968,0.015218401486988848,0.891156462585034,1.0,14.37201281700424,5.140845070422535,9,11283.91650958006,639
2.0,2.0,DY Dynamic Planning Calculation,SAP only,21768,23.198116794940535,0.00871282527881041,0.9868421052631579,1.0,2.829474966031494,2.856025039123631,5,2221.509240853945,639
2.0,2.0,GR Groff Reorder Procedure,SAP only,21768,17.84031465137357,0.021259293680297397,0.9104477611940298,0.9997531557677354,0.9080623168877991,6.854460093896714,12,712.9481096158372,639
1.0,1.0,Per period 7d,Both,90000D,21.523947845107237,0.004414498141263941,0.2638888888888889,1.0,66.02422767055006,6.283255086071987,11,3082.857916102842,639
1.0,1.0,Per period 14d,Both,90000D,21.523947845107237,0.004763011152416357,0.2847222222222222,1.0,66.02422767055006,6.283255086071987,11,3082.857916102842,639
1.0,1.0,Per period 28d,Both,90000D,19.765309877820982,0.004995353159851301,0.36752136752136755,0.9912110119923788,67.53846377599862,5.140845070422535,9,3153.5618823472373,639
1.0,1.0,Per period 56d,Both,90000D,18.52794695947985,0.007434944237918215,0.7272727272727273,0.9968958434929791,72.32302989610331,3.998435054773083,7,3376.966805947146,639
1.0,1.0,SP Part Period Balancing,SAP only,90000D,18.224207194977055,0.006273234200743495,0.9,0.998107048003094,89.23859259820111,2.2848200312989047,4,4166.802268191513,639
1.0,1.0,WI Sliding Economic Lot Size,SAP only,90000D,17.398816255114458,0.005343866171003717,0.7666666666666667,0.997159870211064,84.06032678647595,2.2848200312989047,4,3925.0143925495795,639
1.0,1.0,DY Dynamic Planning Calculation,SAP only,90000D,19.098964013978286,0.0034851301115241635,0.8333333333333334,0.9976104318088678,107.27399162418986,1.1424100156494523,2,5008.926055459127,639
1.0,1.0,GR Groff Reorder Procedure,SAP only,90000D,20.590226346321366,0.004414498141263941,0.2923076923076923,0.9927270163265194,66.4400399605985,5.712050078247262,10,3102.2733679031285,639
0.5,0.5,Per period 7d,Both,90000D,21.523947845107237,0.004414498141263941,0.2638888888888889,1.0,66.02422767055006,6.283255086071987,11,3082.857916102842,639
0.5,0.5,Per period 14d,Both,90000D,21.523947845107237,0.004763011152416357,0.2847222222222222,1.0,66.02422767055006,6.283255086071987,11,3082.857916102842,639
0.5,0.5,Per period 28d,Both,90000D,19.765309877820982,0.004995353159851301,0.36752136752136755,0.9912110119923788,67.53846377599862,5.140845070422535,9,3153.5618823472373,639
0.5,0.5,Per period 56d,Both,90000D,18.52794695947985,0.007434944237918215,0.7272727272727273,0.9968958434929791,72.32302989610331,3.998435054773083,7,3376.966805947146,639
0.5,0.5,SP Part Period Balancing,SAP only,90000D,17.133308765295894,0.007899628252788104,0.8192771084337349,1.0,76.12089608458275,2.856025039123631,5,3554.299919207866,639
0.5,0.5,WI Sliding Economic Lot Size,SAP only,90000D,19.262353967900992,0.006157063197026022,0.6162790697674418,1.0,83.20420157072674,3.427230046948357,6,3885.0394849790214,639
0.5,0.5,DY Dynamic Planning Calculation,SAP only,90000D,18.448796088432204,0.006273234200743495,0.8307692307692308,1.0,90.64759884300622,2.2848200312989047,4,4232.59275463704,639
0.5,0.5,GR Groff Reorder Procedure,SAP only,90000D,20.56187797423133,0.004065985130111524,0.26717557251908397,0.9947090721521952,66.26219041207264,5.712050078247262,10,3093.969069497941,639
2.0,2.0,Per period 7d,Both,90000D,21.523947845107237,0.004414498141263941,0.2638888888888889,1.0,66.02422767055006,6.283255086071987,11,3082.857916102842,639
2.0,2.0,Per period 14d,Both,90000D,21.523947845107237,0.004763011152416357,0.2847222222222222,1.0,66.02422767055006,6.283255086071987,11,3082.857916102842,639
2.0,2.0,Per period 28d,Both,90000D,19.765309877820982,0.004995353159851301,0.36752136752136755,0.9912110119923788,67.53846377599862,5.140845070422535,9,3153.5618823472373,639
2.0,2.0,Per period 56d,Both,90000D,18.52794695947985,0.007434944237918215,0.7272727272727273,0.9968958434929791,72.32302989610331,3.998435054773083,7,3376.966805947146,639
2.0,2.0,SP Part Period Balancing,SAP only,90000D,21.272386359156577,0.004646840148698885,0.8163265306122449,1.0,114.63570656349198,1.7136150234741785,3,5352.665345980859,639
2.0,2.0,WI Sliding Economic Lot Size,SAP only,90000D,25.07737214737027,0.0031366171003717473,0.7714285714285715,0.997159870211064,144.78080803149962,1.1424100156494523,2,6760.225388274596,639
2.0,2.0,DY Dynamic Planning Calculation,SAP only,90000D,29.522708185276123,0.001974907063197026,0.85,1.0,178.9432831407331,0.5712050078247262,1,8355.367967596936,639
2.0,2.0,GR Groff Reorder Procedure,SAP only,90000D,19.773772906219556,0.006389405204460966,0.4782608695652174,0.990917652991508,67.59155838668977,5.140845070422535,9,3156.0410198797254,639
1.0,1.0,Per period 7d,Both,62096A,28.619635855975705,0.03461895910780669,0.7412935323383084,1.0,2.6487189653391416,15.993740219092333,28,904.6683497245277,639
1.0,1.0,Per period 14d,Both,62096A,23.502923388156912,0.02741635687732342,0.9007633587786259,1.0,6.424453399964421,12.566510172143975,22,2194.268146709093,639
1.0,1.0,Per period 28d,Both,62096A,15.236219403703341,0.019865241635687734,0.9395604395604396,1.0,13.833666383121102,6.854460093896714,12,4724.880329406877,639
1.0,1.0,Per period 56d,Both,62096A,14.456731908825368,0.012430297397769517,0.9469026548672567,1.0,27.600191460977566,4.569640062597809,8,9426.828586885036,639
1.0,1.0,SP Part Period Balancing,SAP only,62096A,13.293294173066101,0.014405204460966542,0.96875,1.0,26.901554307909667,3.998435054773083,7,9188.209492676508,639
1.0,1.0,WI Sliding Economic Lot Size,SAP only,62096A,14.896680168377292,0.011268587360594795,0.9897959183673469,1.0,42.30472494946216,2.856025039123631,5,14449.153045830848,639
1.0,1.0,DY Dynamic Planning Calculation,SAP only,62096A,13.862194738895685,0.009409851301115242,0.9759036144578314,1.0,42.15731222275355,2.2848200312989047,4,14398.8043187877,639
1.0,1.0,GR Groff Reorder Procedure,SAP only,62096A,17.839921811371088,0.02520910780669145,0.9475982532751092,1.0,7.8649996599145116,9.139280125195619,16,2686.285844601789,639
0.5,0.5,Per period 7d,Both,62096A,28.619635855975705,0.03461895910780669,0.7412935323383084,1.0,2.6487189653391416,15.993740219092333,28,904.6683497245277,639
0.5,0.5,Per period 14d,Both,62096A,23.502923388156912,0.02741635687732342,0.9007633587786259,1.0,6.424453399964421,12.566510172143975,22,2194.268146709093,639
0.5,0.5,Per period 28d,Both,62096A,15.236219403703341,0.019865241635687734,0.9395604395604396,1.0,13.833666383121102,6.854460093896714,12,4724.880329406877,639
0.5,0.5,Per period 56d,Both,62096A,14.456731908825368,0.012430297397769517,0.9469026548672567,1.0,27.600191460977566,4.569640062597809,8,9426.828586885036,639
0.5,0.5,SP Part Period Balancing,SAP only,62096A,13.088369729626281,0.01812267657992565,0.9570552147239264,1.0,13.201662550595191,5.712050078247262,10,4509.01980525437,639
0.5,0.5,WI Sliding Economic Lot Size,SAP only,62096A,14.540773165392483,0.01696096654275093,0.9798657718120806,1.0,23.684799425798083,5.140845070422535,9,8089.528821473024,639
0.5,0.5,DY Dynamic Planning Calculation,SAP only,62096A,11.887276998596624,0.011384758364312268,0.98,1.0,25.165977872331542,3.427230046948357,6,8595.424417951072,639
0.5,0.5,GR Groff Reorder Procedure,SAP only,62096A,23.223777282705043,0.03066914498141264,0.9328621908127208,1.0,5.231204854902947,12.566510172143975,22,1786.7148327493614,639
2.0,2.0,Per period 7d,Both,62096A,28.619635855975705,0.03461895910780669,0.7412935323383084,1.0,2.6487189653391416,15.993740219092333,28,904.6683497245277,639
2.0,2.0,Per period 14d,Both,62096A,23.502923388156912,0.02741635687732342,0.9007633587786259,1.0,6.424453399964421,12.566510172143975,22,2194.268146709093,639
2.0,2.0,Per period 28d,Both,62096A,15.236219403703341,0.019865241635687734,0.9395604395604396,1.0,13.833666383121102,6.854460093896714,12,4724.880329406877,639
2.0,2.0,Per period 56d,Both,62096A,14.456731908825368,0.012430297397769517,0.9469026548672567,1.0,27.600191460977566,4.569640062597809,8,9426.828586885036,639
2.0,2.0,SP Part Period Balancing,SAP only,62096A,12.997649624506453,0.009177509293680297,0.9404761904761905,1.0,34.18705685650044,2.856025039123631,5,11676.568451779422,639
2.0,2.0,WI Sliding Economic Lot Size,SAP only,62096A,16.79505787397236,0.009758364312267658,0.9655172413793104,1.0,50.41960239513377,2.856025039123631,5,17220.784495999647,639
2.0,2.0,DY Dynamic Planning Calculation,SAP only,62096A,27.037182173205483,0.0045306691449814125,0.975,1.0,107.02488989504297,1.1424100156494523,2,36554.28597288,639
2.0,2.0,GR Groff Reorder Procedure,SAP only,62096A,15.872930189064945,0.021259293680297397,0.9682539682539683,1.0,12.280736507556234,7.42566510172144,13,4194.478076034819,639
1.0,1.0,Per period 7d,Both,17090D,16.132134658900267,0.01324349442379182,0.4892703862660944,0.9959101063047232,2.348494668871628,9.139280125195619,16,192.91660199438724,639
1.0,1.0,Per period 14d,Both,17090D,16.134954834950424,0.012081784386617101,0.5148514851485149,0.9964491980687054,2.3986190531490257,9.139280125195619,16,197.03405902762057,639
1.0,1.0,Per period 28d,Both,17090D,11.757859926542835,0.011617100371747211,0.6802721088435374,0.9967111904266194,13.469819440641237,6.283255086071987,11,1106.475492752539,639
1.0,1.0,Per period 56d,Both,17090D,10.91447469812192,0.009526022304832713,0.7008547008547008,1.0,34.02690603396201,5.140845070422535,9,2795.133059258002,639
1.0,1.0,SP Part Period Balancing,SAP only,17090D,6.912429709757189,0.006854089219330855,0.8939393939393939,1.0,51.764054213745524,2.2848200312989047,4,4252.147376245496,639
1.0,1.0,WI Sliding Economic Lot Size,SAP only,17090D,7.9476084897763934,0.0055762081784386614,0.96,1.0,87.93629361600104,1.7136150234741785,3,7223.508395073534,639
1.0,1.0,DY Dynamic Planning Calculation,SAP only,17090D,7.137370742165124,0.003949814126394052,1.0,1.0,91.30903201633538,1.1424100156494523,2,7500.561283561081,639
1.0,1.0,GR Groff Reorder Procedure,SAP only,17090D,14.537809945005456,0.014056691449814127,0.8120805369127517,1.0,9.558762244694627,7.996870109546166,14,785.2025197079665,639
0.5,0.5,Per period 7d,Both,17090D,16.132134658900267,0.01324349442379182,0.4892703862660944,0.9959101063047232,2.348494668871628,9.139280125195619,16,192.91660199438724,639
0.5,0.5,Per period 14d,Both,17090D,16.134954834950424,0.012081784386617101,0.5148514851485149,0.9964491980687054,2.3986190531490257,9.139280125195619,16,197.03405902762057,639
0.5,0.5,Per period 28d,Both,17090D,11.757859926542835,0.011617100371747211,0.6802721088435374,0.9967111904266194,13.469819440641237,6.283255086071987,11,1106.475492752539,639
0.5,0.5,Per period 56d,Both,17090D,10.91447469812192,0.009526022304832713,0.7008547008547008,1.0,34.02690603396201,5.140845070422535,9,2795.133059258002,639
0.5,0.5,SP Part Period Balancing,SAP only,17090D,7.89108109101111,0.010571561338289962,0.9479166666666666,1.0,33.611119880331565,3.427230046948357,6,2760.9783928762213,639
0.5,0.5,WI Sliding Economic Lot Size,SAP only,17090D,7.590602414291237,0.006854089219330855,0.9516129032258065,1.0,63.81755323079464,2.2848200312989047,4,5242.279524865206,639
0.5,0.5,DY Dynamic Planning Calculation,SAP only,17090D,6.858600456887551,0.00662174721189591,0.9661016949152542,1.0,50.80732026940538,2.2848200312989047,4,4173.556667055824,639
0.5,0.5,GR Groff Reorder Procedure,SAP only,17090D,15.31836717484117,0.01591542750929368,0.8154761904761905,0.9909286520969578,5.658497316911798,8.568075117370892,15,464.81607526810643,639
2.0,2.0,Per period 7d,Both,17090D,16.132134658900267,0.01324349442379182,0.4892703862660944,0.9959101063047232,2.348494668871628,9.139280125195619,16,192.91660199438724,639
2.0,2.0,Per period 14d,Both,17090D,16.134954834950424,0.012081784386617101,0.5148514851485149,0.9964491980687054,2.3986190531490257,9.139280125195619,16,197.03405902762057,639
2.0,2.0,Per period 28d,Both,17090D,11.757859926542835,0.011617100371747211,0.6802721088435374,0.9967111904266194,13.469819440641237,6.283255086071987,11,1106.475492752539,639
2.0,2.0,Per period 56d,Both,17090D,10.91447469812192,0.009526022304832713,0.7008547008547008,1.0,34.02690603396201,5.140845070422535,9,2795.133059258002,639
2.0,2.0,SP Part Period Balancing,SAP only,17090D,6.945956759264356,0.004414498141263941,0.9047619047619048,1.0,70.1334418225959,1.7136150234741785,3,5761.0968685259595,639
2.0,2.0,WI Sliding Economic Lot Size,SAP only,17090D,10.934793438273031,0.0033689591078066915,0.9666666666666667,1.0,158.80250444428472,1.1424100156494523,2,13044.798419878625,639
2.0,2.0,DY Dynamic Planning Calculation,SAP only,17090D,9.77848662747562,0.0031366171003717473,0.9642857142857143,1.0,156.02438616009468,0.5712050078247262,1,12816.590476114407,639
2.0,2.0,GR Groff Reorder Procedure,SAP only,17090D,12.737576835356819,0.012778810408921933,0.8208955223880597,1.0,13.10931802553144,6.854460093896714,12,1076.8621796209554,639
1.0,1.0,Per period 7d,Both,21062,53.65358137672665,0.06098977695167286,0.7489300998573466,0.9997773819349914,1.5054572631559056,30.273865414710485,53,1403.2776617954537,639
1.0,1.0,Per period 14d,Both,21062,41.072205171323056,0.05146375464684015,0.8824701195219123,1.0,4.7731107969165025,22.27699530516432,39,4449.146397252445,639
1.0,1.0,Per period 28d,Both,21062,29.808137961139614,0.038452602230483274,0.9622093023255814,1.0,13.378446495525177,13.708920187793428,24,12470.41385774094,639
1.0,1.0,Per period 56d,Both,21062,23.511416360835867,0.022769516728624536,0.9607843137254902,1.0,28.81875662847352,6.283255086071987,11,26862.74689238289,639
1.0,1.0,SP Part Period Balancing,SAP only,21062,22.43219013258025,0.026022304832713755,0.9911504424778761,1.0,24.029473551362788,6.854460093896714,12,22398.525872892886,639
1.0,1.0,WI Sliding Economic Lot Size,SAP only,21062,24.53523209504086,0.02253717472118959,0.9797979797979798,1.0,31.177010532389193,6.283255086071987,11,29060.93949817596,639
1.0,1.0,DY Dynamic Planning Calculation,SAP only,21062,30.49193769643398,0.009642193308550186,0.9880952380952381,1.0,61.02144498044731,2.2848200312989047,4,56879.748583520006,639
1.0,1.0,GR Groff Reorder Procedure,SAP only,21062,31.176061036455277,0.04437732342007435,0.9670886075949368,0.9997529483278573,7.315728883685475,15.993740219092333,28,6819.189872389268,639
0.5,0.5,Per period 7d,Both,21062,53.65358137672665,0.06098977695167286,0.7489300998573466,0.9997773819349914,1.5054572631559056,30.273865414710485,53,1403.2776617954537,639
0.5,0.5,Per period 14d,Both,21062,41.072205171323056,0.05146375464684015,0.8824701195219123,1.0,4.7731107969165025,22.27699530516432,39,4449.146397252445,639
0.5,0.5,Per period 28d,Both,21062,29.808137961139614,0.038452602230483274,0.9622093023255814,1.0,13.378446495525177,13.708920187793428,24,12470.41385774094,639
0.5,0.5,Per period 56d,Both,21062,23.511416360835867,0.022769516728624536,0.9607843137254902,1.0,28.81875662847352,6.283255086071987,11,26862.74689238289,639
0.5,0.5,SP Part Period Balancing,SAP only,21062,24.021175784612183,0.032527881040892194,0.9790209790209791,1.0,16.17255395766815,9.710485133020343,17,15074.87741990263,639
0.5,0.5,WI Sliding Economic Lot Size,SAP only,21062,25.974272067084158,0.03055297397769517,0.9740740740740741,0.9999606253708675,22.974706536604778,9.139280125195619,16,21415.34884991598,639
0.5,0.5,DY Dynamic Planning Calculation,SAP only,21062,22.839134365231693,0.019052044609665426,1.0,1.0,29.57362123684959,5.712050078247262,10,27566.376725350397,639
0.5,0.5,GR Groff Reorder Procedure,SAP only,21062,33.70935076792094,0.04809479553903346,0.9324324324324325,0.9996097089481056,3.9373131188894965,18.278560250391237,32,3670.0766487714186,639
2.0,2.0,Per period 7d,Both,21062,53.65358137672665,0.06098977695167286,0.7489300998573466,0.9997773819349914,1.5054572631559056,30.273865414710485,53,1403.2776617954537,639
2.0,2.0,Per period 14d,Both,21062,41.072205171323056,0.05146375464684015,0.8824701195219123,1.0,4.7731107969165025,22.27699530516432,39,4449.146397252445,639
2.0,2.0,Per period 28d,Both,21062,29.808137961139614,0.038452602230483274,0.9622093023255814,1.0,13.378446495525177,13.708920187793428,24,12470.41385774094,639
2.0,2.0,Per period 56d,Both,21062,23.511416360835867,0.022769516728624536,0.9607843137254902,1.0,28.81875662847352,6.283255086071987,11,26862.74689238289,639
2.0,2.0,SP Part Period Balancing,SAP only,21062,21.465594479571156,0.017193308550185873,1.0,1.0,31.016607470535167,4.569640062597809,8,28911.423441432184,639
2.0,2.0,WI Sliding Economic Lot Size,SAP only,21062,24.829426569952474,0.01486988847583643,0.9624060150375939,1.0,38.76484760226011,4.569640062597809,8,36133.768811956776,639
2.0,2.0,DY Dynamic Planning Calculation,SAP only,21062,49.578904060734885,0.0037174721189591076,0.9696969696969697,1.0,109.59309619556166,1.1424100156494523,2,102154.70577746019,639
2.0,2.0,GR Groff Reorder Procedure,SAP only,21062,27.422668594985417,0.035896840148698886,0.9596273291925466,1.0,12.490557584266236,12.566510172143975,22,11642.788453939273,639
1.0,1.0,Per period 7d,Both,84564,68.61985166923093,0.00034851301115241634,1.0,1.0,828.0687864561104,0.0,0,15752.355886332884,639
1.0,1.0,Per period 14d,Both,84564,68.61985166923093,0.00034851301115241634,1.0,1.0,828.0687864561104,0.0,0,15752.355886332884,639
1.0,1.0,Per period 28d,Both,84564,68.61985166923093,0.00023234200743494423,1.0,1.0,828.0687864561104,0.0,0,15752.355886332884,639
1.0,1.0,Per period 56d,Both,84564,71.44129495124336,0.00011617100371747211,1.0,1.0,862.1165008967174,0.0,0,16400.045696354606,639
1.0,1.0,SP Part Period Balancing,SAP only,84564,72.26676434050512,0.00011617100371747211,1.0,1.0,872.0778374311878,0.0,0,16589.54024168828,639
1.0,1.0,WI Sliding Economic Lot Size,SAP only,84564,68.61985166923093,0.00011617100371747211,1.0,1.0,828.0687864561104,0.0,0,15752.355886332884,639
1.0,1.0,DY Dynamic Planning Calculation,SAP only,84564,93.26967929589034,0.0,0.0,1.0,1125.5301238479656,0.0,0,21410.96411509432,639
1.0,1.0,GR Groff Reorder Procedure,SAP only,84564,68.61985166923093,0.00034851301115241634,1.0,1.0,828.0687864561104,0.0,0,15752.355886332884,639
0.5,0.5,Per period 7d,Both,84564,68.61985166923093,0.00034851301115241634,1.0,1.0,828.0687864561104,0.0,0,15752.355886332884,639
0.5,0.5,Per period 14d,Both,84564,68.61985166923093,0.00034851301115241634,1.0,1.0,828.0687864561104,0.0,0,15752.355886332884,639
0.5,0.5,Per period 28d,Both,84564,68.61985166923093,0.00023234200743494423,1.0,1.0,828.0687864561104,0.0,0,15752.355886332884,639
0.5,0.5,Per period 56d,Both,84564,71.44129495124336,0.00011617100371747211,1.0,1.0,862.1165008967174,0.0,0,16400.045696354606,639
0.5,0.5,SP Part Period Balancing,SAP only,84564,68.61985166923093,0.00023234200743494423,1.0,1.0,828.0687864561104,0.0,0,15752.355886332884,639
0.5,0.5,WI Sliding Economic Lot Size,SAP only,84564,68.61985166923093,0.00011617100371747211,1.0,1.0,828.0687864561104,0.0,0,15752.355886332884,639
0.5,0.5,DY Dynamic Planning Calculation,SAP only,84564,71.02352333467611,0.00011617100371747211,1.0,1.0,857.0750496674988,0.0,0,16304.142149155208,639
0.5,0.5,GR Groff Reorder Procedure,SAP only,84564,68.61985166923093,0.00034851301115241634,1.0,1.0,828.0687864561104,0.0,0,15752.355886332884,639
2.0,2.0,Per period 7d,Both,84564,68.61985166923093,0.00034851301115241634,1.0,1.0,828.0687864561104,0.0,0,15752.355886332884,639
2.0,2.0,Per period 14d,Both,84564,68.61985166923093,0.00034851301115241634,1.0,1.0,828.0687864561104,0.0,0,15752.355886332884,639
2.0,2.0,Per period 28d,Both,84564,68.61985166923093,0.00023234200743494423,1.0,1.0,828.0687864561104,0.0,0,15752.355886332884,639
2.0,2.0,Per period 56d,Both,84564,71.44129495124336,0.00011617100371747211,1.0,1.0,862.1165008967174,0.0,0,16400.045696354606,639
2.0,2.0,SP Part Period Balancing,SAP only,84564,79.37946117756348,0.00011617100371747211,1.0,1.0,957.9101745030284,0.0,0,18222.329138245703,639
2.0,2.0,WI Sliding Economic Lot Size,SAP only,84564,71.45791838421513,0.00011617100371747211,1.0,1.0,862.3171038655787,0.0,0,16403.86176744561,639
2.0,2.0,DY Dynamic Planning Calculation,SAP only,84564,93.26967929589034,0.0,0.0,1.0,1125.5301238479656,0.0,0,21410.96411509432,639
2.0,2.0,GR Groff Reorder Procedure,SAP only,84564,68.61985166923093,0.00023234200743494423,1.0,1.0,828.0687864561104,0.0,0,15752.355886332884,639
1.0,1.0,Per period 7d,Both,77101A,30.048010755242153,0.032063197026022304,0.6917293233082706,0.9998978374235113,3.166693500405524,15.993740219092333,28,2990.0957026535452,639
1.0,1.0,Per period 14d,Both,77101A,22.12379733962629,0.026370817843866173,0.8254545454545454,1.0,4.8301058510842685,10.852895148669797,19,4560.744115854383,639
1.0,1.0,Per period 28d,Both,77101A,23.221796522565306,0.0191682156133829,0.9116022099447514,1.0,17.35146654866035,6.854460093896714,12,16383.822922945345,639
1.0,1.0,Per period 56d,Both,77101A,25.144697523512985,0.013592007434944238,0.9669421487603306,1.0,28.0558564292007,3.998435054773083,7,26491.258384328958,639
1.0,1.0,SP Part Period Balancing,SAP only,77101A,17.796785838498092,0.019052044609665426,0.9820359281437125,1.0,12.055615907108079,5.712050078247262,10,11383.307324207215,639
1.0,1.0,WI Sliding Economic Lot Size,SAP only,77101A,25.944502858565347,0.01742565055762082,0.974025974025974,1.0,26.20008070391078,5.140845070422535,9,24738.974173505405,639
1.0,1.0,DY Dynamic Planning Calculation,SAP only,77101A,17.293747582796193,0.01324349442379182,0.9743589743589743,1.0,15.916490419700718,3.998435054773083,7,15028.871470882443,639
1.0,1.0,GR Groff Reorder Procedure,SAP only,77101A,17.98481415178573,0.024163568773234202,0.9454545454545454,1.0,3.068977083193887,9.139280125195619,16,2897.828661607167,639
0.5,0.5,Per period 7d,Both,77101A,30.048010755242153,0.032063197026022304,0.6917293233082706,0.9998978374235113,3.166693500405524,15.993740219092333,28,2990.0957026535452,639
0.5,0.5,Per period 14d,Both,77101A,22.12379733962629,0.026370817843866173,0.8254545454545454,1.0,4.8301058510842685,10.852895148669797,19,4560.744115854383,639
0.5,0.5,Per period 28d,Both,77101A,23.221796522565306,0.0191682156133829,0.9116022099447514,1.0,17.35146654866035,6.854460093896714,12,16383.822922945345,639
0.5,0.5,Per period 56d,Both,77101A,25.144697523512985,0.013592007434944238,0.9669421487603306,1.0,28.0558564292007,3.998435054773083,7,26491.258384328958,639
0.5,0.5,SP Part Period Balancing,SAP only,77101A,15.772282471261542,0.022304832713754646,0.9504950495049505,1.0,5.8328123291643434,6.854460093896714,12,5507.532408041852,639
0.5,0.5,WI Sliding Economic Lot Size,SAP only,77101A,40.55197366007687,0.022769516728624536,0.9702970297029703,1.0,48.786574806106344,5.140845070422535,9,46065.881543712225,639
0.5,0.5,DY Dynamic Planning Calculation,SAP only,77101A,16.433858097965786,0.01754182156133829,0.9741935483870968,0.9995592305232475,8.401988650161945,6.283255086071987,11,7933.432823030045,639
0.5,0.5,GR Groff Reorder Procedure,SAP only,77101A,20.57123357992553,0.02846189591078067,0.928030303030303,1.0,2.429486833715758,10.852895148669797,19,2294.0010266912736,639
2.0,2.0,Per period 7d,Both,77101A,30.048010755242153,0.032063197026022304,0.6917293233082706,0.9998978374235113,3.166693500405524,15.993740219092333,28,2990.0957026535452,639
2.0,2.0,Per period 14d,Both,77101A,22.12379733962629,0.026370817843866173,0.8254545454545454,1.0,4.8301058510842685,10.852895148669797,19,4560.744115854383,639
2.0,2.0,Per period 28d,Both,77101A,23.221796522565306,0.0191682156133829,0.9116022099447514,1.0,17.35146654866035,6.854460093896714,12,16383.822922945345,639
2.0,2.0,Per period 56d,Both,77101A,25.144697523512985,0.013592007434944238,0.9669421487603306,1.0,28.0558564292007,3.998435054773083,7,26491.258384328958,639
2.0,2.0,SP Part Period Balancing,SAP only,77101A,17.107489091672562,0.013824349442379182,0.9834710743801653,1.0,15.628492150293773,3.998435054773083,7,14756.934073841938,639
2.0,2.0,WI Sliding Economic Lot Size,SAP only,77101A,43.58195152967915,0.014056691449814127,1.0,1.0,59.65653003982875,2.856025039123631,5,56329.64923333156,639
2.0,2.0,DY Dynamic Planning Calculation,SAP only,77101A,22.97301956631029,0.010455390334572491,0.9782608695652174,1.0,27.790403003311642,2.856025039123631,5,26240.60856681302,639
2.0,2.0,GR Groff Reorder Procedure,SAP only,77101A,16.385065983973885,0.02300185873605948,0.9705882352941176,1.0,3.6878580496494378,7.996870109546166,14,3482.19633660187,639
1.0,1.0,Per period 7d,Both,85125,33.028532697881076,0.032063197026022304,0.6882793017456359,0.9988894274284494,1.3704694996865796,18.278560250391237,32,379.2064997238319,639
1.0,1.0,Per period 14d,Both,85125,27.908344082821916,0.026138475836431228,0.7165605095541401,1.0,3.875226201668334,14.280125195618153,25,1072.2682729595954,639
1.0,1.0,Per period 28d,Both,85125,23.413793894721355,0.02079460966542751,0.8063063063063063,0.9995001353812681,8.546066574353986,9.710485133020343,17,2364.6815874477716,639
1.0,1.0,Per period 56d,Both,85125,31.21712214607836,0.014172862453531599,0.8840579710144928,1.0,28.270777226848125,5.712050078247262,10,7822.4743265844445,639
1.0,1.0,SP Part Period Balancing,SAP only,85125,20.95222474484506,0.020910780669144983,0.9523809523809523,0.9987114500531549,10.595950415494844,7.42566510172144,13,2931.8808402711584,639
1.0,1.0,WI Sliding Economic Lot Size,SAP only,85125,31.304847145231328,0.02032992565055762,0.8838383838383839,1.0,27.055215420633232,6.283255086071987,11,7486.130513140843,639
1.0,1.0,DY Dynamic Planning Calculation,SAP only,85125,21.135850681240704,0.013824349442379182,0.9296875,0.9981290491995788,16.170427294781053,5.140845070422535,9,4474.328786518037,639
1.0,1.0,GR Groff Reorder Procedure,SAP only,85125,23.660731107667033,0.028229553903345726,0.8127090301003345,0.9999345172801458,2.212842950863128,12.566510172143975,22,612.2897518166338,639
0.5,0.5,Per period 7d,Both,85125,33.028532697881076,0.032063197026022304,0.6882793017456359,0.9988894274284494,1.3704694996865796,18.278560250391237,32,379.2064997238319,639
0.5,0.5,Per period 14d,Both,85125,27.908344082821916,0.026138475836431228,0.7165605095541401,1.0,3.875226201668334,14.280125195618153,25,1072.2682729595954,639
0.5,0.5,Per period 28d,Both,85125,23.413793894721355,0.02079460966542751,0.8063063063063063,0.9995001353812681,8.546066574353986,9.710485133020343,17,2364.6815874477716,639
0.5,0.5,Per period 56d,Both,85125,31.21712214607836,0.014172862453531599,0.8840579710144928,1.0,28.270777226848125,5.712050078247262,10,7822.4743265844445,639
0.5,0.5,SP Part Period Balancing,SAP only,85125,21.033895690071436,0.024512081784386616,0.9094827586206896,0.9985375361772131,6.7074197272086,9.139280125195619,16,1855.9312392687611,639
0.5,0.5,WI Sliding Economic Lot Size,SAP only,85125,23.651173941203474,0.023698884758364312,0.9066666666666666,1.0,12.859717099746087,7.996870109546166,14,3558.261099534614,639
0.5,0.5,DY Dynamic Planning Calculation,SAP only,85125,19.567833294008643,0.018238847583643122,0.9181286549707602,0.9995030846351654,10.08376761333711,6.854460093896714,12,2790.1607599122767,639
0.5,0.5,GR Groff Reorder Procedure,SAP only,85125,27.834092143746883,0.03392193308550186,0.7786666666666666,1.0,1.1113869741703275,15.422535211267606,27,307.5188206743553,639
2.0,2.0,Per period 7d,Both,85125,33.028532697881076,0.032063197026022304,0.6882793017456359,0.9988894274284494,1.3704694996865796,18.278560250391237,32,379.2064997238319,639
2.0,2.0,Per period 14d,Both,85125,27.908344082821916,0.026138475836431228,0.7165605095541401,1.0,3.875226201668334,14.280125195618153,25,1072.2682729595954,639
2.0,2.0,Per period 28d,Both,85125,23.413793894721355,0.02079460966542751,0.8063063063063063,0.9995001353812681,8.546066574353986,9.710485133020343,17,2364.6815874477716,639
2.0,2.0,Per period 56d,Both,85125,31.21712214607836,0.014172862453531599,0.8840579710144928,1.0,28.270777226848125,5.712050078247262,10,7822.4743265844445,639
2.0,2.0,SP Part Period Balancing,SAP only,85125,22.081270871818077,0.015683085501858735,0.9375,1.0,16.09770236900425,5.712050078247262,10,4454.205927488483,639
2.0,2.0,WI Sliding Economic Lot Size,SAP only,85125,32.97465839693439,0.013940520446096654,0.9302325581395349,1.0,30.612608294886943,5.712050078247262,10,8470.454863516214,639
2.0,2.0,DY Dynamic Planning Calculation,SAP only,85125,27.153224654715363,0.011617100371747211,0.9433962264150944,0.9984091292331068,26.853185870044577,3.998435054773083,7,7430.229291890007,639
2.0,2.0,GR Groff Reorder Procedure,SAP only,85125,22.12972707312467,0.025906133828996283,0.8643410852713178,1.0,4.17020820523942,10.852895148669797,19,1153.8892744348532,639
1.0,1.0,Per period 7d,Both,85064,58.32541013500014,0.052857806691449814,0.845724907063197,1.0,5.040820469744645,19.992175273865413,35,7810.802476399129,639
1.0,1.0,Per period 14d,Both,85064,56.06794400831572,0.03345724907063197,0.9230769230769231,0.9999017910772466,7.794590937799196,11.424100156494523,20,12077.797764252511,639
1.0,1.0,Per period 28d,Both,85064,82.68449592843491,0.019981412639405203,0.9717514124293786,1.0,15.92384927978324,5.140845070422535,9,24674.166067778664,639
1.0,1.0,Per period 56d,Both,85064,193.99931440038424,0.010455390334572491,0.9782608695652174,1.0,40.844367035055996,2.856025039123631,5,63288.76124416536,639
1.0,1.0,SP Part Period Balancing,SAP only,85064,35.83198676577416,0.037523234200743494,0.9758308157099698,1.0,3.421427640660871,11.424100156494523,20,5301.536852759236,639
1.0,1.0,WI Sliding Economic Lot Size,SAP only,85064,57.104757495810475,0.03461895910780669,0.9612903225806452,0.9997453474784216,8.45087228513509,10.28169014084507,18,13094.712372450296,639
1.0,1.0,DY Dynamic Planning Calculation,SAP only,85064,44.488712987574196,0.020678438661710038,0.9834254143646409,1.0,7.237197072040523,6.283255086071987,11,11214.110312352826,639
1.0,1.0,GR Groff Reorder Procedure,SAP only,85064,38.56697039088597,0.04379646840148699,0.940149625935162,1.0,2.9319382451577667,14.280125195618153,25,4543.068066672824,639
0.5,0.5,Per period 7d,Both,85064,58.32541013500014,0.052857806691449814,0.845724907063197,1.0,5.040820469744645,19.992175273865413,35,7810.802476399129,639
0.5,0.5,Per period 14d,Both,85064,56.06794400831572,0.03345724907063197,0.9230769230769231,0.9999017910772466,7.794590937799196,11.424100156494523,20,12077.797764252511,639
0.5,0.5,Per period 28d,Both,85064,82.68449592843491,0.019981412639405203,0.9717514124293786,1.0,15.92384927978324,5.140845070422535,9,24674.166067778664,639
0.5,0.5,Per period 56d,Both,85064,193.99931440038424,0.010455390334572491,0.9782608695652174,1.0,40.844367035055996,2.856025039123631,5,63288.76124416536,639
0.5,0.5,SP Part Period Balancing,SAP only,85064,38.442320955907434,0.04402881040892193,0.9404466501240695,1.0,2.6888918909751283,14.85133020344288,26,4166.465274225883,639
0.5,0.5,WI Sliding Economic Lot Size,SAP only,85064,57.637561970566665,0.05065055762081784,0.9582417582417583,0.9997453474784216,7.4854731553589495,13.137715179968701,23,11598.816623171406,639
0.5,0.5,DY Dynamic Planning Calculation,SAP only,85064,34.5392671426891,0.023466542750929367,0.9528301886792453,0.9997962760967954,4.438711158654625,7.996870109546166,14,6877.827988148184,639
0.5,0.5,GR Groff Reorder Procedure,SAP only,85064,44.384826405263354,0.05518122676579926,0.9350393700787402,1.0,1.8120326431253417,20.56338028169014,36,2807.7629705698396,639
2.0,2.0,Per period 7d,Both,85064,58.32541013500014,0.052857806691449814,0.845724907063197,1.0,5.040820469744645,19.992175273865413,35,7810.802476399129,639
2.0,2.0,Per period 14d,Both,85064,56.06794400831572,0.03345724907063197,0.9230769230769231,0.9999017910772466,7.794590937799196,11.424100156494523,20,12077.797764252511,639
2.0,2.0,Per period 28d,Both,85064,82.68449592843491,0.019981412639405203,0.9717514124293786,1.0,15.92384927978324,5.140845070422535,9,24674.166067778664,639
2.0,2.0,Per period 56d,Both,85064,193.99931440038424,0.010455390334572491,0.9782608695652174,1.0,40.844367035055996,2.856025039123631,5,63288.76124416536,639
2.0,2.0,SP Part Period Balancing,SAP only,85064,36.378224512346236,0.026022304832713755,0.9781659388646288,1.0,4.836125562015786,7.996870109546166,14,7493.625639455389,639
2.0,2.0,WI Sliding Economic Lot Size,SAP only,85064,59.6597627818395,0.030901486988847583,0.9779411764705882,1.0,10.2996820387471,6.854460093896714,12,15959.461848964602,639
2.0,2.0,DY Dynamic Planning Calculation,SAP only,85064,58.80750433635897,0.014056691449814127,0.968,1.0,10.763827343334812,5.140845070422535,9,16678.659708964242,639
2.0,2.0,GR Groff Reorder Procedure,SAP only,85064,34.27204089625333,0.032063197026022304,0.965034965034965,1.0,3.3004185529452297,10.852895148669797,19,5114.032043240794,639
1.0,1.0,Per period 7d,Both,21282,62.67576769792574,0.00662174721189591,0.9344262295081968,1.0,78.967780788919,2.2848200312989047,4,25196.0649526387,639
1.0,1.0,Per period 14d,Both,21282,60.95153901205131,0.0032527881040892194,0.9032258064516129,0.9990726755753356,79.33892290663022,1.1424100156494523,2,25314.484399292618,639
1.0,1.0,Per period 28d,Both,21282,62.56837343501273,0.00383364312267658,0.9166666666666666,1.0,81.5149119272035,1.1424100156494523,2,26008.7721220937,639
1.0,1.0,Per period 56d,Both,21282,76.51154057083112,0.0024395910780669145,0.9130434782608695,0.9993655812013724,101.62591844608711,0.5712050078247262,1,32425.543892180416,639
1.0,1.0,SP Part Period Balancing,SAP only,21282,62.81325389449201,0.004414498141263941,1.0,1.0,80.49864717797591,1.7136150234741785,3,25684.5149076348,639
1.0,1.0,WI Sliding Economic Lot Size,SAP only,21282,74.51784422338535,0.0026719330855018587,1.0,1.0,98.94273623473053,0.5712050078247262,1,31569.427225336058,639
1.0,1.0,DY Dynamic Planning Calculation,SAP only,21282,66.65420585823836,0.0031366171003717473,1.0,1.0,87.01375977864703,1.1424100156494523,2,27763.276633243524,639
1.0,1.0,GR Groff Reorder Procedure,SAP only,21282,61.76946639007877,0.004763011152416357,0.9534883720930233,1.0,79.09388357499996,1.7136150234741785,3,25236.30027338676,639
0.5,0.5,Per period 7d,Both,21282,62.67576769792574,0.00662174721189591,0.9344262295081968,1.0,78.967780788919,2.2848200312989047,4,25196.0649526387,639
0.5,0.5,Per period 14d,Both,21282,60.95153901205131,0.0032527881040892194,0.9032258064516129,0.9990726755753356,79.33892290663022,1.1424100156494523,2,25314.484399292618,639
0.5,0.5,Per period 28d,Both,21282,62.56837343501273,0.00383364312267658,0.9166666666666666,1.0,81.5149119272035,1.1424100156494523,2,26008.7721220937,639
0.5,0.5,Per period 56d,Both,21282,76.51154057083112,0.0024395910780669145,0.9130434782608695,0.9993655812013724,101.62591844608711,0.5712050078247262,1,32425.543892180416,639
0.5,0.5,SP Part Period Balancing,SAP only,21282,62.97960001021198,0.00383364312267658,1.0,1.0,79.37668832220821,2.2848200312989047,4,25326.5341220322,639
0.5,0.5,WI Sliding Economic Lot Size,SAP only,21282,63.902285298055276,0.005111524163568773,1.0,1.0,83.31013444793426,1.1424100156494523,2,26581.56956916491,639
0.5,0.5,DY Dynamic Planning Calculation,SAP only,21282,66.65420585823836,0.0032527881040892194,1.0,1.0,87.01375977864703,1.1424100156494523,2,27763.276633243524,639
0.5,0.5,GR Groff Reorder Procedure,SAP only,21282,61.76946639007877,0.005227695167286246,0.9574468085106383,1.0,79.09388357499996,1.7136150234741785,3,25236.30027338676,639
2.0,2.0,Per period 7d,Both,21282,62.67576769792574,0.00662174721189591,0.9344262295081968,1.0,78.967780788919,2.2848200312989047,4,25196.0649526387,639
2.0,2.0,Per period 14d,Both,21282,60.95153901205131,0.0032527881040892194,0.9032258064516129,0.9990726755753356,79.33892290663022,1.1424100156494523,2,25314.484399292618,639
2.0,2.0,Per period 28d,Both,21282,62.56837343501273,0.00383364312267658,0.9166666666666666,1.0,81.5149119272035,1.1424100156494523,2,26008.7721220937,639
2.0,2.0,Per period 56d,Both,21282,76.51154057083112,0.0024395910780669145,0.9130434782608695,0.9993655812013724,101.62591844608711,0.5712050078247262,1,32425.543892180416,639
2.0,2.0,SP Part Period Balancing,SAP only,21282,74.12423975304786,0.0023234200743494425,1.0,1.0,97.06717743698925,1.1424100156494523,2,30970.99707042643,639
2.0,2.0,WI Sliding Economic Lot Size,SAP only,21282,62.58422845713581,0.0031366171003717473,1.0,1.0,81.53625013819828,1.1424100156494523,2,26015.58045512302,639
2.0,2.0,DY Dynamic Planning Calculation,SAP only,21282,114.37256631559826,0.0,0.0,1.0,153.9263668704508,0.0,0,49112.9255355216,639
2.0,2.0,GR Groff Reorder Procedure,SAP only,21282,60.99400387696382,0.0036013011152416356,1.0,0.9987197611537383,79.39607352050724,1.1424100156494523,2,25332.719311872697,639
1.0,1.0,Per period 7d,Both,20762,109.47975161655239,0.008480483271375464,0.4506172839506173,1.0,117.73448231339097,6.854460093896714,12,47440.14578672217,639
1.0,1.0,Per period 14d,Both,20762,106.71627861238079,0.008015799256505576,0.575,0.9990400588202486,118.02015582963607,5.140845070422535,9,47555.255591358655,639
1.0,1.0,Per period 28d,Both,20762,104.6991124619631,0.008015799256505576,0.8625,1.0,119.20720680752348,3.427230046948357,6,48033.568064822044,639
1.0,1.0,Per period 56d,Both,20762,137.67426155494454,0.002904275092936803,0.8928571428571429,1.0,163.86519951606687,1.1424100156494523,2,66028.14062340635,639
1.0,1.0,SP Part Period Balancing,SAP only,20762,102.64947311282029,0.004763011152416357,0.8913043478260869,0.9992568635429986,120.35503717623244,1.7136150234741785,3,48496.076914905876,639
1.0,1.0,WI Sliding Economic Lot Size,SAP only,20762,138.09929513211418,0.0015102230483271376,0.8125,1.0,165.58633224060674,0.5712050078247262,1,66721.65696429557,639
1.0,1.0,DY Dynamic Planning Calculation,SAP only,20762,149.24637254594293,0.00011617100371747211,1.0,1.0,180.2573777369411,0.0,0,72633.23463902557,639
1.0,1.0,GR Groff Reorder Procedure,SAP only,20762,104.25402650786867,0.008480483271375464,0.7849462365591398,0.9994278793453315,118.66963912273496,3.427230046948357,6,47816.95956716276,639
0.5,0.5,Per period 7d,Both,20762,109.47975161655239,0.008480483271375464,0.4506172839506173,1.0,117.73448231339097,6.854460093896714,12,47440.14578672217,639
0.5,0.5,Per period 14d,Both,20762,106.71627861238079,0.008015799256505576,0.575,0.9990400588202486,118.02015582963607,5.140845070422535,9,47555.255591358655,639
0.5,0.5,Per period 28d,Both,20762,104.6991124619631,0.008015799256505576,0.8625,1.0,119.20720680752348,3.427230046948357,6,48033.568064822044,639
0.5,0.5,Per period 56d,Both,20762,137.67426155494454,0.002904275092936803,0.8928571428571429,1.0,163.86519951606687,1.1424100156494523,2,66028.14062340635,639
0.5,0.5,SP Part Period Balancing,SAP only,20762,103.5655751038359,0.006737918215613383,0.8656716417910447,0.9984576328985527,119.04592252573283,2.856025039123631,5,47968.579883866805,639
0.5,0.5,WI Sliding Economic Lot Size,SAP only,20762,136.06058400665833,0.0030204460966542753,0.8387096774193549,1.0,161.91622562541164,1.1424100156494523,2,65242.817549907064,639
0.5,0.5,DY Dynamic Planning Calculation,SAP only,20762,103.26884510776762,0.005692379182156134,0.9423076923076923,1.0,121.10310474898726,1.7136150234741785,3,48797.50461911358,639
0.5,0.5,GR Groff Reorder Procedure,SAP only,20762,105.82240503961313,0.010687732342007435,0.7540983606557377,1.0,118.14833362823282,4.569640062597809,8,47606.90378594506,639
2.0,2.0,Per period 7d,Both,20762,109.47975161655239,0.008480483271375464,0.4506172839506173,1.0,117.73448231339097,6.854460093896714,12,47440.14578672217,639
2.0,2.0,Per period 14d,Both,20762,106.71627861238079,0.008015799256505576,0.575,0.9990400588202486,118.02015582963607,5.140845070422535,9,47555.255591358655,639
2.0,2.0,Per period 28d,Both,20762,104.6991124619631,0.008015799256505576,0.8625,1.0,119.20720680752348,3.427230046948357,6,48033.568064822044,639
2.0,2.0,Per period 56d,Both,20762,137.67426155494454,0.002904275092936803,0.8928571428571429,1.0,163.86519951606687,1.1424100156494523,2,66028.14062340635,639
2.0,2.0,SP Part Period Balancing,SAP only,20762,104.780040207833,0.004414498141263941,0.8837209302325582,1.0,122.92830198051693,1.7136150234741785,3,49532.9529011454,639
2.0,2.0,WI Sliding Economic Lot Size,SAP only,20762,120.16013179002343,0.0036013011152416356,0.8378378378378378,1.0,142.71191417375582,1.1424100156494523,2,57504.59747114474,639
2.0,2.0,DY Dynamic Planning Calculation,SAP only,20762,200.26935545771883,0.0,0.0,1.0,241.88211907638143,0.0,0,97464.41965608984,639
2.0,2.0,GR Groff Reorder Procedure,SAP only,20762,103.49810351478098,0.005227695167286246,0.75,1.0,118.96443142141109,2.856025039123631,5,47935.743710526745,639
1.0,1.0,Per period 7d,Both,20894,29.611405501847578,0.031017657992565055,0.6297169811320755,1.0,1.5511888245045016,16.564945226917057,29,378.24238673621403,639
1.0,1.0,Per period 14d,Both,20894,23.21831675990325,0.022653345724907063,0.6414473684210527,1.0,5.628062156416103,11.995305164319248,21,1372.3485040079418,639
1.0,1.0,Per period 28d,Both,20894,18.875435241832488,0.018471189591078067,0.6853448275862069,0.9972067061427852,9.832315572979757,8.568075117370892,15,2397.5150224895892,639
1.0,1.0,Per period 56d,Both,20894,17.273334524643694,0.013592007434944238,0.7548387096774194,0.9997297221996989,18.453080970675824,5.712050078247262,10,4499.6052567710985,639
1.0,1.0,SP Part Period Balancing,SAP only,20894,17.41207961432309,0.015566914498141264,0.9370629370629371,0.9998932391524072,18.805089305431054,5.712050078247262,10,4585.439083437165,639
1.0,1.0,WI Sliding Economic Lot Size,SAP only,20894,22.30908944868019,0.012778810408921933,0.9322033898305084,1.0,36.30340187413197,4.569640062597809,8,8852.233302997067,639
1.0,1.0,DY Dynamic Planning Calculation,SAP only,20894,21.58969538353943,0.009990706319702601,0.9555555555555556,0.9993165478598584,39.55241027975636,3.427230046948357,6,9644.472567782865,639
1.0,1.0,GR Groff Reorder Procedure,SAP only,20894,22.9567266229498,0.024512081784386616,0.7403508771929824,0.9995588973110625,4.964385274515965,11.995305164319248,21,1210.5173175875884,639
0.5,0.5,Per period 7d,Both,20894,29.611405501847578,0.031017657992565055,0.6297169811320755,1.0,1.5511888245045016,16.564945226917057,29,378.24238673621403,639
0.5,0.5,Per period 14d,Both,20894,23.21831675990325,0.022653345724907063,0.6414473684210527,1.0,5.628062156416103,11.995305164319248,21,1372.3485040079418,639
0.5,0.5,Per period 28d,Both,20894,18.875435241832488,0.018471189591078067,0.6853448275862069,0.9972067061427852,9.832315572979757,8.568075117370892,15,2397.5150224895892,639
0.5,0.5,Per period 56d,Both,20894,17.273334524643694,0.013592007434944238,0.7548387096774194,0.9997297221996989,18.453080970675824,5.712050078247262,10,4499.6052567710985,639
0.5,0.5,SP Part Period Balancing,SAP only,20894,19.95686131380031,0.020678438661710038,0.8855721393034826,0.9998932391524072,12.575987378835507,8.568075117370892,15,3066.5328466730725,639
0.5,0.5,WI Sliding Economic Lot Size,SAP only,20894,20.015165263093678,0.021259293680297397,0.9481865284974094,1.0,22.87225673454655,6.283255086071987,11,5577.17851021897,639
0.5,0.5,DY Dynamic Planning Calculation,SAP only,20894,17.4128157564137,0.01475371747211896,0.927007299270073,1.0,21.344043755788118,5.140845070422535,9,5204.538561171187,639
0.5,0.5,GR Groff Reorder Procedure,SAP only,20894,24.331173821133532,0.028229553903345726,0.7147058823529412,0.9987746969798857,3.3773035220904175,13.137715179968701,23,823.5227876504047,639
2.0,2.0,Per period 7d,Both,20894,29.611405501847578,0.031017657992565055,0.6297169811320755,1.0,1.5511888245045016,16.564945226917057,29,378.24238673621403,639
2.0,2.0,Per period 14d,Both,20894,23.21831675990325,0.022653345724907063,0.6414473684210527,1.0,5.628062156416103,11.995305164319248,21,1372.3485040079418,639
2.0,2.0,Per period 28d,Both,20894,18.875435241832488,0.018471189591078067,0.6853448275862069,0.9972067061427852,9.832315572979757,8.568075117370892,15,2397.5150224895892,639
2.0,2.0,Per period 56d,Both,20894,17.273334524643694,0.013592007434944238,0.7548387096774194,0.9997297221996989,18.453080970675824,5.712050078247262,10,4499.6052567710985,639
2.0,2.0,SP Part Period Balancing,SAP only,20894,18.015242344186376,0.01266263940520446,0.956140350877193,0.9997439353582536,25.409539089949387,4.569640062597809,8,6195.870263776318,639
2.0,2.0,WI Sliding Economic Lot Size,SAP only,20894,24.45285476306252,0.009526022304832713,0.9647058823529412,0.9995583984656221,49.353580924586225,2.856025039123631,5,12034.393200877657,639
2.0,2.0,DY Dynamic Planning Calculation,SAP only,20894,25.285279353267565,0.004182156133828996,0.8780487804878049,0.9993165478598584,56.53968794734104,1.7136150234741785,3,13786.655871089255,639
2.0,2.0,GR Groff Reorder Procedure,SAP only,20894,20.920356600469663,0.020910780669144983,0.7692307692307693,0.9995588973110625,7.409198164765313,10.28169014084507,18,1806.6612867312315,639
1.0,1.0,Per period 7d,Both,90182C,8.205999294882464,0.0023234200743494425,0.1941747572815534,1.0,7.89079178916712,4.569640062597809,8,129.6374872967226,639
1.0,1.0,Per period 14d,Both,90182C,7.224038415709907,0.0033689591078066915,0.3118279569892473,1.0,8.581779331576929,3.998435054773083,7,140.98969264502773,639
1.0,1.0,Per period 28d,Both,90182C,7.220976746046706,0.0025557620817843866,0.24175824175824176,1.0,8.464502241607667,3.998435054773083,7,139.06295225353003,639
1.0,1.0,Per period 56d,Both,90182C,4.939769868112541,0.0027881040892193307,0.6,1.0,74.30277932217938,1.7136150234741785,3,1220.7172445880647,639
1.0,1.0,SP Part Period Balancing,SAP only,90182C,5.204237188437341,0.0009293680297397769,0.6153846153846154,1.0,161.04307689577723,0.5712050078247262,1,2645.769954792465,639
1.0,1.0,WI Sliding Economic Lot Size,SAP only,90182C,5.070159580276794,0.0031366171003717473,0.7105263157894737,1.0,117.60229578117479,1.1424100156494523,2,1932.0831841397064,639
1.0,1.0,DY Dynamic Planning Calculation,SAP only,90182C,7.113495728684497,0.0013940520446096654,0.5454545454545454,1.0,195.87217583859663,1.1424100156494523,2,3217.9757602928303,639
1.0,1.0,GR Groff Reorder Procedure,SAP only,90182C,6.913632721023982,0.004646840148698885,0.4819277108433735,0.9893560705665885,34.99665169962763,3.427230046948357,6,574.9585227133681,639
0.5,0.5,Per period 7d,Both,90182C,8.205999294882464,0.0023234200743494425,0.1941747572815534,1.0,7.89079178916712,4.569640062597809,8,129.6374872967226,639
0.5,0.5,Per period 14d,Both,90182C,7.224038415709907,0.0033689591078066915,0.3118279569892473,1.0,8.581779331576929,3.998435054773083,7,140.98969264502773,639
0.5,0.5,Per period 28d,Both,90182C,7.220976746046706,0.0025557620817843866,0.24175824175824176,1.0,8.464502241607667,3.998435054773083,7,139.06295225353003,639
0.5,0.5,Per period 56d,Both,90182C,4.939769868112541,0.0027881040892193307,0.6,1.0,74.30277932217938,1.7136150234741785,3,1220.7172445880647,639
0.5,0.5,SP Part Period Balancing,SAP only,90182C,4.399648740287419,0.0015102230483271376,0.7647058823529411,1.0,130.2233601392584,0.5712050078247262,1,2139.4341210429448,639
0.5,0.5,WI Sliding Economic Lot Size,SAP only,90182C,4.524590852147652,0.0026719330855018587,0.7419354838709677,0.987860556117769,96.7043153157365,1.1424100156494523,2,1588.7511397136086,639
0.5,0.5,DY Dynamic Planning Calculation,SAP only,90182C,5.610905712480157,0.002091078066914498,0.6206896551724138,1.0,100.01060134736322,1.7136150234741785,3,1643.0699742332029,639
0.5,0.5,GR Groff Reorder Procedure,SAP only,90182C,7.212729047928023,0.001974907063197026,0.1827956989247312,0.9767619612636168,8.148574613643882,3.998435054773083,7,133.8725905064281,639
2.0,2.0,Per period 7d,Both,90182C,8.205999294882464,0.0023234200743494425,0.1941747572815534,1.0,7.89079178916712,4.569640062597809,8,129.6374872967226,639
2.0,2.0,Per period 14d,Both,90182C,7.224038415709907,0.0033689591078066915,0.3118279569892473,1.0,8.581779331576929,3.998435054773083,7,140.98969264502773,639
2.0,2.0,Per period 28d,Both,90182C,7.220976746046706,0.0025557620817843866,0.24175824175824176,1.0,8.464502241607667,3.998435054773083,7,139.06295225353003,639
2.0,2.0,Per period 56d,Both,90182C,4.939769868112541,0.0027881040892193307,0.6,1.0,74.30277932217938,1.7136150234741785,3,1220.7172445880647,639
2.0,2.0,SP Part Period Balancing,SAP only,90182C,5.672459152633747,0.0009293680297397769,0.6153846153846154,1.0,178.9782937745377,0.5712050078247262,1,2940.426880536755,639
2.0,2.0,WI Sliding Economic Lot Size,SAP only,90182C,5.106221839686958,0.0015102230483271376,0.7222222222222222,0.987860556117769,157.28860429152311,0.5712050078247262,1,2584.087881871965,639
2.0,2.0,DY Dynamic Planning Calculation,SAP only,90182C,8.131128993452226,0.0013940520446096654,0.5454545454545454,1.0,234.85256271125147,1.1424100156494523,2,3858.382901051832,639
2.0,2.0,GR Groff Reorder Procedure,SAP only,90182C,4.996758130079607,0.001974907063197026,0.4358974358974359,1.0,76.48571159806512,1.7136150234741785,3,1256.5805473776843,639
1.0,1.0,Per period 7d,Both,44234,31.04631618956308,0.03508364312267658,0.7312348668280871,0.999518222522724,0.37359575656774713,17.70735524256651,31,402.50974263153023,639
1.0,1.0,Per period 14d,Both,44234,21.309567267706807,0.030901486988847583,0.7987987987987988,0.9994720245776129,2.4970322187239153,11.995305164319248,21,2690.286969356792,639
1.0,1.0,Per period 28d,Both,44234,19.298077363788025,0.02509293680297398,0.9191489361702128,0.9991932458052433,10.470554667442332,10.28169014084507,18,11280.910423395913,639
1.0,1.0,Per period 56d,Both,44234,14.264022867327917,0.019400557620817844,0.9766081871345029,1.0,10.195864208456722,7.42566510172144,13,10984.960632730706,639
1.0,1.0,SP Part Period Balancing,SAP only,44234,9.210944896229693,0.009409851301115242,0.9529411764705882,1.0,25.900131231013567,3.427230046948357,6,27904.64016961518,639
1.0,1.0,WI Sliding Economic Lot Size,SAP only,44234,9.257980194664505,0.011152416356877323,0.9411764705882353,1.0,26.27952746524417,3.427230046948357,6,28313.399310774854,639
1.0,1.0,DY Dynamic Planning Calculation,SAP only,44234,8.724965034060894,0.007202602230483271,0.9841269841269841,1.0,46.17872634602021,1.7136150234741785,3,49752.67231981491,639
1.0,1.0,GR Groff Reorder Procedure,SAP only,44234,15.563742895350627,0.02137546468401487,0.9633507853403142,1.0,4.547264260834056,8.568075117370892,15,4899.194209594736,639
0.5,0.5,Per period 7d,Both,44234,31.04631618956308,0.03508364312267658,0.7312348668280871,0.999518222522724,0.37359575656774713,17.70735524256651,31,402.50974263153023,639
0.5,0.5,Per period 14d,Both,44234,21.309567267706807,0.030901486988847583,0.7987987987987988,0.9994720245776129,2.4970322187239153,11.995305164319248,21,2690.286969356792,639
0.5,0.5,Per period 28d,Both,44234,19.298077363788025,0.02509293680297398,0.9191489361702128,0.9991932458052433,10.470554667442332,10.28169014084507,18,11280.910423395913,639
0.5,0.5,Per period 56d,Both,44234,14.264022867327917,0.019400557620817844,0.9766081871345029,1.0,10.195864208456722,7.42566510172144,13,10984.960632730706,639
0.5,0.5,SP Part Period Balancing,SAP only,44234,10.215527246923585,0.01533457249070632,0.9635036496350365,1.0,17.870891060318666,4.569640062597809,8,19253.986788740676,639
0.5,0.5,WI Sliding Economic Lot Size,SAP only,44234,14.03934913895167,0.01475371747211896,0.9769230769230769,1.0,48.71461214810199,4.569640062597809,8,52484.819898032365,639
0.5,0.5,DY Dynamic Planning Calculation,SAP only,44234,8.18972702412674,0.01092007434944238,1.0,0.9999962500345825,33.79518592001525,2.2848200312989047,4,36410.722947768096,639
0.5,0.5,GR Groff Reorder Procedure,SAP only,44234,16.407194765427466,0.02532527881040892,0.9688888888888889,1.0,3.2845153691478264,9.139280125195619,16,3538.716413833944,639
2.0,2.0,Per period 7d,Both,44234,31.04631618956308,0.03508364312267658,0.7312348668280871,0.999518222522724,0.37359575656774713,17.70735524256651,31,402.50974263153023,639
2.0,2.0,Per period 14d,Both,44234,21.309567267706807,0.030901486988847583,0.7987987987987988,0.9994720245776129,2.4970322187239153,11.995305164319248,21,2690.286969356792,639
2.0,2.0,Per period 28d,Both,44234,19.298077363788025,0.02509293680297398,0.9191489361702128,0.9991932458052433,10.470554667442332,10.28169014084507,18,11280.910423395913,639
2.0,2.0,Per period 56d,Both,44234,14.264022867327917,0.019400557620817844,0.9766081871345029,1.0,10.195864208456722,7.42566510172144,13,10984.960632730706,639
2.0,2.0,SP Part Period Balancing,SAP only,44234,7.890429326253194,0.009642193308550186,0.9880952380952381,1.0,31.380990129496595,2.2848200312989047,4,33809.68343053371,639
2.0,2.0,WI Sliding Economic Lot Size,SAP only,44234,14.257047915609482,0.008828996282527882,0.9743589743589743,0.9998837106032221,74.66922154521933,2.856025039123631,5,80448.15450470144,639
2.0,2.0,DY Dynamic Planning Calculation,SAP only,44234,10.963739023753787,0.006273234200743495,0.9310344827586207,0.9996421023071773,64.23713033722899,1.7136150234741785,3,69208.68437309838,639
2.0,2.0,GR Groff Reorder Procedure,SAP only,44234,13.0884082066572,0.018471189591078067,0.9578313253012049,1.0,8.77932082186597,6.854460093896714,12,9458.78560547328,639
1.0,1.0,Per period 7d,Both,85165,11.77042191780822,0.010455390334572491,0.45454545454545453,1.0,2.133089897409146,6.283255086071987,11,166.0,639
1.0,1.0,Per period 14d,Both,85165,8.475423883069606,0.011384758364312268,0.725925925925926,0.9957983564095745,6.853779149745733,3.427230046948357,6,533.3705533178311,639
1.0,1.0,Per period 28d,Both,85165,9.410290669218814,0.006970260223048327,0.8450704225352113,1.0,14.97963142246743,2.2848200312989047,4,1165.7355928364032,639
1.0,1.0,Per period 56d,Both,85165,12.097788141762951,0.004182156133828996,0.8780487804878049,1.0,27.958043993154206,1.1424100156494523,2,2175.733572457779,639
1.0,1.0,SP Part Period Balancing,SAP only,85165,8.615589960809185,0.008828996282527882,0.8941176470588236,1.0,12.779320121102757,2.2848200312989047,4,994.5043303986732,639
1.0,1.0,WI Sliding Economic Lot Size,SAP only,85165,9.646550604347205,0.006854089219330855,0.9365079365079365,1.0,18.40250078435713,1.7136150234741785,3,1432.1080109720956,639
1.0,1.0,DY Dynamic Planning Calculation,SAP only,85165,9.23353316271743,0.0025557620817843866,0.7857142857142857,1.0,20.027696714370354,1.1424100156494523,2,1558.583001411961,639
1.0,1.0,GR Groff Reorder Procedure,SAP only,85165,10.962870112944842,0.009177509293680297,0.7821782178217822,1.0,16.509574433799788,2.856025039123631,5,1284.7978696722948,639
0.5,0.5,Per period 7d,Both,85165,11.77042191780822,0.010455390334572491,0.45454545454545453,1.0,2.133089897409146,6.283255086071987,11,166.0,639
0.5,0.5,Per period 14d,Both,85165,8.475423883069606,0.011384758364312268,0.725925925925926,0.9957983564095745,6.853779149745733,3.427230046948357,6,533.3705533178311,639
0.5,0.5,Per period 28d,Both,85165,9.410290669218814,0.006970260223048327,0.8450704225352113,1.0,14.97963142246743,2.2848200312989047,4,1165.7355928364032,639
0.5,0.5,Per period 56d,Both,85165,12.097788141762951,0.004182156133828996,0.8780487804878049,1.0,27.958043993154206,1.1424100156494523,2,2175.733572457779,639
0.5,0.5,SP Part Period Balancing,SAP only,85165,8.094823277021145,0.01150092936802974,0.8761061946902655,1.0,5.799999021034675,3.427230046948357,6,451.36392922828713,639
0.5,0.5,WI Sliding Economic Lot Size,SAP only,85165,9.906823969094205,0.011965613382899629,0.9279279279279279,1.0,13.585668313560845,2.856025039123631,5,1057.2554596926714,639
0.5,0.5,DY Dynamic Planning Calculation,SAP only,85165,10.109176824296076,0.004065985130111524,0.8536585365853658,1.0,22.452117158634927,1.1424100156494523,2,1747.254746675365,639
0.5,0.5,GR Groff Reorder Procedure,SAP only,85165,8.164474653496608,0.01591542750929368,0.845679012345679,0.9974348579565694,3.224115334399088,3.998435054773083,7,250.90510538740398,639
2.0,2.0,Per period 7d,Both,85165,11.77042191780822,0.010455390334572491,0.45454545454545453,1.0,2.133089897409146,6.283255086071987,11,166.0,639
2.0,2.0,Per period 14d,Both,85165,8.475423883069606,0.011384758364312268,0.725925925925926,0.9957983564095745,6.853779149745733,3.427230046948357,6,533.3705533178311,639
2.0,2.0,Per period 28d,Both,85165,9.410290669218814,0.006970260223048327,0.8450704225352113,1.0,14.97963142246743,2.2848200312989047,4,1165.7355928364032,639
2.0,2.0,Per period 56d,Both,85165,12.097788141762951,0.004182156133828996,0.8780487804878049,1.0,27.958043993154206,1.1424100156494523,2,2175.733572457779,639
2.0,2.0,SP Part Period Balancing,SAP only,85165,8.822503909286617,0.007318773234200744,0.9402985074626866,1.0,16.12093838381196,1.7136150234741785,3,1254.553675849832,639
2.0,2.0,WI Sliding Economic Lot Size,SAP only,85165,14.421025984329805,0.0033689591078066915,0.90625,1.0,34.39046116186148,1.1424100156494523,2,2676.313154829031,639
2.0,2.0,DY Dynamic Planning Calculation,SAP only,85165,11.648050960638864,0.0025557620817843866,0.9166666666666666,1.0,26.712843388952464,1.1424100156494523,2,2078.830342758669,639
2.0,2.0,GR Groff Reorder Procedure,SAP only,85165,10.939366529696294,0.011268587360594795,0.941747572815534,1.0,19.213228877269636,2.2848200312989047,4,1495.199990164786,639
1.0,1.0,Per period 7d,Both,21586,61.17372208032946,0.07423327137546469,0.8554216867469879,1.0,2.1513037489506632,30.845070422535212,54,5134.134430039712,639
1.0,1.0,Per period 14d,Both,21586,56.733093471459,0.05471654275092937,0.9289940828402367,0.9999473219364049,5.617805340563471,21.705790297339593,38,13407.017876632424,639
1.0,1.0,Per period 28d,Both,21586,61.00177476556898,0.03368959107806691,0.9602649006622517,1.0,12.29588640026437,11.424100156494523,20,29344.40743026015,639
1.0,1.0,Per period 56d,Both,21586,93.76003132952924,0.02184014869888476,0.9842931937172775,1.0,25.118518308025344,5.712050078247262,10,59945.904775055234,639
1.0,1.0,SP Part Period Balancing,SAP only,21586,43.93968299046476,0.04844330855018587,0.9765807962529274,1.0,5.079985412781555,15.422535211267606,27,12123.498610822819,639
1.0,1.0,WI Sliding Economic Lot Size,SAP only,21586,55.80776915075336,0.04902416356877323,0.9882903981264637,1.0,10.138499889353676,12.566510172143975,22,24195.756352990145,639
1.0,1.0,DY Dynamic Planning Calculation,SAP only,21586,51.510362344883475,0.03020446096654275,0.9774436090225563,0.999977317439571,10.649084921845176,9.139280125195619,16,25414.278933102876,639
1.0,1.0,GR Groff Reorder Procedure,SAP only,21586,49.734096566722265,0.06308085501858736,0.9476439790575916,1.0,2.319352597218532,23.990610328638496,42,5535.1867585365235,639
0.5,0.5,Per period 7d,Both,21586,61.17372208032946,0.07423327137546469,0.8554216867469879,1.0,2.1513037489506632,30.845070422535212,54,5134.134430039712,639
0.5,0.5,Per period 14d,Both,21586,56.733093471459,0.05471654275092937,0.9289940828402367,0.9999473219364049,5.617805340563471,21.705790297339593,38,13407.017876632424,639
0.5,0.5,Per period 28d,Both,21586,61.00177476556898,0.03368959107806691,0.9602649006622517,1.0,12.29588640026437,11.424100156494523,20,29344.40743026015,639
0.5,0.5,Per period 56d,Both,21586,93.76003132952924,0.02184014869888476,0.9842931937172775,1.0,25.118518308025344,5.712050078247262,10,59945.904775055234,639
0.5,0.5,SP Part Period Balancing,SAP only,21586,46.19270666930809,0.06006040892193309,0.9609665427509294,0.9999035226436752,3.056657035789413,20.56338028169014,36,7294.780263328337,639
0.5,0.5,WI Sliding Economic Lot Size,SAP only,21586,58.14610281475976,0.0604089219330855,0.9719626168224299,1.0,8.14075484118988,17.70735524256651,31,19428.093190955507,639
0.5,0.5,DY Dynamic Planning Calculation,SAP only,21586,41.707878020437526,0.04170539033457249,0.9755434782608695,1.0,5.010470188263396,14.280125195618153,25,11957.59897541117,639
0.5,0.5,GR Groff Reorder Procedure,SAP only,21586,55.770848737984345,0.07632434944237919,0.9332386363636364,0.9998869190145687,1.4307140227588655,29.131455399061032,51,3414.4309595378154,639
2.0,2.0,Per period 7d,Both,21586,61.17372208032946,0.07423327137546469,0.8554216867469879,1.0,2.1513037489506632,30.845070422535212,54,5134.134430039712,639
2.0,2.0,Per period 14d,Both,21586,56.733093471459,0.05471654275092937,0.9289940828402367,0.9999473219364049,5.617805340563471,21.705790297339593,38,13407.017876632424,639
2.0,2.0,Per period 28d,Both,21586,61.00177476556898,0.03368959107806691,0.9602649006622517,1.0,12.29588640026437,11.424100156494523,20,29344.40743026015,639
2.0,2.0,Per period 56d,Both,21586,93.76003132952924,0.02184014869888476,0.9842931937172775,1.0,25.118518308025344,5.712050078247262,10,59945.904775055234,639
2.0,2.0,SP Part Period Balancing,SAP only,21586,44.949579372410504,0.036013011152416355,0.9810126582278481,1.0,7.781933390008839,10.852895148669797,19,18571.75778613693,639
2.0,2.0,WI Sliding Economic Lot Size,SAP only,21586,62.939511399059306,0.03473513011152416,0.9771241830065359,1.0,14.076534568240618,9.139280125195619,16,33593.964040503226,639
2.0,2.0,DY Dynamic Planning Calculation,SAP only,21586,69.91854131493736,0.020910780669144983,0.972972972972973,1.0,17.66888616455965,6.283255086071987,11,42167.19133323948,639
2.0,2.0,GR Groff Reorder Procedure,SAP only,21586,47.86186573984131,0.05518122676579926,0.9674134419551935,1.0,3.2573289326042896,21.134585289514867,37,7773.688225572705,639
1.0,1.0,Per period 7d,Both,84595E,24.47201380545509,0.0170771375464684,0.42857142857142855,1.0,0.8032003738317383,13.708920187793428,24,261.8313662478853,639
1.0,1.0,Per period 14d,Both,84595E,18.80533069825587,0.01591542750929368,0.5637860082304527,0.9997833019687817,1.3703877098968231,10.28169014084507,18,446.7259952331182,639
1.0,1.0,Per period 28d,Both,84595E,13.885949011625085,0.013359665427509293,0.7142857142857143,1.0,6.612509343490584,5.712050078247262,10,2155.5796189105713,639
1.0,1.0,Per period 56d,Both,84595E,21.33230644046133,0.011152416356877323,0.8807339449541285,0.9985774024359859,26.090156945320462,3.427230046948357,6,8505.00281271791,639
1.0,1.0,SP Part Period Balancing,SAP only,84595E,11.835690278355052,0.01475371747211896,0.9407407407407408,0.9981728777924347,8.228632710360024,3.998435054773083,7,2682.411780546496,639
1.0,1.0,WI Sliding Economic Lot Size,SAP only,84595E,24.369493805053324,0.012314126394052044,0.954954954954955,1.0,29.55672854533537,3.998435054773083,7,9635.053554474867,639
1.0,1.0,DY Dynamic Planning Calculation,SAP only,84595E,16.572935983551822,0.008828996282527882,0.9743589743589743,0.9991468623517376,17.991393548966485,3.427230046948357,6,5864.926495435282,639
1.0,1.0,GR Groff Reorder Procedure,SAP only,84595E,14.029044088149856,0.01591542750929368,0.6715686274509803,0.9983710079210919,1.751068690659179,7.42566510172144,13,570.8223285329746,639
0.5,0.5,Per period 7d,Both,84595E,24.47201380545509,0.0170771375464684,0.42857142857142855,1.0,0.8032003738317383,13.708920187793428,24,261.8313662478853,639
0.5,0.5,Per period 14d,Both,84595E,18.80533069825587,0.01591542750929368,0.5637860082304527,0.9997833019687817,1.3703877098968231,10.28169014084507,18,446.7259952331182,639
0.5,0.5,Per period 28d,Both,84595E,13.885949011625085,0.013359665427509293,0.7142857142857143,1.0,6.612509343490584,5.712050078247262,10,2155.5796189105713,639
0.5,0.5,Per period 56d,Both,84595E,21.33230644046133,0.011152416356877323,0.8807339449541285,0.9985774024359859,26.090156945320462,3.427230046948357,6,8505.00281271791,639
0.5,0.5,SP Part Period Balancing,SAP only,84595E,11.84318924286195,0.01475371747211896,0.900709219858156,0.9981728777924347,4.838101420655089,5.140845070422535,9,1577.1490480921152,639
0.5,0.5,WI Sliding Economic Lot Size,SAP only,84595E,24.67281132369327,0.016147769516728624,0.9328859060402684,1.0,28.371221632182895,4.569640062597809,8,9248.5959470335,639
0.5,0.5,DY Dynamic Planning Calculation,SAP only,84595E,13.153721158769217,0.012430297397769517,0.9067796610169492,1.0,7.068162729476891,5.140845070422535,9,2304.1158403507056,639
0.5,0.5,GR Groff Reorder Procedure,SAP only,84595E,15.669389506246748,0.016263940520446097,0.6140350877192983,0.9983710079210919,1.1390639329670715,8.568075117370892,15,371.31788720374345,639
2.0,2.0,Per period 7d,Both,84595E,24.47201380545509,0.0170771375464684,0.42857142857142855,1.0,0.8032003738317383,13.708920187793428,24,261.8313662478853,639
2.0,2.0,Per period 14d,Both,84595E,18.80533069825587,0.01591542750929368,0.5637860082304527,0.9997833019687817,1.3703877098968231,10.28169014084507,18,446.7259952331182,639
2.0,2.0,Per period 28d,Both,84595E,13.885949011625085,0.013359665427509293,0.7142857142857143,1.0,6.612509343490584,5.712050078247262,10,2155.5796189105713,639
2.0,2.0,Per period 56d,Both,84595E,21.33230644046133,0.011152416356877323,0.8807339449541285,0.9985774024359859,26.090156945320462,3.427230046948357,6,8505.00281271791,639
2.0,2.0,SP Part Period Balancing,SAP only,84595E,19.138253652687744,0.010339219330855019,0.978021978021978,0.9981728777924347,18.95336406325234,4.569640062597809,8,6178.514564180892,639
2.0,2.0,WI Sliding Economic Lot Size,SAP only,84595E,27.062651833170474,0.011965613382899629,0.9809523809523809,1.0,35.841175895224595,3.427230046948357,6,11683.689846667512,639
2.0,2.0,DY Dynamic Planning Calculation,SAP only,84595E,16.485887126715625,0.007783457249070632,0.9571428571428572,0.9972848932732015,21.24655908767274,2.2848200312989047,4,6926.06200798055,639
2.0,2.0,GR Groff Reorder Procedure,SAP only,84595E,12.161942880419511,0.01696096654275093,0.8156424581005587,0.9981572198765918,1.9772153804363066,6.283255086071987,11,644.5427832114311,639
1.0,1.0,Per period 7d,Both,51008,78.30483961032559,0.029623605947955392,0.8614864864864865,1.0,10.190896888425424,13.137715179968701,23,29255.458634447594,639
1.0,1.0,Per period 14d,Both,51008,88.85206348996034,0.021607806691449814,0.8157894736842105,0.9999632933990356,13.055748438036321,10.28169014084507,18,37479.71474468917,639
1.0,1.0,Per period 28d,Both,51008,136.9842058157364,0.01591542750929368,0.9448275862068966,1.0,23.583358237814597,5.140845070422535,9,67701.790032962,639
1.0,1.0,Per period 56d,Both,51008,145.72604424765888,0.007318773234200744,0.9545454545454546,1.0,26.11553552110207,2.2848200312989047,4,74971.02340637027,639
1.0,1.0,SP Part Period Balancing,SAP only,51008,75.55976604748233,0.021956319702602232,0.9130434782608695,0.9999566749477754,10.422139326044494,10.852895148669797,19,29919.296532363835,639
1.0,1.0,WI Sliding Economic Lot Size,SAP only,51008,93.60502728780784,0.025673791821561338,0.9778761061946902,1.0,14.300101703320628,9.139280125195619,16,41051.93472470994,639
1.0,1.0,DY Dynamic Planning Calculation,SAP only,51008,72.80482197335591,0.016728624535315983,0.96,1.0,11.388633840651545,6.283255086071987,11,32693.85510184769,639
1.0,1.0,GR Groff Reorder Procedure,SAP only,51008,65.58063856935371,0.02741635687732342,0.8740740740740741,0.999817704771413,8.03050505383077,12.566510172143975,22,23053.526199730586,639
0.5,0.5,Per period 7d,Both,51008,78.30483961032559,0.029623605947955392,0.8614864864864865,1.0,10.190896888425424,13.137715179968701,23,29255.458634447594,639
0.5,0.5,Per period 14d,Both,51008,88.85206348996034,0.021607806691449814,0.8157894736842105,0.9999632933990356,13.055748438036321,10.28169014084507,18,37479.71474468917,639
0.5,0.5,Per period 28d,Both,51008,136.9842058157364,0.01591542750929368,0.9448275862068966,1.0,23.583358237814597,5.140845070422535,9,67701.790032962,639
0.5,0.5,Per period 56d,Both,51008,145.72604424765888,0.007318773234200744,0.9545454545454546,1.0,26.11553552110207,2.2848200312989047,4,74971.02340637027,639
0.5,0.5,SP Part Period Balancing,SAP only,51008,67.75958806155131,0.02857806691449814,0.9389312977099237,0.9999566749477754,8.800550562993994,11.424100156494523,20,25264.129916617727,639
0.5,0.5,WI Sliding Economic Lot Size,SAP only,51008,94.38625124647572,0.03229553903345725,0.9488054607508533,1.0,13.338449723209452,12.566510172143975,22,38291.277833280634,639
0.5,0.5,DY Dynamic Planning Calculation,SAP only,51008,72.50333266569046,0.02253717472118959,0.9556650246305419,1.0,10.41174047525751,9.139280125195619,16,29889.444091271045,639
0.5,0.5,GR Groff Reorder Procedure,SAP only,51008,68.67424156397483,0.03461895910780669,0.8713450292397661,0.9998513764854076,7.679217617738252,15.422535211267606,27,22045.069812827263,639
2.0,2.0,Per period 7d,Both,51008,78.30483961032559,0.029623605947955392,0.8614864864864865,1.0,10.190896888425424,13.137715179968701,23,29255.458634447594,639
2.0,2.0,Per period 14d,Both,51008,88.85206348996034,0.021607806691449814,0.8157894736842105,0.9999632933990356,13.055748438036321,10.28169014084507,18,37479.71474468917,639
2.0,2.0,Per period 28d,Both,51008,136.9842058157364,0.01591542750929368,0.9448275862068966,1.0,23.583358237814597,5.140845070422535,9,67701.790032962,639
2.0,2.0,Per period 56d,Both,51008,145.72604424765888,0.007318773234200744,0.9545454545454546,1.0,26.11553552110207,2.2848200312989047,4,74971.02340637027,639
2.0,2.0,SP Part Period Balancing,SAP only,51008,77.44297984382965,0.019865241635687734,0.9715909090909091,1.0,12.059028908841727,6.854460093896714,12,34618.387888402634,639
2.0,2.0,WI Sliding Economic Lot Size,SAP only,51008,105.36500140343507,0.020678438661710038,0.9888888888888889,1.0,17.01988853116457,7.42566510172144,13,48859.747119208405,639
2.0,2.0,DY Dynamic Planning Calculation,SAP only,51008,86.68955096002593,0.01312732342007435,0.9826086956521739,1.0,14.499944411382067,4.569640062597809,8,41625.63202957893,639
2.0,2.0,GR Groff Reorder Procedure,SAP only,51008,65.33844877626052,0.023350371747211895,0.8739130434782608,0.999788418175086,8.722948185655891,10.28169014084507,18,25041.353338166795,639
1.0,1.0,Per period 7d,Both,21292,37.80316058810587,0.03787174721189591,0.888283378746594,1.0,7.822256655672899,17.136150234741784,30,16753.844792109652,639
1.0,1.0,Per period 14d,Both,21292,34.06370561460416,0.031017657992565055,0.9335664335664335,1.0,12.093228182405268,12.566510172143975,22,25901.485584297166,639
1.0,1.0,Per period 28d,Both,21292,31.828060834927292,0.021956319702602232,0.9742268041237113,0.9999819083042002,18.874137282771777,7.42566510172144,13,40424.954145579184,639
1.0,1.0,Per period 56d,Both,21292,39.909850533367035,0.015450743494423791,0.9637681159420289,1.0,28.980599360448657,6.283255086071987,11,62071.149674582164,639
1.0,1.0,SP Part Period Balancing,SAP only,21292,25.560466685723203,0.019981412639405203,0.9885057471264368,0.9998333370762124,14.596099382564265,6.283255086071987,11,31262.178472288047,639
1.0,1.0,WI Sliding Economic Lot Size,SAP only,21292,34.38488922379804,0.019400557620817844,0.9488636363636364,1.0,23.442117243088827,6.283255086071987,11,50208.732745213434,639
1.0,1.0,DY Dynamic Planning Calculation,SAP only,21292,50.66917505500632,0.013475836431226766,0.9830508474576272,0.9999596839519459,42.773596006065816,4.569640062597809,8,91613.22879457238,639
1.0,1.0,GR Groff Reorder Procedure,SAP only,21292,31.57855809529574,0.03729089219330855,0.9727272727272728,0.9999361980332053,8.599551732830921,13.137715179968701,23,18418.668851664384,639
0.5,0.5,Per period 7d,Both,21292,37.80316058810587,0.03787174721189591,0.888283378746594,1.0,7.822256655672899,17.136150234741784,30,16753.844792109652,639
0.5,0.5,Per period 14d,Both,21292,34.06370561460416,0.031017657992565055,0.9335664335664335,1.0,12.093228182405268,12.566510172143975,22,25901.485584297166,639
0.5,0.5,Per period 28d,Both,21292,31.828060834927292,0.021956319702602232,0.9742268041237113,0.9999819083042002,18.874137282771777,7.42566510172144,13,40424.954145579184,639
0.5,0.5,Per period 56d,Both,21292,39.909850533367035,0.015450743494423791,0.9637681159420289,1.0,28.980599360448657,6.283255086071987,11,62071.149674582164,639
0.5,0.5,SP Part Period Balancing,SAP only,21292,30.53805707563695,0.029623605947955392,0.9807692307692307,0.9998333370762124,11.56629326468123,10.852895148669797,19,24772.887250632266,639
0.5,0.5,WI Sliding Economic Lot Size,SAP only,21292,38.725830783594084,0.020446096654275093,0.9513513513513514,1.0,24.7863403847952,7.996870109546166,14,53087.81315301082,639
0.5,0.5,DY Dynamic Planning Calculation,SAP only,21292,27.960347528189963,0.020678438661710038,0.994413407821229,0.9999596839519459,14.996958822293031,7.42566510172144,13,32120.74616346668,639
0.5,0.5,GR Groff Reorder Procedure,SAP only,21292,34.148710117828024,0.03531598513011153,0.95,0.9999361980332053,8.16865182186413,14.85133020344288,26,17495.75995886605,639
2.0,2.0,Per period 7d,Both,21292,37.80316058810587,0.03787174721189591,0.888283378746594,1.0,7.822256655672899,17.136150234741784,30,16753.844792109652,639
2.0,2.0,Per period 14d,Both,21292,34.06370561460416,0.031017657992565055,0.9335664335664335,1.0,12.093228182405268,12.566510172143975,22,25901.485584297166,639
2.0,2.0,Per period 28d,Both,21292,31.828060834927292,0.021956319702602232,0.9742268041237113,0.9999819083042002,18.874137282771777,7.42566510172144,13,40424.954145579184,639
2.0,2.0,Per period 56d,Both,21292,39.909850533367035,0.015450743494423791,0.9637681159420289,1.0,28.980599360448657,6.283255086071987,11,62071.149674582164,639
2.0,2.0,SP Part Period Balancing,SAP only,21292,33.75496510071484,0.01533457249070632,0.9777777777777777,1.0,25.817993222230058,4.569640062597809,8,55297.42506918187,639
2.0,2.0,WI Sliding Economic Lot Size,SAP only,21292,45.09132149059029,0.013592007434944238,0.9831932773109243,1.0,38.18453941692781,3.998435054773083,7,81784.30790626738,639
2.0,2.0,DY Dynamic Planning Calculation,SAP only,21292,65.34021891886047,0.009409851301115242,0.9878048780487805,1.0,61.49033206235218,2.2848200312989047,4,131701.05826696512,639
2.0,2.0,GR Groff Reorder Procedure,SAP only,21292,29.9206982149219,0.03125,0.9817518248175182,0.9999361980332053,10.947423589676998,10.852895148669797,19,23447.38146144996,639
1.0,1.0,Per period 7d,Both,84251F,16.04945205479452,0.022188661710037173,0.7764227642276422,1.0,1.4571217460969768,9.139280125195619,16,475.0,639
1.0,1.0,Per period 14d,Both,84251F,12.16047463502726,0.018819702602230485,0.9050279329608939,1.0,4.728440129875165,6.854460093896714,12,1541.401099603947,639
1.0,1.0,Per period 28d,Both,84251F,6.6368710130079664,0.011268587360594795,0.9509803921568627,1.0,18.76562271009097,3.427230046948357,6,6117.313677576516,639
1.0,1.0,Per period 56d,Both,84251F,4.077993016950255,0.007899628252788104,1.0,1.0,31.76343376762878,1.7136150234741785,3,10354.406610180076,639
1.0,1.0,SP Part Period Balancing,SAP only,84251F,3.288828400248887,0.0034851301115241635,1.0,1.0,37.97577060838568,1.1424100156494523,2,12379.535949759047,639
1.0,1.0,WI Sliding Economic Lot Size,SAP only,84251F,3.0376121262008855,0.0026719330855018587,1.0,1.0,60.03893976771999,0.5712050078247262,1,19571.800685876926,639
1.0,1.0,DY Dynamic Planning Calculation,SAP only,84251F,6.198583963094826,0.0,0.0,1.0,182.6434012734742,0.0,0,59539.03017183187,639
1.0,1.0,GR Groff Reorder Procedure,SAP only,84251F,6.3291399402621575,0.009409851301115242,0.9529411764705882,1.0,9.698221165082716,3.427230046948357,6,3161.4757419917746,639
0.5,0.5,Per period 7d,Both,84251F,16.04945205479452,0.022188661710037173,0.7764227642276422,1.0,1.4571217460969768,9.139280125195619,16,475.0,639
0.5,0.5,Per period 14d,Both,84251F,12.16047463502726,0.018819702602230485,0.9050279329608939,1.0,4.728440129875165,6.854460093896714,12,1541.401099603947,639
0.5,0.5,Per period 28d,Both,84251F,6.6368710130079664,0.011268587360594795,0.9509803921568627,1.0,18.76562271009097,3.427230046948357,6,6117.313677576516,639
0.5,0.5,Per period 56d,Both,84251F,4.077993016950255,0.007899628252788104,1.0,1.0,31.76343376762878,1.7136150234741785,3,10354.406610180076,639
0.5,0.5,SP Part Period Balancing,SAP only,84251F,3.0718101968760623,0.005808550185873606,1.0,1.0,31.581254854745495,1.1424100156494523,2,10295.018996309545,639
0.5,0.5,WI Sliding Economic Lot Size,SAP only,84251F,3.34102498874463,0.0045306691449814125,0.975,1.0,39.51376098078269,1.1424100156494523,2,12880.897918204999,639
0.5,0.5,DY Dynamic Planning Calculation,SAP only,84251F,4.013015867349074,0.0015102230483271376,1.0,1.0,59.31420256934624,1.1424100156494523,2,19335.547146905574,639
0.5,0.5,GR Groff Reorder Procedure,SAP only,84251F,6.44285973931578,0.010687732342007435,0.9484536082474226,1.0,13.049014025992742,3.427230046948357,6,4253.784338164722,639
2.0,2.0,Per period 7d,Both,84251F,16.04945205479452,0.022188661710037173,0.7764227642276422,1.0,1.4571217460969768,9.139280125195619,16,475.0,639
2.0,2.0,Per period 14d,Both,84251F,12.16047463502726,0.018819702602230485,0.9050279329608939,1.0,4.728440129875165,6.854460093896714,12,1541.401099603947,639
2.0,2.0,Per period 28d,Both,84251F,6.6368710130079664,0.011268587360594795,0.9509803921568627,1.0,18.76562271009097,3.427230046948357,6,6117.313677576516,639
2.0,2.0,Per period 56d,Both,84251F,4.077993016950255,0.007899628252788104,1.0,1.0,31.76343376762878,1.7136150234741785,3,10354.406610180076,639
2.0,2.0,SP Part Period Balancing,SAP only,84251F,2.99701277082672,0.0036013011152416356,1.0,1.0,58.842665844643875,0.5712050078247262,1,19181.833193467177,639
2.0,2.0,WI Sliding Economic Lot Size,SAP only,84251F,3.6024897085078984,0.0011617100371747212,1.0,1.0,76.68325136371527,0.5712050078247262,1,24997.598515931124,639
2.0,2.0,DY Dynamic Planning Calculation,SAP only,84251F,6.198583963094826,0.0,0.0,1.0,182.6434012734742,0.0,0,59539.03017183187,639
2.0,2.0,GR Groff Reorder Procedure,SAP only,84251F,4.631271021799904,0.006737918215613383,0.9508196721311475,1.0,18.600617049535025,2.2848200312989047,4,6063.524288341186,639
1.0,1.0,Per period 7d,Both,21801,48.821289739328584,0.058317843866171004,0.8900709219858156,1.0,3.736865971389142,26.275430359937403,46,12259.175653034921,639
1.0,1.0,Per period 14d,Both,21801,36.45574898701155,0.04170539033457249,0.8842364532019704,1.0,7.226270472615864,17.70735524256651,31,23706.52833641926,639
1.0,1.0,Per period 28d,Both,21801,26.452693488010635,0.027764869888475836,0.9484126984126984,1.0,15.169367392333797,8.568075117370892,15,49764.680037189064,639
1.0,1.0,Per period 56d,Both,21801,31.683791399777665,0.017890334572490705,0.9565217391304348,1.0,28.720702125338317,5.712050078247262,10,94221.23643951009,639
1.0,1.0,SP Part Period Balancing,SAP only,21801,22.66285299119162,0.02404739776951673,0.9904306220095693,1.0,14.123204697930607,6.854460093896714,12,46332.6350212493,639
1.0,1.0,WI Sliding Economic Lot Size,SAP only,21801,35.43794487163487,0.021956319702602232,0.9895287958115183,1.0,33.693168499420906,5.712050078247262,10,110533.92712079438,639
1.0,1.0,DY Dynamic Planning Calculation,SAP only,21801,29.5879167059799,0.012197955390334572,1.0,1.0,29.91823779263315,3.998435054773083,7,98149.87616288885,639
1.0,1.0,GR Groff Reorder Procedure,SAP only,21801,27.221201616810102,0.03357342007434944,0.9829931972789115,1.0,6.915606851589401,12.566510172143975,22,22687.36416828199,639
0.5,0.5,Per period 7d,Both,21801,48.821289739328584,0.058317843866171004,0.8900709219858156,1.0,3.736865971389142,26.275430359937403,46,12259.175653034921,639
0.5,0.5,Per period 14d,Both,21801,36.45574898701155,0.04170539033457249,0.8842364532019704,1.0,7.226270472615864,17.70735524256651,31,23706.52833641926,639
0.5,0.5,Per period 28d,Both,21801,26.452693488010635,0.027764869888475836,0.9484126984126984,1.0,15.169367392333797,8.568075117370892,15,49764.680037189064,639
0.5,0.5,Per period 56d,Both,21801,31.683791399777665,0.017890334572490705,0.9565217391304348,1.0,28.720702125338317,5.712050078247262,10,94221.23643951009,639
0.5,0.5,SP Part Period Balancing,SAP only,21801,25.606238171546668,0.03485130111524164,0.9803921568627451,1.0,8.750121009556334,10.852895148669797,19,28705.677769220638,639
0.5,0.5,WI Sliding Economic Lot Size,SAP only,21801,29.319729265113775,0.03125,0.9853479853479854,1.0,20.29134908891774,7.996870109546166,14,66567.87121150628,639
0.5,0.5,DY Dynamic Planning Calculation,SAP only,21801,25.166519763705157,0.015683085501858735,1.0,1.0,22.737467427728724,4.569640062597809,8,74592.6156399093,639
0.5,0.5,GR Groff Reorder Procedure,SAP only,21801,30.786070828543384,0.04054368029739777,0.9803370786516854,0.999981072770607,5.014741679037843,15.422535211267606,27,16451.37919545637,639
2.0,2.0,Per period 7d,Both,21801,48.821289739328584,0.058317843866171004,0.8900709219858156,1.0,3.736865971389142,26.275430359937403,46,12259.175653034921,639
2.0,2.0,Per period 14d,Both,21801,36.45574898701155,0.04170539033457249,0.8842364532019704,1.0,7.226270472615864,17.70735524256651,31,23706.52833641926,639
2.0,2.0,Per period 28d,Both,21801,26.452693488010635,0.027764869888475836,0.9484126984126984,1.0,15.169367392333797,8.568075117370892,15,49764.680037189064,639
2.0,2.0,Per period 56d,Both,21801,31.683791399777665,0.017890334572490705,0.9565217391304348,1.0,28.720702125338317,5.712050078247262,10,94221.23643951009,639
2.0,2.0,SP Part Period Balancing,SAP only,21801,25.33638499524938,0.016496282527881042,0.993006993006993,1.0,21.6379340034702,5.140845070422535,9,70985.4824198336,639
2.0,2.0,WI Sliding Economic Lot Size,SAP only,21801,60.99125135374203,0.01486988847583643,0.9922480620155039,1.0,72.83723222160432,3.427230046948357,6,238950.08028709333,639
2.0,2.0,DY Dynamic Planning Calculation,SAP only,21801,47.1448980470844,0.00766728624535316,1.0,1.0,57.146452951540006,2.2848200312989047,4,187474.85460935484,639
2.0,2.0,GR Groff Reorder Procedure,SAP only,21801,24.64052067558115,0.02857806691449814,0.9800796812749004,0.999981072770607,8.795529008938546,10.28169014084507,18,28854.64341175143,639
1.0,1.0,Per period 7d,Both,84510F,13.093914519822494,0.011849442379182156,0.5483870967741935,1.0,3.211205252327562,6.283255086071987,11,3057.11519894084,639
1.0,1.0,Per period 14d,Both,84510F,53.32672739308467,0.00929368029739777,0.6956521739130435,0.9999006008770722,75.64694956995244,2.2848200312989047,4,72017.02199390362,639
1.0,1.0,Per period 28d,Both,84510F,8.417892806805224,0.010106877323420074,0.7767857142857143,1.0,3.708054940770062,3.427230046948357,6,3530.1234979356277,639
1.0,1.0,Per period 56d,Both,84510F,73.31378753764012,0.004879182156133829,0.9545454545454546,1.0,110.89966288416339,0.5712050078247262,1,105578.12980495457,639
1.0,1.0,SP Part Period Balancing,SAP only,84510F,3.2627298885543414,0.004414498141263941,0.95,1.0,1.9365092567104611,1.1424100156494523,2,1843.5856372893386,639
1.0,1.0,WI Sliding Economic Lot Size,SAP only,84510F,35.200211494156534,0.006157063197026022,0.9298245614035088,0.9997588178081149,49.381905181525475,1.7136150234741785,3,47012.30878146854,639
1.0,1.0,DY Dynamic Planning Calculation,SAP only,84510F,4.086397796612246,0.0033689591078066915,0.7837837837837838,1.0,1.6660882178199325,1.7136150234741785,3,1586.14078305388,639
1.0,1.0,GR Groff Reorder Procedure,SAP only,84510F,6.536857000166216,0.008480483271375464,0.8295454545454546,1.0,0.8233182407220307,3.427230046948357,6,783.811220242675,639
0.5,0.5,Per period 7d,Both,84510F,13.093914519822494,0.011849442379182156,0.5483870967741935,1.0,3.211205252327562,6.283255086071987,11,3057.11519894084,639
0.5,0.5,Per period 14d,Both,84510F,53.32672739308467,0.00929368029739777,0.6956521739130435,0.9999006008770722,75.64694956995244,2.2848200312989047,4,72017.02199390362,639
0.5,0.5,Per period 28d,Both,84510F,8.417892806805224,0.010106877323420074,0.7767857142857143,1.0,3.708054940770062,3.427230046948357,6,3530.1234979356277,639
0.5,0.5,Per period 56d,Both,84510F,73.31378753764012,0.004879182156133829,0.9545454545454546,1.0,110.89966288416339,0.5712050078247262,1,105578.12980495457,639
0.5,0.5,SP Part Period Balancing,SAP only,84510F,4.773947535784985,0.007202602230483271,0.8985507246376812,0.9997598238608921,1.186917788864372,2.2848200312989047,4,1129.9634022460777,639
0.5,0.5,WI Sliding Economic Lot Size,SAP only,84510F,152.6495409764505,0.004646840148698885,0.9090909090909091,1.0,232.56813871175802,0.5712050078247262,1,221408.32982561775,639
0.5,0.5,DY Dynamic Planning Calculation,SAP only,84510F,4.086397796612246,0.0033689591078066915,0.7837837837837838,1.0,1.6660882178199325,1.7136150234741785,3,1586.14078305388,639
0.5,0.5,GR Groff Reorder Procedure,SAP only,84510F,8.234065627117579,0.011849442379182156,0.864406779661017,0.9999465864495509,0.3589605803263783,4.569640062597809,8,341.73581559166416,639
2.0,2.0,Per period 7d,Both,84510F,13.093914519822494,0.011849442379182156,0.5483870967741935,1.0,3.211205252327562,6.283255086071987,11,3057.11519894084,639
2.0,2.0,Per period 14d,Both,84510F,53.32672739308467,0.00929368029739777,0.6956521739130435,0.9999006008770722,75.64694956995244,2.2848200312989047,4,72017.02199390362,639
2.0,2.0,Per period 28d,Both,84510F,8.417892806805224,0.010106877323420074,0.7767857142857143,1.0,3.708054940770062,3.427230046948357,6,3530.1234979356277,639
2.0,2.0,Per period 56d,Both,84510F,73.31378753764012,0.004879182156133829,0.9545454545454546,1.0,110.89966288416339,0.5712050078247262,1,105578.12980495457,639
2.0,2.0,SP Part Period Balancing,SAP only,84510F,4.0924957209414226,0.004879182156133829,0.9333333333333333,1.0,1.675439930341514,1.7136150234741785,3,1595.043752574477,639
2.0,2.0,WI Sliding Economic Lot Size,SAP only,84510F,174.55827180693626,0.00383364312267658,0.8918918918918919,1.0,266.16713754799065,0.5712050078247262,1,253395.07683812693,639
2.0,2.0,DY Dynamic Planning Calculation,SAP only,84510F,4.086397796612246,0.0034851301115241635,0.8108108108108109,1.0,1.6660882178199325,1.7136150234741785,3,1586.14078305388,639
2.0,2.0,GR Groff Reorder Procedure,SAP only,84510F,5.663062573187519,0.008248141263940521,0.8765432098765432,1.0,1.016865778179946,2.856025039123631,5,968.0713568537768,639
1.0,1.0,Per period 7d,Both,21655,16.540108996182244,0.024163568773234202,0.8813559322033898,1.0,3.111302945864827,7.42566510172144,13,3822.8987680666232,639
1.0,1.0,Per period 14d,Both,21655,16.746011572899974,0.0191682156133829,0.9763313609467456,1.0,6.8077532786298605,5.140845070422535,9,8364.775810971863,639
1.0,1.0,Per period 28d,Both,21655,19.189297747738255,0.011152416356877323,0.9230769230769231,1.0,11.591705504175346,3.427230046948357,6,14242.88070391853,639
1.0,1.0,Per period 56d,Both,21655,30.55963584382608,0.00766728624535316,1.0,1.0,24.221394392186617,1.7136150234741785,3,29761.145215966033,639
1.0,1.0,SP Part Period Balancing,SAP only,21655,13.792715107868528,0.020678438661710038,0.994413407821229,0.9998779390450667,5.091055557640584,4.569640062597809,8,6255.446788082876,639
1.0,1.0,WI Sliding Economic Lot Size,SAP only,21655,25.585758517219816,0.016844795539033456,0.9863945578231292,1.0,16.334504188464106,3.998435054773083,7,20070.419700548024,639
1.0,1.0,DY Dynamic Planning Calculation,SAP only,21655,16.168011606242736,0.013940520446096654,1.0,1.0,8.057509401260685,3.998435054773083,7,9900.367562954432,639
1.0,1.0,GR Groff Reorder Procedure,SAP only,21655,14.819362895956534,0.025441449814126393,0.9776785714285714,0.9999100412081562,2.4778593238545534,6.854460093896714,12,3044.5782752193336,639
0.5,0.5,Per period 7d,Both,21655,16.540108996182244,0.024163568773234202,0.8813559322033898,1.0,3.111302945864827,7.42566510172144,13,3822.8987680666232,639
0.5,0.5,Per period 14d,Both,21655,16.746011572899974,0.0191682156133829,0.9763313609467456,1.0,6.8077532786298605,5.140845070422535,9,8364.775810971863,639
0.5,0.5,Per period 28d,Both,21655,19.189297747738255,0.011152416356877323,0.9230769230769231,1.0,11.591705504175346,3.427230046948357,6,14242.88070391853,639
0.5,0.5,Per period 56d,Both,21655,30.55963584382608,0.00766728624535316,1.0,1.0,24.221394392186617,1.7136150234741785,3,29761.145215966033,639
0.5,0.5,SP Part Period Balancing,SAP only,21655,14.016386200987691,0.022304832713754646,0.9795918367346939,1.0,2.6510176051415244,6.283255086071987,11,3257.340128285524,639
0.5,0.5,WI Sliding Economic Lot Size,SAP only,21655,26.4998268278418,0.020097583643122675,0.9774011299435028,1.0,16.258981226150436,4.569640062597809,8,19977.623645450465,639
0.5,0.5,DY Dynamic Planning Calculation,SAP only,21655,12.636622116071198,0.015683085501858735,0.9782608695652174,1.0,4.953869785752874,3.998435054773083,7,6086.884829485169,639
0.5,0.5,GR Groff Reorder Procedure,SAP only,21655,13.982715213545482,0.025673791821561338,0.9692982456140351,0.9996077059714659,1.7425530375950884,6.854460093896714,12,2141.097789775446,639
2.0,2.0,Per period 7d,Both,21655,16.540108996182244,0.024163568773234202,0.8813559322033898,1.0,3.111302945864827,7.42566510172144,13,3822.8987680666232,639
2.0,2.0,Per period 14d,Both,21655,16.746011572899974,0.0191682156133829,0.9763313609467456,1.0,6.8077532786298605,5.140845070422535,9,8364.775810971863,639
2.0,2.0,Per period 28d,Both,21655,19.189297747738255,0.011152416356877323,0.9230769230769231,1.0,11.591705504175346,3.427230046948357,6,14242.88070391853,639
2.0,2.0,Per period 56d,Both,21655,30.55963584382608,0.00766728624535316,1.0,1.0,24.221394392186617,1.7136150234741785,3,29761.145215966033,639
2.0,2.0,SP Part Period Balancing,SAP only,21655,17.01483936811259,0.014986059479553903,0.9923076923076923,1.0,9.680634751979355,3.427230046948357,6,11894.722986275428,639
2.0,2.0,WI Sliding Economic Lot Size,SAP only,21655,28.335903239265487,0.012197955390334572,0.9813084112149533,1.0,19.630401668938035,3.427230046948357,6,24120.132196248233,639
2.0,2.0,DY Dynamic Planning Calculation,SAP only,21655,22.596494192198435,0.00929368029739777,1.0,1.0,14.586195319664462,3.427230046948357,6,17922.249645421387,639
2.0,2.0,GR Groff Reorder Procedure,SAP only,21655,12.669696200210794,0.018819702602230485,0.9818181818181818,1.0,3.2251935210067866,5.140845070422535,9,3962.8376126536687,639
1.0,1.0,Per period 7d,Both,20770,82.52909684438879,0.03136617100371747,0.5578512396694215,1.0,36.469261848094106,20.56338028169014,36,33300.23597686648,639
1.0,1.0,Per period 14d,Both,20770,70.13729489121945,0.024512081784386616,0.6895424836601307,0.9998532368450452,37.72975903482456,12.566510172143975,22,34451.20124567666,639
1.0,1.0,Per period 28d,Both,20770,67.79343137933307,0.02032992565055762,0.8373205741626795,0.9999902438505021,41.37921437141485,8.568075117370892,15,37783.534222463866,639
1.0,1.0,Per period 56d,Both,20770,79.22269199614486,0.01150092936802974,0.8319327731092437,0.9999133445950421,55.82397209686659,4.569640062597809,8,50973.103095280145,639
1.0,1.0,SP Part Period Balancing,SAP only,20770,63.24604347030835,0.016496282527881042,0.9466666666666667,1.0,42.51776410270785,5.140845070422535,9,38823.14875816186,639
1.0,1.0,WI Sliding Economic Lot Size,SAP only,20770,65.67006957722154,0.016728624535315983,0.9473684210526315,1.0,44.417703040170686,5.140845070422535,9,40557.99097193306,639
1.0,1.0,DY Dynamic Planning Calculation,SAP only,20770,96.1935721403411,0.006273234200743495,0.9473684210526315,1.0,72.26083786542968,2.2848200312989047,4,65981.67417887157,639
1.0,1.0,GR Groff Reorder Procedure,SAP only,20770,63.94428709744469,0.02358271375464684,0.8601694915254238,0.9991226752956499,37.5784805392751,9.139280125195619,16,34313.06821679865,639
0.5,0.5,Per period 7d,Both,20770,82.52909684438879,0.03136617100371747,0.5578512396694215,1.0,36.469261848094106,20.56338028169014,36,33300.23597686648,639
0.5,0.5,Per period 14d,Both,20770,70.13729489121945,0.024512081784386616,0.6895424836601307,0.9998532368450452,37.72975903482456,12.566510172143975,22,34451.20124567666,639
0.5,0.5,Per period 28d,Both,20770,67.79343137933307,0.02032992565055762,0.8373205741626795,0.9999902438505021,41.37921437141485,8.568075117370892,15,37783.534222463866,639
0.5,0.5,Per period 56d,Both,20770,79.22269199614486,0.01150092936802974,0.8319327731092437,0.9999133445950421,55.82397209686659,4.569640062597809,8,50973.103095280145,639
0.5,0.5,SP Part Period Balancing,SAP only,20770,64.13126410919634,0.018703531598513012,0.92,1.0,41.6440058915994,6.283255086071987,11,38025.31647030718,639
0.5,0.5,WI Sliding Economic Lot Size,SAP only,20770,64.26087124865128,0.021607806691449814,0.8815165876777251,1.0,40.178001786294075,7.42566510172144,13,36686.70197207396,639
0.5,0.5,DY Dynamic Planning Calculation,SAP only,20770,64.33989537550795,0.011384758364312268,0.9333333333333333,1.0,44.94270898455883,3.998435054773083,7,41037.376102079215,639
0.5,0.5,GR Groff Reorder Procedure,SAP only,20770,66.40545601712641,0.02973977695167286,0.8858131487889274,0.9994887074836243,37.15614756716221,10.852895148669797,19,33927.434208335566,639
2.0,2.0,Per period 7d,Both,20770,82.52909684438879,0.03136617100371747,0.5578512396694215,1.0,36.469261848094106,20.56338028169014,36,33300.23597686648,639
2.0,2.0,Per period 14d,Both,20770,70.13729489121945,0.024512081784386616,0.6895424836601307,0.9998532368450452,37.72975903482456,12.566510172143975,22,34451.20124567666,639
2.0,2.0,Per period 28d,Both,20770,67.79343137933307,0.02032992565055762,0.8373205741626795,0.9999902438505021,41.37921437141485,8.568075117370892,15,37783.534222463866,639
2.0,2.0,Per period 56d,Both,20770,79.22269199614486,0.01150092936802974,0.8319327731092437,0.9999133445950421,55.82397209686659,4.569640062597809,8,50973.103095280145,639
2.0,2.0,SP Part Period Balancing,SAP only,20770,67.69006249615401,0.01254646840148699,0.9908256880733946,1.0,49.13614188755391,2.856025039123631,5,44866.41727665924,639
2.0,2.0,WI Sliding Economic Lot Size,SAP only,20770,64.30508407859114,0.01428903345724907,0.9318181818181818,1.0,44.91542407278035,3.998435054773083,7,41012.46213467796,639
2.0,2.0,DY Dynamic Planning Calculation,SAP only,20770,95.07690101453542,0.005227695167286246,0.9,1.0,72.1693916494984,1.7136150234741785,3,65898.17425550084,639
2.0,2.0,GR Groff Reorder Procedure,SAP only,20770,62.23167208796083,0.018819702602230485,0.8663101604278075,1.0,38.58752613660224,7.42566510172144,13,35234.43198452098,639
1.0,1.0,Per period 7d,Both,85162C,6.595099358235651,0.011036245353159852,0.8482142857142857,1.0,0.7125131583666928,3.427230046948357,6,556.9519634769558,639
1.0,1.0,Per period 14d,Both,85162C,8.130232761518146,0.008364312267657992,0.8780487804878049,1.0,2.550530179473761,3.427230046948357,6,1993.6793793695465,639
1.0,1.0,Per period 28d,Both,85162C,11.096579266819083,0.005692379182156134,0.9607843137254902,1.0,10.891345006572296,1.1424100156494523,2,8513.465211253757,639
1.0,1.0,Per period 56d,Both,85162C,9.347992098695581,0.0032527881040892194,0.9032258064516129,1.0,7.60045837209144,1.7136150234741785,3,5941.069528266377,639
1.0,1.0,SP Part Period Balancing,SAP only,85162C,9.667989130197096,0.010106877323420074,1.0,1.0,6.786290021750651,2.2848200312989047,4,5304.656493646001,639
1.0,1.0,WI Sliding Economic Lot Size,SAP only,85162C,7.997473271444246,0.007318773234200744,0.9692307692307692,1.0,3.588878257386322,2.856025039123631,5,2805.327548915769,639
1.0,1.0,DY Dynamic Planning Calculation,SAP only,85162C,9.430233514304422,0.006389405204460966,0.9322033898305084,1.0,7.698926115289373,1.7136150234741785,3,6018.039058259267,639
1.0,1.0,GR Groff Reorder Procedure,SAP only,85162C,7.488501438755001,0.01092007434944238,0.9591836734693877,0.9999590220508615,0.5848833445660858,3.998435054773083,7,457.1872439630134,639
0.5,0.5,Per period 7d,Both,85162C,6.595099358235651,0.011036245353159852,0.8482142857142857,1.0,0.7125131583666928,3.427230046948357,6,556.9519634769558,639
0.5,0.5,Per period 14d,Both,85162C,8.130232761518146,0.008364312267657992,0.8780487804878049,1.0,2.550530179473761,3.427230046948357,6,1993.6793793695465,639
0.5,0.5,Per period 28d,Both,85162C,11.096579266819083,0.005692379182156134,0.9607843137254902,1.0,10.891345006572296,1.1424100156494523,2,8513.465211253757,639
0.5,0.5,Per period 56d,Both,85162C,9.347992098695581,0.0032527881040892194,0.9032258064516129,1.0,7.60045837209144,1.7136150234741785,3,5941.069528266377,639
0.5,0.5,SP Part Period Balancing,SAP only,85162C,6.449979554331161,0.009526022304832713,0.9879518072289156,1.0,1.736062218058249,2.856025039123631,5,1357.032147002241,639
0.5,0.5,WI Sliding Economic Lot Size,SAP only,85162C,9.96990453598724,0.010803903345724907,0.9489795918367347,1.0,5.950472519775404,2.856025039123631,5,4651.320911885495,639
0.5,0.5,DY Dynamic Planning Calculation,SAP only,85162C,6.514987058958894,0.009526022304832713,0.9534883720930233,1.0,1.8138957794607833,2.856025039123631,5,1417.8725038974267,639
0.5,0.5,GR Groff Reorder Procedure,SAP only,85162C,7.488501438755001,0.01266263940520446,0.956140350877193,0.9999590220508615,0.5848833445660858,3.998435054773083,7,457.1872439630134,639
2.0,2.0,Per period 7d,Both,85162C,6.595099358235651,0.011036245353159852,0.8482142857142857,1.0,0.7125131583666928,3.427230046948357,6,556.9519634769558,639
2.0,2.0,Per period 14d,Both,85162C,8.130232761518146,0.008364312267657992,0.8780487804878049,1.0,2.550530179473761,3.427230046948357,6,1993.6793793695465,639
2.0,2.0,Per period 28d,Both,85162C,11.096579266819083,0.005692379182156134,0.9607843137254902,1.0,10.891345006572296,1.1424100156494523,2,8513.465211253757,639
2.0,2.0,Per period 56d,Both,85162C,9.347992098695581,0.0032527881040892194,0.9032258064516129,1.0,7.60045837209144,1.7136150234741785,3,5941.069528266377,639
2.0,2.0,SP Part Period Balancing,SAP only,85162C,9.089524931649079,0.006970260223048327,0.9836065573770492,1.0,7.290995330369472,1.7136150234741785,3,5699.170769363881,639
2.0,2.0,WI Sliding Economic Lot Size,SAP only,85162C,8.70868161217416,0.008480483271375464,0.9864864864864865,1.0,4.440408836435513,2.856025039123631,5,3470.945611393766,639
2.0,2.0,DY Dynamic Planning Calculation,SAP only,85162C,9.430233514304422,0.004763011152416357,0.9534883720930233,1.0,7.698926115289373,1.7136150234741785,3,6018.039058259267,639
2.0,2.0,GR Groff Reorder Procedure,SAP only,85162C,7.2571996183453225,0.010106877323420074,0.9666666666666667,1.0,1.505246574992798,3.427230046948357,6,1176.609899220622,639
1.0,1.0,Per period 7d,Both,84856L,25.790968977811907,0.022653345724907063,0.5213903743315508,0.9983638651118442,2.6581509855484544,13.708920187793428,24,549.3308209255013,639
1.0,1.0,Per period 14d,Both,84856L,20.869737996026906,0.019865241635687734,0.6895161290322581,0.9991007607458564,5.743453960057099,9.710485133020343,17,1186.9364441595133,639
1.0,1.0,Per period 28d,Both,84856L,23.154476461184743,0.012778810408921933,0.9090909090909091,1.0,28.42901865624059,2.2848200312989047,4,5875.112528010445,639
1.0,1.0,Per period 56d,Both,84856L,41.050076840856285,0.007783457249070632,0.9571428571428572,1.0,57.95801129234657,1.1424100156494523,2,11977.54457723743,639
1.0,1.0,SP Part Period Balancing,SAP only,84856L,16.205652288350038,0.017774163568773236,0.9329268292682927,1.0,12.178805433019793,4.569640062597809,8,2516.8597355023217,639
1.0,1.0,WI Sliding Economic Lot Size,SAP only,84856L,17.12549170927703,0.016263940520446097,0.8433734939759037,1.0,12.059831333018703,5.140845070422535,9,2492.27266713119,639
1.0,1.0,DY Dynamic Planning Calculation,SAP only,84856L,22.16053923588581,0.006157063197026022,0.9814814814814815,1.0,28.438017008946005,1.7136150234741785,3,5876.972118570016,639
1.0,1.0,GR Groff Reorder Procedure,SAP only,84856L,18.489560175901815,0.024860594795539034,0.7838827838827839,1.0,3.694998024611561,9.139280125195619,16,763.6045917682032,639
0.5,0.5,Per period 7d,Both,84856L,25.790968977811907,0.022653345724907063,0.5213903743315508,0.9983638651118442,2.6581509855484544,13.708920187793428,24,549.3308209255013,639
0.5,0.5,Per period 14d,Both,84856L,20.869737996026906,0.019865241635687734,0.6895161290322581,0.9991007607458564,5.743453960057099,9.710485133020343,17,1186.9364441595133,639
0.5,0.5,Per period 28d,Both,84856L,23.154476461184743,0.012778810408921933,0.9090909090909091,1.0,28.42901865624059,2.2848200312989047,4,5875.112528010445,639
0.5,0.5,Per period 56d,Both,84856L,41.050076840856285,0.007783457249070632,0.9571428571428572,1.0,57.95801129234657,1.1424100156494523,2,11977.54457723743,639
0.5,0.5,SP Part Period Balancing,SAP only,84856L,16.911669312667065,0.02532527881040892,0.9159663865546218,0.999907509317199,7.289885411697634,6.854460093896714,12,1506.5204194314945,639
0.5,0.5,WI Sliding Economic Lot Size,SAP only,84856L,17.868641111715213,0.02079460966542751,0.9132653061224489,1.0,10.19441730520131,6.283255086071987,11,2106.7680720807157,639
0.5,0.5,DY Dynamic Planning Calculation,SAP only,84856L,14.65170636755251,0.012197955390334572,0.8333333333333334,1.0,11.356640496859109,3.998435054773083,7,2346.951953072828,639
0.5,0.5,GR Groff Reorder Procedure,SAP only,84856L,20.722129101587278,0.02695167286245353,0.760655737704918,0.9995448629754125,2.5559790400270423,10.852895148669797,19,528.2160689742489,639
2.0,2.0,Per period 7d,Both,84856L,25.790968977811907,0.022653345724907063,0.5213903743315508,0.9983638651118442,2.6581509855484544,13.708920187793428,24,549.3308209255013,639
2.0,2.0,Per period 14d,Both,84856L,20.869737996026906,0.019865241635687734,0.6895161290322581,0.9991007607458564,5.743453960057099,9.710485133020343,17,1186.9364441595133,639
2.0,2.0,Per period 28d,Both,84856L,23.154476461184743,0.012778810408921933,0.9090909090909091,1.0,28.42901865624059,2.2848200312989047,4,5875.112528010445,639
2.0,2.0,Per period 56d,Both,84856L,41.050076840856285,0.007783457249070632,0.9571428571428572,1.0,57.95801129234657,1.1424100156494523,2,11977.54457723743,639
2.0,2.0,SP Part Period Balancing,SAP only,84856L,15.7197031494119,0.01266263940520446,0.923728813559322,0.999907509317199,14.425955349272979,3.427230046948357,6,2981.25348700449,639
2.0,2.0,WI Sliding Economic Lot Size,SAP only,84856L,21.729006793891216,0.010571561338289962,0.91,1.0,24.82914357944779,2.856025039123631,5,5131.165949386801,639
2.0,2.0,DY Dynamic Planning Calculation,SAP only,84856L,24.58689940084103,0.0045306691449814125,0.975,1.0,33.5234108723545,1.1424100156494523,2,6927.914522106701,639
2.0,2.0,GR Groff Reorder Procedure,SAP only,84856L,17.683647451953092,0.021143122676579924,0.8504672897196262,1.0,6.951456024425972,7.42566510172144,13,1436.5809411452758,639
1.0,1.0,Per period 7d,Both,47422,41.46069346034145,0.047397769516728624,0.7391304347826086,1.0,1.9007365136693948,23.419405320813773,41,2001.8227741027297,639
1.0,1.0,Per period 14d,Both,47422,27.049005488075473,0.03403810408921933,0.8592375366568915,0.9999254185581802,4.3280037722845925,14.85133020344288,26,4558.178608899381,639
1.0,1.0,Per period 28d,Both,47422,22.27630416651902,0.02462825278810409,0.9592760180995475,0.999671746603189,13.51742860550775,10.852895148669797,19,14236.321675945728,639
1.0,1.0,Per period 56d,Both,47422,15.936331728489439,0.018819702602230485,0.9818181818181818,1.0,20.36639711136885,6.283255086071987,11,21449.536677364817,639
1.0,1.0,SP Part Period Balancing,SAP only,47422,16.727060325650037,0.017890334572490705,1.0,1.0,27.754614057562133,5.712050078247262,10,29230.67879597933,639
1.0,1.0,WI Sliding Economic Lot Size,SAP only,47422,22.819365168427638,0.014986059479553903,0.9772727272727273,1.0,57.01615983846014,5.140845070422535,9,60048.431981858186,639
1.0,1.0,DY Dynamic Planning Calculation,SAP only,47422,15.225336850803657,0.009990706319702601,0.9885057471264368,1.0,42.187859802669394,2.856025039123631,5,44431.52322075398,639
1.0,1.0,GR Groff Reorder Procedure,SAP only,47422,22.401771523261786,0.026603159851301114,0.9385245901639344,0.9999007110594388,5.783451573440799,11.995305164319248,21,6091.031023697051,639
0.5,0.5,Per period 7d,Both,47422,41.46069346034145,0.047397769516728624,0.7391304347826086,1.0,1.9007365136693948,23.419405320813773,41,2001.8227741027297,639
0.5,0.5,Per period 14d,Both,47422,27.049005488075473,0.03403810408921933,0.8592375366568915,0.9999254185581802,4.3280037722845925,14.85133020344288,26,4558.178608899381,639
0.5,0.5,Per period 28d,Both,47422,22.27630416651902,0.02462825278810409,0.9592760180995475,0.999671746603189,13.51742860550775,10.852895148669797,19,14236.321675945728,639
0.5,0.5,Per period 56d,Both,47422,15.936331728489439,0.018819702602230485,0.9818181818181818,1.0,20.36639711136885,6.283255086071987,11,21449.536677364817,639
0.5,0.5,SP Part Period Balancing,SAP only,47422,16.3007247992441,0.022188661710037173,0.9896373056994818,1.0,17.74399978482015,6.854460093896714,12,18687.67323481068,639
0.5,0.5,WI Sliding Economic Lot Size,SAP only,47422,22.875987224493578,0.018819702602230485,0.9700598802395209,1.0,48.998139753787214,6.283255086071987,11,51603.992106430436,639
0.5,0.5,DY Dynamic Planning Calculation,SAP only,47422,14.627650186991708,0.015566914498141264,1.0,1.0,23.218649964437365,5.140845070422535,9,24453.479979190164,639
0.5,0.5,GR Groff Reorder Procedure,SAP only,47422,25.978770074216808,0.03136617100371747,0.9310344827586207,0.9999007110594388,4.038225368278376,14.280125195618153,25,4252.989012965895,639
2.0,2.0,Per period 7d,Both,47422,41.46069346034145,0.047397769516728624,0.7391304347826086,1.0,1.9007365136693948,23.419405320813773,41,2001.8227741027297,639
2.0,2.0,Per period 14d,Both,47422,27.049005488075473,0.03403810408921933,0.8592375366568915,0.9999254185581802,4.3280037722845925,14.85133020344288,26,4558.178608899381,639
2.0,2.0,Per period 28d,Both,47422,22.27630416651902,0.02462825278810409,0.9592760180995475,0.999671746603189,13.51742860550775,10.852895148669797,19,14236.321675945728,639
2.0,2.0,Per period 56d,Both,47422,15.936331728489439,0.018819702602230485,0.9818181818181818,1.0,20.36639711136885,6.283255086071987,11,21449.536677364817,639
2.0,2.0,SP Part Period Balancing,SAP only,47422,17.005840078836023,0.014521375464684015,1.0,1.0,37.15644033979519,4.569640062597809,8,39132.51939018034,639
2.0,2.0,WI Sliding Economic Lot Size,SAP only,47422,19.53586623605574,0.014521375464684015,1.0,1.0,51.720679229278474,3.998435054773083,7,54471.32352571839,639
2.0,2.0,DY Dynamic Planning Calculation,SAP only,47422,27.66171217574913,0.010223048327137546,1.0,1.0,97.62387396393339,2.2848200312989047,4,102815.7731446242,639
2.0,2.0,GR Groff Reorder Procedure,SAP only,47422,19.187150676082076,0.02532527881040892,0.9646017699115044,0.9999007110594388,9.023781557143733,9.710485133020343,17,9503.690437737594,639
1.0,1.0,Per period 7d,Both,72134,18.15351963964632,0.013592007434944238,0.5043103448275862,1.0,1.121172788364172,10.28169014084507,18,329.6156968876861,639
1.0,1.0,Per period 14d,Both,72134,15.18957549141916,0.011849442379182156,0.5284974093264249,0.9995615511772171,1.3844931033553474,8.568075117370892,15,407.02973157643135,639
1.0,1.0,Per period 28d,Both,72134,14.22998215514495,0.013359665427509293,0.672514619883041,0.9983478895534086,1.679587932540116,7.996870109546166,14,493.7852154582755,639
1.0,1.0,Per period 56d,Both,72134,14.829958745198114,0.012430297397769517,0.8991596638655462,0.9998035318341328,27.970659230090625,6.283255086071987,11,8223.146717631244,639
1.0,1.0,SP Part Period Balancing,SAP only,72134,7.710938673657387,0.00871282527881041,0.974025974025974,1.0,12.495195324089197,3.427230046948357,6,3673.485975793801,639
1.0,1.0,WI Sliding Economic Lot Size,SAP only,72134,16.380834443998662,0.0070864312267657995,0.9242424242424242,1.0,83.11563209036554,2.856025039123631,5,24435.32101211477,639
1.0,1.0,DY Dynamic Planning Calculation,SAP only,72134,9.067568771570038,0.00871282527881041,0.974025974025974,1.0,22.402831592384405,3.427230046948357,6,6586.250597782728,639
1.0,1.0,GR Groff Reorder Procedure,SAP only,72134,12.32485768978454,0.014172862453531599,0.7439024390243902,0.9985589603698608,2.3724756175586066,6.854460093896714,12,697.4885692432786,639
0.5,0.5,Per period 7d,Both,72134,18.15351963964632,0.013592007434944238,0.5043103448275862,1.0,1.121172788364172,10.28169014084507,18,329.6156968876861,639
0.5,0.5,Per period 14d,Both,72134,15.18957549141916,0.011849442379182156,0.5284974093264249,0.9995615511772171,1.3844931033553474,8.568075117370892,15,407.02973157643135,639
0.5,0.5,Per period 28d,Both,72134,14.22998215514495,0.013359665427509293,0.672514619883041,0.9983478895534086,1.679587932540116,7.996870109546166,14,493.7852154582755,639
0.5,0.5,Per period 56d,Both,72134,14.829958745198114,0.012430297397769517,0.8991596638655462,0.9998035318341328,27.970659230090625,6.283255086071987,11,8223.146717631244,639
0.5,0.5,SP Part Period Balancing,SAP only,72134,7.910890489819782,0.010223048327137546,0.8712871287128713,0.9994066300693237,6.652345150877477,3.998435054773083,7,1955.7354634365909,639
0.5,0.5,WI Sliding Economic Lot Size,SAP only,72134,12.257503440047465,0.010803903345724907,0.96875,1.0,38.39619351173716,3.998435054773083,7,11288.169150690142,639
0.5,0.5,DY Dynamic Planning Calculation,SAP only,72134,9.067568771570038,0.00871282527881041,0.9036144578313253,1.0,22.402831592384405,3.427230046948357,6,6586.250597782728,639
0.5,0.5,GR Groff Reorder Procedure,SAP only,72134,13.2599154428801,0.01370817843866171,0.686046511627907,0.9986962821614994,1.8981944102014865,7.42566510172144,13,558.0537450072733,639
2.0,2.0,Per period 7d,Both,72134,18.15351963964632,0.013592007434944238,0.5043103448275862,1.0,1.121172788364172,10.28169014084507,18,329.6156968876861,639
2.0,2.0,Per period 14d,Both,72134,15.18957549141916,0.011849442379182156,0.5284974093264249,0.9995615511772171,1.3844931033553474,8.568075117370892,15,407.02973157643135,639
2.0,2.0,Per period 28d,Both,72134,14.22998215514495,0.013359665427509293,0.672514619883041,0.9983478895534086,1.679587932540116,7.996870109546166,14,493.7852154582755,639
2.0,2.0,Per period 56d,Both,72134,14.829958745198114,0.012430297397769517,0.8991596638655462,0.9998035318341328,27.970659230090625,6.283255086071987,11,8223.146717631244,639
2.0,2.0,SP Part Period Balancing,SAP only,72134,11.63201844025206,0.008131970260223048,0.958904109589041,0.9994066300693237,48.434445418646916,2.856025039123631,5,14239.333709952949,639
2.0,2.0,WI Sliding Economic Lot Size,SAP only,72134,22.706204354652154,0.008015799256505576,0.971830985915493,0.9994885818811651,136.6137084762117,2.2848200312989047,4,40163.32111440021,639
2.0,2.0,DY Dynamic Planning Calculation,SAP only,72134,13.734284902871293,0.007318773234200744,0.984375,1.0,71.09067851140645,2.2848200312989047,4,20900.08229145895,639
2.0,2.0,GR Groff Reorder Procedure,SAP only,72134,10.510714221887916,0.01254646840148699,0.8120300751879699,0.9991261775861562,3.729808704153255,5.712050078247262,10,1096.533476406409,639
1.0,1.0,Per period 7d,Both,90108,16.071367812052962,0.009758364312267658,0.42857142857142855,0.9982222862627727,1.3161125628460153,9.139280125195619,16,124.04405428252748,639
1.0,1.0,Per period 14d,Both,90108,14.143297746750852,0.010687732342007435,0.5054945054945055,1.0,2.642591376997373,7.996870109546166,14,249.06513125743442,639
1.0,1.0,Per period 28d,Both,90108,11.707704587655035,0.010455390334572491,0.6521739130434783,1.0,13.05096614010471,6.283255086071987,11,1230.0579737813712,639
1.0,1.0,Per period 56d,Both,90108,7.787438610084367,0.009642193308550186,0.8137254901960784,0.997254549731129,14.521362185420134,3.998435054773083,7,1368.64329847997,639
1.0,1.0,SP Part Period Balancing,SAP only,90108,8.105188474838409,0.008596654275092937,0.8505747126436781,1.0,38.82233347489204,3.427230046948357,6,3659.018063409615,639
1.0,1.0,WI Sliding Economic Lot Size,SAP only,90108,10.363923089323428,0.007202602230483271,0.9117647058823529,0.9992649090084365,117.35877681984907,2.2848200312989047,4,11061.104417157387,639
1.0,1.0,DY Dynamic Planning Calculation,SAP only,90108,7.3912244918753505,0.004414498141263941,0.8260869565217391,1.0,80.97972396499263,1.7136150234741785,3,7632.366378735727,639
1.0,1.0,GR Groff Reorder Procedure,SAP only,90108,9.428390659387729,0.01092007434944238,0.8103448275862069,0.9997148495197328,7.900064642694685,5.140845070422535,9,744.583765126289,639
0.5,0.5,Per period 7d,Both,90108,16.071367812052962,0.009758364312267658,0.42857142857142855,0.9982222862627727,1.3161125628460153,9.139280125195619,16,124.04405428252748,639
0.5,0.5,Per period 14d,Both,90108,14.143297746750852,0.010687732342007435,0.5054945054945055,1.0,2.642591376997373,7.996870109546166,14,249.06513125743442,639
0.5,0.5,Per period 28d,Both,90108,11.707704587655035,0.010455390334572491,0.6521739130434783,1.0,13.05096614010471,6.283255086071987,11,1230.0579737813712,639
0.5,0.5,Per period 56d,Both,90108,7.787438610084367,0.009642193308550186,0.8137254901960784,0.997254549731129,14.521362185420134,3.998435054773083,7,1368.64329847997,639
0.5,0.5,SP Part Period Balancing,SAP only,90108,8.664213369146882,0.009177509293680297,0.8586956521739131,1.0,30.690195753305726,3.998435054773083,7,2892.5613320886296,639
0.5,0.5,WI Sliding Economic Lot Size,SAP only,90108,10.123770284583706,0.007899628252788104,0.8,1.0,76.04753069638939,3.427230046948357,6,7167.505494633582,639
0.5,0.5,DY Dynamic Planning Calculation,SAP only,90108,7.137020953513995,0.008596654275092937,0.9024390243902439,0.99719219780518,20.96810197892056,3.427230046948357,6,1976.2507049171802,639
0.5,0.5,GR Groff Reorder Procedure,SAP only,90108,9.428390659387729,0.011384758364312268,0.8099173553719008,0.9997148495197328,7.900064642694685,5.140845070422535,9,744.583765126289,639
2.0,2.0,Per period 7d,Both,90108,16.071367812052962,0.009758364312267658,0.42857142857142855,0.9982222862627727,1.3161125628460153,9.139280125195619,16,124.04405428252748,639
2.0,2.0,Per period 14d,Both,90108,14.143297746750852,0.010687732342007435,0.5054945054945055,1.0,2.642591376997373,7.996870109546166,14,249.06513125743442,639
2.0,2.0,Per period 28d,Both,90108,11.707704587655035,0.010455390334572491,0.6521739130434783,1.0,13.05096614010471,6.283255086071987,11,1230.0579737813712,639
2.0,2.0,Per period 56d,Both,90108,7.787438610084367,0.009642193308550186,0.8137254901960784,0.997254549731129,14.521362185420134,3.998435054773083,7,1368.64329847997,639
2.0,2.0,SP Part Period Balancing,SAP only,90108,7.961348373352793,0.00546003717472119,0.94,1.0,91.49352817457346,1.7136150234741785,3,8623.295982256044,639
2.0,2.0,WI Sliding Economic Lot Size,SAP only,90108,10.027547146455937,0.006970260223048327,0.8695652173913043,1.0,129.59684232129388,1.7136150234741785,3,12214.546230744843,639
2.0,2.0,DY Dynamic Planning Calculation,SAP only,90108,8.987412049497062,0.003949814126394052,0.918918918918919,0.99719219780518,128.85670045902938,1.1424100156494523,2,12144.78760984013,639
2.0,2.0,GR Groff Reorder Procedure,SAP only,90108,7.491995910365868,0.009990706319702601,0.8113207547169812,0.9958205526615667,9.073025778356003,3.998435054773083,7,855.1357489692477,639
1.0,1.0,Per period 7d,Both,22597,58.971423907675984,0.06470724907063197,0.8954983922829582,1.0,5.849843946753121,27.417840375586856,48,23556.292507657257,639
1.0,1.0,Per period 14d,Both,22597,51.33984392630005,0.04553903345724907,0.944578313253012,0.9999201011301849,10.844983647648837,17.70735524256651,31,43670.84137117362,639
1.0,1.0,Per period 28d,Both,22597,52.662251540366285,0.02730018587360595,0.9710743801652892,1.0,18.48153567490741,10.28169014084507,18,74421.89301313937,639
1.0,1.0,Per period 56d,Both,22597,67.4292235099054,0.017657992565055763,0.9934640522875817,1.0,31.15382673563173,5.140845070422535,9,125450.97988891452,639
1.0,1.0,SP Part Period Balancing,SAP only,22597,38.27594949482824,0.03903345724907063,0.9940828402366864,1.0,10.277726703399745,10.852895148669797,19,41386.597444778265,639
1.0,1.0,WI Sliding Economic Lot Size,SAP only,22597,48.10899813101646,0.037407063197026025,0.9938271604938271,0.999920428361809,16.58697958785089,9.710485133020343,17,66792.84892835887,639
1.0,1.0,DY Dynamic Planning Calculation,SAP only,22597,49.203690480040486,0.021026951672862452,0.9945054945054945,1.0,20.369792415179262,6.283255086071987,11,82025.5707365575,639
1.0,1.0,GR Groff Reorder Procedure,SAP only,22597,47.07930552719191,0.0525092936802974,0.9804772234273319,1.0,6.973743509486303,19.420970266040687,34,28082.038337794394,639
0.5,0.5,Per period 7d,Both,22597,58.971423907675984,0.06470724907063197,0.8954983922829582,1.0,5.849843946753121,27.417840375586856,48,23556.292507657257,639
0.5,0.5,Per period 14d,Both,22597,51.33984392630005,0.04553903345724907,0.944578313253012,0.9999201011301849,10.844983647648837,17.70735524256651,31,43670.84137117362,639
0.5,0.5,Per period 28d,Both,22597,52.662251540366285,0.02730018587360595,0.9710743801652892,1.0,18.48153567490741,10.28169014084507,18,74421.89301313937,639
0.5,0.5,Per period 56d,Both,22597,67.4292235099054,0.017657992565055763,0.9934640522875817,1.0,31.15382673563173,5.140845070422535,9,125450.97988891452,639
0.5,0.5,SP Part Period Balancing,SAP only,22597,41.65336524932606,0.055762081784386616,0.9917355371900827,1.0,7.813015040222808,15.422535211267606,27,31461.63715296476,639
0.5,0.5,WI Sliding Economic Lot Size,SAP only,22597,46.9081828365401,0.0525092936802974,0.9934065934065934,0.999920428361809,11.68120490367982,14.280125195618153,25,47038.15726668903,639
0.5,0.5,DY Dynamic Planning Calculation,SAP only,22597,39.738812718439824,0.03078531598513011,0.9962406015037594,1.0,11.590898598092943,10.28169014084507,18,46674.50966017962,639
0.5,0.5,GR Groff Reorder Procedure,SAP only,22597,50.84644383703118,0.05866635687732342,0.9730250481695568,1.0,5.783205931862933,22.848200312989047,40,23287.952944214005,639
2.0,2.0,Per period 7d,Both,22597,58.971423907675984,0.06470724907063197,0.8954983922829582,1.0,5.849843946753121,27.417840375586856,48,23556.292507657257,639
2.0,2.0,Per period 14d,Both,22597,51.33984392630005,0.04553903345724907,0.944578313253012,0.9999201011301849,10.844983647648837,17.70735524256651,31,43670.84137117362,639
2.0,2.0,Per period 28d,Both,22597,52.662251540366285,0.02730018587360595,0.9710743801652892,1.0,18.48153567490741,10.28169014084507,18,74421.89301313937,639
2.0,2.0,Per period 56d,Both,22597,67.4292235099054,0.017657992565055763,0.9934640522875817,1.0,31.15382673563173,5.140845070422535,9,125450.97988891452,639
2.0,2.0,SP Part Period Balancing,SAP only,22597,40.68895950716935,0.028694237918215612,1.0,1.0,14.23026304807369,7.996870109546166,14,57302.76600068713,639
2.0,2.0,WI Sliding Economic Lot Size,SAP only,22597,50.61819837914545,0.028926579925650557,1.0,1.0,20.05761439242541,7.42566510172144,13,80768.48475522404,639
2.0,2.0,DY Dynamic Planning Calculation,SAP only,22597,56.93006116389742,0.01324349442379182,1.0,1.0,26.08897664719952,4.569640062597809,8,105055.71955777974,639
2.0,2.0,GR Groff Reorder Procedure,SAP only,22597,41.626942716979485,0.03984665427509294,0.9884726224783862,1.0,8.865305089331514,14.280125195618153,25,35699.024068808896,639
1.0,1.0,Per period 7d,Both,85230F,23.231092469370044,0.035896840148698886,0.9363636363636364,1.0,0.5662885690092929,13.137715179968701,23,1454.2888158632022,639
1.0,1.0,Per period 14d,Both,85230F,22.04289449340974,0.03055297397769517,0.942652329749104,1.0,2.5555970383223188,11.995305164319248,21,6563.042932664745,639
1.0,1.0,Per period 28d,Both,85230F,15.410817265615078,0.019052044609665426,0.9371428571428572,1.0,5.907670912901823,7.42566510172144,13,15171.522447405232,639
1.0,1.0,Per period 56d,Both,85230F,15.38044581612661,0.01533457249070632,0.9361702127659575,1.0,13.184700350263112,5.712050078247262,10,33859.7021187278,639
1.0,1.0,SP Part Period Balancing,SAP only,85230F,13.7630172088711,0.018471189591078067,0.99375,1.0,14.122185708967118,4.569640062597809,8,36267.26346961985,639
1.0,1.0,WI Sliding Economic Lot Size,SAP only,85230F,15.651255387822413,0.01312732342007435,1.0,1.0,18.749284546163874,4.569640062597809,8,48150.1416647445,639
1.0,1.0,DY Dynamic Planning Calculation,SAP only,85230F,16.304227216944568,0.009758364312267658,0.9882352941176471,1.0,30.151320994763562,2.2848200312989047,4,77431.77472732359,639
1.0,1.0,GR Groff Reorder Procedure,SAP only,85230F,18.243855003965784,0.026719330855018587,0.9829059829059829,0.9998813964881216,3.0480477021642933,9.710485133020343,17,7827.708214612261,639
0.5,0.5,Per period 7d,Both,85230F,23.231092469370044,0.035896840148698886,0.9363636363636364,1.0,0.5662885690092929,13.137715179968701,23,1454.2888158632022,639
0.5,0.5,Per period 14d,Both,85230F,22.04289449340974,0.03055297397769517,0.942652329749104,1.0,2.5555970383223188,11.995305164319248,21,6563.042932664745,639
0.5,0.5,Per period 28d,Both,85230F,15.410817265615078,0.019052044609665426,0.9371428571428572,1.0,5.907670912901823,7.42566510172144,13,15171.522447405232,639
0.5,0.5,Per period 56d,Both,85230F,15.38044581612661,0.01533457249070632,0.9361702127659575,1.0,13.184700350263112,5.712050078247262,10,33859.7021187278,639
0.5,0.5,SP Part Period Balancing,SAP only,85230F,16.100027537037967,0.021607806691449814,0.9893617021276596,1.0,10.047054900478313,6.854460093896714,12,25801.89743135962,639
0.5,0.5,WI Sliding Economic Lot Size,SAP only,85230F,16.288064146046345,0.019400557620817844,0.9940476190476191,1.0,15.408805214683587,5.712050078247262,10,39571.43816046408,639
0.5,0.5,DY Dynamic Planning Calculation,SAP only,85230F,13.834260731660805,0.015683085501858735,0.9782608695652174,1.0,14.296766874167966,4.569640062597809,8,36715.60632855506,639
0.5,0.5,GR Groff Reorder Procedure,SAP only,85230F,21.663418048974794,0.03508364312267658,0.9587301587301588,1.0,1.625695803212419,11.995305164319248,21,4174.958411651725,639
2.0,2.0,Per period 7d,Both,85230F,23.231092469370044,0.035896840148698886,0.9363636363636364,1.0,0.5662885690092929,13.137715179968701,23,1454.2888158632022,639
2.0,2.0,Per period 14d,Both,85230F,22.04289449340974,0.03055297397769517,0.942652329749104,1.0,2.5555970383223188,11.995305164319248,21,6563.042932664745,639
2.0,2.0,Per period 28d,Both,85230F,15.410817265615078,0.019052044609665426,0.9371428571428572,1.0,5.907670912901823,7.42566510172144,13,15171.522447405232,639
2.0,2.0,Per period 56d,Both,85230F,15.38044581612661,0.01533457249070632,0.9361702127659575,1.0,13.184700350263112,5.712050078247262,10,33859.7021187278,639
2.0,2.0,SP Part Period Balancing,SAP only,85230F,14.222379563872437,0.011152416356877323,1.0,1.0,22.59930035938624,2.856025039123631,5,58037.38863471447,639
2.0,2.0,WI Sliding Economic Lot Size,SAP only,85230F,16.927013549044204,0.007202602230483271,1.0,1.0,34.12793413286206,1.7136150234741785,3,87644.13698967472,639
2.0,2.0,DY Dynamic Planning Calculation,SAP only,85230F,23.252444352294315,0.004879182156133829,1.0,1.0,52.078790507617015,1.1424100156494523,2,133743.83083771422,639
2.0,2.0,GR Groff Reorder Procedure,SAP only,85230F,16.226596195874727,0.023118029739776953,0.9851485148514851,1.0,5.456239993283343,7.996870109546166,14,14012.200198177168,639
1.0,1.0,Per period 7d,Both,22647,42.77086970930059,0.04077602230483272,0.7119675456389453,1.0,3.7764461749094305,22.848200312989047,40,3487.4739444645343,639
1.0,1.0,Per period 14d,Both,22647,33.20141677841962,0.03380576208178439,0.8635014836795252,0.999938919991123,5.726153152855392,16.564945226917057,29,5287.990083183313,639
1.0,1.0,Per period 28d,Both,22647,30.16728130194651,0.024860594795539034,0.9224137931034483,1.0,16.582909971389885,10.28169014084507,18,15313.991983484399,639
1.0,1.0,Per period 56d,Both,22647,30.034804528040322,0.017657992565055763,0.9934640522875817,1.0,24.5798163466692,6.854460093896714,12,22698.978112878336,639
1.0,1.0,SP Part Period Balancing,SAP only,22647,23.65436352601249,0.021026951672862452,0.9679144385026738,1.0,13.15802907896303,7.996870109546166,14,12151.181679291582,639
1.0,1.0,WI Sliding Economic Lot Size,SAP only,22647,32.87736525298855,0.02032992565055762,0.9887005649717514,1.0,28.453970927321834,6.854460093896714,12,26276.68385289938,639
1.0,1.0,DY Dynamic Planning Calculation,SAP only,22647,26.06527386668496,0.01696096654275093,1.0,1.0,21.895523213911357,5.712050078247262,10,20220.086073586244,639
1.0,1.0,GR Groff Reorder Procedure,SAP only,22647,28.783652500903425,0.03125,0.9243986254295533,0.9998855697352552,5.15677802036746,14.280125195618153,25,4762.183320102589,639
0.5,0.5,Per period 7d,Both,22647,42.77086970930059,0.04077602230483272,0.7119675456389453,1.0,3.7764461749094305,22.848200312989047,40,3487.4739444645343,639
0.5,0.5,Per period 14d,Both,22647,33.20141677841962,0.03380576208178439,0.8635014836795252,0.999938919991123,5.726153152855392,16.564945226917057,29,5287.990083183313,639
0.5,0.5,Per period 28d,Both,22647,30.16728130194651,0.024860594795539034,0.9224137931034483,1.0,16.582909971389885,10.28169014084507,18,15313.991983484399,639
0.5,0.5,Per period 56d,Both,22647,30.034804528040322,0.017657992565055763,0.9934640522875817,1.0,24.5798163466692,6.854460093896714,12,22698.978112878336,639
0.5,0.5,SP Part Period Balancing,SAP only,22647,27.46449353263397,0.03066914498141264,0.974169741697417,1.0,8.810523205800422,11.995305164319248,21,8136.345308315169,639
0.5,0.5,WI Sliding Economic Lot Size,SAP only,22647,30.97391635201695,0.02648698884758364,0.9743589743589743,1.0,20.408101088687364,9.139280125195619,16,18846.480925814438,639
0.5,0.5,DY Dynamic Planning Calculation,SAP only,22647,23.011481040828983,0.01974907063197026,0.9659090909090909,1.0,12.281838078737204,7.996870109546166,14,11342.036482422684,639
0.5,0.5,GR Groff Reorder Procedure,SAP only,22647,27.273643444022568,0.0333410780669145,0.8776758409785933,0.9998855697352552,4.4616815509946575,13.708920187793428,24,4120.27536920082,639
2.0,2.0,Per period 7d,Both,22647,42.77086970930059,0.04077602230483272,0.7119675456389453,1.0,3.7764461749094305,22.848200312989047,40,3487.4739444645343,639
2.0,2.0,Per period 14d,Both,22647,33.20141677841962,0.03380576208178439,0.8635014836795252,0.999938919991123,5.726153152855392,16.564945226917057,29,5287.990083183313,639
2.0,2.0,Per period 28d,Both,22647,30.16728130194651,0.024860594795539034,0.9224137931034483,1.0,16.582909971389885,10.28169014084507,18,15313.991983484399,639
2.0,2.0,Per period 56d,Both,22647,30.034804528040322,0.017657992565055763,0.9934640522875817,1.0,24.5798163466692,6.854460093896714,12,22698.978112878336,639
2.0,2.0,SP Part Period Balancing,SAP only,22647,23.693724310159475,0.01754182156133829,0.9869281045751634,1.0,18.663314488511034,5.712050078247262,10,17235.20473520072,639
2.0,2.0,WI Sliding Economic Lot Size,SAP only,22647,37.5150193934482,0.016728624535315983,1.0,1.0,38.863406516157404,5.140845070422535,9,35889.59337451239,639
2.0,2.0,DY Dynamic Planning Calculation,SAP only,22647,30.860199693371634,0.010803903345724907,1.0,1.0,32.51930596453517,3.998435054773083,7,30030.94099338154,639
2.0,2.0,GR Groff Reorder Procedure,SAP only,22647,27.255413271247264,0.025441449814126393,0.9319148936170213,1.0,7.162655565923246,12.566510172143975,22,6614.571875880178,639
1.0,1.0,Per period 7d,Both,22573,57.81476362371926,0.057853159851301114,0.8691099476439791,1.0,6.206329166527133,25.704225352112676,45,27514.05130975016,639
1.0,1.0,Per period 14d,Both,22573,51.22029764026111,0.036942379182156135,0.895774647887324,1.0,12.698774848922664,14.280125195618153,25,56296.52140409003,639
1.0,1.0,Per period 28d,Both,22573,54.25275755166868,0.02509293680297398,0.9391304347826087,1.0,19.01053669133809,8.568075117370892,15,84277.97944917098,639
1.0,1.0,Per period 56d,Both,22573,80.25942279963219,0.01254646840148699,1.0,1.0,35.964644775637744,3.427230046948357,6,159439.34895215146,639
1.0,1.0,SP Part Period Balancing,SAP only,22573,40.278453261167655,0.036013011152416355,0.9779179810725552,1.0,9.821075099184311,11.424100156494523,20,43539.03200191878,639
1.0,1.0,WI Sliding Economic Lot Size,SAP only,22573,55.93287795656527,0.03822026022304833,0.987987987987988,1.0,18.371304672088648,10.28169014084507,18,81444.12031850778,639
1.0,1.0,DY Dynamic Planning Calculation,SAP only,22573,44.01178764330505,0.016844795539033456,0.9863945578231292,1.0,15.503656341782367,6.854460093896714,12,68731.1911165079,639
1.0,1.0,GR Groff Reorder Procedure,SAP only,22573,40.2575286687222,0.041937732342007435,0.9863387978142076,1.0,7.389386801528181,14.280125195618153,25,32758.811553432955,639
0.5,0.5,Per period 7d,Both,22573,57.81476362371926,0.057853159851301114,0.8691099476439791,1.0,6.206329166527133,25.704225352112676,45,27514.05130975016,639
0.5,0.5,Per period 14d,Both,22573,51.22029764026111,0.036942379182156135,0.895774647887324,1.0,12.698774848922664,14.280125195618153,25,56296.52140409003,639
0.5,0.5,Per period 28d,Both,22573,54.25275755166868,0.02509293680297398,0.9391304347826087,1.0,19.01053669133809,8.568075117370892,15,84277.97944917098,639
0.5,0.5,Per period 56d,Both,22573,80.25942279963219,0.01254646840148699,1.0,1.0,35.964644775637744,3.427230046948357,6,159439.34895215146,639
0.5,0.5,SP Part Period Balancing,SAP only,22573,41.368360720630626,0.04611988847583643,0.9900249376558603,1.0,7.443063967689258,14.85133020344288,26,32996.77448841281,639
0.5,0.5,WI Sliding Economic Lot Size,SAP only,22573,49.97456181677093,0.052276951672862455,0.9977827050997783,1.0,13.548384037524043,12.566510172143975,22,60063.02978306699,639
0.5,0.5,DY Dynamic Planning Calculation,SAP only,22573,39.39982330197929,0.02509293680297398,0.9818181818181818,1.0,11.81709936006074,8.568075117370892,15,52387.855913073174,639
0.5,0.5,GR Groff Reorder Procedure,SAP only,22573,47.11064579769109,0.05518122676579926,0.9615384615384616,1.0,5.86531725802328,19.992175273865413,35,26002.268918572052,639
2.0,2.0,Per period 7d,Both,22573,57.81476362371926,0.057853159851301114,0.8691099476439791,1.0,6.206329166527133,25.704225352112676,45,27514.05130975016,639
2.0,2.0,Per period 14d,Both,22573,51.22029764026111,0.036942379182156135,0.895774647887324,1.0,12.698774848922664,14.280125195618153,25,56296.52140409003,639
2.0,2.0,Per period 28d,Both,22573,54.25275755166868,0.02509293680297398,0.9391304347826087,1.0,19.01053669133809,8.568075117370892,15,84277.97944917098,639
2.0,2.0,Per period 56d,Both,22573,80.25942279963219,0.01254646840148699,1.0,1.0,35.964644775637744,3.427230046948357,6,159439.34895215146,639
2.0,2.0,SP Part Period Balancing,SAP only,22573,40.555993650680975,0.027648698884758363,0.9916666666666667,1.0,12.861356071778719,7.996870109546166,14,57017.28048528561,639
2.0,2.0,WI Sliding Economic Lot Size,SAP only,22573,102.40775250634934,0.02730018587360595,0.9957627118644068,1.0,43.30114533417724,7.42566510172144,13,191963.7039106912,639
2.0,2.0,DY Dynamic Planning Calculation,SAP only,22573,64.97544875520913,0.012197955390334572,0.9905660377358491,1.0,28.078139333445144,3.998435054773083,7,124476.69879794901,639
2.0,2.0,GR Groff Reorder Procedure,SAP only,22573,39.24699595543793,0.036361524163568776,0.9873817034700315,1.0,8.352907410253373,12.566510172143975,22,37030.31484549908,639
1.0,1.0,Per period 7d,Both,84874B,20.077042049545003,0.013824349442379182,0.40202702702702703,1.0,1.1327421990681144,11.424100156494523,20,85.21317601189944,639
1.0,1.0,Per period 14d,Both,84874B,15.382887615548038,0.01312732342007435,0.5113122171945701,0.9985772148459396,5.629561547145408,8.568075117370892,15,423.4969081061633,639
1.0,1.0,Per period 28d,Both,84874B,11.859726548186899,0.012314126394052044,0.6625,0.9983774818038941,12.640480705560428,6.283255086071987,11,950.9096669339931,639
1.0,1.0,Per period 56d,Both,84874B,7.8753991737008775,0.00929368029739777,0.7619047619047619,1.0,27.57382230475965,3.427230046948357,6,2074.305146669152,639
1.0,1.0,SP Part Period Balancing,SAP only,84874B,6.812509980604207,0.007551115241635688,0.9027777777777778,0.9965444043205888,41.3520766794967,2.2848200312989047,4,3110.8064936985925,639
1.0,1.0,WI Sliding Economic Lot Size,SAP only,84874B,11.900664584044653,0.004879182156133829,0.75,1.0,116.16274784852924,2.2848200312989047,4,8738.613858109995,639
1.0,1.0,DY Dynamic Planning Calculation,SAP only,84874B,9.898578673300898,0.0025557620817843866,0.9565217391304348,1.0,130.83498731543037,0.5712050078247262,1,9842.367320469175,639
1.0,1.0,GR Groff Reorder Procedure,SAP only,84874B,11.593184252606289,0.01486988847583643,0.7111111111111111,1.0,8.721533743171143,6.283255086071987,11,656.0977339433198,639
0.5,0.5,Per period 7d,Both,84874B,20.077042049545003,0.013824349442379182,0.40202702702702703,1.0,1.1327421990681144,11.424100156494523,20,85.21317601189944,639
0.5,0.5,Per period 14d,Both,84874B,15.382887615548038,0.01312732342007435,0.5113122171945701,0.9985772148459396,5.629561547145408,8.568075117370892,15,423.4969081061633,639
0.5,0.5,Per period 28d,Both,84874B,11.859726548186899,0.012314126394052044,0.6625,0.9983774818038941,12.640480705560428,6.283255086071987,11,950.9096669339931,639
0.5,0.5,Per period 56d,Both,84874B,7.8753991737008775,0.00929368029739777,0.7619047619047619,1.0,27.57382230475965,3.427230046948357,6,2074.305146669152,639
0.5,0.5,SP Part Period Balancing,SAP only,84874B,6.08065268265524,0.006854089219330855,0.7468354430379747,1.0,30.591645850115814,2.2848200312989047,4,2301.3279671792807,639
0.5,0.5,WI Sliding Economic Lot Size,SAP only,84874B,8.714635068035937,0.00766728624535316,0.868421052631579,1.0,54.615939224781044,2.856025039123631,5,4108.611514645809,639
0.5,0.5,DY Dynamic Planning Calculation,SAP only,84874B,8.397537519826493,0.00546003717472119,0.9591836734693877,1.0,79.35949985584622,1.7136150234741785,3,5970.0036204141525,639
0.5,0.5,GR Groff Reorder Procedure,SAP only,84874B,12.325883865119195,0.014056691449814127,0.6368421052631579,0.9960115612442605,4.791440624905678,6.854460093896714,12,360.4473053591087,639
2.0,2.0,Per period 7d,Both,84874B,20.077042049545003,0.013824349442379182,0.40202702702702703,1.0,1.1327421990681144,11.424100156494523,20,85.21317601189944,639
2.0,2.0,Per period 14d,Both,84874B,15.382887615548038,0.01312732342007435,0.5113122171945701,0.9985772148459396,5.629561547145408,8.568075117370892,15,423.4969081061633,639
2.0,2.0,Per period 28d,Both,84874B,11.859726548186899,0.012314126394052044,0.6625,0.9983774818038941,12.640480705560428,6.283255086071987,11,950.9096669339931,639
2.0,2.0,Per period 56d,Both,84874B,7.8753991737008775,0.00929368029739777,0.7619047619047619,1.0,27.57382230475965,3.427230046948357,6,2074.305146669152,639
2.0,2.0,SP Part Period Balancing,SAP only,84874B,8.028013610188246,0.005692379182156134,0.875,1.0,73.92642365286488,1.7136150234741785,3,5561.2877809657875,639
2.0,2.0,WI Sliding Economic Lot Size,SAP only,84874B,11.538322018049088,0.0034851301115241635,0.6976744186046512,1.0,125.53816670501196,1.7136150234741785,3,9443.901626023991,639
2.0,2.0,DY Dynamic Planning Calculation,SAP only,84874B,9.898578673300898,0.0025557620817843866,0.9565217391304348,1.0,130.83498731543037,0.5712050078247262,1,9842.367320469175,639
2.0,2.0,GR Groff Reorder Procedure,SAP only,84874B,10.09085834973851,0.014056691449814127,0.852112676056338,1.0,16.03879041707979,5.140845070422535,9,1206.5554474380472,639
1.0,1.0,Per period 7d,Both,22286,40.198734045705635,0.051812267657992565,0.7950089126559715,1.0,1.4320352966437326,21.705790297339593,38,2431.9331111592664,639
1.0,1.0,Per period 14d,Both,22286,32.75401700463807,0.04112453531598513,0.9340369393139841,1.0,4.398890699702462,14.85133020344288,26,7470.352141493629,639
1.0,1.0,Per period 28d,Both,22286,29.956689405583397,0.02520910780669145,0.9601769911504425,1.0,10.392590450403072,7.996870109546166,14,17649.065554660425,639
1.0,1.0,Per period 56d,Both,22286,39.58544294638008,0.01324349442379182,0.991304347826087,1.0,21.87419612961661,3.427230046948357,6,37147.53538008705,639
1.0,1.0,SP Part Period Balancing,SAP only,22286,27.056862797916928,0.0333410780669145,0.9761904761904762,0.9999008876042892,7.201333798277765,9.139280125195619,16,12229.560367392965,639
1.0,1.0,WI Sliding Economic Lot Size,SAP only,22286,34.68477327150395,0.029391263940520447,0.9806201550387597,0.9997550254732666,14.123290984264681,7.42566510172144,13,23984.67346696649,639
1.0,1.0,DY Dynamic Planning Calculation,SAP only,22286,31.1747634519401,0.020097583643122675,0.9774011299435028,1.0,13.139821717430229,6.283255086071987,11,22314.51109078223,639
1.0,1.0,GR Groff Reorder Procedure,SAP only,22286,26.3629210319337,0.04263475836431227,0.95822454308094,0.9997781796950909,2.841570096393005,12.566510172143975,22,4825.65508077515,639
0.5,0.5,Per period 7d,Both,22286,40.198734045705635,0.051812267657992565,0.7950089126559715,1.0,1.4320352966437326,21.705790297339593,38,2431.9331111592664,639
0.5,0.5,Per period 14d,Both,22286,32.75401700463807,0.04112453531598513,0.9340369393139841,1.0,4.398890699702462,14.85133020344288,26,7470.352141493629,639
0.5,0.5,Per period 28d,Both,22286,29.956689405583397,0.02520910780669145,0.9601769911504425,1.0,10.392590450403072,7.996870109546166,14,17649.065554660425,639
0.5,0.5,Per period 56d,Both,22286,39.58544294638008,0.01324349442379182,0.991304347826087,1.0,21.87419612961661,3.427230046948357,6,37147.53538008705,639
0.5,0.5,SP Part Period Balancing,SAP only,22286,24.95848534689979,0.04065985130111524,0.9831460674157303,0.9996517634631173,3.8807609987939946,10.852895148669797,19,6590.4459139952205,639
0.5,0.5,WI Sliding Economic Lot Size,SAP only,22286,32.00287610079436,0.03822026022304833,0.982089552238806,1.0,9.771371926255485,9.710485133020343,17,16594.09023269679,639
0.5,0.5,DY Dynamic Planning Calculation,SAP only,22286,28.24690093486625,0.02474442379182156,0.9551569506726457,1.0,6.673805705878739,10.28169014084507,18,11333.693458261156,639
0.5,0.5,GR Groff Reorder Procedure,SAP only,22286,30.754522022630354,0.049837360594795536,0.9470198675496688,0.9997781796950909,1.794019958663634,15.993740219092333,28,3046.668297757816,639
2.0,2.0,Per period 7d,Both,22286,40.198734045705635,0.051812267657992565,0.7950089126559715,1.0,1.4320352966437326,21.705790297339593,38,2431.9331111592664,639
2.0,2.0,Per period 14d,Both,22286,32.75401700463807,0.04112453531598513,0.9340369393139841,1.0,4.398890699702462,14.85133020344288,26,7470.352141493629,639
2.0,2.0,Per period 28d,Both,22286,29.956689405583397,0.02520910780669145,0.9601769911504425,1.0,10.392590450403072,7.996870109546166,14,17649.065554660425,639
2.0,2.0,Per period 56d,Both,22286,39.58544294638008,0.01324349442379182,0.991304347826087,1.0,21.87419612961661,3.427230046948357,6,37147.53538008705,639
2.0,2.0,SP Part Period Balancing,SAP only,22286,29.50309582919634,0.026370817843866173,0.9912663755458515,1.0,11.399764822353834,6.854460093896714,12,19359.48478077777,639
2.0,2.0,WI Sliding Economic Lot Size,SAP only,22286,39.09667951303878,0.022653345724907063,0.9701492537313433,0.9999263781006433,18.299364973104623,6.283255086071987,11,31076.630370482286,639
2.0,2.0,DY Dynamic Planning Calculation,SAP only,22286,37.04317916894551,0.012894981412639405,0.9652173913043478,1.0,18.915820118358255,4.569640062597809,8,32123.516353530635,639
2.0,2.0,GR Groff Reorder Procedure,SAP only,22286,27.4521758628728,0.03380576208178439,0.9797979797979798,1.0,4.853601504590078,11.424100156494523,20,8242.55815135931,639
1.0,1.0,Per period 7d,Both,21792,54.75595689223222,0.04414498141263941,0.5748865355521936,1.0,2.9861474119424587,28.560250391236305,50,1285.86982641834,639
1.0,1.0,Per period 14d,Both,21792,42.91168307008266,0.03566449814126394,0.7397590361445783,0.9994640762650532,7.479050457690603,17.70735524256651,31,3220.5661633927184,639
1.0,1.0,Per period 28d,Both,21792,42.090555422544526,0.027764869888475836,0.8917910447761194,1.0,15.753737646697722,9.710485133020343,17,6783.742762391668,639
1.0,1.0,Per period 56d,Both,21792,57.47770395935755,0.018819702602230485,0.9473684210526315,1.0,30.437948344650394,5.140845070422535,9,13106.934774196669,639
1.0,1.0,SP Part Period Balancing,SAP only,21792,28.75141637963357,0.03403810408921933,0.9015384615384615,0.9991523680453391,8.006298182145986,9.139280125195619,16,3447.605169308336,639
1.0,1.0,WI Sliding Economic Lot Size,SAP only,21792,35.84452988002326,0.03368959107806691,0.9294871794871795,1.0,12.459888280154932,9.139280125195619,16,5365.372893487771,639
1.0,1.0,DY Dynamic Planning Calculation,SAP only,21792,34.99092818505203,0.019052044609665426,0.9534883720930233,1.0,15.691184174465226,5.712050078247262,10,6756.806509291845,639
1.0,1.0,GR Groff Reorder Procedure,SAP only,21792,38.45642612166495,0.045771375464684017,0.8509719222462203,1.0,3.4259546734490147,18.849765258215964,33,1475.2559514131153,639
0.5,0.5,Per period 7d,Both,21792,54.75595689223222,0.04414498141263941,0.5748865355521936,1.0,2.9861474119424587,28.560250391236305,50,1285.86982641834,639
0.5,0.5,Per period 14d,Both,21792,42.91168307008266,0.03566449814126394,0.7397590361445783,0.9994640762650532,7.479050457690603,17.70735524256651,31,3220.5661633927184,639
0.5,0.5,Per period 28d,Both,21792,42.090555422544526,0.027764869888475836,0.8917910447761194,1.0,15.753737646697722,9.710485133020343,17,6783.742762391668,639
0.5,0.5,Per period 56d,Both,21792,57.47770395935755,0.018819702602230485,0.9473684210526315,1.0,30.437948344650394,5.140845070422535,9,13106.934774196669,639
0.5,0.5,SP Part Period Balancing,SAP only,21792,32.5037494528453,0.042983271375464684,0.9090909090909091,1.0,5.3392934368046046,13.708920187793428,24,2299.1618891026183,639
0.5,0.5,WI Sliding Economic Lot Size,SAP only,21792,36.57494895754884,0.04228624535315985,0.883495145631068,1.0,8.523373868893383,13.137715179968701,23,3670.2639774113536,639
0.5,0.5,DY Dynamic Planning Calculation,SAP only,21792,32.41564764704175,0.026719330855018587,0.92,0.999858962480186,9.679102937164078,9.710485133020343,17,4167.934363829807,639
0.5,0.5,GR Groff Reorder Procedure,SAP only,21792,42.482245461339204,0.05390334572490706,0.8270944741532977,1.0,2.1864155852863254,22.27699530516432,39,941.4959951028214,639
2.0,2.0,Per period 7d,Both,21792,54.75595689223222,0.04414498141263941,0.5748865355521936,1.0,2.9861474119424587,28.560250391236305,50,1285.86982641834,639
2.0,2.0,Per period 14d,Both,21792,42.91168307008266,0.03566449814126394,0.7397590361445783,0.9994640762650532,7.479050457690603,17.70735524256651,31,3220.5661633927184,639
2.0,2.0,Per period 28d,Both,21792,42.090555422544526,0.027764869888475836,0.8917910447761194,1.0,15.753737646697722,9.710485133020343,17,6783.742762391668,639
2.0,2.0,Per period 56d,Both,21792,57.47770395935755,0.018819702602230485,0.9473684210526315,1.0,30.437948344650394,5.140845070422535,9,13106.934774196669,639
2.0,2.0,SP Part Period Balancing,SAP only,21792,33.24117763313821,0.02578996282527881,0.9527896995708155,1.0,13.964683981098066,6.283255086071987,11,6013.355434144774,639
2.0,2.0,WI Sliding Economic Lot Size,SAP only,21792,50.09728144562044,0.023466542750929367,0.926605504587156,1.0,24.548213629419266,6.283255086071987,11,10570.746464927006,639
2.0,2.0,DY Dynamic Planning Calculation,SAP only,21792,50.385895663337635,0.01486988847583643,0.9922480620155039,0.999858962480186,27.86880336916058,3.427230046948357,6,12000.63104971721,639
2.0,2.0,GR Groff Reorder Procedure,SAP only,21792,33.61230525261014,0.03508364312267658,0.8531073446327684,0.999205880471193,6.035328137595991,13.708920187793428,24,2598.8825312612607,639
1.0,1.0,Per period 7d,Both,21085,17.119589041095892,0.014056691449814127,0.7756410256410257,1.0,2.1564260306962657,4.569640062597809,8,25605.0,639
1.0,1.0,Per period 14d,Both,21085,108.57101944078757,0.0060408921933085506,0.9285714285714286,1.0,25.67279857088934,0.0,0,304834.01612221124,639
1.0,1.0,Per period 28d,Both,21085,30.91229431543766,0.008248141263940521,0.9466666666666667,1.0,6.36370473998848,2.2848200312989047,4,75561.44173180574,639
1.0,1.0,Per period 56d,Both,21085,610.3604660739718,0.0015102230483271376,1.0,1.0,144.32637164005936,0.0,0,1713704.3855153825,639
1.0,1.0,SP Part Period Balancing,SAP only,21085,2.489839169595962,0.005924721189591078,1.0,1.0,0.352288677964547,0.5712050078247262,1,4183.009976173278,639
1.0,1.0,WI Sliding Economic Lot Size,SAP only,21085,461.5476439777449,0.0055762081784386614,1.0,1.0,109.13796108520023,0.0,0,1295883.769629822,639
1.0,1.0,DY Dynamic Planning Calculation,SAP only,21085,2.5481467398287334,0.004065985130111524,1.0,1.0,0.6025370151043771,0.0,0,7154.4120002883665,639
1.0,1.0,GR Groff Reorder Procedure,SAP only,21085,3.3499922570694562,0.009990706319702601,0.9555555555555556,1.0,0.0827594763629853,1.7136150234741785,3,982.6705679257814,639
0.5,0.5,Per period 7d,Both,21085,17.119589041095892,0.014056691449814127,0.7756410256410257,1.0,2.1564260306962657,4.569640062597809,8,25605.0,639
0.5,0.5,Per period 14d,Both,21085,108.57101944078757,0.0060408921933085506,0.9285714285714286,1.0,25.67279857088934,0.0,0,304834.01612221124,639
0.5,0.5,Per period 28d,Both,21085,30.91229431543766,0.008248141263940521,0.9466666666666667,1.0,6.36370473998848,2.2848200312989047,4,75561.44173180574,639
0.5,0.5,Per period 56d,Both,21085,610.3604660739718,0.0015102230483271376,1.0,1.0,144.32637164005936,0.0,0,1713704.3855153825,639
0.5,0.5,SP Part Period Balancing,SAP only,21085,1.9996454809774225,0.007434944237918215,1.0,1.0,0.23637704801537415,0.5712050078247262,1,2806.6969273596865,639
0.5,0.5,WI Sliding Economic Lot Size,SAP only,21085,461.5476439777449,0.006854089219330855,0.9672131147540983,1.0,109.13796108520023,0.0,0,1295883.769629822,639
0.5,0.5,DY Dynamic Planning Calculation,SAP only,21085,3.2992127913268936,0.005924721189591078,0.9807692307692307,1.0,0.30721299720915907,1.1424100156494523,2,3647.7897602639705,639
0.5,0.5,GR Groff Reorder Procedure,SAP only,21085,4.221947525767053,0.011268587360594795,0.941747572815534,1.0,0.052481906789430086,2.2848200312989047,4,623.160360807494,639
2.0,2.0,Per period 7d,Both,21085,17.119589041095892,0.014056691449814127,0.7756410256410257,1.0,2.1564260306962657,4.569640062597809,8,25605.0,639
2.0,2.0,Per period 14d,Both,21085,108.57101944078757,0.0060408921933085506,0.9285714285714286,1.0,25.67279857088934,0.0,0,304834.01612221124,639
2.0,2.0,Per period 28d,Both,21085,30.91229431543766,0.008248141263940521,0.9466666666666667,1.0,6.36370473998848,2.2848200312989047,4,75561.44173180574,639
2.0,2.0,Per period 56d,Both,21085,610.3604660739718,0.0015102230483271376,1.0,1.0,144.32637164005936,0.0,0,1713704.3855153825,639
2.0,2.0,SP Part Period Balancing,SAP only,21085,2.517713734193347,0.004646840148698885,1.0,1.0,0.35887992198017665,0.5712050078247262,1,4261.273176773629,639
2.0,2.0,WI Sliding Economic Lot Size,SAP only,21085,24.22688586127247,0.005227695167286246,1.0,1.0,5.492249821516093,0.5712050078247262,1,65213.94876434194,639
2.0,2.0,DY Dynamic Planning Calculation,SAP only,21085,2.5481467398287334,0.004065985130111524,1.0,1.0,0.6025370151043771,0.0,0,7154.4120002883665,639
2.0,2.0,GR Groff Reorder Procedure,SAP only,21085,3.4276441112146268,0.009409851301115242,0.9878048780487805,1.0,0.10112110196430212,1.7136150234741785,3,1200.6930814872208,639
1.0,1.0,Per period 7d,Both,35637C,14.013041095890411,0.009409851301115242,0.39901477832512317,1.0,0.04625978090766823,7.996870109546166,14,4.0,639
1.0,1.0,Per period 14d,Both,35637C,12.463500027651428,0.00871282527881041,0.5597014925373134,0.9955310420638295,15.833066108527731,4.569640062597809,8,1369.0567311703953,639
1.0,1.0,Per period 28d,Both,35637C,9.274113448109787,0.008015799256505576,0.5798319327731093,0.9938911776561304,4.519574846804924,4.569640062597809,8,390.79950299165716,639
1.0,1.0,Per period 56d,Both,35637C,14.318942541545752,0.00929368029739777,0.6837606837606838,0.9970159957285702,15.320287298218638,5.712050078247262,10,1324.71767030605,639
1.0,1.0,SP Part Period Balancing,SAP only,35637C,11.885094755674285,0.009526022304832713,0.7592592592592593,1.0,13.781328939937701,4.569640062597809,8,1191.6467107740448,639
1.0,1.0,WI Sliding Economic Lot Size,SAP only,35637C,15.803836660545631,0.009990706319702601,0.8349514563106796,1.0,34.77647429192508,3.427230046948357,6,3007.059143780802,639
1.0,1.0,DY Dynamic Planning Calculation,SAP only,35637C,11.922752479678564,0.009177509293680297,0.8061224489795918,0.9981099989537363,21.009371787668456,3.427230046948357,6,1816.6425672963658,639
1.0,1.0,GR Groff Reorder Procedure,SAP only,35637C,13.283898880499654,0.009061338289962825,0.43820224719101125,0.9977146011212098,1.0070549378831692,7.42566510172144,13,87.07822805241477,639
0.5,0.5,Per period 7d,Both,35637C,14.013041095890411,0.009409851301115242,0.39901477832512317,1.0,0.04625978090766823,7.996870109546166,14,4.0,639
0.5,0.5,Per period 14d,Both,35637C,12.463500027651428,0.00871282527881041,0.5597014925373134,0.9955310420638295,15.833066108527731,4.569640062597809,8,1369.0567311703953,639
0.5,0.5,Per period 28d,Both,35637C,9.274113448109787,0.008015799256505576,0.5798319327731093,0.9938911776561304,4.519574846804924,4.569640062597809,8,390.79950299165716,639
0.5,0.5,Per period 56d,Both,35637C,14.318942541545752,0.00929368029739777,0.6837606837606838,0.9970159957285702,15.320287298218638,5.712050078247262,10,1324.71767030605,639
0.5,0.5,SP Part Period Balancing,SAP only,35637C,11.166426362123152,0.010223048327137546,0.7521367521367521,0.9968690484700147,7.684814965443488,5.140845070422535,9,664.4921194747482,639
0.5,0.5,WI Sliding Economic Lot Size,SAP only,35637C,23.34242365927869,0.006737918215613383,0.8169014084507042,1.0,68.6120467344661,2.2848200312989047,4,5932.760198014052,639
0.5,0.5,DY Dynamic Planning Calculation,SAP only,35637C,10.713861546267022,0.008248141263940521,0.7553191489361702,0.9958859014296366,13.173925174344564,3.998435054773083,7,1139.125600325599,639
0.5,0.5,GR Groff Reorder Procedure,SAP only,35637C,14.038624879105951,0.010106877323420074,0.45549738219895286,1.0,0.13701137236022218,7.996870109546166,14,11.847126784598373,639
2.0,2.0,Per period 7d,Both,35637C,14.013041095890411,0.009409851301115242,0.39901477832512317,1.0,0.04625978090766823,7.996870109546166,14,4.0,639
2.0,2.0,Per period 14d,Both,35637C,12.463500027651428,0.00871282527881041,0.5597014925373134,0.9955310420638295,15.833066108527731,4.569640062597809,8,1369.0567311703953,639
2.0,2.0,Per period 28d,Both,35637C,9.274113448109787,0.008015799256505576,0.5798319327731093,0.9938911776561304,4.519574846804924,4.569640062597809,8,390.79950299165716,639
2.0,2.0,Per period 56d,Both,35637C,14.318942541545752,0.00929368029739777,0.6837606837606838,0.9970159957285702,15.320287298218638,5.712050078247262,10,1324.71767030605,639
2.0,2.0,SP Part Period Balancing,SAP only,35637C,11.223426459477452,0.009061338289962825,0.78,1.0,14.981469681450145,3.998435054773083,7,1295.4207207640923,639
2.0,2.0,WI Sliding Economic Lot Size,SAP only,35637C,27.165072003955522,0.006389405204460966,0.859375,1.0,78.62463272427956,2.856025039123631,5,6798.530488608206,639
2.0,2.0,DY Dynamic Planning Calculation,SAP only,35637C,21.308811858125697,0.005111524163568773,0.8627450980392157,0.9981099989537363,61.398355710097626,2.2848200312989047,4,5309.005317828469,639
2.0,2.0,GR Groff Reorder Procedure,SAP only,35637C,11.54477607109185,0.00987453531598513,0.5448717948717948,0.9944839541439116,1.932446621374782,6.283255086071987,11,167.09518146934852,639
1.0,1.0,Per period 7d,Both,23224,17.733427021591925,0.01963289962825279,0.949438202247191,1.0,12.864107519420756,7.996870109546166,14,8209.041342656941,639
1.0,1.0,Per period 14d,Both,23224,14.738680336567676,0.013592007434944238,0.9285714285714286,0.9994429748890127,16.32786525549354,5.712050078247262,10,10419.387487031332,639
1.0,1.0,Per period 28d,Both,23224,14.010477321637339,0.009409851301115242,1.0,1.0,27.601354185164993,3.427230046948357,6,17613.398930106196,639
1.0,1.0,Per period 56d,Both,23224,15.580843558100636,0.005692379182156134,0.9423076923076923,1.0,43.349266847972245,1.7136150234741785,3,27662.698184980312,639
1.0,1.0,SP Part Period Balancing,SAP only,23224,11.43288565929225,0.010339219330855019,1.0,1.0,22.165515035563644,2.856025039123631,5,14144.597985793198,639
1.0,1.0,WI Sliding Economic Lot Size,SAP only,23224,17.81442547437185,0.008828996282527882,0.9743589743589743,1.0,44.15410992328271,2.856025039123631,5,28176.296976781472,639
1.0,1.0,DY Dynamic Planning Calculation,SAP only,23224,16.46318439320723,0.0055762081784386614,1.0,1.0,46.38951038452513,1.7136150234741785,3,29602.7849609677,639
1.0,1.0,GR Groff Reorder Procedure,SAP only,23224,12.784366509781497,0.014056691449814127,0.968,1.0,16.485284120513402,4.569640062597809,8,10519.842024519556,639
0.5,0.5,Per period 7d,Both,23224,17.733427021591925,0.01963289962825279,0.949438202247191,1.0,12.864107519420756,7.996870109546166,14,8209.041342656941,639
0.5,0.5,Per period 14d,Both,23224,14.738680336567676,0.013592007434944238,0.9285714285714286,0.9994429748890127,16.32786525549354,5.712050078247262,10,10419.387487031332,639
0.5,0.5,Per period 28d,Both,23224,14.010477321637339,0.009409851301115242,1.0,1.0,27.601354185164993,3.427230046948357,6,17613.398930106196,639
0.5,0.5,Per period 56d,Both,23224,15.580843558100636,0.005692379182156134,0.9423076923076923,1.0,43.349266847972245,1.7136150234741785,3,27662.698184980312,639
0.5,0.5,SP Part Period Balancing,SAP only,23224,11.58875926440476,0.011384758364312268,1.0,1.0,19.25694533780015,3.427230046948357,6,12288.5369367936,639
0.5,0.5,WI Sliding Economic Lot Size,SAP only,23224,14.029388820098267,0.01533457249070632,0.9924812030075187,1.0,24.22086009839843,3.998435054773083,7,15456.186261059442,639
0.5,0.5,DY Dynamic Planning Calculation,SAP only,23224,12.535102156021239,0.007551115241635688,1.0,1.0,22.517717983840246,3.427230046948357,6,14369.351126191275,639
0.5,0.5,GR Groff Reorder Procedure,SAP only,23224,13.952662621017012,0.01638011152416357,0.9724137931034482,0.9999583844321804,13.619518113166993,5.712050078247262,10,8691.09552211572,639
2.0,2.0,Per period 7d,Both,23224,17.733427021591925,0.01963289962825279,0.949438202247191,1.0,12.864107519420756,7.996870109546166,14,8209.041342656941,639
2.0,2.0,Per period 14d,Both,23224,14.738680336567676,0.013592007434944238,0.9285714285714286,0.9994429748890127,16.32786525549354,5.712050078247262,10,10419.387487031332,639
2.0,2.0,Per period 28d,Both,23224,14.010477321637339,0.009409851301115242,1.0,1.0,27.601354185164993,3.427230046948357,6,17613.398930106196,639
2.0,2.0,Per period 56d,Both,23224,15.580843558100636,0.005692379182156134,0.9423076923076923,1.0,43.349266847972245,1.7136150234741785,3,27662.698184980312,639
2.0,2.0,SP Part Period Balancing,SAP only,23224,11.568693819091946,0.008945167286245352,1.0,1.0,26.07911993652902,2.2848200312989047,4,16642.007493786507,639
2.0,2.0,WI Sliding Economic Lot Size,SAP only,23224,16.738063320953753,0.006389405204460966,1.0,1.0,47.33664878066996,1.7136150234741785,3,30207.18742257903,639
2.0,2.0,DY Dynamic Planning Calculation,SAP only,23224,19.63367481003967,0.005343866171003717,1.0,1.0,53.868275050480555,2.2848200312989047,4,34375.24882930409,639
2.0,2.0,GR Groff Reorder Procedure,SAP only,23224,11.253372249334829,0.009526022304832713,0.9647058823529412,1.0,18.101316850213557,3.427230046948357,6,11551.089584380798,639
1.0,1.0,Per period 7d,Both,21814,26.77803608800747,0.02474442379182156,0.7689530685920578,1.0,7.958413520854173,13.137715179968701,23,4755.114386630094,639
1.0,1.0,Per period 14d,Both,21814,21.094812795934867,0.019981412639405203,0.8557213930348259,0.9997140217614231,10.732196860187514,9.139280125195619,16,6412.436794883541,639
1.0,1.0,Per period 28d,Both,21814,16.297559317541044,0.011965613382899629,0.8728813559322034,0.9994454866217781,17.478765878500415,4.569640062597809,8,10443.479830698212,639
1.0,1.0,Per period 56d,Both,21814,21.92393296088095,0.008015799256505576,0.7666666666666667,1.0,31.4371877593249,3.998435054773083,7,18783.570795591542,639
1.0,1.0,SP Part Period Balancing,SAP only,21814,19.1826461271622,0.014056691449814127,0.9453125,1.0,21.449691513989787,5.140845070422535,9,12816.089091083459,639
1.0,1.0,WI Sliding Economic Lot Size,SAP only,21814,17.935505039788843,0.014405204460966542,0.9763779527559056,1.0,20.929090088938807,4.569640062597809,8,12505.032205251477,639
1.0,1.0,DY Dynamic Planning Calculation,SAP only,21814,23.818084411618322,0.007551115241635688,0.9701492537313433,1.0,39.64019769249547,2.856025039123631,5,23684.8303801403,639
1.0,1.0,GR Groff Reorder Procedure,SAP only,21814,19.947602162432343,0.022072490706319704,0.9134615384615384,0.9997609608930459,10.422098420472008,8.568075117370892,15,6227.154445820019,639
0.5,0.5,Per period 7d,Both,21814,26.77803608800747,0.02474442379182156,0.7689530685920578,1.0,7.958413520854173,13.137715179968701,23,4755.114386630094,639
0.5,0.5,Per period 14d,Both,21814,21.094812795934867,0.019981412639405203,0.8557213930348259,0.9997140217614231,10.732196860187514,9.139280125195619,16,6412.436794883541,639
0.5,0.5,Per period 28d,Both,21814,16.297559317541044,0.011965613382899629,0.8728813559322034,0.9994454866217781,17.478765878500415,4.569640062597809,8,10443.479830698212,639
0.5,0.5,Per period 56d,Both,21814,21.92393296088095,0.008015799256505576,0.7666666666666667,1.0,31.4371877593249,3.998435054773083,7,18783.570795591542,639
0.5,0.5,SP Part Period Balancing,SAP only,21814,16.458134277833473,0.020097583643122675,0.9611111111111111,1.0,13.604026525672529,5.712050078247262,10,8128.341418652475,639
0.5,0.5,WI Sliding Economic Lot Size,SAP only,21814,20.22508090072649,0.018238847583643122,0.9515151515151515,1.0,21.53908014549609,5.712050078247262,10,12869.498375052304,639
0.5,0.5,DY Dynamic Planning Calculation,SAP only,21814,18.670294406733834,0.011617100371747211,0.9803921568627451,1.0,22.476920098143136,4.569640062597809,8,13429.853305027067,639
0.5,0.5,GR Groff Reorder Procedure,SAP only,21814,23.317581580503642,0.02462825278810409,0.8760330578512396,1.0,9.094963316190315,10.852895148669797,19,5434.197506495963,639
2.0,2.0,Per period 7d,Both,21814,26.77803608800747,0.02474442379182156,0.7689530685920578,1.0,7.958413520854173,13.137715179968701,23,4755.114386630094,639
2.0,2.0,Per period 14d,Both,21814,21.094812795934867,0.019981412639405203,0.8557213930348259,0.9997140217614231,10.732196860187514,9.139280125195619,16,6412.436794883541,639
2.0,2.0,Per period 28d,Both,21814,16.297559317541044,0.011965613382899629,0.8728813559322034,0.9994454866217781,17.478765878500415,4.569640062597809,8,10443.479830698212,639
2.0,2.0,Per period 56d,Both,21814,21.92393296088095,0.008015799256505576,0.7666666666666667,1.0,31.4371877593249,3.998435054773083,7,18783.570795591542,639
2.0,2.0,SP Part Period Balancing,SAP only,21814,21.040876318348246,0.008596654275092937,0.9135802469135802,1.0,31.683528338282322,3.427230046948357,6,18930.75812481762,639
2.0,2.0,WI Sliding Economic Lot Size,SAP only,21814,23.25928305832951,0.009177509293680297,0.9634146341463414,1.0,38.46308552577958,2.856025039123631,5,22981.51143548369,639
2.0,2.0,DY Dynamic Planning Calculation,SAP only,21814,36.992435031650636,0.004995353159851301,0.9772727272727273,1.0,71.60488895841127,1.7136150234741785,3,42783.58202259477,639
2.0,2.0,GR Groff Reorder Procedure,SAP only,21814,18.040350047250143,0.01812267657992565,0.9230769230769231,0.9997609608930459,12.723966200143032,6.854460093896714,12,7602.509542228627,639
1.0,1.0,Per period 7d,Both,84637,40.503816541690185,0.02973977695167286,0.4758364312267658,1.0,1.0919984305557564,22.27699530516432,39,553.3195944726998,639
1.0,1.0,Per period 14d,Both,84637,32.20608338370147,0.026138475836431228,0.6130790190735694,0.9995099198463793,2.328101817059391,16.564945226917057,29,1179.6576966240286,639
1.0,1.0,Per period 28d,Both,84637,30.699692641856107,0.0191682156133829,0.8333333333333334,1.0,12.126504563631357,7.996870109546166,14,6144.5441676184255,639
1.0,1.0,Per period 56d,Both,84637,28.58551951447787,0.016147769516728624,0.8373493975903614,0.9994506431563674,13.495900316445928,5.712050078247262,10,6838.421998774619,639
1.0,1.0,SP Part Period Balancing,SAP only,84637,19.12043847746824,0.019981412639405203,0.8730964467005076,0.9990755523151005,6.622818826146072,5.712050078247262,10,3355.8064962458748,639
1.0,1.0,WI Sliding Economic Lot Size,SAP only,84637,26.91678137840646,0.01963289962825279,0.8578680203045685,0.9992332350609845,13.01029520784538,5.140845070422535,9,6592.3641160467305,639
1.0,1.0,DY Dynamic Planning Calculation,SAP only,84637,25.132442461127628,0.011152416356877323,0.9320388349514563,1.0,14.619200521691466,2.856025039123631,5,7407.602316846355,639
1.0,1.0,GR Groff Reorder Procedure,SAP only,84637,26.231180820663106,0.030436802973977696,0.7728613569321534,0.9991794910603993,2.3463263551019593,13.137715179968701,23,1188.8921366351137,639
0.5,0.5,Per period 7d,Both,84637,40.503816541690185,0.02973977695167286,0.4758364312267658,1.0,1.0919984305557564,22.27699530516432,39,553.3195944726998,639
0.5,0.5,Per period 14d,Both,84637,32.20608338370147,0.026138475836431228,0.6130790190735694,0.9995099198463793,2.328101817059391,16.564945226917057,29,1179.6576966240286,639
0.5,0.5,Per period 28d,Both,84637,30.699692641856107,0.0191682156133829,0.8333333333333334,1.0,12.126504563631357,7.996870109546166,14,6144.5441676184255,639
0.5,0.5,Per period 56d,Both,84637,28.58551951447787,0.016147769516728624,0.8373493975903614,0.9994506431563674,13.495900316445928,5.712050078247262,10,6838.421998774619,639
0.5,0.5,SP Part Period Balancing,SAP only,84637,21.068220153536167,0.028345724907063198,0.8872727272727273,1.0,4.406446331864783,8.568075117370892,15,2232.762455686191,639
0.5,0.5,WI Sliding Economic Lot Size,SAP only,84637,27.900269412669836,0.027881040892193308,0.8695652173913043,1.0,10.819850934214243,7.42566510172144,13,5482.457999621462,639
0.5,0.5,DY Dynamic Planning Calculation,SAP only,84637,19.21641382036756,0.015102230483271376,0.9219858156028369,1.0,8.87096553936522,3.998435054773083,7,4494.950649631209,639
0.5,0.5,GR Groff Reorder Procedure,SAP only,84637,28.267342829257643,0.035896840148698886,0.7357142857142858,0.9986771521860834,1.646434084505025,14.85133020344288,26,834.2541660070968,639
2.0,2.0,Per period 7d,Both,84637,40.503816541690185,0.02973977695167286,0.4758364312267658,1.0,1.0919984305557564,22.27699530516432,39,553.3195944726998,639
2.0,2.0,Per period 14d,Both,84637,32.20608338370147,0.026138475836431228,0.6130790190735694,0.9995099198463793,2.328101817059391,16.564945226917057,29,1179.6576966240286,639
2.0,2.0,Per period 28d,Both,84637,30.699692641856107,0.0191682156133829,0.8333333333333334,1.0,12.126504563631357,7.996870109546166,14,6144.5441676184255,639
2.0,2.0,Per period 56d,Both,84637,28.58551951447787,0.016147769516728624,0.8373493975903614,0.9994506431563674,13.495900316445928,5.712050078247262,10,6838.421998774619,639
2.0,2.0,SP Part Period Balancing,SAP only,84637,19.77811886694613,0.015799256505576207,0.951048951048951,1.0,10.004999786613272,3.427230046948357,6,5069.569946003364,639
2.0,2.0,WI Sliding Economic Lot Size,SAP only,84637,27.682038662971348,0.016031598513011152,0.8846153846153846,0.9992332350609845,15.018290552432989,3.998435054773083,7,7609.822693532804,639
2.0,2.0,DY Dynamic Planning Calculation,SAP only,84637,40.11919039302487,0.006505576208178439,0.9824561403508771,1.0,27.680302037676977,1.1424100156494523,2,14025.710174852902,639
2.0,2.0,GR Groff Reorder Procedure,SAP only,84637,24.420388836638487,0.030436802973977696,0.8704318936877077,0.9991794910603993,4.662174100895966,10.28169014084507,18,2362.3406505776697,639
1.0,1.0,Per period 7d,Both,90042C,16.47254760216613,0.013592007434944238,0.5571428571428572,0.9993998395381491,2.8249027144100745,9.139280125195619,16,339.52731257999625,639
1.0,1.0,Per period 14d,Both,90042C,12.66368734321213,0.011965613382899629,0.7304964539007093,0.9969232258290809,3.967541404856017,6.854460093896714,12,476.86196904021153,639
1.0,1.0,Per period 28d,Both,90042C,9.471656676219219,0.009758364312267658,0.7850467289719626,1.0,8.797604559359959,4.569640062597809,8,1057.3911157874302,639
1.0,1.0,Per period 56d,Both,90042C,9.326976632165554,0.00662174721189591,0.95,1.0,31.844814530479983,2.2848200312989047,4,3827.4536825598957,639
1.0,1.0,SP Part Period Balancing,SAP only,90042C,7.1157922263952695,0.0060408921933085506,0.9122807017543859,1.0,18.626292626467265,2.2848200312989047,4,2238.7089815635304,639
1.0,1.0,WI Sliding Economic Lot Size,SAP only,90042C,8.048265954578437,0.008828996282527882,0.926829268292683,1.0,24.200646519674898,2.2848200312989047,4,2908.6950264195457,639
1.0,1.0,DY Dynamic Planning Calculation,SAP only,90042C,7.7074147774192605,0.003949814126394052,0.8947368421052632,0.9984409421890403,34.11908434851728,1.1424100156494523,2,4100.799987712658,639
1.0,1.0,GR Groff Reorder Procedure,SAP only,90042C,9.97013706861102,0.011965613382899629,0.865546218487395,1.0,5.799506390269692,5.140845070422535,9,697.0473032342954,639
0.5,0.5,Per period 7d,Both,90042C,16.47254760216613,0.013592007434944238,0.5571428571428572,0.9993998395381491,2.8249027144100745,9.139280125195619,16,339.52731257999625,639
0.5,0.5,Per period 14d,Both,90042C,12.66368734321213,0.011965613382899629,0.7304964539007093,0.9969232258290809,3.967541404856017,6.854460093896714,12,476.86196904021153,639
0.5,0.5,Per period 28d,Both,90042C,9.471656676219219,0.009758364312267658,0.7850467289719626,1.0,8.797604559359959,4.569640062597809,8,1057.3911157874302,639
0.5,0.5,Per period 56d,Both,90042C,9.326976632165554,0.00662174721189591,0.95,1.0,31.844814530479983,2.2848200312989047,4,3827.4536825598957,639
0.5,0.5,SP Part Period Balancing,SAP only,90042C,9.337120250560456,0.010223048327137546,0.9072164948453608,1.0,13.971369888339625,3.998435054773083,7,1679.2301012885166,639
0.5,0.5,WI Sliding Economic Lot Size,SAP only,90042C,8.241820906765595,0.007551115241635688,0.8783783783783784,1.0,19.37969558447548,2.856025039123631,5,2329.2610845855165,639
0.5,0.5,DY Dynamic Planning Calculation,SAP only,90042C,7.520172633699389,0.006970260223048327,0.967741935483871,0.9964363538471915,21.04368995323658,2.2848200312989047,4,2529.2578962603875,639
0.5,0.5,GR Groff Reorder Procedure,SAP only,90042C,11.652492307596347,0.013011152416356878,0.7724137931034483,1.0,3.9006171704424397,6.283255086071987,11,468.8182918753288,639
2.0,2.0,Per period 7d,Both,90042C,16.47254760216613,0.013592007434944238,0.5571428571428572,0.9993998395381491,2.8249027144100745,9.139280125195619,16,339.52731257999625,639
2.0,2.0,Per period 14d,Both,90042C,12.66368734321213,0.011965613382899629,0.7304964539007093,0.9969232258290809,3.967541404856017,6.854460093896714,12,476.86196904021153,639
2.0,2.0,Per period 28d,Both,90042C,9.471656676219219,0.009758364312267658,0.7850467289719626,1.0,8.797604559359959,4.569640062597809,8,1057.3911157874302,639
2.0,2.0,Per period 56d,Both,90042C,9.326976632165554,0.00662174721189591,0.95,1.0,31.844814530479983,2.2848200312989047,4,3827.4536825598957,639
2.0,2.0,SP Part Period Balancing,SAP only,90042C,8.329303540755369,0.00662174721189591,0.9193548387096774,1.0,25.88069702972566,2.2848200312989047,4,3110.6216385348616,639
2.0,2.0,WI Sliding Economic Lot Size,SAP only,90042C,8.51537120495053,0.0060408921933085506,0.9629629629629629,1.0,32.97104252867709,1.7136150234741785,3,3962.8159248168176,639
2.0,2.0,DY Dynamic Planning Calculation,SAP only,90042C,9.67105625536907,0.0033689591078066915,0.9666666666666667,1.0,45.85778774212473,1.1424100156494523,2,5511.684120491556,639
2.0,2.0,GR Groff Reorder Procedure,SAP only,90042C,8.232700733369153,0.010687732342007435,0.8932038834951457,0.9985456615720618,7.369119284041069,3.998435054773083,7,885.7003300782299,639
1.0,1.0,Per period 7d,Both,84199,31.104517065703195,0.035896840148698886,0.7357142857142858,1.0,0.6919944180147427,17.70735524256651,31,908.3030709920656,639
1.0,1.0,Per period 14d,Both,84199,24.240285150400535,0.028926579925650557,0.8032258064516129,1.0,1.5908979236097924,13.708920187793428,24,2088.192378480847,639
1.0,1.0,Per period 28d,Both,84199,14.711252950643923,0.022072490706319704,0.8755760368663594,0.9999663432585473,4.709116815810656,7.996870109546166,14,6181.126832976953,639
1.0,1.0,Per period 56d,Both,84199,12.818014303491392,0.016728624535315983,0.9664429530201343,1.0,18.657720198913943,5.712050078247262,10,24489.886208913293,639
1.0,1.0,SP Part Period Balancing,SAP only,84199,9.261347144752508,0.00929368029739777,0.975609756097561,1.0,21.592971484541305,3.427230046948357,6,28342.65971034917,639
1.0,1.0,WI Sliding Economic Lot Size,SAP only,84199,13.682445749744446,0.00662174721189591,0.95,1.0,64.10626213503433,2.2848200312989047,4,84145.06425373149,639
1.0,1.0,DY Dynamic Planning Calculation,SAP only,84199,10.427541042531026,0.005343866171003717,1.0,1.0,49.176820133878614,1.7136150234741785,3,64548.86858390058,639
1.0,1.0,GR Groff Reorder Procedure,SAP only,84199,13.748736496668366,0.01963289962825279,0.949438202247191,0.9996474214455667,4.957290685233775,7.42566510172144,13,6506.876697236986,639
0.5,0.5,Per period 7d,Both,84199,31.104517065703195,0.035896840148698886,0.7357142857142858,1.0,0.6919944180147427,17.70735524256651,31,908.3030709920656,639
0.5,0.5,Per period 14d,Both,84199,24.240285150400535,0.028926579925650557,0.8032258064516129,1.0,1.5908979236097924,13.708920187793428,24,2088.192378480847,639
0.5,0.5,Per period 28d,Both,84199,14.711252950643923,0.022072490706319704,0.8755760368663594,0.9999663432585473,4.709116815810656,7.996870109546166,14,6181.126832976953,639
0.5,0.5,Per period 56d,Both,84199,12.818014303491392,0.016728624535315983,0.9664429530201343,1.0,18.657720198913943,5.712050078247262,10,24489.886208913293,639
0.5,0.5,SP Part Period Balancing,SAP only,84199,8.183094567866245,0.008248141263940521,0.9342105263157895,1.0,14.453996051245287,3.427230046948357,6,18972.131363599503,639
0.5,0.5,WI Sliding Economic Lot Size,SAP only,84199,13.228976867058368,0.008248141263940521,0.9466666666666667,1.0,54.48302647672471,2.856025039123631,5,71513.7275351501,639
0.5,0.5,DY Dynamic Planning Calculation,SAP only,84199,7.553930166056861,0.005692379182156134,1.0,1.0,30.15100197980317,1.7136150234741785,3,39575.821681208436,639
0.5,0.5,GR Groff Reorder Procedure,SAP only,84199,16.34990750959948,0.02404739776951673,0.9241071428571429,0.9996474214455667,2.316693851240342,9.139280125195619,16,3040.8628810430773,639
2.0,2.0,Per period 7d,Both,84199,31.104517065703195,0.035896840148698886,0.7357142857142858,1.0,0.6919944180147427,17.70735524256651,31,908.3030709920656,639
2.0,2.0,Per period 14d,Both,84199,24.240285150400535,0.028926579925650557,0.8032258064516129,1.0,1.5908979236097924,13.708920187793428,24,2088.192378480847,639
2.0,2.0,Per period 28d,Both,84199,14.711252950643923,0.022072490706319704,0.8755760368663594,0.9999663432585473,4.709116815810656,7.996870109546166,14,6181.126832976953,639
2.0,2.0,Per period 56d,Both,84199,12.818014303491392,0.016728624535315983,0.9664429530201343,1.0,18.657720198913943,5.712050078247262,10,24489.886208913293,639
2.0,2.0,SP Part Period Balancing,SAP only,84199,8.591262158102861,0.006389405204460966,0.9482758620689655,1.0,30.398172429292853,2.2848200312989047,4,39900.254469227235,639
2.0,2.0,WI Sliding Economic Lot Size,SAP only,84199,12.439376959938729,0.004182156133828996,0.972972972972973,1.0,69.11780899344913,1.1424100156494523,2,90723.15691375324,639
2.0,2.0,DY Dynamic Planning Calculation,SAP only,84199,13.275873041000018,0.004065985130111524,0.9722222222222222,1.0,68.03526999880854,1.7136150234741785,3,89302.22999916683,639
2.0,2.0,GR Groff Reorder Procedure,SAP only,84199,10.20345319423169,0.016496282527881042,0.9861111111111112,0.9996474214455667,7.9679130594351495,5.140845070422535,9,10458.581330823023,639
1.0,1.0,Per period 7d,Both,21458,14.39375248875778,0.021607806691449814,0.7181467181467182,0.9994236143220286,0.8656822798894733,7.996870109546166,14,574.8786335863583,639
1.0,1.0,Per period 14d,Both,21458,12.122624793720586,0.01696096654275093,0.8248587570621468,1.0,2.468140313104968,6.283255086071987,11,1639.0321988320559,639
1.0,1.0,Per period 28d,Both,21458,10.18296071793652,0.01266263940520446,0.8134328358208955,1.0,4.799335788769947,4.569640062597809,8,3187.1226481873196,639
1.0,1.0,Per period 56d,Both,21458,10.805883582353783,0.00871282527881041,0.872093023255814,0.9997409500571995,10.565947835861675,3.427230046948357,6,7016.590030236521,639
1.0,1.0,SP Part Period Balancing,SAP only,21458,8.177725632997607,0.010687732342007435,0.9292929292929293,1.0,6.98637049765755,2.856025039123631,5,4639.479424176506,639
1.0,1.0,WI Sliding Economic Lot Size,SAP only,21458,7.646574887931823,0.011965613382899629,0.9626168224299065,1.0,5.818612067979675,2.856025039123631,5,3863.999336380462,639
1.0,1.0,DY Dynamic Planning Calculation,SAP only,21458,7.98393493056907,0.007434944237918215,0.9552238805970149,1.0,8.758857333211465,2.2848200312989047,4,5816.544998630842,639
1.0,1.0,GR Groff Reorder Procedure,SAP only,21458,9.207496774846163,0.015218401486988848,0.903448275862069,0.9992888364624721,2.6547351213087667,4.569640062597809,8,1762.945291275399,639
0.5,0.5,Per period 7d,Both,21458,14.39375248875778,0.021607806691449814,0.7181467181467182,0.9994236143220286,0.8656822798894733,7.996870109546166,14,574.8786335863583,639
0.5,0.5,Per period 14d,Both,21458,12.122624793720586,0.01696096654275093,0.8248587570621468,1.0,2.468140313104968,6.283255086071987,11,1639.0321988320559,639
0.5,0.5,Per period 28d,Both,21458,10.18296071793652,0.01266263940520446,0.8134328358208955,1.0,4.799335788769947,4.569640062597809,8,3187.1226481873196,639
0.5,0.5,Per period 56d,Both,21458,10.805883582353783,0.00871282527881041,0.872093023255814,0.9997409500571995,10.565947835861675,3.427230046948357,6,7016.590030236521,639
0.5,0.5,SP Part Period Balancing,SAP only,21458,9.29076975458027,0.01475371747211896,0.9407407407407408,0.998789513846176,5.036358729066485,3.998435054773083,7,3344.5238416871935,639
0.5,0.5,WI Sliding Economic Lot Size,SAP only,21458,8.218000627472682,0.012081784386617101,0.9203539823008849,1.0,7.074916856182707,2.856025039123631,5,4698.280916110116,639
0.5,0.5,DY Dynamic Planning Calculation,SAP only,21458,7.918584373034372,0.007899628252788104,0.9444444444444444,1.0,8.615181239081462,2.2848200312989047,4,5721.133184630184,639
0.5,0.5,GR Groff Reorder Procedure,SAP only,21458,12.786375026068132,0.019052044609665426,0.841025641025641,0.999954100186681,1.7288803114932787,6.854460093896714,12,1148.1075380594716,639
2.0,2.0,Per period 7d,Both,21458,14.39375248875778,0.021607806691449814,0.7181467181467182,0.9994236143220286,0.8656822798894733,7.996870109546166,14,574.8786335863583,639
2.0,2.0,Per period 14d,Both,21458,12.122624793720586,0.01696096654275093,0.8248587570621468,1.0,2.468140313104968,6.283255086071987,11,1639.0321988320559,639
2.0,2.0,Per period 28d,Both,21458,10.18296071793652,0.01266263940520446,0.8134328358208955,1.0,4.799335788769947,4.569640062597809,8,3187.1226481873196,639
2.0,2.0,Per period 56d,Both,21458,10.805883582353783,0.00871282527881041,0.872093023255814,0.9997409500571995,10.565947835861675,3.427230046948357,6,7016.590030236521,639
2.0,2.0,SP Part Period Balancing,SAP only,21458,9.462316317196304,0.008364312267657992,0.9473684210526315,1.0,12.009144266912376,2.2848200312989047,4,7974.981823106606,639
2.0,2.0,WI Sliding Economic Lot Size,SAP only,21458,13.038682821276922,0.008015799256505576,0.9452054794520548,1.0,19.871944369434097,2.2848200312989047,4,13196.476919064306,639
2.0,2.0,DY Dynamic Planning Calculation,SAP only,21458,18.029921292382998,0.006157063197026022,0.9814814814814815,1.0,33.04394740969718,1.7136150234741785,3,21943.685086879177,639
2.0,2.0,GR Groff Reorder Procedure,SAP only,21458,8.086272610882373,0.01312732342007435,0.875968992248062,0.9992888364624721,2.3882184296455793,3.998435054773083,7,1585.9580118882643,639
1.0,1.0,Per period 7d,Both,79323S,792.3750914786737,0.0009293680297397769,1.0,1.0,741.8003336050904,0.0,0,214234.7469553451,639
1.0,1.0,Per period 14d,Both,79323S,792.3750914786737,0.00046468401486988845,1.0,1.0,741.8003336050904,0.0,0,214234.7469553451,639
1.0,1.0,Per period 28d,Both,79323S,792.3750914786737,0.00034851301115241634,1.0,1.0,741.8003336050904,0.0,0,214234.7469553451,639
1.0,1.0,Per period 56d,Both,79323S,845.6983241255556,0.00011617100371747211,1.0,1.0,791.7201155262305,0.0,0,228651.76911542797,639
1.0,1.0,SP Part Period Balancing,SAP only,79323S,792.3750914786737,0.00034851301115241634,1.0,1.0,741.8003336050904,0.0,0,214234.7469553451,639
1.0,1.0,WI Sliding Economic Lot Size,SAP only,79323S,834.3879761656204,0.00023234200743494423,1.0,1.0,781.1316707604913,0.0,0,225593.78614848256,639
1.0,1.0,DY Dynamic Planning Calculation,SAP only,79323S,792.3750914786737,0.00023234200743494423,1.0,1.0,741.8003336050904,0.0,0,214234.7469553451,639
1.0,1.0,GR Groff Reorder Procedure,SAP only,79323S,792.3750914786737,0.00046468401486988845,1.0,1.0,741.8003336050904,0.0,0,214234.7469553451,639
0.5,0.5,Per period 7d,Both,79323S,792.3750914786737,0.0009293680297397769,1.0,1.0,741.8003336050904,0.0,0,214234.7469553451,639
0.5,0.5,Per period 14d,Both,79323S,792.3750914786737,0.00046468401486988845,1.0,1.0,741.8003336050904,0.0,0,214234.7469553451,639
0.5,0.5,Per period 28d,Both,79323S,792.3750914786737,0.00034851301115241634,1.0,1.0,741.8003336050904,0.0,0,214234.7469553451,639
0.5,0.5,Per period 56d,Both,79323S,845.6983241255556,0.00011617100371747211,1.0,1.0,791.7201155262305,0.0,0,228651.76911542797,639
0.5,0.5,SP Part Period Balancing,SAP only,79323S,792.3750914786737,0.00034851301115241634,1.0,1.0,741.8003336050904,0.0,0,214234.7469553451,639
0.5,0.5,WI Sliding Economic Lot Size,SAP only,79323S,792.3750914786737,0.00034851301115241634,1.0,1.0,741.8003336050904,0.0,0,214234.7469553451,639
0.5,0.5,DY Dynamic Planning Calculation,SAP only,79323S,792.3750914786737,0.00034851301115241634,1.0,1.0,741.8003336050904,0.0,0,214234.7469553451,639
0.5,0.5,GR Groff Reorder Procedure,SAP only,79323S,792.3750914786737,0.0005808550185873606,1.0,1.0,741.8003336050904,0.0,0,214234.7469553451,639
2.0,2.0,Per period 7d,Both,79323S,792.3750914786737,0.0009293680297397769,1.0,1.0,741.8003336050904,0.0,0,214234.7469553451,639
2.0,2.0,Per period 14d,Both,79323S,792.3750914786737,0.00046468401486988845,1.0,1.0,741.8003336050904,0.0,0,214234.7469553451,639
2.0,2.0,Per period 28d,Both,79323S,792.3750914786737,0.00034851301115241634,1.0,1.0,741.8003336050904,0.0,0,214234.7469553451,639
2.0,2.0,Per period 56d,Both,79323S,845.6983241255556,0.00011617100371747211,1.0,1.0,791.7201155262305,0.0,0,228651.76911542797,639
2.0,2.0,SP Part Period Balancing,SAP only,79323S,792.3750914786737,0.00023234200743494423,1.0,1.0,741.8003336050904,0.0,0,214234.7469553451,639
2.0,2.0,WI Sliding Economic Lot Size,SAP only,79323S,792.3750914786737,0.00023234200743494423,1.0,1.0,741.8003336050904,0.0,0,214234.7469553451,639
2.0,2.0,DY Dynamic Planning Calculation,SAP only,79323S,842.8208466374318,0.00011617100371747211,1.0,1.0,789.0262981869599,0.0,0,227873.78446123155,639
2.0,2.0,GR Groff Reorder Procedure,SAP only,79323S,792.3750914786737,0.00034851301115241634,1.0,1.0,741.8003336050904,0.0,0,214234.7469553451,639
1.0,1.0,Per period 7d,Both,20663,24.11799827984765,0.011384758364312268,0.33220338983050846,1.0,1.6551831605653695,12.566510172143975,22,1539.9788289728926,639
1.0,1.0,Per period 14d,Both,20663,20.252079909491705,0.011268587360594795,0.39591836734693875,0.9996211917680323,1.759965897000814,10.28169014084507,18,1637.4684600885894,639
1.0,1.0,Per period 28d,Both,20663,46.77604611000673,0.012314126394052044,0.6091954022988506,0.9999065198198334,23.2695231995402,9.710485133020343,17,21649.914004287763,639
1.0,1.0,Per period 56d,Both,20663,68.10106800075397,0.010339219330855019,0.7807017543859649,0.9997138458440088,46.968062549133776,4.569640062597809,8,43698.983705727485,639
1.0,1.0,SP Part Period Balancing,SAP only,20663,10.036997336950193,0.009177509293680297,0.7745098039215687,0.999511157960576,2.3733668240577677,3.998435054773083,7,2208.1753545554193,639
1.0,1.0,WI Sliding Economic Lot Size,SAP only,20663,100.55412592089695,0.008828996282527882,0.95,1.0,74.67408337942,2.856025039123631,5,69476.60550025376,639
1.0,1.0,DY Dynamic Planning Calculation,SAP only,20663,9.736132217921558,0.004414498141263941,0.8837209302325582,1.0,5.264183980001918,1.7136150234741785,3,4897.785377572447,639
1.0,1.0,GR Groff Reorder Procedure,SAP only,20663,13.59385133491833,0.01266263940520446,0.6022099447513812,0.9995234088019836,0.4640857071455171,7.42566510172144,13,431.7843371418137,639
0.5,0.5,Per period 7d,Both,20663,24.11799827984765,0.011384758364312268,0.33220338983050846,1.0,1.6551831605653695,12.566510172143975,22,1539.9788289728926,639
0.5,0.5,Per period 14d,Both,20663,20.252079909491705,0.011268587360594795,0.39591836734693875,0.9996211917680323,1.759965897000814,10.28169014084507,18,1637.4684600885894,639
0.5,0.5,Per period 28d,Both,20663,46.77604611000673,0.012314126394052044,0.6091954022988506,0.9999065198198334,23.2695231995402,9.710485133020343,17,21649.914004287763,639
0.5,0.5,Per period 56d,Both,20663,68.10106800075397,0.010339219330855019,0.7807017543859649,0.9997138458440088,46.968062549133776,4.569640062597809,8,43698.983705727485,639
0.5,0.5,SP Part Period Balancing,SAP only,20663,11.279109616617834,0.010803903345724907,0.775,0.9998033405741911,1.7810891984198334,5.140845070422535,9,1657.1215339950395,639
0.5,0.5,WI Sliding Economic Lot Size,SAP only,20663,35.35978052166306,0.010803903345724907,0.8611111111111112,1.0,22.16273337113521,3.998435054773083,7,20620.15914423709,639
0.5,0.5,DY Dynamic Planning Calculation,SAP only,20663,8.80310953471945,0.007899628252788104,0.9066666666666666,0.9999754584235911,2.9720717526295766,2.856025039123631,5,2765.2091238498,639
0.5,0.5,GR Groff Reorder Procedure,SAP only,20663,15.358072897392669,0.013475836431226766,0.5714285714285714,0.9999599221741996,0.27982847562172153,8.568075117370892,15,260.3518078651872,639
2.0,2.0,Per period 7d,Both,20663,24.11799827984765,0.011384758364312268,0.33220338983050846,1.0,1.6551831605653695,12.566510172143975,22,1539.9788289728926,639
2.0,2.0,Per period 14d,Both,20663,20.252079909491705,0.011268587360594795,0.39591836734693875,0.9996211917680323,1.759965897000814,10.28169014084507,18,1637.4684600885894,639
2.0,2.0,Per period 28d,Both,20663,46.77604611000673,0.012314126394052044,0.6091954022988506,0.9999065198198334,23.2695231995402,9.710485133020343,17,21649.914004287763,639
2.0,2.0,Per period 56d,Both,20663,68.10106800075397,0.010339219330855019,0.7807017543859649,0.9997138458440088,46.968062549133776,4.569640062597809,8,43698.983705727485,639
2.0,2.0,SP Part Period Balancing,SAP only,20663,10.23698981938212,0.009409851301115242,0.9,0.9998033405741911,3.311142538337022,3.427230046948357,6,3080.679848753932,639
2.0,2.0,WI Sliding Economic Lot Size,SAP only,20663,202.86417310682944,0.004298327137546468,0.9024390243902439,1.0,156.9722695484088,1.1424100156494523,2,146046.65972906922,639
2.0,2.0,DY Dynamic Planning Calculation,SAP only,20663,10.95294459110354,0.0033689591078066915,0.9666666666666667,1.0,6.996588838464646,1.1424100156494523,2,6509.611107077275,639
2.0,2.0,GR Groff Reorder Procedure,SAP only,20663,13.017417075493576,0.012314126394052044,0.6794871794871795,0.999563486627784,0.795095834898301,6.854460093896714,12,739.7554433369627,639
1.0,1.0,Per period 7d,Both,84916,27.443890321157195,0.015799256505576207,0.3788300835654596,0.9997578504700975,0.8334676873298245,15.422535211267606,27,192.4227639220614,639
1.0,1.0,Per period 14d,Both,84916,25.345825922154688,0.015102230483271376,0.5327868852459017,0.9980904948159556,10.0375542241847,11.424100156494523,20,2317.3710945207367,639
1.0,1.0,Per period 28d,Both,84916,21.016105288036528,0.014637546468401487,0.7730061349693251,0.9997950223996706,15.051386383904054,7.42566510172144,13,3474.9150001583525,639
1.0,1.0,Per period 56d,Both,84916,32.15229196705737,0.010455390334572491,0.8333333333333334,1.0,49.10467578417577,3.427230046948357,6,11336.80114961513,639
1.0,1.0,SP Part Period Balancing,SAP only,84916,15.785183798990605,0.014986059479553903,0.8835616438356164,1.0,10.862511597803346,5.712050078247262,10,2507.829081510179,639
1.0,1.0,WI Sliding Economic Lot Size,SAP only,84916,17.40935224862323,0.012197955390334572,0.8823529411764706,1.0,19.545050504016622,3.998435054773083,7,4512.367661220282,639
1.0,1.0,DY Dynamic Planning Calculation,SAP only,84916,16.354117218626186,0.009177509293680297,0.9404761904761905,1.0,21.318982119749574,2.856025039123631,5,4921.915421375959,639
1.0,1.0,GR Groff Reorder Procedure,SAP only,84916,18.868503323089815,0.022304832713754646,0.8240343347639485,0.9981985093604524,3.5083827450976632,9.710485133020343,17,809.9806566838263,639
0.5,0.5,Per period 7d,Both,84916,27.443890321157195,0.015799256505576207,0.3788300835654596,0.9997578504700975,0.8334676873298245,15.422535211267606,27,192.4227639220614,639
0.5,0.5,Per period 14d,Both,84916,25.345825922154688,0.015102230483271376,0.5327868852459017,0.9980904948159556,10.0375542241847,11.424100156494523,20,2317.3710945207367,639
0.5,0.5,Per period 28d,Both,84916,21.016105288036528,0.014637546468401487,0.7730061349693251,0.9997950223996706,15.051386383904054,7.42566510172144,13,3474.9150001583525,639
0.5,0.5,Per period 56d,Both,84916,32.15229196705737,0.010455390334572491,0.8333333333333334,1.0,49.10467578417577,3.427230046948357,6,11336.80114961513,639
0.5,0.5,SP Part Period Balancing,SAP only,84916,15.759008743607486,0.017193308550185873,0.8604651162790697,1.0,7.0580775810104575,6.854460093896714,12,1629.4990396873304,639
0.5,0.5,WI Sliding Economic Lot Size,SAP only,84916,18.259288205596214,0.014056691449814127,0.8897058823529411,1.0,17.385640459382042,5.140845070422535,9,4013.8244596705667,639
0.5,0.5,DY Dynamic Planning Calculation,SAP only,84916,13.073319774127597,0.012197955390334572,0.9051724137931034,1.0,11.403528180926608,3.998435054773083,7,2632.733631302343,639
0.5,0.5,GR Groff Reorder Procedure,SAP only,84916,21.913584110429102,0.021723977695167287,0.6726618705035972,0.9999090216677611,1.715385083674695,11.995305164319248,21,396.0311167537088,639
2.0,2.0,Per period 7d,Both,84916,27.443890321157195,0.015799256505576207,0.3788300835654596,0.9997578504700975,0.8334676873298245,15.422535211267606,27,192.4227639220614,639
2.0,2.0,Per period 14d,Both,84916,25.345825922154688,0.015102230483271376,0.5327868852459017,0.9980904948159556,10.0375542241847,11.424100156494523,20,2317.3710945207367,639
2.0,2.0,Per period 28d,Both,84916,21.016105288036528,0.014637546468401487,0.7730061349693251,0.9997950223996706,15.051386383904054,7.42566510172144,13,3474.9150001583525,639
2.0,2.0,Per period 56d,Both,84916,32.15229196705737,0.010455390334572491,0.8333333333333334,1.0,49.10467578417577,3.427230046948357,6,11336.80114961513,639
2.0,2.0,SP Part Period Balancing,SAP only,84916,14.860196142664307,0.01254646840148699,0.8852459016393442,1.0,14.758644621731367,3.998435054773083,7,3407.329681796284,639
2.0,2.0,WI Sliding Economic Lot Size,SAP only,84916,24.682230604318544,0.009526022304832713,0.9318181818181818,1.0,36.95620841767439,2.856025039123631,5,8532.083337976565,639
2.0,2.0,DY Dynamic Planning Calculation,SAP only,84916,21.368940166342377,0.007318773234200744,0.9,1.0,32.612674126510115,2.2848200312989047,4,7529.291164744615,639
2.0,2.0,GR Groff Reorder Procedure,SAP only,84916,16.2142262051319,0.018006505576208177,0.8288770053475936,0.9981985093604524,6.0351702978392066,7.42566510172144,13,1393.3403383291484,639
