code,quadrant,name,side,cost,PCR,order_churn,fill,cover_days,orders_per_year,n_orders,unit_days,measured_days
22554,smooth,EX,SAP,442.9715236806495,0.5388011152416357,0.82409381663113,1.0,0.4590255228175431,250.18779342723005,438,5498.806495263871,639
22554,smooth,FX,SAP,161.71970015014773,0.03961431226765799,0.6686274509803921,1.0,12.531129351861487,14.85133020344288,26,150114.21380243613,639
22554,smooth,HB,SAP,200.20546554952082,0.053322490706319704,1.0,0.8975852564917769,16.638542497627277,11.424100156494523,20,199318.16644113668,639
22554,smooth,TB,SAP,442.9715236806495,0.54182156133829,0.8287135749822317,1.0,0.4590255228175431,250.18779342723005,438,5498.806495263871,639
22554,smooth,WB,SAP,122.66327710530706,0.12697490706319703,0.9724199288256228,1.0,3.3851553412030175,49.123630672926446,86,40551.80649526387,639
22554,smooth,MB,SAP,181.43017093574016,0.040892193308550186,0.9915492957746479,1.0,13.889361148992652,17.70735524256651,31,166384.88603498533,639
22554,smooth,SP,SAP,110.29832769292742,0.1191914498141264,0.9922630560928434,1.0,4.644092565818302,34.27230046948357,60,55632.99881187426,639
22554,smooth,WI,SAP,134.61462290994155,0.12662639405204462,0.9954337899543378,1.0,7.166232154981452,32.55868544600939,57,85846.47685493536,639
22554,smooth,DY,SAP,136.61064017405948,0.06064126394052045,0.9980879541108987,1.0,9.75113112901022,17.70735524256651,31,116811.76867736882,639
22554,smooth,GR,SAP,109.16081913601872,0.12523234200743494,0.9935483870967742,1.0,3.5234248251168214,40.55555555555556,71,42208.178741354044,639
22554,smooth,Per period 3d,F&O,182.85067436558103,0.23884758364312267,0.9496535796766744,1.0,1.4635078810930806,95.39123630672927,167,17531.80649526387,639
22554,smooth,Per period 5d,F&O,139.2697206055927,0.1733271375464684,0.9738903394255874,1.0,2.794832171996782,62.26134585289515,109,33480.1455183071,639
22554,smooth,Per period 7d,F&O,127.02367751203458,0.13638475836431227,0.9678483099752679,1.0,3.7877552693060306,49.123630672926446,86,45374.67361179582,639
22554,smooth,Per period 10d,F&O,130.06416105272763,0.11047862453531598,0.9875389408099688,0.9999864028827522,6.099766995934074,36.557120500782474,64,73070.96601286542,639
22554,smooth,Per period 14d,F&O,136.2279850232615,0.08178438661710037,0.9805013927576601,0.9999981658507254,8.238504954663595,26.84663536776213,47,98691.55919239532,639
22554,smooth,Per period 21d,F&O,154.877719041275,0.056342936802973975,1.0,1.0,11.530078895992386,17.136150234741784,30,138122.32560625867,639
22554,smooth,Per period 28d,F&O,198.75809098386412,0.04937267657992565,0.9953161592505855,1.0,16.320243116190618,12.566510172143975,22,195505.1612397285,639
22554,smooth,Per period 42d,F&O,261.8366034717561,0.02973977695167286,1.0,1.0,22.790659008653517,8.568075117370892,15,273016.2432339121,639
22554,smooth,Per period 56d,F&O,317.31427777523146,0.023350371747211895,1.0,1.0,28.28228940144234,6.283255086071987,11,338802.15572108934,639
22554,smooth,Per period 84d,F&O,549.9927287057503,0.01754182156133829,1.0,1.0,50.04270554434123,4.569640062597809,8,599476.8059927238,639
22554,smooth,Per period 112d,F&O,617.0313599448326,0.014056691449814127,1.0,1.0,56.417108209358204,3.427230046948357,6,675837.7163026179,639
22554,smooth,Per requirement,F&O,442.9715236806495,0.5338057620817844,0.816598542740359,1.0,0.4590255228175431,250.18779342723005,438,5498.806495263871,639
22554,smooth,Min/Max,F&O,200.20546554952082,0.052276951672862455,0.995575221238938,0.8975852564917769,16.638542497627277,11.424100156494523,20,199318.16644113668,639
22627,smooth,EX,SAP,333.0038181919291,0.25848048327137546,0.5333173537871524,1.0,1.2001192609224858,185.64162754303598,325,1718.466847090663,639
22627,smooth,FX,SAP,115.98158266446704,0.04774628252788104,0.7667910447761194,1.0,13.492139363286542,14.85133020344288,26,19319.57510148851,639
22627,smooth,HB,SAP,155.76599106530486,0.052741635687732345,0.9912663755458515,0.8620540879763094,20.507149985257758,10.852895148669797,19,29364.462787550743,639
22627,smooth,TB,SAP,333.0038181919291,0.26196561338289964,0.5405081495685522,1.0,1.2001192609224858,185.64162754303598,325,1718.466847090663,639
22627,smooth,WB,SAP,99.69642093165514,0.08863847583643122,0.7833675564681725,1.0,3.7030639283905256,42.840375586854464,75,5302.466847090663,639
22627,smooth,MB,SAP,118.80223379020313,0.031598513011152414,0.8859934853420195,0.9999627686497193,13.76513388053075,15.422535211267606,27,19710.479607896552,639
22627,smooth,SP,SAP,91.12059725638076,0.09677044609665428,0.9811542991755006,1.0,6.615589872366167,26.84663536776213,47,9472.951763869987,639
22627,smooth,WI,SAP,106.7920779223409,0.09212360594795539,0.97539975399754,1.0,9.715140799700029,23.990610328638496,42,13911.24025979672,639
22627,smooth,DY,SAP,102.89983943737367,0.041473048327137545,0.967479674796748,1.0,11.83050573137285,13.708920187793428,24,16940.2596439067,639
22627,smooth,GR,SAP,88.89495351902951,0.09270446096654275,0.9366197183098591,1.0,4.782435973247523,32.55868544600939,57,6848.034137909279,639
22627,smooth,Per period 3d,F&O,153.45450312343596,0.15427509293680297,0.7423141419787591,1.0,2.1673565277872275,79.39749608763694,139,3103.4668470906627,639
22627,smooth,Per period 5d,F&O,114.92843954002034,0.11349907063197026,0.8074380165289257,1.0,3.4379668871817373,52.550860719874805,92,4922.87084241613,639
22627,smooth,Per period 7d,F&O,103.7012941451166,0.1016496282527881,0.872382851445663,1.0,4.903341382769097,40.55555555555556,71,7021.16021351033,639
22627,smooth,Per period 10d,F&O,97.47095714485238,0.08271375464684015,0.9104859335038363,1.0,6.368237318377385,31.41627543035994,55,9118.76432815948,639
22627,smooth,Per period 14d,F&O,96.88869595984828,0.05982806691449814,0.9098939929328622,0.999850022379403,8.230194595718965,23.990610328638496,42,11784.92589726154,639
22627,smooth,Per period 21d,F&O,109.9469723985023,0.04460966542750929,0.9365853658536586,0.9998413409000194,12.28740303582809,15.993740219092333,28,17594.49701497255,639
22627,smooth,Per period 28d,F&O,134.92777727032401,0.034502788104089216,0.9488817891373802,1.0,17.08271184796219,11.995305164319248,21,24460.96394333427,639
22627,smooth,Per period 42d,F&O,167.14956651155833,0.02753252788104089,0.983402489626556,1.0,22.96375806709207,7.996870109546166,14,32882.11280983458,639
22627,smooth,Per period 56d,F&O,224.25955464544748,0.021491635687732342,0.9788359788359788,1.0,32.126794012633496,5.712050078247262,10,46002.78673269901,639
22627,smooth,Per period 84d,F&O,285.89678877124703,0.015799256505576207,0.9927007299270073,1.0,41.81871701575102,3.998435054773083,7,59880.781118532446,639
22627,smooth,Per period 112d,F&O,414.69937035913915,0.01312732342007435,1.0,1.0,61.28175010140702,3.427230046948357,6,87750.15893005046,639
22627,smooth,Per requirement,F&O,333.0038181919291,0.26359200743494426,0.5438638542665388,1.0,1.2001192609224858,185.64162754303598,325,1718.466847090663,639
22627,smooth,Min/Max,F&O,155.76599106530486,0.0504182156133829,0.9863636363636363,0.8620540879763094,20.507149985257758,10.852895148669797,19,29364.462787550743,639
20724,smooth,EX,SAP,478.0,0.6917983271375465,0.8965672990063234,1.0,0.0,273.0359937402191,478,0.0,639
20724,smooth,FX,SAP,203.40113047991565,0.04507434944237918,0.7838383838383839,1.0,13.784261631373424,13.137715179968701,23,387331.8389715836,639
20724,smooth,HB,SAP,204.92452332845207,0.058782527881040894,1.0,0.9140020207718436,14.129889346232181,11.424100156494523,20,397043.8294993235,639
20724,smooth,TB,SAP,478.0,0.6952834572490706,0.9014911884319927,1.0,0.0,273.0359937402191,478,0.0,639
20724,smooth,WB,SAP,118.64701369863013,0.14242565055762083,0.9927125506072875,1.0,2.418115205337601,49.694835680751176,87,67948.0,639
20724,smooth,MB,SAP,202.73160904207788,0.04426115241635688,0.9921875,1.0,12.96901466152654,18.849765258215964,33,364423.74882563774,639
20724,smooth,SP,SAP,119.28463733675295,0.1496282527881041,0.9961330239752514,1.0,3.9950144349650585,38.27073552425665,67,112258.19192891073,639
20724,smooth,WI,SAP,132.52571031081402,0.1475371747211896,0.9968602825745683,1.0,5.4652046895229915,34.84350547730829,61,153569.90743204183,639
20724,smooth,DY,SAP,141.26413848100526,0.06737918215613382,0.9982788296041308,1.0,8.119531640173113,19.992175273865413,35,228155.35615039367,639
20724,smooth,GR,SAP,114.4716410862749,0.15473977695167287,0.9977528089887641,1.0,2.7867599361564532,44.55399061032864,78,78306.75880288435,639
20724,smooth,Per period 3d,F&O,187.29956164383563,0.275092936802974,0.9805383022774327,1.0,1.092614543978852,98.81846635367762,173,30702.0,639
20724,smooth,Per period 5d,F&O,142.97817045545264,0.20759758364312267,0.9911259012756517,1.0,1.9849648242766473,66.83098591549296,117,55776.660095530635,639
20724,smooth,Per period 7d,F&O,118.64701369863013,0.14556226765799257,0.9952343129467831,1.0,2.418115205337601,49.694835680751176,87,67948.0,639
20724,smooth,Per period 10d,F&O,129.40342160614557,0.120817843866171,0.9961685823754789,1.0,5.07381596890497,35.985915492957744,63,142572.0522720184,639
20724,smooth,Per period 14d,F&O,142.0190768043467,0.09491171003717472,1.0,1.0,7.336717196577698,26.275430359937403,46,206158.60607992084,639
20724,smooth,Per period 21d,F&O,165.34732450087202,0.0674953531598513,0.9982817869415808,1.0,10.265338501308436,17.70735524256651,31,288451.60848716635,639
20724,smooth,Per period 28d,F&O,204.57453454599326,0.05401951672862453,1.0,1.0,13.87392020836295,13.137715179968701,23,389851.20652522077,639
20724,smooth,Per period 42d,F&O,287.24661605740897,0.03566449814126394,1.0,1.0,20.802079089017628,8.568075117370892,15,584529.4991820839,639
20724,smooth,Per period 56d,F&O,368.35769671620966,0.029158921933085502,1.0,1.0,27.15250980538519,7.42566510172144,13,762973.8782436266,639
20724,smooth,Per period 84d,F&O,551.0188460415399,0.016263940520446097,0.9929078014184397,1.0,41.5679108345128,3.998435054773083,7,1168040.4635597765,639
20724,smooth,Per period 112d,F&O,723.9527128209403,0.014521375464684015,1.0,1.0,54.78160665931652,3.998435054773083,7,1539339.648115548,639
20724,smooth,Per requirement,F&O,478.0,0.6970260223048327,0.903750564844103,1.0,0.0,273.0359937402191,478,0.0,639
20724,smooth,Min/Max,F&O,204.92452332845207,0.05843401486988847,1.0,0.9140020207718436,14.129889346232181,11.424100156494523,20,397043.8294993235,639
22741,smooth,EX,SAP,211.33555237547964,0.24186802973977695,0.8453105968331304,1.0,4.478254910178042,109.67136150234742,192,41514.56833558864,639
22741,smooth,FX,SAP,81.3741630118451,0.04368029739776952,0.7315175097276264,1.0,13.056667190699285,14.280125195618153,25,121038.64411366741,639
22741,smooth,HB,SAP,132.40419007544443,0.05018587360594796,0.9976905311778291,0.8224115684076593,26.728451860308382,9.710485133020343,17,247779.5845737483,639
22741,smooth,TB,SAP,211.33555237547964,0.24117100371747213,0.8428745432399513,1.0,4.478254910178042,109.67136150234742,192,41514.56833558864,639
22741,smooth,WB,SAP,90.15505922479471,0.0874767657992565,0.9365671641791045,1.0,6.520917001558523,35.41471048513302,62,60450.56833558864,639
22741,smooth,MB,SAP,101.35094308430662,0.028810408921933085,0.9959839357429718,1.0,17.683435110838854,14.280125195618153,25,163929.96603395243,639
22741,smooth,SP,SAP,77.56789666709047,0.06017657992565056,0.9980732177263969,1.0,10.090642531782727,19.420970266040687,34,93542.83696169422,639
22741,smooth,WI,SAP,87.52650002045682,0.06528810408921933,1.0,1.0,13.786771426317287,15.993740219092333,28,127806.89710274551,639
22741,smooth,DY,SAP,97.09682573178843,0.03125,1.0,1.0,19.014223426564637,8.568075117370892,15,176266.71407119278,639
22741,smooth,GR,SAP,81.87510523997189,0.0816682156133829,1.0,1.0,8.077328656094616,26.84663536776213,47,74878.90242699845,639
22741,smooth,Per period 3d,F&O,117.83848388232896,0.12848513011152415,0.9125412541254125,1.0,5.289559387854035,54.26447574334898,95,49035.56833558864,639
22741,smooth,Per period 5d,F&O,93.06404552615825,0.09293680297397769,0.970873786407767,1.0,6.26823027411927,37.69953051643193,66,58108.09774733978,639
22741,smooth,Per period 7d,F&O,87.75470262332601,0.0800418215613383,0.955617198335645,1.0,7.1230133672640275,32.55868544600939,57,66032.15563243526,639
22741,smooth,Per period 10d,F&O,83.87450131091714,0.06319702602230483,0.974910394265233,0.9999701563840392,9.698439820352933,23.990610328638496,42,89907.01752049854,639
22741,smooth,Per period 14d,F&O,84.46674882251506,0.05204460966542751,1.0,1.0,12.151681574583286,18.278560250391237,32,112649.19600128233,639
22741,smooth,Per period 21d,F&O,89.04313179215278,0.0362453531598513,0.9936305732484076,1.0,15.29607085892249,13.137715179968701,23,141798.48884785743,639
22741,smooth,Per period 28d,F&O,97.48904344166081,0.02950743494423792,1.0,1.0,18.873456616688813,9.139280125195619,16,174961.76974238938,639
22741,smooth,Per period 42d,F&O,126.95506319510145,0.022072490706319704,0.9947643979057592,1.0,26.8560380913652,6.283255086071987,11,248962.34156595307,639
22741,smooth,Per period 56d,F&O,160.760331084021,0.015102230483271376,1.0,1.0,35.380406490221645,4.569640062597809,8,327985.41673922155,639
22741,smooth,Per period 84d,F&O,230.7320784285603,0.010687732342007435,0.9787234042553191,1.0,52.28119522922699,2.856025039123631,5,484660.0507436735,639
22741,smooth,Per period 112d,F&O,275.3261627251624,0.00871282527881041,1.0,1.0,62.609510298177696,2.856025039123631,5,580406.1729099075,639
22741,smooth,Per requirement,F&O,211.33555237547964,0.24268122676579926,0.8481526593585059,1.0,4.478254910178042,109.67136150234742,192,41514.56833558864,639
22741,smooth,Min/Max,F&O,132.40419007544443,0.048327137546468404,0.9976019184652278,0.8224115684076593,26.728451860308382,9.710485133020343,17,247779.5845737483,639
22027,smooth,EX,SAP,369.0,0.49523698884758366,0.8204387990762124,1.0,0.0,210.77464788732394,369,0.0,639
22027,smooth,FX,SAP,51.054226511205464,0.03961431226765799,0.7178947368421053,1.0,13.180017729399554,11.995305164319248,21,130592.76995940469,639
22027,smooth,HB,SAP,55.9348275752127,0.05204460966542751,1.0,0.9483705691778168,16.635986283546657,10.28169014084507,18,164835.8579161028,639
22027,smooth,TB,SAP,369.0,0.4923327137546468,0.8156274056966898,1.0,0.0,210.77464788732394,369,0.0,639
22027,smooth,WB,SAP,91.37139726027397,0.13650092936802974,0.9623259623259623,1.0,2.3555792093223156,49.123630672926446,86,23340.0,639
22027,smooth,MB,SAP,58.467425011342456,0.041937732342007435,0.9917582417582418,1.0,12.045598594775672,17.70735524256651,31,119352.50153738091,639
22027,smooth,SP,SAP,47.98807335157602,0.062151486988847586,0.9944237918215614,1.0,9.642676929351651,14.85133020344288,26,95543.41396815768,639
22027,smooth,WI,SAP,54.59942153471148,0.06319702602230483,0.998165137614679,1.0,12.542025752601868,14.85133020344288,26,124271.29595440108,639
22027,smooth,DY,SAP,67.29827315594977,0.022188661710037173,1.0,1.0,24.25057322067026,6.854460093896714,12,240284.1631181151,639
22027,smooth,GR,SAP,50.11157981177361,0.07771840148698884,0.9970193740685543,0.9999739285300512,6.18850969395828,20.56338028169014,36,61318.174182111514,639
22027,smooth,Per period 3d,F&O,165.79944109589042,0.24012546468401488,0.9069767441860465,1.0,0.7891291275788854,93.67762128325509,164,7819.0,639
22027,smooth,Per period 5d,F&O,107.26711141838065,0.16066449814126393,0.9610840861709521,1.0,1.871304328082157,58.834115805946794,103,18541.61509177308,639
22027,smooth,Per period 7d,F&O,90.7656134643211,0.13766263940520446,0.9587378640776699,1.0,2.5284592718526446,48.55242566510172,85,25052.96326758578,639
22027,smooth,Per period 10d,F&O,74.54780089557127,0.11861059479553904,0.9855212355212355,1.0,4.187104433830223,37.1283255086072,65,41487.46817718468,639
22027,smooth,Per period 14d,F&O,60.69924753270659,0.0845724907063197,0.9891304347826086,1.0,6.007684985444129,26.84663536776213,47,59526.49225521317,639
22027,smooth,Per period 21d,F&O,53.957590108286624,0.05855018587360595,0.9901768172888016,1.0,10.067850009005907,17.70735524256651,31,99756.1951133883,639
22027,smooth,Per period 28d,F&O,51.06716104275765,0.048327137546468404,0.9976019184652278,1.0,12.747148815958381,12.566510172143975,22,126303.73548341118,639
22027,smooth,Per period 42d,F&O,58.9383095004452,0.035432156133828996,0.9967320261437909,1.0,19.70730192388357,7.996870109546166,14,195267.6543769345,639
22027,smooth,Per period 56d,F&O,64.24807975081946,0.025557620817843865,1.0,1.0,23.351478864731973,6.283255086071987,11,231375.5846315369,639
22027,smooth,Per period 84d,F&O,94.3159448543085,0.01928438661710037,1.0,1.0,37.853101396088114,4.569640062597809,8,375063.3318074119,639
22027,smooth,Per period 112d,F&O,126.0665163193315,0.014986059479553903,1.0,1.0,52.654118821058866,3.427230046948357,6,521717.60067328566,639
22027,smooth,Per requirement,F&O,369.0,0.49151951672862454,0.8142802155504234,1.0,0.0,210.77464788732394,369,0.0,639
22027,smooth,Min/Max,F&O,55.9348275752127,0.049837360594795536,0.9976744186046511,0.9483705691778168,16.635986283546657,10.28169014084507,18,164835.8579161028,639
23000,smooth,EX,SAP,166.74297505329304,0.16356877323420074,0.672718585762064,1.0,7.5164324184005205,92.53521126760563,162,20609.355886332887,639
23000,smooth,FX,SAP,33.35723313622631,0.03903345724907063,0.6787878787878788,1.0,13.244129974845412,14.280125195618153,25,36314.1677943167,639
23000,smooth,HB,SAP,35.994654827886635,0.046352230483271376,0.9975,0.7746569148947521,31.68654063206811,9.139280125195619,16,86881.53585926931,639
23000,smooth,TB,SAP,166.74297505329304,0.1625232342007435,0.6684185379837554,1.0,7.5164324184005205,92.53521126760563,162,20609.355886332887,639
23000,smooth,WB,SAP,49.20365450534784,0.06401022304832714,0.9734982332155477,1.0,9.831245012384832,24.561815336463223,43,26956.355886332887,639
23000,smooth,MB,SAP,29.213681934310646,0.020910780669144983,0.9836065573770492,1.0,20.940389974964784,9.139280125195619,16,57416.594119326015,639
23000,smooth,SP,SAP,25.281542514382316,0.024163568773234202,1.0,1.0,21.047932067902433,6.854460093896714,12,57711.4644970184,639
23000,smooth,WI,SAP,24.833660356960625,0.024395910780669144,0.995260663507109,1.0,23.507651703373313,5.712050078247262,10,64455.78607488843,639
23000,smooth,DY,SAP,34.58457484977844,0.01266263940520446,1.0,1.0,46.88417185139515,2.856025039123631,5,128552.02166868013,639
23000,smooth,GR,SAP,28.317446728773408,0.03287639405204461,0.9929824561403509,1.0,14.765829012793928,10.852895148669797,19,40486.52447621778,639
23000,smooth,Per period 3d,F&O,82.38666820397798,0.09979089219330856,0.8572854291417166,1.0,8.536525505744796,43.98278560250391,77,23406.355886332887,639
23000,smooth,Per period 5d,F&O,55.17157037698325,0.07260687732342007,0.9527439024390244,1.0,9.78039967167651,27.98904538341158,49,26816.942709510542,639
23000,smooth,Per period 7d,F&O,45.72440382610583,0.057272304832713755,0.9591439688715954,1.0,10.656502795195173,22.27699530516432,39,29219.13567295985,639
23000,smooth,Per period 10d,F&O,37.784508510022064,0.04948884758364312,0.993006993006993,1.0,12.336504297111968,17.136150234741784,30,33825.54293045301,639
23000,smooth,Per period 14d,F&O,31.39319215110455,0.037058550185873604,0.9876160990712074,1.0,14.885866613995296,12.566510172143975,22,40815.65637087096,639
23000,smooth,Per period 21d,F&O,27.099941158965528,0.026719330855018587,0.9913793103448276,1.0,19.175388646592562,8.568075117370892,15,52577.12527407641,639
23000,smooth,Per period 28d,F&O,25.340419989355155,0.020678438661710038,0.994413407821229,1.0,22.725988749746875,6.283255086071987,11,62312.53923945989,639
23000,smooth,Per period 42d,F&O,28.521451872177646,0.016031598513011152,0.9928057553956835,1.0,30.93663197836256,5.140845070422535,9,84825.35634934335,639
23000,smooth,Per period 56d,F&O,30.959408772321385,0.013011152416356878,1.0,1.0,37.9696867047509,3.998435054773083,7,104109.33573687269,639
23000,smooth,Per period 84d,F&O,37.12422744009233,0.009061338289962825,1.0,1.0,52.49363831089899,2.2848200312989047,4,143932.65494802027,639
23000,smooth,Per period 112d,F&O,40.665800430211064,0.00929368029739777,1.0,1.0,58.10614812508782,2.2848200312989047,4,159321.63282175045,639
23000,smooth,Per requirement,F&O,166.74297505329304,0.1654275092936803,0.678741658722593,1.0,7.5164324184005205,92.53521126760563,162,20609.355886332887,639
23000,smooth,Min/Max,F&O,35.994654827886635,0.04611988847583643,1.0,0.7746569148947521,31.68654063206811,9.139280125195619,16,86881.53585926931,639
23109,smooth,EX,SAP,151.68459040169054,0.13406133828996283,0.7425997425997426,1.0,9.333333333333334,69.11580594679187,121,19376.947225981057,639
23109,smooth,FX,SAP,66.92871999555119,0.043912639405204464,0.7761806981519507,1.0,13.361800866748922,13.137715179968701,23,27740.454668470906,639
23109,smooth,HB,SAP,140.31008928763418,0.0391496282527881,0.9970414201183432,0.7278270950477896,38.115575865298695,8.568075117370892,15,79131.80378890393,639
23109,smooth,TB,SAP,151.68459040169054,0.13615241635687733,0.7541827541827542,1.0,9.333333333333334,69.11580594679187,121,19376.947225981057,639
23109,smooth,WB,SAP,68.51371916881385,0.042053903345724904,0.9282051282051282,1.0,11.714719805714756,17.136150234741784,30,24320.947225981057,639
23109,smooth,MB,SAP,82.07249511430875,0.014521375464684015,0.9689922480620154,1.0,21.618124245745246,6.283255086071987,11,44881.41992512577,639
23109,smooth,SP,SAP,65.41526410144576,0.04054368029739777,0.9943019943019943,1.0,13.813963058695652,11.424100156494523,20,28679.189268214017,639
23109,smooth,WI,SAP,67.24642808686622,0.03961431226765799,0.9912790697674418,1.0,14.675118343851478,10.852895148669797,19,30467.03503755392,639
23109,smooth,DY,SAP,72.11642110856317,0.0191682156133829,1.0,1.0,18.893954786112502,5.712050078247262,10,39225.767655061514,639
23109,smooth,GR,SAP,62.94158705437799,0.0412407063197026,0.9806629834254144,1.0,11.844864400976446,13.708920187793428,24,24591.140613923817,639
23109,smooth,Per period 3d,F&O,88.24520957977275,0.07063197026022305,0.8575458392101551,1.0,10.112196991472647,31.41627543035994,55,20993.947225981057,639
23109,smooth,Per period 5d,F&O,74.37917830253537,0.05518122676579926,0.9295499021526419,1.0,11.673796503969683,20.56338028169014,36,24235.98629831386,639
23109,smooth,Per period 7d,F&O,69.64197922882117,0.042518587360594794,0.9104477611940298,1.0,12.05790272224979,17.136150234741784,30,25033.429789826514,639
23109,smooth,Per period 10d,F&O,71.4944662598277,0.035432156133828996,0.953125,1.0,14.750564126810765,13.137715179968701,23,30623.66813985659,639
23109,smooth,Per period 14d,F&O,72.08081699332303,0.02683550185873606,0.9625,1.0,16.449764697197082,10.28169014084507,18,34151.380973292224,639
23109,smooth,Per period 21d,F&O,78.47618125294382,0.019052044609665426,0.9939393939393939,1.0,20.828403334080818,5.712050078247262,10,43241.879164921265,639
23109,smooth,Per period 28d,F&O,86.28071833494107,0.016612453531598514,1.0,1.0,23.202309752418664,5.712050078247262,10,48170.34981358735,639
23109,smooth,Per period 42d,F&O,107.89117899009753,0.012430297397769517,1.0,1.0,30.992244797522744,3.427230046948357,6,64343.04555603044,639
23109,smooth,Per period 56d,F&O,137.48198954493242,0.009758364312267658,0.9882352941176471,1.0,40.297053110342695,2.856025039123631,5,83660.77194446423,639
23109,smooth,Per period 84d,F&O,175.9016769952784,0.006505576208178439,1.0,1.0,52.28734133167824,2.2848200312989047,4,108553.82716829862,639
23109,smooth,Per period 112d,F&O,227.26790776300996,0.004298327137546468,1.0,1.0,68.21558025444929,1.7136150234741785,3,141622.46770501492,639
23109,smooth,Per requirement,F&O,151.68459040169054,0.13673327137546468,0.7574002574002574,1.0,9.333333333333334,69.11580594679187,121,19376.947225981057,639
23109,smooth,Min/Max,F&O,140.31008928763418,0.04077602230483272,0.9971590909090909,0.7278270950477896,38.115575865298695,8.568075117370892,15,79131.80378890393,639
21224,smooth,EX,SAP,197.0,0.1987685873605948,0.6302025782688766,1.0,0.0,112.52738654147105,197,0.0,639
21224,smooth,FX,SAP,39.94274009676169,0.03671003717472119,0.6899563318777293,1.0,13.65299402443406,12.566510172143975,22,26196.400541272065,639
21224,smooth,HB,SAP,38.706720484920396,0.047281598513011155,0.9951100244498777,0.9190837493806376,15.756162633000953,10.28169014084507,18,30231.81190798377,639
21224,smooth,TB,SAP,197.0,0.19923327137546468,0.6319086219602064,1.0,0.0,112.52738654147105,197,0.0,639
21224,smooth,WB,SAP,83.99931506849315,0.10780669144981413,0.8083623693379791,1.0,1.5213192932569126,46.838810641627546,82,2919.0,639
21224,smooth,MB,SAP,45.256960254972476,0.04007899628252788,0.9504132231404959,0.9996848839421024,10.087489322545864,18.278560250391237,32,19355.16197225982,639
21224,smooth,SP,SAP,36.76310196154529,0.04611988847583643,0.9949874686716792,1.0,12.755383496485166,11.424100156494523,20,24474.12886385612,639
21224,smooth,WI,SAP,43.39269210105273,0.04263475836431227,0.9972826086956522,1.0,18.560893024117245,10.852895148669797,19,35613.33046753699,639
21224,smooth,DY,SAP,51.895520511910036,0.018819702602230485,0.9878048780487805,1.0,32.64006958055392,5.140845070422535,9,62627.45994738865,639
21224,smooth,GR,SAP,46.560763472926325,0.06679832713754646,0.9762308998302207,1.0,5.753137924271268,22.27699530516432,39,11038.714670472431,639
21224,smooth,Per period 3d,F&O,120.71301369863014,0.1462592936802974,0.7538922155688623,1.0,0.542546551654829,68.54460093896714,120,1041.0,639
21224,smooth,Per period 5d,F&O,87.0275909726058,0.11419609665427509,0.833757421543681,0.9999130408765972,1.5428350008803626,48.55242566510172,85,2960.2828200044687,639
21224,smooth,Per period 7d,F&O,77.21096376021515,0.1008364312267658,0.875,1.0,2.443287301408543,42.26917057902973,74,4688.007089914116,639
21224,smooth,Per period 10d,F&O,61.63836383902973,0.08120353159851301,0.9197368421052632,1.0,4.2903451416404055,31.987480438184665,56,8232.011204983408,639
21224,smooth,Per period 14d,F&O,54.023244240530495,0.06854089219330856,0.9175738724727839,1.0,6.105048898986607,26.275430359937403,46,11713.936591174519,639
21224,smooth,Per period 21d,F&O,44.38072842128949,0.056807620817843865,0.978,1.0,10.94258726058847,17.136150234741784,30,20995.86349508265,639
21224,smooth,Per period 28d,F&O,37.43313081337636,0.04031133828996283,0.961218836565097,1.0,11.743381536879381,12.566510172143975,22,22532.370987529484,639
21224,smooth,Per period 42d,F&O,41.09021092210897,0.028810408921933085,0.9649805447470817,1.0,19.091649209875627,9.139280125195619,16,36631.7079462791,639
21224,smooth,Per period 56d,F&O,45.473380691722866,0.02184014869888476,0.9894736842105263,1.0,26.23149296305521,6.283255086071987,11,50331.13580991539,639
21224,smooth,Per period 84d,F&O,59.453826908137174,0.01638011152416357,0.9929577464788732,1.0,38.391337865443994,5.140845070422535,9,73662.58728588028,639
21224,smooth,Per period 112d,F&O,74.02466181984174,0.016147769516728624,0.9858156028368794,1.0,51.00042147303735,3.998435054773083,7,97856.00625696895,639
21224,smooth,Per requirement,F&O,197.0,0.19934944237918215,0.6325101363803907,1.0,0.0,112.52738654147105,197,0.0,639
21224,smooth,Min/Max,F&O,38.706720484920396,0.04774628252788104,0.9951573849878934,0.9190837493806376,15.756162633000953,10.28169014084507,18,30231.81190798377,639
22411,smooth,EX,SAP,488.0,0.6805297397769516,0.8744588744588745,1.0,0.0,278.74804381846633,488,0.0,639
22411,smooth,FX,SAP,367.2884937809339,0.04890799256505576,0.7869158878504673,1.0,13.436850795030914,13.137715179968701,23,322218.7185385663,639
22411,smooth,HB,SAP,390.91361673494174,0.05715613382899628,1.0,0.9093104927196908,14.475972958549955,11.424100156494523,20,347137.1028416762,639
22411,smooth,TB,SAP,488.0,0.6877323420074349,0.8816083395383469,1.0,0.0,278.74804381846633,488,0.0,639
22411,smooth,WB,SAP,152.4131506849315,0.13963754646840149,0.9852459016393442,1.0,2.5529367424795812,49.694835680751176,87,61220.0,639
22411,smooth,MB,SAP,368.21684218163705,0.04402881040892193,0.9973684210526316,1.0,13.004747680109576,19.992175273865413,35,311856.78819563467,639
22411,smooth,SP,SAP,146.18482600778432,0.18169144981412638,0.9955442393380013,1.0,2.387914184868565,48.55242566510172,85,57262.72177651609,639
22411,smooth,WI,SAP,183.1290803762974,0.19017193308550187,0.9969549330085262,1.0,4.024909605392679,45.69640062597809,80,96518.24189063729,639
22411,smooth,DY,SAP,172.53460670318225,0.10478624535315985,0.9944873208379272,1.0,4.509071026117484,32.55868544600939,57,108128.54217092697,639
22411,smooth,GR,SAP,141.66799763157115,0.1920306691449814,0.9945848375451264,1.0,1.7432973518717514,55.406885758998435,97,41804.66445006019,639
22411,smooth,Per period 3d,F&O,202.1505205479452,0.27137546468401486,0.9713097713097714,1.0,1.0986552011984163,99.38967136150235,174,26346.0,639
22411,smooth,Per period 5d,F&O,174.97549332864855,0.21410315985130113,0.9860888175494917,1.0,2.0675213157228836,69.68701095461658,122,49579.62837168391,639
22411,smooth,Per period 7d,F&O,159.7191528453647,0.14614312267657992,0.9874411302982732,1.0,2.799046652260062,50.2660406885759,88,67121.77125271311,639
22411,smooth,Per period 10d,F&O,189.78570304180028,0.11570631970260223,0.9930209371884346,1.0,4.948177489195283,35.985915492957744,63,118658.4143852746,639
22411,smooth,Per period 14d,F&O,223.2754685685692,0.09096189591078067,0.9987244897959183,0.9999848608179481,6.957713995212071,25.704225352112676,45,166847.55391673784,639
22411,smooth,Per period 21d,F&O,301.64419026970177,0.06807620817843867,0.9915397631133672,1.0,10.601697471520623,17.136150234741784,30,254231.10114984907,639
22411,smooth,Per period 28d,F&O,395.1972194662052,0.05343866171003717,1.0,1.0,14.526069254800435,13.137715179968701,23,348338.42334657663,639
22411,smooth,Per period 42d,F&O,560.1812817071334,0.0333410780669145,1.0,1.0,21.23824298467557,9.139280125195619,16,509297.8662130864,639
22411,smooth,Per period 56d,F&O,760.478798963029,0.02683550185873606,0.9956896551724138,1.0,29.211542431939126,6.854460093896714,12,700499.3887730913,639
22411,smooth,Per period 84d,F&O,1136.0917349609877,0.018471189591078067,1.0,1.0,44.02703139833416,4.569640062597809,8,1055778.1622070782,639
22411,smooth,Per period 112d,F&O,1467.412119428922,0.013011152416356878,0.9911504424778761,1.0,57.074847996850345,2.856025039123631,5,1368667.752798863,639
22411,smooth,Per requirement,F&O,488.0,0.6818076208178439,0.8733630952380952,1.0,0.0,278.74804381846633,488,0.0,639
22411,smooth,Min/Max,F&O,390.91361673494174,0.05611059479553903,1.0,0.9093104927196908,14.475972958549955,11.424100156494523,20,347137.1028416762,639
23322,smooth,EX,SAP,185.4537214673661,0.17321096654275092,0.8143091206990716,1.0,10.077579686655861,81.11111111111111,142,26882.38700947226,639
23322,smooth,FX,SAP,86.25810306411849,0.046236059479553906,0.7609942638623327,1.0,13.974771662570415,14.85133020344288,26,37278.317997293634,639
23322,smooth,HB,SAP,177.19148019352326,0.04809479553903346,0.9951923076923077,0.7094716018624319,37.8465892056825,7.996870109546166,14,100957.44113667116,639
23322,smooth,TB,SAP,185.4537214673661,0.17657992565055763,0.82924168030551,1.0,10.077579686655861,81.11111111111111,142,26882.38700947226,639
23322,smooth,WB,SAP,82.84106393311956,0.03822026022304833,0.9619883040935673,1.0,13.182308256164033,14.85133020344288,26,35164.38700947226,639
23322,smooth,MB,SAP,115.6199452742023,0.01324349442379182,1.0,1.0,24.03104315039897,6.854460093896714,12,64103.86444929463,639
23322,smooth,SP,SAP,82.73334586226933,0.047862453531598514,0.9951690821256038,1.0,13.62115724968343,13.708920187793428,24,36335.0359995395,639
23322,smooth,WI,SAP,83.69859932839026,0.04948884758364312,0.9976580796252927,1.0,14.54075990817224,11.995305164319248,21,38788.11653366516,639
23322,smooth,DY,SAP,91.23385692093427,0.022188661710037173,1.0,1.0,18.375537929506663,6.854460093896714,12,49017.55555278136,639
23322,smooth,GR,SAP,80.54681030156954,0.049837360594795536,1.0,1.0,13.114066358349593,13.708920187793428,24,34982.34874588624,639
23322,smooth,Per period 3d,F&O,98.31111872764009,0.0745817843866171,0.948301329394387,1.0,11.204084075857994,28.560250391236305,50,29887.38700947226,639
23322,smooth,Per period 5d,F&O,88.03061577099368,0.05913104089219331,0.9769673704414588,1.0,12.530522532119447,19.420970266040687,34,33425.7199261232,639
23322,smooth,Per period 7d,F&O,84.10654887601498,0.04611988847583643,0.9851116625310173,1.0,13.475793484209907,14.85133020344288,26,35947.27176228045,639
23322,smooth,Per period 10d,F&O,84.71767388616158,0.032063197026022304,0.9752650176678446,1.0,15.472844497359132,10.28169014084507,18,41274.49316686267,639
23322,smooth,Per period 14d,F&O,87.17928979551264,0.025673791821561338,0.9866071428571429,1.0,17.20330684623243,7.42566510172144,13,45890.57758535951,639
23322,smooth,Per period 21d,F&O,110.01890623213257,0.02079460966542751,0.9944444444444445,1.0,23.195907362812388,5.712050078247262,10,61876.10300801421,639
23322,smooth,Per period 28d,F&O,119.49726021382605,0.015799256505576207,0.9927007299270073,1.0,25.857912434323495,4.569640062597809,8,68977.11860685848,639
23322,smooth,Per period 42d,F&O,150.08700373273632,0.011268587360594795,0.97,1.0,33.647885433997814,2.856025039123631,5,89757.21417364194,639
23322,smooth,Per period 56d,F&O,201.11512868716827,0.009061338289962825,1.0,1.0,45.48208462623768,2.856025039123631,5,121325.46096748543,639
23322,smooth,Per period 84d,F&O,252.78471902484756,0.006737918215613383,1.0,1.0,57.92887986296616,1.7136150234741785,3,154527.834650965,639
23322,smooth,Per period 112d,F&O,302.76991047237357,0.004763011152416357,1.0,1.0,69.75312212119758,1.1424100156494523,2,186069.5208854514,639
23322,smooth,Per requirement,F&O,185.4537214673661,0.17774163568773235,0.8346972176759411,1.0,10.077579686655861,81.11111111111111,142,26882.38700947226,639
23322,smooth,Min/Max,F&O,177.19148019352326,0.04716542750929368,0.9926650366748166,0.7094716018624319,37.8465892056825,7.996870109546166,14,100957.44113667116,639
21652,smooth,EX,SAP,45.0,0.06389405204460967,0.7607192254495159,1.0,0.0,25.704225352112676,45,0.0,639
21652,smooth,FX,SAP,31.540743025562087,0.02753252788104089,0.6253298153034301,1.0,17.428928437117055,9.710485133020343,17,13608.644113667078,639
21652,smooth,HB,SAP,41.11092353606318,0.031133828996282528,0.9710144927536232,0.7613102958123698,36.09176852675052,6.283255086071987,11,28180.736129905283,639
21652,smooth,TB,SAP,45.0,0.06377788104089219,0.7593360995850622,1.0,0.0,25.704225352112676,45,0.0,639
21652,smooth,WB,SAP,18.264027397260275,0.03392193308550186,0.9299363057324841,1.0,1.5150974754643278,9.710485133020343,17,1183.0,639
21652,smooth,MB,SAP,14.012976296144915,0.01092007434944238,0.9690721649484536,1.0,9.604570425893103,3.427230046948357,6,7499.323969468958,639
21652,smooth,SP,SAP,13.874998284194607,0.0170771375464684,0.9932432432432432,1.0,8.240559157801254,3.998435054773083,7,6434.293265977005,639
21652,smooth,WI,SAP,13.788836228128496,0.01638011152416357,0.9791666666666666,0.999280646749293,9.33591006937066,3.427230046948357,6,7289.551854530514,639
21652,smooth,DY,SAP,14.782167244543604,0.009409851301115242,1.0,1.0,12.923797702209498,2.2848200312989047,4,10091.00267758568,639
21652,smooth,GR,SAP,12.041051003056356,0.022304832713754646,0.9846153846153847,1.0,3.645086101357839,5.140845070422535,9,2846.11183619377,639
21652,smooth,Per period 3d,F&O,27.27567123287671,0.04472583643122677,0.8651685393258427,1.0,0.3304270064833445,15.422535211267606,27,258.0,639
21652,smooth,Per period 5d,F&O,20.08756457337536,0.03229553903345725,0.9055374592833876,0.9996600943988133,1.3035843551309962,10.852895148669797,19,1017.8488955948878,639
21652,smooth,Per period 7d,F&O,16.93096529287173,0.02753252788104089,0.9294117647058824,1.0,2.314507301645764,8.568075117370892,15,1807.1854664055936,639
21652,smooth,Per period 10d,F&O,16.14320177474663,0.023118029739776953,0.9521531100478469,1.0,3.7675267831342905,7.42566510172144,13,2941.7144814936382,639
21652,smooth,Per period 14d,F&O,12.851897479767976,0.01742565055762082,0.9803921568627451,0.9996438159965481,5.815615736447951,4.569640062597809,8,4540.87841055208,639
21652,smooth,Per period 21d,F&O,13.670247558874525,0.014172862453531599,1.0,1.0,7.995139392609196,3.998435054773083,7,6242.6675871518,639
21652,smooth,Per period 28d,F&O,14.985403847784074,0.01266263940520446,0.9819819819819819,1.0,10.770148428200498,3.427230046948357,6,8409.41642164407,639
21652,smooth,Per period 42d,F&O,17.323084957630577,0.009409851301115242,0.9878048780487805,1.0,15.969410495733442,2.2848200312989047,4,12469.041050090154,639
21652,smooth,Per period 56d,F&O,21.2805395735552,0.006970260223048327,1.0,1.0,23.110176960403784,1.1424100156494523,2,18044.60754960935,639
21652,smooth,Per period 84d,F&O,41.316094466874134,0.004298327137546468,1.0,1.0,48.32396281895216,0.5712050078247262,1,37731.729436946305,639
21652,smooth,Per period 112d,F&O,32.80356804710952,0.0045306691449814125,1.0,1.0,36.92199099847472,1.1424100156494523,2,28828.98035178199,639
21652,smooth,Per requirement,F&O,45.0,0.06401022304832714,0.7621023513139695,1.0,0.0,25.704225352112676,45,0.0,639
21652,smooth,Min/Max,F&O,41.11092353606318,0.03055297397769517,0.9924528301886792,0.7613102958123698,36.09176852675052,6.283255086071987,11,28180.736129905283,639
22993,smooth,EX,SAP,296.76954696275976,0.32202602230483274,0.899415963659961,1.0,7.56426439176586,137.08920187793427,240,82883.53856562923,639
22993,smooth,FX,SAP,128.4046907149609,0.04565520446096654,0.74573055028463,1.0,13.644924030010584,14.85133020344288,26,149510.84844384293,639
22993,smooth,HB,SAP,252.29365581033235,0.055762081784386616,1.0,0.7634376153278386,31.35172847903922,9.710485133020343,17,343528.73748308525,639
22993,smooth,TB,SAP,296.76954696275976,0.31923791821561337,0.8916288124594419,1.0,7.56426439176586,137.08920187793427,240,82883.53856562923,639
22993,smooth,WB,SAP,120.1716017572803,0.06354553903345725,0.9802867383512545,1.0,10.282738377515374,24.561815336463223,43,112670.53856562923,639
22993,smooth,MB,SAP,181.4169932139073,0.022188661710037173,1.0,1.0,21.7745148395898,10.28169014084507,18,238588.81009230466,639
22993,smooth,SP,SAP,116.4446012721378,0.07539498141263941,0.9984615384615385,1.0,10.852094657520082,19.992175273865413,35,118909.1178573212,639
22993,smooth,WI,SAP,128.00450688225732,0.07690520446096655,0.9984917043740573,1.0,12.658885739182553,18.849765258215964,33,138706.58004809567,639
22993,smooth,DY,SAP,129.98304529534232,0.036942379182156135,0.9968652037617555,1.0,14.388212486138357,12.566510172143975,22,157655.24613119976,639
22993,smooth,GR,SAP,116.54281955328402,0.07156133828996282,0.9967637540453075,1.0,10.332201332675872,22.27699530516432,39,113212.51654779467,639
22993,smooth,Per period 3d,F&O,148.67913600385566,0.12383828996282528,0.9833948339483395,1.0,8.75142354195318,47.41001564945227,83,95891.53856562923,639
22993,smooth,Per period 5d,F&O,131.41338675418848,0.09456319702602231,0.9842805320435308,1.0,9.781974615156372,33.129890453834115,58,107183.54466111519,639
22993,smooth,Per period 7d,F&O,118.97639627782824,0.06191914498141264,0.9925512104283054,1.0,10.256728202407489,23.990610328638496,42,112385.53856562923,639
22993,smooth,Per period 10d,F&O,127.42646063303634,0.05483271375464684,0.9957805907172996,1.0,12.715109012094763,18.278560250391237,32,139322.63252423305,639
22993,smooth,Per period 14d,F&O,134.28687196812086,0.04019516728624535,0.9914040114613181,1.0,14.828431226546117,13.137715179968701,23,162478.83307345648,639
22993,smooth,Per period 21d,F&O,153.5818252915222,0.028229553903345726,0.9918367346938776,1.0,18.465350218246993,8.568075117370892,15,202329.4649256224,639
22993,smooth,Per period 28d,F&O,180.78382622356673,0.021143122676579924,0.994535519125683,1.0,22.62286418884353,6.283255086071987,11,247884.38628640742,639
22993,smooth,Per period 42d,F&O,241.83901265272354,0.01638011152416357,0.986013986013986,1.0,31.15790439502734,4.569640062597809,8,341404.95847297634,639
22993,smooth,Per period 56d,F&O,300.52089181076474,0.012430297397769517,1.0,1.0,39.24346791100393,3.427230046948357,6,430000.5020437165,639
22993,smooth,Per period 84d,F&O,370.6618144045778,0.00929368029739777,1.0,1.0,48.7226477946616,2.856025039123631,5,533866.2490306835,639
22993,smooth,Per period 112d,F&O,487.83649158886226,0.006389405204460966,1.0,1.0,64.60209047572842,1.7136150234741785,3,707861.2777197389,639
22993,smooth,Per requirement,F&O,296.76954696275976,0.3215613382899628,0.8981181051265412,1.0,7.56426439176586,137.08920187793427,240,82883.53856562923,639
22993,smooth,Min/Max,F&O,252.29365581033235,0.05552973977695167,0.9958333333333333,0.7634376153278386,31.35172847903922,9.710485133020343,17,343528.73748308525,639
21274,smooth,EX,SAP,53.0,0.03125,0.3225419664268585,1.0,0.0,30.273865414710485,53,0.0,639
21274,smooth,FX,SAP,32.32961851446784,0.02730018587360595,0.6351351351351351,1.0,14.336869932716132,9.710485133020343,17,2194.2395128552,639
21274,smooth,HB,SAP,36.614810091386005,0.031598513011152414,0.918918918918919,0.735382949932341,23.02075099687896,6.854460093896714,12,3523.2963464140744,639
21274,smooth,TB,SAP,53.0,0.030320631970260224,0.3129496402877698,1.0,0.0,30.273865414710485,53,0.0,639
21274,smooth,WB,SAP,27.187671232876713,0.02184014869888476,0.4552058111380145,1.0,1.1107574511728249,14.85133020344288,26,170.0,639
21274,smooth,MB,SAP,18.09986528247144,0.012314126394052044,0.7066666666666667,1.0,8.510556530607913,5.140845070422535,9,1302.5297365106182,639
21274,smooth,SP,SAP,17.335879424083295,0.02242100371747212,0.9368932038834952,0.9998103323640408,7.796046520341973,5.140845070422535,9,1193.1748979570204,639
21274,smooth,WI,SAP,19.399632951869528,0.01812267657992565,0.8914285714285715,1.0,9.72615103488882,5.140845070422535,9,1488.5749127185795,639
21274,smooth,DY,SAP,21.4160634386739,0.012894981412639405,1.0,0.9978908935534861,15.352956507388646,2.856025039123631,5,2349.7502569082244,639
21274,smooth,GR,SAP,18.472700711817705,0.02683550185873606,0.8133802816901409,0.9972016972158606,3.247808050382494,8.568075117370892,15,497.07284698567145,639
21274,smooth,Per period 3d,F&O,38.433150684931505,0.02857806691449814,0.4039408866995074,1.0,0.40509977631008903,21.705790297339593,38,62.0,639
21274,smooth,Per period 5d,F&O,30.06707895152156,0.024512081784386616,0.4730941704035874,1.0,0.9979747455205855,16.564945226917057,29,152.73875188445842,639
21274,smooth,Per period 7d,F&O,24.060493617359352,0.022653345724907063,0.5619596541786743,1.0,1.9270557164480293,12.566510172143975,22,294.93340013182876,639
21274,smooth,Per period 10d,F&O,21.412196422442165,0.024512081784386616,0.685064935064935,0.9975931713011781,3.191222028601858,10.28169014084507,18,488.4124290946629,639
21274,smooth,Per period 14d,F&O,19.84367195786829,0.0191682156133829,0.7205240174672489,0.9991339694523795,5.465234813922354,7.996870109546166,14,836.4471625968336,639
21274,smooth,Per period 21d,F&O,19.963420108371274,0.01858736059479554,0.8421052631578947,0.9991915464968418,8.382947568116466,6.283255086071987,11,1282.9993488452997,639
21274,smooth,Per period 28d,F&O,19.58790615344712,0.014986059479553903,0.8657718120805369,1.0,10.837471471171803,4.569640062597809,8,1658.6610768659598,639
21274,smooth,Per period 42d,F&O,26.76776518156985,0.011268587360594795,0.8738738738738738,1.0,19.422841339486123,3.427230046948357,6,2972.640898538429,639
21274,smooth,Per period 56d,F&O,31.47713887273143,0.008596654275092937,0.8809523809523809,1.0,25.69771490202046,2.2848200312989047,4,3933.0022308027337,639
21274,smooth,Per period 84d,F&O,34.40414109532148,0.007434944237918215,0.9142857142857143,1.0,28.435163985860324,2.2848200312989047,4,4351.965294036211,639
21274,smooth,Per period 112d,F&O,38.69791105136108,0.006273234200743495,0.9818181818181818,1.0,34.32134837857799,1.1424100156494523,2,5252.8382485281545,639
21274,smooth,Per requirement,F&O,53.0,0.03078531598513011,0.31698564593301437,1.0,0.0,30.273865414710485,53,0.0,639
21274,smooth,Min/Max,F&O,36.614810091386005,0.031598513011152414,0.9251700680272109,0.735382949932341,23.02075099687896,6.854460093896714,12,3523.2963464140744,639
22382,smooth,EX,SAP,484.0,0.685525092936803,0.8827225130890053,1.0,0.0,276.46322378716746,484,0.0,639
22382,smooth,FX,SAP,248.84582293732674,0.05564591078066915,0.8538324420677362,1.0,14.120502924242277,13.137715179968701,23,249799.16779431593,639
22382,smooth,HB,SAP,247.13900943518638,0.058782527881040894,1.0,0.915529043778344,14.263879260486698,10.852895148669797,19,252335.57104194857,639
22382,smooth,TB,SAP,484.0,0.6880808550185874,0.8856160287081339,1.0,0.0,276.46322378716746,484,0.0,639
22382,smooth,WB,SAP,127.10268493150684,0.13986988847583642,0.9820554649265906,1.0,2.50733032154618,49.694835680751176,87,44356.0,639
22382,smooth,MB,SAP,244.91319624552423,0.04460966542750929,0.9896907216494846,0.999997223419828,13.311919481588093,18.278560250391237,32,235494.8988776253,639
22382,smooth,SP,SAP,128.25612374146345,0.16937732342007436,0.9993145990404386,1.0,3.5798105637157196,40.55555555555556,71,63328.742926164115,639
22382,smooth,WI,SAP,143.14315904894602,0.16403345724907062,0.995768688293371,1.0,4.760680033963057,38.27073552425665,67,84218.94864504637,639
22382,smooth,DY,SAP,157.0095794564303,0.07853159851301116,0.9985228951255539,1.0,7.44080670995499,21.705790297339593,38,131631.80758059712,639
22382,smooth,GR,SAP,122.47305235957174,0.1670539033457249,0.990358126721763,1.0,2.5304867132961646,46.838810641627546,82,44765.64882195055,639
22382,smooth,Per period 3d,F&O,190.2169589041096,0.2704460966542751,0.9720250521920668,1.0,1.0764516934169879,98.81846635367762,173,19043.0,639
22382,smooth,Per period 5d,F&O,153.93911515717193,0.2237453531598513,0.9876923076923076,1.0,2.247012471035844,67.40219092331769,118,39750.8394920235,639
22382,smooth,Per period 7d,F&O,133.01363295356808,0.14300650557620817,0.9800955414012739,1.0,2.9394218275373394,49.123630672926446,86,51999.9273577344,639
22382,smooth,Per period 10d,F&O,140.61350551479308,0.12407063197026022,0.9925650557620818,1.0,4.790087390539419,36.557120500782474,64,84739.1803421196,639
22382,smooth,Per period 14d,F&O,156.16220673911522,0.09223977695167286,0.9900249376558603,1.0,6.887644598290091,26.275430359937403,46,121846.07715083957,639
22382,smooth,Per period 21d,F&O,199.85850790404902,0.06493959107806692,0.9911347517730497,1.0,10.494976266954575,18.278560250391237,32,185661.68298478148,639
22382,smooth,Per period 28d,F&O,247.37169439859198,0.050766728624535316,0.9931818181818182,1.0,14.028336347631782,13.137715179968701,23,248168.69228935175,639
22382,smooth,Per period 42d,F&O,360.56618901098966,0.035432156133828996,1.0,1.0,21.543227216891594,9.139280125195619,16,381111.08784548857,639
22382,smooth,Per period 56d,F&O,450.9144326011669,0.02474442379182156,1.0,1.0,27.567184789656825,5.712050078247262,10,487678.0845437149,639
22382,smooth,Per period 84d,F&O,649.5783629840699,0.019865241635687734,1.0,1.0,40.11324642989372,4.569640062597809,8,709624.5529975318,639
22382,smooth,Per period 112d,F&O,937.4466712982496,0.015218401486988848,1.0,1.0,58.23661148469656,3.427230046948357,6,1030236.4697692761,639
22382,smooth,Per requirement,F&O,484.0,0.6868029739776952,0.8847650404070637,1.0,0.0,276.46322378716746,484,0.0,639
22382,smooth,Min/Max,F&O,247.13900943518638,0.05808550185873606,1.0,0.915529043778344,14.263879260486698,10.852895148669797,19,252335.57104194857,639
23202,smooth,EX,SAP,282.76346648377114,0.24477230483271376,0.8992744344857021,1.0,9.242991628632359,103.95931142410015,182,88410.25304465494,639
23202,smooth,FX,SAP,181.7738114223219,0.04960501858736059,0.7721518987341772,1.0,14.289068103552912,14.85133020344288,26,136676.54127198915,639
23202,smooth,HB,SAP,418.5808837562794,0.051231412639405206,0.9954853273137697,0.6952619617953575,37.20376882723045,7.42566510172144,13,355858.22733423545,639
23202,smooth,TB,SAP,282.76346648377114,0.24697955390334572,0.9077711357813835,1.0,9.242991628632359,103.95931142410015,182,88410.25304465494,639
23202,smooth,WB,SAP,163.88026648377112,0.04867565055762082,0.9905437352245863,1.0,12.097322984492868,18.278560250391237,32,115712.25304465494,639
23202,smooth,MB,SAP,237.81612512563103,0.01638011152416357,0.9791666666666666,1.0,20.622291342591403,7.42566510172144,13,197254.53286263297,639
23202,smooth,SP,SAP,157.75700229698776,0.0687732342007435,0.9966329966329966,1.0,11.443908869789107,18.849765258215964,33,109462.27365000127,639
23202,smooth,WI,SAP,171.66230510133713,0.07051579925650557,0.9902120717781403,1.0,12.719436617089263,18.849765258215964,33,121662.83981247127,639
23202,smooth,DY,SAP,169.00226725122735,0.04449349442379182,0.9922279792746114,1.0,13.300998755850333,13.708920187793428,24,127225.54698725475,639
23202,smooth,GR,SAP,156.12453386096252,0.06644981412639406,0.9982547993019197,1.0,11.018974432058332,20.56338028169014,36,105397.72802704643,639
23202,smooth,Per period 3d,F&O,174.5060637440451,0.09258828996282528,0.980319803198032,1.0,10.320135279626088,35.41471048513302,62,98713.25304465494,639
23202,smooth,Per period 5d,F&O,168.47614462755234,0.08131970260223048,0.9915014164305949,1.0,11.601605093671948,23.990610328638496,42,110970.65574292451,639
23202,smooth,Per period 7d,F&O,163.258655524867,0.05425185873605948,0.9957356076759062,1.0,12.132032456698042,17.70735524256651,31,116044.25304465494,639
23202,smooth,Per period 10d,F&O,176.93777883301732,0.04112453531598513,0.9971830985915493,1.0,14.212379175572744,12.566510172143975,22,135943.00306262335,639
23202,smooth,Per period 14d,F&O,195.99829712488005,0.03287639405204461,1.0,1.0,16.51117028373874,9.139280125195619,16,157931.19819851252,639
23202,smooth,Per period 21d,F&O,245.09431001723473,0.023698884758364312,0.9951219512195122,1.0,21.473375453476063,6.283255086071987,11,205395.24797185257,639
23202,smooth,Per period 28d,F&O,270.7784877218808,0.017890334572490705,0.9935483870967742,1.0,24.012833768070937,5.140845070422535,9,229685.4519675156,639
23202,smooth,Per period 42d,F&O,344.9494373882427,0.013475836431226766,1.0,1.0,31.0916934642553,3.427230046948357,6,297395.54001612635,639
23202,smooth,Per period 56d,F&O,441.196783281768,0.009990706319702601,1.0,1.0,40.103882378731164,2.2848200312989047,4,383598.1391775127,639
23202,smooth,Per period 84d,F&O,539.8988798996734,0.0060408921933085506,1.0,1.0,49.24951498303242,1.7136150234741785,3,471077.1422196653,639
23202,smooth,Per period 112d,F&O,754.8234976283085,0.005808550185873606,1.0,1.0,68.9644623918012,1.7136150234741785,3,659652.8284479148,639
23202,smooth,Per requirement,F&O,282.76346648377114,0.24477230483271376,0.8992744344857021,1.0,9.242991628632359,103.95931142410015,182,88410.25304465494,639
23202,smooth,Min/Max,F&O,418.5808837562794,0.049837360594795536,0.9976744186046511,0.6952619617953575,37.20376882723045,7.42566510172144,13,355858.22733423545,639
23204,smooth,EX,SAP,210.99620264333512,0.2408224907063197,0.8813775510204082,1.0,8.715684612523015,104.53051643192488,183,60109.49391069012,639
23204,smooth,FX,SAP,71.22170293065423,0.04170539033457249,0.7080867850098619,1.0,14.07827002133162,14.85133020344288,26,97093.65629228702,639
23204,smooth,HB,SAP,126.48135788829778,0.04844330855018587,1.0,0.7247135520227801,34.394688564912265,9.139280125195619,16,237209.9742895805,639
23204,smooth,TB,SAP,210.99620264333512,0.2404739776951673,0.8801020408163265,1.0,8.715684612523015,104.53051643192488,183,60109.49391069012,639
23204,smooth,WB,SAP,70.42869579402006,0.05216078066914498,0.9868131868131869,1.0,11.02954363874095,19.992175273865413,35,76067.49391069013,639
23204,smooth,MB,SAP,85.0075713626626,0.01812267657992565,0.9936305732484076,1.0,21.483207402641266,9.139280125195619,16,148163.31498454028,639
23204,smooth,SP,SAP,66.28123250013317,0.041821561338289966,0.9917355371900827,1.0,13.785485897561298,12.566510172143975,22,95074.41095616829,639
23204,smooth,WI,SAP,71.590033258805,0.04379646840148699,0.9947229551451188,1.0,15.749520748870662,11.995305164319248,21,108619.77729096366,639
23204,smooth,DY,SAP,76.52819494988972,0.019865241635687734,1.0,1.0,20.400019520044648,6.283255086071987,11,140692.88915711615,639
23204,smooth,GR,SAP,67.03709013820799,0.04995353159851301,0.9953703703703703,1.0,12.464213625444977,15.422535211267606,27,85961.98764968186,639
23204,smooth,Per period 3d,F&O,99.81165469812966,0.09897769516728624,0.9703872437357631,1.0,9.903498445257526,38.841940532081374,68,68301.49391069013,639
23204,smooth,Per period 5d,F&O,83.22576729499019,0.07318773234200744,0.9905660377358491,1.0,10.966368613936003,27.417840375586856,48,75631.79448630247,639
23204,smooth,Per period 7d,F&O,74.12908683148278,0.05483271375464684,0.989517819706499,1.0,12.18153705857747,19.992175273865413,35,84012.4511381836,639
23204,smooth,Per period 10d,F&O,69.95085964922896,0.04356412639405204,0.9920634920634921,1.0,13.371318650193393,15.422535211267606,27,92218.02218805043,639
23204,smooth,Per period 14d,F&O,69.04705277521069,0.031482342007434945,0.9963235294117647,1.0,15.891798543381055,10.28169014084507,18,109601.02507618765,639
23204,smooth,Per period 21d,F&O,74.1893436811351,0.02253717472118959,0.9948717948717949,1.0,19.360579457500474,6.854460093896714,12,133524.17908008417,639
23204,smooth,Per period 28d,F&O,86.29345184122455,0.018238847583643122,0.9936708860759493,1.0,24.062740130998606,5.140845070422535,9,165953.5877767468,639
23204,smooth,Per period 42d,F&O,107.75175424300522,0.013011152416356878,0.9911504424778761,0.9999829226437378,31.67701741736418,3.427230046948357,6,218467.0017570406,639
23204,smooth,Per period 56d,F&O,124.35234893837855,0.010339219330855019,1.0,1.0,37.15637596866538,2.856025039123631,5,256256.51389710687,639
23204,smooth,Per period 84d,F&O,177.73046308790842,0.007783457249070632,1.0,1.0,54.08518945058614,2.2848200312989047,4,373009.5236887445,639
23204,smooth,Per period 112d,F&O,201.24961234853677,0.006505576208178439,1.0,1.0,61.718409378499764,1.7136150234741785,3,425653.5794542113,639
23204,smooth,Per requirement,F&O,210.99620264333512,0.2379182156133829,0.8707482993197279,1.0,8.715684612523015,104.53051643192488,183,60109.49391069012,639
23204,smooth,Min/Max,F&O,126.48135788829778,0.04995353159851301,0.9976798143851509,0.7247135520227801,34.394688564912265,9.139280125195619,16,237209.9742895805,639
47568,smooth,EX,SAP,105.0,0.15183550185873607,0.7906836055656382,1.0,0.0,59.97652582159625,105,0.0,639
47568,smooth,FX,SAP,35.012635067751745,0.036361524163568776,0.747016706443914,1.0,7.577889269480449,9.710485133020343,17,15653.8376184033,639
47568,smooth,HB,SAP,83.29755448866436,0.03775557620817844,0.9908536585365854,0.7269219776055521,30.415475598579896,6.283255086071987,11,62830.01759133926,639
47568,smooth,TB,SAP,105.0,0.15311338289962825,0.8012158054711246,1.0,0.0,59.97652582159625,105,0.0,639
47568,smooth,WB,SAP,24.873150684931506,0.03822026022304833,0.9508670520231214,1.0,2.050127376977553,11.424100156494523,20,4235.0,639
47568,smooth,MB,SAP,36.19649859051353,0.013011152416356878,0.9824561403508771,1.0,11.862225782196031,4.569640062597809,8,24504.09996556533,639
47568,smooth,SP,SAP,22.29799915589369,0.028810408921933085,0.992,0.9998342572295311,4.332353206903989,6.854460093896714,12,8949.451647383803,639
47568,smooth,WI,SAP,24.10853741617379,0.032527881040892194,0.9929078014184397,0.999966648020097,5.514742548826027,6.283255086071987,11,11391.94323072246,639
47568,smooth,DY,SAP,25.864886274008896,0.014986059479553903,0.9847328244274809,1.0,7.936430107425929,3.998435054773083,7,16394.48450003154,639
47568,smooth,GR,SAP,23.934351736697657,0.03310873605947955,0.986159169550173,1.0,3.3379701892394658,9.139280125195619,16,6895.329485463439,639
47568,smooth,Per period 3d,F&O,43.055123287671236,0.07051579925650557,0.923896499238965,1.0,0.8645873660642053,23.419405320813773,41,1786.0,639
47568,smooth,Per period 5d,F&O,32.21887648063069,0.04948884758364312,0.9424778761061947,1.0,1.7748751746528952,15.993740219092333,28,3666.4045605480987,639
47568,smooth,Per period 7d,F&O,25.51523287671233,0.03787174721189591,0.9588235294117647,1.0,2.320250417438822,11.424100156494523,20,4793.0,639
47568,smooth,Per period 10d,F&O,27.427896428734112,0.030320631970260224,0.9775280898876404,1.0,4.807699339619559,9.139280125195619,16,9931.386182114167,639
47568,smooth,Per period 14d,F&O,25.43352018519971,0.022653345724907063,0.9898477157360406,1.0,6.072160864907043,6.283255086071987,11,12543.416351423559,639
47568,smooth,Per period 21d,F&O,31.58207204568833,0.018471189591078067,0.99375,1.0,9.920943273151055,4.569640062597809,8,20493.94356351486,639
47568,smooth,Per period 28d,F&O,31.749831858353538,0.013011152416356878,0.9824561403508771,0.9998089210098005,10.83291666079916,3.427230046948357,6,22377.83006737867,639
47568,smooth,Per period 42d,F&O,50.57000559776655,0.010223048327137546,0.967032967032967,1.0,19.591933349649953,2.2848200312989047,4,40471.55248377331,639
47568,smooth,Per period 56d,F&O,82.81639673543637,0.005692379182156134,0.9423076923076923,1.0,33.99934009188681,1.1424100156494523,2,70233.29716293875,639
47568,smooth,Per period 84d,F&O,77.72317748492691,0.006389405204460966,0.9821428571428571,1.0,31.85663019073272,1.1424100156494523,2,65807.047099996,639
47568,smooth,Per period 112d,F&O,98.29154534010716,0.0055762081784386614,1.0,1.0,40.08901397207611,1.7136150234741785,3,82812.89059318836,639
47568,smooth,Per requirement,F&O,105.0,0.15694702602230484,0.8173018753781004,1.0,0.0,59.97652582159625,105,0.0,639
47568,smooth,Min/Max,F&O,83.29755448866436,0.037058550185873604,0.9785276073619632,0.7269219776055521,30.415475598579896,6.283255086071987,11,62830.01759133926,639
16161P,smooth,EX,SAP,249.0,0.3680297397769517,0.942296252230815,1.0,0.0,142.2300469483568,249,0.0,639
16161P,smooth,FX,SAP,55.91396538083679,0.037523234200743494,0.7067833698030634,1.0,12.410017175884455,13.137715179968701,23,143019.01623815988,639
16161P,smooth,HB,SAP,66.14099307839177,0.04960501858736059,0.9953379953379954,0.8792250930488119,17.774234341623977,10.852895148669797,19,204838.83897158326,639
16161P,smooth,TB,SAP,249.0,0.36686802973977695,0.9393218322427127,1.0,0.0,142.2300469483568,249,0.0,639
16161P,smooth,WB,SAP,83.47749041095891,0.12151486988847583,0.9812382739212008,1.0,2.0652555623188245,44.55399061032864,78,23801.0,639
16161P,smooth,MB,SAP,59.75252610544639,0.03787174721189591,0.9819277108433735,0.9999927332842402,11.595059202214003,16.564945226917057,29,133627.04795818968,639
16161P,smooth,SP,SAP,51.15948157350044,0.05855018587360595,0.9940828402366864,1.0,9.109190515894685,15.422535211267606,27,104978.69969437693,639
16161P,smooth,WI,SAP,55.719011419912164,0.057388475836431224,0.9919678714859438,1.0,10.8283344431977,15.422535211267606,27,124790.94247938023,639
16161P,smooth,DY,SAP,75.56262947407956,0.024163568773234202,1.0,1.0,24.72000406074408,5.712050078247262,10,284885.23521475046,639
16161P,smooth,GR,SAP,54.80141234695781,0.08434014869888476,0.9972527472527473,1.0,5.580785521517272,22.848200312989047,40,64315.660793328585,639
16161P,smooth,Per period 3d,F&O,130.7607780821918,0.19609665427509293,0.965675057208238,1.0,0.6638910258939256,73.68544600938966,129,7651.0,639
16161P,smooth,Per period 5d,F&O,89.94663317835787,0.1288336431226766,0.9770925110132158,1.0,1.8650989631885067,48.55242566510172,85,21494.298929769328,639
16161P,smooth,Per period 7d,F&O,77.45863160552409,0.11036245353159851,0.979381443298969,1.0,2.4351890825020464,40.55555555555556,71,28064.29209543203,639
16161P,smooth,Per period 10d,F&O,69.96579915261114,0.0916589219330855,0.98625,1.0,4.5116342345533775,33.129890453834115,58,51994.246317893674,639
16161P,smooth,Per period 14d,F&O,59.05500565510649,0.06528810408921933,0.9894366197183099,1.0,7.561621997306844,22.27699530516432,39,87143.77457278415,639
16161P,smooth,Per period 21d,F&O,55.42715000148479,0.05262546468401487,0.9977973568281938,1.0,11.095333932883598,14.85133020344288,26,127867.97322073748,639
16161P,smooth,Per period 28d,F&O,59.88764525345595,0.03984665427509294,0.997093023255814,1.0,14.285313936161515,12.566510172143975,22,164630.83949418357,639
16161P,smooth,Per period 42d,F&O,67.37843982654744,0.02857806691449814,0.9919354838709677,1.0,20.126026973797803,7.996870109546166,14,231942.03019868824,639
16161P,smooth,Per period 56d,F&O,87.75425426898899,0.02462825278810409,1.0,1.0,29.31678452630457,5.712050078247262,10,337860.74771644024,639
16161P,smooth,Per period 84d,F&O,118.49132885030373,0.016844795539033456,1.0,1.0,42.03715018792655,3.998435054773083,7,484456.36940905784,639
16161P,smooth,Per period 112d,F&O,146.93832093443672,0.013824349442379182,0.9916666666666667,1.0,53.139965461439274,3.427230046948357,6,612410.5612032071,639
16161P,smooth,Per requirement,F&O,249.0,0.3680297397769517,0.942296252230815,1.0,0.0,142.2300469483568,249,0.0,639
16161P,smooth,Min/Max,F&O,66.14099307839177,0.0504182156133829,1.0,0.8792250930488119,17.774234341623977,10.852895148669797,19,204838.83897158326,639
23201,smooth,EX,SAP,310.74371145012697,0.26370817843866173,0.8997225525168451,1.0,8.702586598646114,111.95618153364632,196,100676.5737483085,639
23201,smooth,FX,SAP,205.49606981667193,0.03775557620817844,0.6673511293634496,1.0,13.689488150970249,14.280125195618153,25,158367.94587280106,639
23201,smooth,HB,SAP,480.35652963093423,0.04890799256505576,1.0,0.7388446600164396,35.29435685125863,8.568075117370892,15,408305.6089309879,639
23201,smooth,TB,SAP,310.74371145012697,0.26150092936802977,0.8921918351169243,1.0,8.702586598646114,111.95618153364632,196,100676.5737483085,639
23201,smooth,WB,SAP,184.30590323094887,0.0525092936802974,0.9890590809628009,1.0,11.323910793326283,19.992175273865413,35,131001.5737483085,639
23201,smooth,MB,SAP,295.50886094677605,0.018819702602230485,1.0,1.0,21.42651476236061,7.42566510172144,13,247874.3611672434,639
23201,smooth,SP,SAP,179.2567170032125,0.08271375464684015,0.9985974754558204,1.0,10.561743417985547,22.848200312989047,40,122184.37910137631,639
23201,smooth,WI,SAP,199.98647743404567,0.07655669144981413,0.9939668174962293,1.0,12.43733972730172,20.56338028169014,36,143882.36601785256,639
23201,smooth,DY,SAP,193.2990292225023,0.04763011152416357,1.0,1.0,12.61273219063201,15.422535211267606,27,145911.40785147436,639
23201,smooth,GR,SAP,176.4721008375217,0.0758596654275093,0.9939117199391172,1.0,10.047173085770336,25.13302034428795,44,116231.53078292168,639
23201,smooth,Per period 3d,F&O,197.09742103916807,0.1008364312267658,0.9730941704035875,1.0,9.791224913825078,38.841940532081374,68,113270.5737483085,639
23201,smooth,Per period 5d,F&O,190.23776912347586,0.07725371747211895,0.9910581222056631,1.0,10.939524795989893,26.275430359937403,46,126554.77338958818,639
23201,smooth,Per period 7d,F&O,188.90013884738724,0.0546003717472119,0.9873949579831933,1.0,11.672354579929934,19.992175273865413,35,135032.5737483085,639
23201,smooth,Per period 10d,F&O,215.90576545075209,0.047397769516728624,0.9951219512195122,1.0,14.403154199310316,14.85133020344288,26,166624.04901328005,639
23201,smooth,Per period 14d,F&O,229.9401984085636,0.0383364312267658,1.0,1.0,15.922639542486667,11.424100156494523,20,184202.33754597523,639
23201,smooth,Per period 21d,F&O,262.9707594750327,0.023698884758364312,1.0,1.0,19.03454873872341,6.854460093896714,12,220202.7096355455,639
23201,smooth,Per period 28d,F&O,332.5897589834921,0.01812267657992565,1.0,1.0,24.542241700216056,5.140845070422535,9,283918.89910811203,639
23201,smooth,Per period 42d,F&O,447.05123373030193,0.01312732342007435,1.0,1.0,33.45095349862342,3.427230046948357,6,386980.04882586584,639
23201,smooth,Per period 56d,F&O,510.1741837605692,0.011733271375464684,1.0,1.0,38.314274708532224,2.856025039123631,5,443241.7718091532,639
23201,smooth,Per period 84d,F&O,748.2777490378635,0.0070864312267657995,1.0,1.0,56.52461532817951,1.7136150234741785,3,653909.5634587023,639
23201,smooth,Per period 112d,F&O,882.7183290960205,0.007434944237918215,1.0,1.0,66.64524145272688,2.2848200312989047,4,770990.8416347294,639
23201,smooth,Per requirement,F&O,310.74371145012697,0.2599907063197026,0.88844779674474,1.0,8.702586598646114,111.95618153364632,196,100676.5737483085,639
23201,smooth,Min/Max,F&O,480.35652963093423,0.04530669144981413,1.0,0.7388446600164396,35.29435685125863,8.568075117370892,15,408305.6089309879,639
23307,smooth,EX,SAP,183.23913259310063,0.20515799256505576,0.9047131147540983,1.0,9.937734691513269,86.82316118935837,152,103657.12178619756,639
23307,smooth,FX,SAP,67.81729538250504,0.036477695167286245,0.6514522821576764,1.0,13.62095827889495,14.280125195618153,25,142075.5710419485,639
23307,smooth,HB,SAP,134.54819845403824,0.045771375464684017,1.0,0.7138001361144475,38.34856842474246,7.996870109546166,14,400000.8403247632,639
23307,smooth,TB,SAP,183.23913259310063,0.20724907063197026,0.9139344262295082,1.0,9.937734691513269,86.82316118935837,152,103657.12178619756,639
23307,smooth,WB,SAP,66.8974887574842,0.04065985130111524,0.9971509971509972,1.0,12.692114832185798,15.422535211267606,27,132387.12178619756,639
23307,smooth,MB,SAP,79.59874380222621,0.014521375464684015,0.9920634920634921,1.0,21.50438650574016,6.854460093896714,12,224304.92261647785,639
23307,smooth,SP,SAP,62.49826362424358,0.038452602230483274,1.0,1.0,14.155704765900374,10.28169014084507,18,147653.3292986264,639
23307,smooth,WI,SAP,66.13529852674554,0.04112453531598513,1.0,1.0,15.630829674667178,9.710485133020343,17,163039.85420238294,639
23307,smooth,DY,SAP,73.52666409048834,0.017193308550185873,1.0,1.0,20.20898409028122,5.712050078247262,10,210793.02175480223,639
23307,smooth,GR,SAP,63.23445991299827,0.0412407063197026,0.9916201117318436,1.0,13.435547744607547,11.995305164319248,21,140141.6169840397,639
23307,smooth,Per period 3d,F&O,87.19858464789516,0.07853159851301116,0.9839883551673945,1.0,10.87919006852003,30.273865414710485,53,113477.12178619756,639
23307,smooth,Per period 5d,F&O,76.60379737624768,0.06482342007434944,0.9964285714285714,1.0,12.280568138912209,21.705790297339593,38,128094.41856664006,639
23307,smooth,Per period 7d,F&O,69.72705263714491,0.047978624535315983,0.9951807228915662,1.0,13.592250424778003,15.422535211267606,27,141776.12920507172,639
23307,smooth,Per period 10d,F&O,67.46779682430358,0.03438661710037175,1.0,1.0,15.100367138067332,11.424100156494523,20,157506.78037155274,639
23307,smooth,Per period 14d,F&O,69.94811090393132,0.024512081784386616,0.9952830188679245,1.0,17.479990724317286,8.568075117370892,15,182327.822544863,639
23307,smooth,Per period 21d,F&O,77.45293636745038,0.021026951672862452,1.0,1.0,21.458002516090833,5.712050078247262,10,223821.10703744896,639
23307,smooth,Per period 28d,F&O,85.87890090788268,0.013011152416356878,1.0,1.0,24.774690941966792,4.569640062597809,8,258416.35301251977,639
23307,smooth,Per period 42d,F&O,101.12586505352394,0.010455390334572491,0.989010989010989,1.0,30.579381199115183,2.856025039123631,5,318963.09767760214,639
23307,smooth,Per period 56d,F&O,120.71134909302943,0.00871282527881041,1.0,1.0,37.12799705044544,2.2848200312989047,4,387269.47653596126,639
23307,smooth,Per period 84d,F&O,159.35819034812042,0.006157063197026022,1.0,1.0,49.42225822794517,2.2848200312989047,4,515506.72251876316,639
23307,smooth,Per period 112d,F&O,190.37907511625227,0.004646840148698885,1.0,1.0,59.92680060365765,1.1424100156494523,2,625076.0219766552,639
23307,smooth,Per requirement,F&O,183.23913259310063,0.20608736059479554,0.9088114754098361,1.0,9.937734691513269,86.82316118935837,152,103657.12178619756,639
23307,smooth,Min/Max,F&O,134.54819845403824,0.04704925650557621,0.9926470588235294,0.7138001361144475,38.34856842474246,7.996870109546166,14,400000.8403247632,639
23004,smooth,EX,SAP,141.015002858361,0.12848513011152415,0.6238014664410604,1.0,7.534124910799679,78.82629107981221,138,13100.905277401893,639
23004,smooth,FX,SAP,31.656457263610587,0.04275092936802974,0.7229862475442044,1.0,14.134797736082232,14.85133020344288,26,24578.65358592695,639
23004,smooth,HB,SAP,28.77289329156394,0.042402416356877325,0.9972677595628415,0.7908156021449015,31.91790457647259,9.139280125195619,16,55501.26251691474,639
23004,smooth,TB,SAP,141.015002858361,0.12720724907063197,0.617249154453213,1.0,7.534124910799679,78.82629107981221,138,13100.905277401893,639
23004,smooth,WB,SAP,46.08145765288153,0.057388475836431224,0.8900900900900901,1.0,10.199065546380664,23.990610328638496,42,17734.905277401893,639
23004,smooth,MB,SAP,25.195024177042352,0.020678438661710038,0.9834254143646409,1.0,20.478367251175605,9.710485133020343,17,35609.33124548165,639
23004,smooth,SP,SAP,19.972704579093104,0.018355018587360595,0.9937106918238994,1.0,24.920574051540566,5.712050078247262,10,43333.77584963074,639
23004,smooth,WI,SAP,19.150592743372982,0.020678438661710038,0.994413407821229,1.0,25.36509490700869,5.140845070422535,9,44106.742277751655,639
23004,smooth,DY,SAP,29.661540619934716,0.006854089219330855,0.9833333333333333,1.0,64.12506439189579,2.2848200312989047,4,111505.50388424013,639
23004,smooth,GR,SAP,24.502914161574626,0.02799721189591078,0.9917695473251029,1.0,16.249990424269576,10.28169014084507,18,28256.710344937357,639
23004,smooth,Per period 3d,F&O,73.24168778986784,0.08492100371747212,0.8077348066298342,1.0,8.100582944042507,39.98435054773083,70,14085.905277401893,639
23004,smooth,Per period 5d,F&O,53.73127764159946,0.06482342007434944,0.9058441558441559,1.0,9.324008350680826,28.560250391236305,50,16213.289752188135,639
23004,smooth,Per period 7d,F&O,42.41385295349091,0.05390334572490706,0.9027237354085603,1.0,11.02968091631609,21.705790297339593,38,19179.24200028789,639
23004,smooth,Per period 10d,F&O,35.07583200098846,0.04472583643122677,0.9625,1.0,12.68388592588945,17.136150234741784,30,22055.698575723676,639
23004,smooth,Per period 14d,F&O,28.851426542988968,0.03938197026022305,0.9854651162790697,1.0,14.622002217673957,13.137715179968701,23,25425.841526083015,639
23004,smooth,Per period 21d,F&O,22.713512380241852,0.027067843866171004,0.9872881355932204,1.0,19.275127919889968,8.568075117370892,15,33517.04784271757,639
23004,smooth,Per period 28d,F&O,20.101558932014527,0.019052044609665426,0.9879518072289156,1.0,22.743687186445737,6.283255086071987,11,39548.44059744408,639
23004,smooth,Per period 42d,F&O,19.6936665877762,0.015450743494423791,0.9851851851851852,1.0,31.7199266936482,3.998435054773083,7,55157.0036254561,639
23004,smooth,Per period 56d,F&O,20.927227547877568,0.01266263940520446,1.0,1.0,37.30132348158934,3.427230046948357,6,64862.35779732514,639
23004,smooth,Per period 84d,F&O,25.991416866221076,0.010687732342007435,1.0,1.0,54.95387215839878,2.2848200312989047,4,95557.94233536538,639
23004,smooth,Per period 112d,F&O,29.310669107585063,0.006737918215613383,1.0,1.0,65.74715741763005,1.7136150234741785,3,114326.1217174827,639
23004,smooth,Per requirement,F&O,141.015002858361,0.12604553903345725,0.6129943502824858,1.0,7.534124910799679,78.82629107981221,138,13100.905277401893,639
23004,smooth,Min/Max,F&O,28.77289329156394,0.042983271375464684,0.9919571045576407,0.7908156021449015,31.91790457647259,9.139280125195619,16,55501.26251691474,639
22614,smooth,EX,SAP,230.99421291267356,0.26730947955390333,0.7797356828193832,1.0,1.2299543763801002,131.377151799687,230,6256.684709066304,639
22614,smooth,FX,SAP,37.06214442323018,0.03891728624535316,0.6686626746506986,1.0,13.685129987813987,14.85133020344288,26,69615.21921515546,639
22614,smooth,HB,SAP,34.44543976866183,0.05204460966542751,1.0,0.8786531316467232,17.87065087942047,11.424100156494523,20,90906.64682002703,639
22614,smooth,TB,SAP,230.99421291267356,0.2707946096654275,0.7880324543610547,1.0,1.2299543763801002,131.377151799687,230,6256.684709066304,639
22614,smooth,WB,SAP,79.90090332363245,0.10931691449814127,0.9372509960159362,1.0,3.5887471313992703,43.98278560250391,77,18255.684709066303,639
22614,smooth,MB,SAP,41.59391391708672,0.03682620817843866,0.9814241486068112,0.9999273237946191,13.105875632087344,17.70735524256651,31,66668.59620235606,639
22614,smooth,SP,SAP,31.547197394156676,0.03264405204460966,1.0,1.0,17.99653662804837,9.710485133020343,17,91547.01808391702,639
22614,smooth,WI,SAP,34.81174024299612,0.03427044609665428,0.9899328859060402,1.0,22.03514718382259,9.710485133020343,17,112091.12394299281,639
22614,smooth,DY,SAP,53.26334422373044,0.01254646840148699,1.0,1.0,58.47012881175884,3.427230046948357,6,297433.1145114071,639
22614,smooth,GR,SAP,40.34809350964743,0.05552973977695167,0.9958333333333333,1.0,10.327540525509738,18.278560250391237,32,52535.41605209155,639
22614,smooth,Per period 3d,F&O,126.54958277568724,0.16763475836431227,0.901875,1.0,1.9170100209164782,71.40062597809077,125,9751.684709066303,639
22614,smooth,Per period 5d,F&O,88.57122921144735,0.11628717472118959,0.921731123388582,1.0,3.1809027834809767,49.123630672926446,86,16181.011416866948,639
22614,smooth,Per period 7d,F&O,70.30323498521032,0.09595724907063197,0.944,1.0,4.086477126258486,38.27073552425665,67,20787.599475892515,639
22614,smooth,Per period 10d,F&O,60.20631481662052,0.0837592936802974,0.9743243243243244,1.0,6.440803183993218,31.41627543035994,55,32763.877725284317,639
22614,smooth,Per period 14d,F&O,42.94336633517046,0.0625,0.9799635701275046,1.0,8.5897333477475,20.56338028169014,36,43695.32262650375,639
22614,smooth,Per period 21d,F&O,38.28308315781379,0.046933085501858735,0.9782082324455206,1.0,12.721342653478949,15.993740219092333,28,64712.50607934539,639
22614,smooth,Per period 28d,F&O,35.3614183758943,0.038452602230483274,0.9851190476190477,1.0,16.5295932054272,12.566510172143975,22,84084.78805519693,639
22614,smooth,Per period 42d,F&O,33.98347249587473,0.02799721189591078,1.0,1.0,23.484713161092266,8.568075117370892,15,119464.95622403924,639
22614,smooth,Per period 56d,F&O,35.962965965692774,0.021723977695167287,0.9894179894179894,1.0,30.882026219481187,6.283255086071987,11,157094.52719789417,639
22614,smooth,Per period 84d,F&O,43.39701727073376,0.016612453531598514,1.0,1.0,42.553019969126396,5.140845070422535,9,216463.987996859,639
22614,smooth,Per period 112d,F&O,57.28959046374923,0.01324349442379182,0.991304347826087,1.0,64.68816669969061,2.856025039123631,5,329063.8020563529,639
22614,smooth,Per requirement,F&O,230.99421291267356,0.2659154275092937,0.7759322033898305,1.0,1.2299543763801002,131.377151799687,230,6256.684709066304,639
22614,smooth,Min/Max,F&O,34.44543976866183,0.05204460966542751,1.0,0.8786531316467232,17.87065087942047,11.424100156494523,20,90906.64682002703,639
22120,smooth,EX,SAP,234.00560576121006,0.15880576208178437,0.4789768745620182,1.0,2.8843505477308296,125.66510172143975,220,2568.8673883626525,639
22120,smooth,FX,SAP,133.05548460526066,0.03229553903345725,0.6797066014669927,1.0,23.076995305164306,11.995305164319248,21,20552.89039242218,639
22120,smooth,HB,SAP,119.50759560309191,0.04356412639405204,0.984251968503937,0.8847321508575455,20.904735858516798,10.28169014084507,18,18618.227334235453,639
22120,smooth,TB,SAP,234.00560576121006,0.1545074349442379,0.46568627450980393,1.0,2.8843505477308296,125.66510172143975,220,2568.8673883626525,639
22120,smooth,WB,SAP,93.9065372680594,0.07434944237918216,0.6941431670281996,1.0,4.923373900360089,39.98435054773083,70,4384.8673883626525,639
22120,smooth,MB,SAP,96.5801103623019,0.03078531598513011,0.9106529209621993,1.0,14.329507259908567,15.422535211267606,27,12762.181046351856,639
22120,smooth,SP,SAP,76.8589898593808,0.0625,0.9572953736654805,0.9999488155132062,8.82649083401119,19.420970266040687,34,7861.07100435879,639
22120,smooth,WI,SAP,88.40629276702657,0.06029275092936803,0.9436363636363636,1.0,11.822399888219003,17.70735524256651,31,10529.294904504874,639
22120,smooth,DY,SAP,97.88056977402229,0.03368959107806691,0.9602649006622517,1.0,16.450810418987917,10.28169014084507,18,14651.461290210118,639
22120,smooth,GR,SAP,77.61579568200058,0.07423327137546469,0.9089615931721194,1.0,5.687268138162915,28.560250391236305,50,5065.208755743824,639
22120,smooth,Per period 3d,F&O,129.7511674050457,0.1050185873605948,0.6204529855868223,1.0,3.6557211662640356,63.97496087636933,112,3255.8673883626525,639
22120,smooth,Per period 5d,F&O,100.38688999782839,0.08550185873605948,0.7131782945736435,0.9993280533847952,4.404471247530358,45.12519561815336,79,3922.7210297524434,639
22120,smooth,Per period 7d,F&O,88.48807098883441,0.07365241635687732,0.7675544794188862,0.9996094038953209,5.249079030973311,35.985915492957744,63,4674.94769393194,639
22120,smooth,Per period 10d,F&O,90.02281554090251,0.07016728624535316,0.8974739970282318,1.0,7.418631475689326,30.845070422535212,54,6607.199835391669,639
22120,smooth,Per period 14d,F&O,78.36348210795202,0.05506505576208178,0.9080459770114943,1.0,8.724444690587903,20.56338028169014,36,7770.18641678517,639
22120,smooth,Per period 21d,F&O,86.73300708929668,0.04217007434944238,0.937984496124031,1.0,12.713454587179513,14.280125195618153,25,11322.888234971502,639
22120,smooth,Per period 28d,F&O,93.65817932369833,0.03531598513011153,0.9529780564263323,1.0,15.375297869750296,10.852895148669797,19,13693.585654849192,639
22120,smooth,Per period 42d,F&O,145.55502036144316,0.02462825278810409,0.9769585253456221,1.0,27.298722533152773,7.42566510172144,13,24312.85549343053,639
22120,smooth,Per period 56d,F&O,190.13667283178555,0.020213754646840148,0.9942857142857143,1.0,37.09781067719264,5.712050078247262,10,33040.1435093476,639
22120,smooth,Per period 84d,F&O,248.80912826607812,0.01475371747211896,0.9921875,1.0,50.004737677822376,3.427230046948357,6,44535.342621667594,639
22120,smooth,Per period 112d,F&O,313.7253766652572,0.012314126394052044,0.9814814814814815,1.0,63.373757184667696,3.427230046948357,6,56442.09169990898,639
22120,smooth,Per requirement,F&O,234.00560576121006,0.15671468401486988,0.4730014025245442,1.0,2.8843505477308296,125.66510172143975,220,2568.8673883626525,639
22120,smooth,Min/Max,F&O,119.50759560309191,0.043912639405204464,0.984375,0.8847321508575455,20.904735858516798,10.28169014084507,18,18618.227334235453,639
23078,smooth,EX,SAP,177.55699668192855,0.19470260223048327,0.9069264069264069,1.0,8.294595956159538,82.25352112676056,144,48993.21515561569,639
23078,smooth,FX,SAP,80.7194904257883,0.04309944237918216,0.7162162162162162,1.0,13.525526980585841,14.85133020344288,26,79890.45602165091,639
23078,smooth,HB,SAP,152.23930060985782,0.04600371747211896,0.9924812030075187,0.7798104200998826,33.67553904241664,9.139280125195619,16,198909.37889039243,639
23078,smooth,TB,SAP,177.55699668192855,0.19516728624535315,0.9085992428339643,1.0,8.294595956159538,82.25352112676056,144,48993.21515561569,639
23078,smooth,WB,SAP,81.65768161343541,0.05703996282527881,0.982,1.0,10.79127648992247,21.705790297339593,38,63740.21515561569,639
23078,smooth,MB,SAP,109.23108336048377,0.017774163568773236,0.9870967741935484,1.0,23.29197604883755,8.568075117370892,15,137577.3817063063,639
23078,smooth,SP,SAP,80.82096305237823,0.050882899628252785,0.9977220956719818,1.0,13.303429586452848,15.422535211267606,27,78578.60605647221,639
23078,smooth,WI,SAP,79.83389105204972,0.05053438661710037,0.9977064220183486,1.0,14.048163110705733,13.137715179968701,23,82977.48093599259,639
23078,smooth,DY,SAP,83.97621038415505,0.025906133828996283,0.9955357142857143,1.0,17.54385212765432,7.42566510172144,13,103625.26716086637,639
23078,smooth,GR,SAP,78.64862458541752,0.05657527881040892,0.9918533604887984,1.0,11.530575769761388,18.278560250391237,32,68106.99189470959,639
23078,smooth,Per period 3d,F&O,104.67617476412033,0.09595724907063197,0.9365079365079365,1.0,9.31277163460602,38.27073552425665,67,55007.21515561569,639
23078,smooth,Per period 5d,F&O,86.35547075240366,0.06575278810408922,0.9758620689655172,1.0,10.469396881793006,25.13302034428795,44,61838.987298509346,639
23078,smooth,Per period 7d,F&O,83.77567563335518,0.057853159851301114,0.9822485207100592,1.0,11.314800832679206,21.705790297339593,38,66832.48642469855,639
23078,smooth,Per period 10d,F&O,83.87040492475037,0.046352230483271376,0.9900744416873449,1.0,13.562829925324362,16.564945226917057,29,80110.79119013555,639
23078,smooth,Per period 14d,F&O,81.6644439941762,0.03287639405204461,0.9929824561403509,1.0,15.489355280384636,10.852895148669797,19,91490.08823149724,639
23078,smooth,Per period 21d,F&O,93.01045626590552,0.024512081784386616,1.0,1.0,19.529751641642914,7.996870109546166,14,115355.26614822206,639
23078,smooth,Per period 28d,F&O,101.21868164492051,0.01754182156133829,0.9869281045751634,1.0,22.547372611137924,5.712050078247262,10,133179.27520158395,639
23078,smooth,Per period 42d,F&O,136.34211037439817,0.014521375464684015,1.0,1.0,31.970696181234253,3.998435054773083,7,188839.4811466213,639
23078,smooth,Per period 56d,F&O,147.5523453686384,0.010223048327137546,1.0,1.0,35.23599321605951,2.856025039123631,5,208126.4242382121,639
23078,smooth,Per period 84d,F&O,220.00887891274593,0.008480483271375464,1.0,1.0,53.39292996053802,2.2848200312989047,4,315372.96321260906,639
23078,smooth,Per period 112d,F&O,240.25646832293293,0.00766728624535316,1.0,1.0,58.15053621478105,2.856025039123631,5,343474.44375148206,639
23078,smooth,Per requirement,F&O,177.55699668192855,0.19319237918215612,0.8998917748917749,1.0,8.294595956159538,82.25352112676056,144,48993.21515561569,639
23078,smooth,Min/Max,F&O,152.23930060985782,0.046933085501858735,0.9950738916256158,0.7798104200998826,33.67553904241664,9.139280125195619,16,198909.37889039243,639
22487,smooth,EX,SAP,387.0,0.275092936802974,0.4563499710926961,1.0,0.0,221.05633802816902,387,0.0,639
22487,smooth,FX,SAP,128.32575461100697,0.04321561338289963,0.7195357833655706,1.0,13.420053506132119,13.708920187793428,24,19135.125845737457,639
22487,smooth,HB,SAP,151.07278458487033,0.05436802973977695,0.9936305732484076,0.8783859797516134,16.73204986946136,11.995305164319248,21,23857.571041948577,639
22487,smooth,TB,SAP,387.0,0.27648698884758366,0.4592821304515631,1.0,0.0,221.05633802816902,387,0.0,639
22487,smooth,WB,SAP,107.03720547945206,0.10606412639405205,0.7870689655172414,1.0,2.8347791756942846,48.55242566510172,85,4042.0,639
22487,smooth,MB,SAP,141.07926652033768,0.03961431226765799,0.9419889502762431,0.9997445897123414,14.41743469040081,16.564945226917057,29,20557.252401971484,639
22487,smooth,SP,SAP,96.74490779664441,0.1158224907063197,0.9755381604696673,1.0,5.4985363095099995,30.845070422535212,54,7840.146404912167,639
22487,smooth,WI,SAP,99.92493287702015,0.1116403345724907,0.9571713147410359,1.0,6.808054575462668,26.84663536776213,47,9707.336934729828,639
22487,smooth,DY,SAP,117.97357640379131,0.04670074349442379,0.9781021897810219,1.0,12.08839014109003,13.708920187793428,24,17236.359491147654,639
22487,smooth,GR,SAP,96.41066501894088,0.1129182156133829,0.9257142857142857,1.0,3.6546358674385884,38.841940532081374,68,5211.001372820815,639
22487,smooth,Per period 3d,F&O,168.15309589041095,0.1662407063197026,0.6643454038997214,1.0,0.9201460362471303,91.9640062597809,161,1312.0,639
22487,smooth,Per period 5d,F&O,127.89118181955332,0.13963754646840149,0.7986710963455149,1.0,2.0441789382617066,63.97496087636933,112,2914.714253335157,639
22487,smooth,Per period 7d,F&O,111.43018782646521,0.11988847583643122,0.8369829683698297,1.0,3.3998750944176037,48.55242566510172,85,4847.748018422013,639
22487,smooth,Per period 10d,F&O,105.36932684993751,0.10025557620817843,0.9008350730688935,1.0,5.321587003217852,36.557120500782474,64,7587.841356898086,639
22487,smooth,Per period 14d,F&O,104.63202649392096,0.08259758364312268,0.9379947229551451,1.0,7.542192583751115,26.275430359937403,46,10754.115412201585,639
22487,smooth,Per period 21d,F&O,121.88800335645661,0.05587825278810409,0.9449901768172888,1.0,11.562838141941985,18.278560250391237,32,16486.99559050586,639
22487,smooth,Per period 28d,F&O,140.4290663572266,0.045422862453531596,0.9654320987654321,1.0,15.105611836359081,13.137715179968701,23,21538.49709567221,639
22487,smooth,Per period 42d,F&O,189.55065348649518,0.03066914498141264,0.9777777777777777,1.0,22.582143513934035,7.996870109546166,14,32198.98920732198,639
22487,smooth,Per period 56d,F&O,245.63769681285916,0.02695167286245353,0.9957081545064378,1.0,30.054231612979276,6.854460093896714,12,42853.145395323416,639
22487,smooth,Per period 84d,F&O,329.0637460100993,0.020678438661710038,1.0,1.0,41.30037368433427,4.569640062597809,8,58888.57652949058,639
22487,smooth,Per period 112d,F&O,461.9884072383767,0.015566914498141264,0.9925925925925926,1.0,58.65654982446057,3.427230046948357,6,83636.06464422487,639
22487,smooth,Per requirement,F&O,387.0,0.28694237918215615,0.4768339768339768,1.0,0.0,221.05633802816902,387,0.0,639
22487,smooth,Min/Max,F&O,151.07278458487033,0.05518122676579926,0.9937238493723849,0.8783859797516134,16.73204986946136,11.995305164319248,21,23857.571041948577,639
21495,smooth,EX,SAP,227.0,0.35188197026022305,0.9433198380566802,1.0,0.0,129.66353677621282,227,0.0,639
21495,smooth,FX,SAP,56.89619285595115,0.037987918215613384,0.7077922077922078,1.0,14.012136297163254,12.566510172143975,22,151632.2665764544,639
21495,smooth,HB,SAP,58.21411985837952,0.04914033457249071,1.0,0.9050685051235496,16.147484364615355,10.28169014084507,18,174739.92557510146,639
21495,smooth,TB,SAP,227.0,0.3516496282527881,0.9426969791342261,1.0,0.0,129.66353677621282,227,0.0,639
21495,smooth,WB,SAP,87.44739726027397,0.133364312267658,0.9695945945945946,1.0,1.7857975749913875,47.41001564945227,83,19325.0,639
21495,smooth,MB,SAP,63.03975631533125,0.04263475836431227,0.9918918918918919,1.0,11.660556359443525,19.420970266040687,34,126184.65541780842,639
21495,smooth,SP,SAP,51.9522312112474,0.06284851301115242,0.9944852941176471,1.0,9.617723335568103,15.993740219092333,28,104078.1475250631,639
21495,smooth,WI,SAP,53.5797004825958,0.0625,0.9944547134935305,1.0,11.074288928660787,14.85133020344288,26,119840.36519223172,639
21495,smooth,DY,SAP,67.06761488014686,0.025906133828996283,1.0,1.0,21.308646927057996,7.996870109546166,14,230591.42180063814,639
21495,smooth,GR,SAP,56.838722361079064,0.08399163568773234,1.0,1.0,4.753693103212671,25.704225352112676,45,51442.067402307846,639
21495,smooth,Per period 3d,F&O,132.51890410958904,0.20446096654275092,0.9606986899563319,1.0,0.6098972313036563,74.82785602503913,131,6600.0,639
21495,smooth,Per period 5d,F&O,92.86679551379592,0.13801115241635686,0.9858921161825727,1.0,1.5526640970901153,50.83724569640063,89,16802.14717304182,639
21495,smooth,Per period 7d,F&O,81.08516643425106,0.11512546468401487,0.97252208047105,1.0,2.443423608403967,42.840375586854464,75,26441.4970059719,639
21495,smooth,Per period 10d,F&O,69.91794756325797,0.09247211895910781,0.9742962056303549,1.0,4.383967327701261,33.701095461658845,59,47441.08167368043,639
21495,smooth,Per period 14d,F&O,57.547189792442886,0.07527881040892194,0.9938650306748467,1.0,6.242782509508721,23.990610328638496,42,67556.24136001969,639
21495,smooth,Per period 21d,F&O,52.91125648135584,0.051696096654275096,0.9910913140311804,1.0,9.601270437615883,16.564945226917057,29,103900.10256779622,639
21495,smooth,Per period 28d,F&O,56.43909125924212,0.04368029739776952,0.9947089947089947,1.0,13.02551742411926,13.708920187793428,24,140955.57511456395,639
21495,smooth,Per period 42d,F&O,66.52403695899602,0.03276022304832714,1.0,1.0,20.287304551379822,9.139280125195619,16,219538.97011944698,639
21495,smooth,Per period 56d,F&O,79.59689519776369,0.02358271375464684,0.9950980392156863,1.0,27.544238107606873,6.283255086071987,11,298069.84222837794,639
21495,smooth,Per period 84d,F&O,103.42605193348852,0.018703531598513012,0.9877300613496932,1.0,38.3171554419063,4.569640062597809,8,414648.9161395632,639
21495,smooth,Per period 112d,F&O,129.10948990892635,0.01475371747211896,1.0,1.0,49.433098882703376,3.427230046948357,6,534940.0454375966,639
21495,smooth,Per requirement,F&O,227.0,0.3524628252788104,0.9448769853628153,1.0,0.0,129.66353677621282,227,0.0,639
21495,smooth,Min/Max,F&O,58.21411985837952,0.05006970260223048,1.0,0.9050685051235496,16.147484364615355,10.28169014084507,18,174739.92557510146,639
21519,smooth,EX,SAP,294.0,0.3832481412639405,0.802676399026764,1.0,0.0,167.93427230046947,294,0.0,639
21519,smooth,FX,SAP,42.03945960294356,0.039962825278810406,0.7334754797441365,1.0,13.45939257870423,12.566510172143975,22,87076.22327469522,639
21519,smooth,HB,SAP,40.94854867184459,0.052393122676579924,1.0,0.9447938672250867,14.74162172835044,10.852895148669797,19,95371.6698240866,639
21519,smooth,TB,SAP,294.0,0.3798791821561338,0.7956204379562044,1.0,0.0,167.93427230046947,294,0.0,639
21519,smooth,WB,SAP,87.20028493150684,0.12906598513011153,0.9304857621440537,1.0,2.1494537333000348,47.98122065727699,84,13906.0,639
21519,smooth,MB,SAP,51.607319735625,0.04368029739776952,0.9947089947089947,1.0,11.825859243516401,19.420970266040687,34,76507.99647027526,639
21519,smooth,SP,SAP,40.08658576748158,0.04995353159851301,0.9953703703703703,1.0,12.819400119647373,11.995305164319248,21,82935.75958489018,639
21519,smooth,WI,SAP,43.485026616737514,0.04867565055762082,0.995249406175772,1.0,14.430299695112701,12.566510172143975,22,93357.55613225227,639
21519,smooth,DY,SAP,60.19401630710716,0.021026951672862452,1.0,1.0,35.05582334333292,4.569640062597809,8,226795.4280011204,639
21519,smooth,GR,SAP,46.04654333679214,0.06714684014869889,0.9914236706689536,1.0,6.747705452545651,20.56338028169014,36,43654.62283248965,639
21519,smooth,Per period 3d,F&O,147.10534794520547,0.21596189591078066,0.9139626352015733,1.0,0.7424008543822859,83.39593114241002,146,4803.0,639
21519,smooth,Per period 5d,F&O,98.41091054653158,0.1462592936802974,0.948756593820648,1.0,1.619274778903743,54.83568075117371,96,10475.98035100032,639
21519,smooth,Per period 7d,F&O,83.85399605635487,0.12244423791821561,0.9469901168014375,1.0,2.5885152068491255,45.69640062597809,80,16746.530482970575,639
21519,smooth,Per period 10d,F&O,65.10152479545475,0.10013940520446096,0.9599109131403119,0.9999625874370681,4.769699983096745,33.129890453834115,58,30857.816075487914,639
21519,smooth,Per period 14d,F&O,56.39833121632111,0.08062267657992565,0.9857954545454546,1.0,6.983981842669208,26.275430359937403,46,45183.22492806197,639
21519,smooth,Per period 21d,F&O,42.23530079314342,0.059247211895910784,0.9941520467836257,1.0,10.232705796090467,15.422535211267606,27,66201.00939877798,639
21519,smooth,Per period 28d,F&O,41.77463027750255,0.047281598513011155,0.9951100244498777,1.0,13.953165909786815,11.995305164319248,21,90270.71489629085,639
21519,smooth,Per period 42d,F&O,43.72243289826302,0.03241171003717472,0.9964285714285714,1.0,19.291263729308678,8.568075117370892,15,124805.8096174524,639
21519,smooth,Per period 56d,F&O,52.724040310615074,0.02532527881040892,0.9864253393665159,1.0,27.352077191294722,6.854460093896714,12,176955.65134969645,639
21519,smooth,Per period 84d,F&O,66.645396601356,0.016612453531598514,1.0,1.0,40.0605018436845,3.998435054773083,7,259173.4495177969,639
21519,smooth,Per period 112d,F&O,86.36539036202308,0.014986059479553903,1.0,1.0,53.97697143811191,3.427230046948357,6,349206.7557397431,639
21519,smooth,Per requirement,F&O,294.0,0.3841775092936803,0.8046228710462288,1.0,0.0,167.93427230046947,294,0.0,639
21519,smooth,Min/Max,F&O,40.94854867184459,0.05413568773234201,0.9978586723768736,0.9447938672250867,14.74162172835044,10.852895148669797,19,95371.6698240866,639
84970S,smooth,EX,SAP,446.0,0.6358039033457249,0.884453781512605,1.0,0.0,254.75743348982786,446,0.0,639
84970S,smooth,FX,SAP,171.03711083100004,0.03973048327137547,0.7292110874200426,1.0,13.589965558101946,12.566510172143975,22,319991.44384302944,639
84970S,smooth,HB,SAP,200.86743192392566,0.05320631970260223,0.9978213507625272,0.9074897749212172,16.583602045192816,10.852895148669797,19,390480.0744248992,639
84970S,smooth,TB,SAP,446.0,0.6361524163568774,0.8853678253839935,1.0,0.0,254.75743348982786,446,0.0,639
84970S,smooth,WB,SAP,113.19304109589041,0.14103159851301114,0.9861900893582454,1.0,2.3884153709792573,49.694835680751176,87,56238.0,639
84970S,smooth,MB,SAP,168.3169168907167,0.04530669144981413,1.0,1.0,12.156517921980056,19.992175273865413,35,286239.2627359505,639
84970S,smooth,SP,SAP,101.67042359868333,0.12976301115241637,0.998212689901698,1.0,4.164462664831358,31.987480438184665,56,98057.0859618789,639
84970S,smooth,WI,SAP,114.07020970154039,0.13824349442379183,0.9983221476510067,1.0,5.56869387659498,30.273865414710485,53,131121.33259448377,639
84970S,smooth,DY,SAP,125.76391503292763,0.057736988847583645,0.9979919678714859,1.0,8.823428374532494,16.564945226917057,29,207757.81757069752,639
84970S,smooth,GR,SAP,97.64833500579539,0.13150557620817843,0.9964788732394366,1.0,2.6123016197435853,39.413145539906104,69,61509.66045361949,639
84970S,smooth,Per period 3d,F&O,180.47479452054796,0.2670771375464684,0.9716821639898563,1.0,0.9551453055464899,97.10485133020345,170,22490.0,639
84970S,smooth,Per period 5d,F&O,137.19687559517945,0.19388940520446096,0.9875739644970414,1.0,2.0240245745103214,65.6885758998435,115,47657.997601414696,639
84970S,smooth,Per period 7d,F&O,113.13364699356185,0.14567843866171004,0.9812206572769953,1.0,2.565369735997174,48.55242566510172,85,60404.5950155887,639
84970S,smooth,Per period 10d,F&O,111.25868567148726,0.11489312267657993,0.9870259481037924,1.0,4.491658741774536,35.41471048513302,62,105761.2957064285,639
84970S,smooth,Per period 14d,F&O,114.72017692020154,0.08887081784386618,0.9909326424870466,1.0,6.357442101281209,25.704225352112676,45,149693.32103455035,639
84970S,smooth,Per period 21d,F&O,146.56957235510902,0.06656598513011153,1.0,1.0,10.720594555798163,16.564945226917057,29,252428.78770361637,639
84970S,smooth,Per period 28d,F&O,159.38005312324958,0.04879182156133829,1.0,0.9999925272164488,12.435830340664152,13.137715179968701,23,292815.9964116829,639
84970S,smooth,Per period 42d,F&O,237.5302901647138,0.037058550185873604,0.996875,1.0,20.382634416307624,7.996870109546166,14,479932.6818242384,639
84970S,smooth,Per period 56d,F&O,291.2121601001354,0.030320631970260224,1.0,1.0,25.459991930914608,6.854460093896714,12,599484.9319797024,639
84970S,smooth,Per period 84d,F&O,451.3247266302335,0.019516728624535316,0.9940828402366864,1.0,40.42461459677378,4.569640062597809,8,951844.2660002072,639
84970S,smooth,Per period 112d,F&O,579.6751456045035,0.015450743494423791,1.0,1.0,52.21944696426184,3.998435054773083,7,1229567.2243861398,639
84970S,smooth,Per requirement,F&O,446.0,0.6382434944237918,0.8884217335058214,1.0,0.0,254.75743348982786,446,0.0,639
84970S,smooth,Min/Max,F&O,200.86743192392566,0.05355483271375465,1.0,0.9074897749212172,16.583602045192816,10.852895148669797,19,390480.0744248992,639
23145,smooth,EX,SAP,119.3685555823308,0.13313197026022305,0.8036465638148668,1.0,8.921453867156877,63.4037558685446,111,16076.435723951286,639
23145,smooth,FX,SAP,38.611283370715704,0.04379646840148699,0.7263969171483622,1.0,13.444492504182701,14.85133020344288,26,24226.939106901224,639
23145,smooth,HB,SAP,47.89804133686767,0.042402416356877325,0.9838274932614556,0.7314067617442257,36.13763558102722,7.996870109546166,14,65119.921515561575,639
23145,smooth,TB,SAP,119.3685555823308,0.13266728624535315,0.8008415147265077,1.0,8.921453867156877,63.4037558685446,111,16076.435723951286,639
23145,smooth,WB,SAP,43.804199417947245,0.04670074349442379,0.9327146171693735,1.0,11.518017145311624,18.849765258215964,33,20755.435723951286,639
23145,smooth,MB,SAP,34.48897568329545,0.01638011152416357,0.9724137931034482,1.0,22.908721024181872,7.42566510172144,13,41281.45328633074,639
23145,smooth,SP,SAP,30.501881971861618,0.024163568773234202,0.9952153110047847,1.0,18.65820583543276,7.42566510172144,13,33622.0364196289,639
23145,smooth,WI,SAP,30.42635370167447,0.023466542750929367,0.9901960784313726,1.0,19.64375606663753,6.854460093896714,12,35397.99526900622,639
23145,smooth,DY,SAP,39.29531010640516,0.010106877323420074,0.9775280898876404,1.0,35.49508277559215,3.427230046948357,6,63962.04309914676,639
23145,smooth,GR,SAP,32.94990948452792,0.03276022304832714,0.986013986013986,1.0,14.871559696633732,10.852895148669797,19,26798.510325540487,639
23145,smooth,Per period 3d,F&O,66.15145969191985,0.07562732342007435,0.8930041152263375,1.0,9.756083311556266,32.55868544600939,57,17580.435723951286,639
23145,smooth,Per period 5d,F&O,50.365098419331986,0.057388475836431224,0.9481765834932822,1.0,11.049905382937752,22.848200312989047,40,19911.899595032493,639
23145,smooth,Per period 7d,F&O,43.487397011800304,0.04414498141263941,0.9620253164556962,1.0,12.246352609627804,18.278560250391237,32,22067.894259511115,639
23145,smooth,Per period 10d,F&O,38.45905613471743,0.03717472118959108,0.975609756097561,1.0,14.34827638055948,14.280125195618153,25,25855.55520616769,639
23145,smooth,Per period 14d,F&O,34.07937410146229,0.031947026022304835,1.0,1.0,16.075646396594383,10.852895148669797,19,28968.271300177563,639
23145,smooth,Per period 21d,F&O,31.92452869686693,0.019981412639405203,0.9885057471264368,1.0,20.174844758545667,7.42566510172144,13,36355.01565450752,639
23145,smooth,Per period 28d,F&O,32.51190381108414,0.017193308550185873,0.9932885906040269,1.0,25.065301068502283,5.140845070422535,9,45167.604689714266,639
23145,smooth,Per period 42d,F&O,34.46341743872708,0.011152416356877323,0.9896907216494846,1.0,29.27788544912002,3.998435054773083,7,52758.6703428178,639
23145,smooth,Per period 56d,F&O,37.79114839093559,0.010687732342007435,1.0,1.0,34.95761182951334,2.856025039123631,5,62993.52190890258,639
23145,smooth,Per period 84d,F&O,49.77888279703573,0.005808550185873606,0.9803921568627451,1.0,49.86949548522406,1.7136150234741785,3,89864.69589956864,639
23145,smooth,Per period 112d,F&O,59.02858139959814,0.006505576208178439,0.9824561403508771,1.0,59.73030820923805,1.7136150234741785,3,107633.85374133327,639
23145,smooth,Per requirement,F&O,119.3685555823308,0.12987918215613384,0.7829131652661064,1.0,8.921453867156877,63.4037558685446,111,16076.435723951286,639
23145,smooth,Min/Max,F&O,47.89804133686767,0.04309944237918216,0.9867021276595744,0.7314067617442257,36.13763558102722,7.996870109546166,14,65119.921515561575,639
23240,smooth,EX,SAP,231.40992103360708,0.18680297397769516,0.8405645582854155,1.0,10.012410023126495,85.1095461658842,149,36240.50744248985,639
23240,smooth,FX,SAP,139.67908773425756,0.04449349442379182,0.7495107632093934,1.0,13.932958957759922,14.280125195618153,25,50431.165087956644,639
23240,smooth,HB,SAP,324.77132107438774,0.046816914498141265,0.9950617283950617,0.6847210270461432,37.75722450645903,7.996870109546166,14,136664.49661705003,639
23240,smooth,TB,SAP,231.40992103360708,0.18633828996282528,0.8384736016727653,1.0,10.012410023126495,85.1095461658842,149,36240.50744248985,639
23240,smooth,WB,SAP,130.9057840473057,0.03949814126394052,0.9714285714285714,1.0,12.624054247446777,15.422535211267606,27,45693.50744248985,639
23240,smooth,MB,SAP,193.51534066627678,0.013592007434944238,0.9831932773109243,1.0,21.93174782291154,7.42566510172144,13,79383.25222071208,639
23240,smooth,SP,SAP,125.87603637265336,0.04972118959107807,0.9907407407407407,1.0,12.012964036464178,15.422535211267606,27,43481.630453034304,639
23240,smooth,WI,SAP,146.40794405577114,0.05506505576208178,0.9978947368421053,1.0,14.628987515185461,14.85133020344288,26,52950.48142211622,639
23240,smooth,DY,SAP,138.0578736879695,0.03008828996282528,1.0,1.0,14.707950847295635,9.710485133020343,17,53236.29385073358,639
23240,smooth,GR,SAP,126.16442504558364,0.05099907063197026,0.9821029082774049,1.0,11.805011472113813,16.564945226917057,29,42728.93390558798,639
23240,smooth,Per period 3d,F&O,144.49271555415498,0.07504646840148699,0.9598811292719168,1.0,11.237421182614078,29.70266040688576,52,40674.50744248985,639
23240,smooth,Per period 5d,F&O,136.47086456342535,0.05855018587360595,0.9824561403508771,1.0,12.328223212297894,19.992175273865413,35,44622.729597168975,639
23240,smooth,Per period 7d,F&O,131.6226333623742,0.037987918215613384,0.993920972644377,1.0,12.83264320220842,14.85133020344288,26,46448.50744248985,639
23240,smooth,Per period 10d,F&O,141.3063616319061,0.029855947955390334,0.9846743295019157,1.0,14.859636142546984,10.852895148669797,19,53785.32770559725,639
23240,smooth,Per period 14d,F&O,154.73843965964912,0.02532527881040892,1.0,1.0,16.977549988110805,8.568075117370892,15,61451.24153707461,639
23240,smooth,Per period 21d,F&O,179.36687774080673,0.0170771375464684,1.0,1.0,20.577263065039848,5.712050078247262,10,74480.6149101138,639
23240,smooth,Per period 28d,F&O,201.60895184129706,0.012778810408921933,1.0,1.0,23.644053963009345,3.998435054773083,7,85581.04508683545,639
23240,smooth,Per period 42d,F&O,258.9152108593325,0.01092007434944238,1.0,1.0,30.849479896910687,2.856025039123631,5,111661.50838994741,639
23240,smooth,Per period 56d,F&O,306.50575192281286,0.007551115241635688,0.9701492537313433,1.0,36.6315023084561,2.856025039123631,5,132589.8788576225,639
23240,smooth,Per period 84d,F&O,433.7778004349286,0.006505576208178439,1.0,1.0,52.33743598730251,1.7136150234741785,3,189438.4303117457,639
23240,smooth,Per period 112d,F&O,495.80534343564915,0.0055762081784386614,1.0,1.0,59.873484869051346,1.7136150234741785,3,216715.60283615894,639
23240,smooth,Per requirement,F&O,231.40992103360708,0.18285315985130113,0.8227914270778881,1.0,10.012410023126495,85.1095461658842,149,36240.50744248985,639
23240,smooth,Min/Max,F&O,324.77132107438774,0.047862453531598514,0.9951690821256038,0.6847210270461432,37.75722450645903,7.996870109546166,14,136664.49661705003,639
21930,smooth,EX,SAP,438.0,0.5573884758364313,0.7912269129287599,1.0,0.0,250.18779342723005,438,0.0,639
21930,smooth,FX,SAP,206.3192892653905,0.04031133828996283,0.7351694915254238,1.0,14.528630980598582,13.137715179968701,23,171568.0527740193,639
21930,smooth,HB,SAP,216.87012441841065,0.053322490706319704,0.9978260869565218,0.9424965402894533,15.681830489744089,10.852895148669797,19,185186.14208389714,639
21930,smooth,TB,SAP,438.0,0.560292750929368,0.7957432766870154,1.0,0.0,250.18779342723005,438,0.0,639
21930,smooth,WB,SAP,116.52780821917808,0.137546468401487,0.9587044534412955,1.0,2.3401717898942147,49.694835680751176,87,27635.0,639
21930,smooth,MB,SAP,181.58172886823135,0.04402881040892193,0.9869791666666666,1.0,11.696316774942298,19.420970266040687,34,138121.36163308832,639
21930,smooth,SP,SAP,110.58044178122037,0.13743029739776952,0.9932829554995802,1.0,3.7708998507649922,35.985915492957744,63,44530.413461911376,639
21930,smooth,WI,SAP,133.1111512204276,0.13824349442379183,0.9983221476510067,1.0,6.032048422298209,32.55868544600939,57,71232.23127040017,639
21930,smooth,DY,SAP,127.07737364551198,0.06505576208178439,0.9911504424778761,1.0,7.614434426810005,17.70735524256651,31,89918.56764259454,639
21930,smooth,GR,SAP,102.19854465838071,0.13777881040892193,0.9817880794701986,1.0,2.314076615789227,41.69796557120501,73,27326.84307771528,639
21930,smooth,Per period 3d,F&O,183.34334246575344,0.2590613382899628,0.9425190194420964,1.0,1.057501911062021,97.10485133020345,170,12488.0,639
21930,smooth,Per period 5d,F&O,137.1910307064533,0.1804135687732342,0.9592340951204448,1.0,1.996468514697019,63.97496087636933,112,23576.221045783197,639
21930,smooth,Per period 7d,F&O,125.42167573661501,0.14567843866171004,0.9713400464756003,1.0,3.0450387990833483,49.694835680751176,87,35958.74780478071,639
21930,smooth,Per period 10d,F&O,127.88060631518502,0.11768122676579926,0.9892578125,1.0,4.983486073127034,37.1283255086072,65,58849.79821805777,639
21930,smooth,Per period 14d,F&O,130.65762265780592,0.09235594795539033,0.9925093632958801,1.0,6.550876899758682,27.417840375586856,48,77359.05710281836,639
21930,smooth,Per period 21d,F&O,159.0114348314783,0.06447490706319703,0.9928443649373881,1.0,10.145309342057418,17.70735524256651,31,119805.57362433226,639
21930,smooth,Per period 28d,F&O,197.65643888632673,0.046468401486988845,1.0,1.0,13.921325956325964,12.566510172143975,22,164396.41075258784,639
21930,smooth,Per period 42d,F&O,281.46707470738113,0.036013011152416355,0.9967845659163987,1.0,21.0391016754323,9.139280125195619,16,248449.95453383104,639
21930,smooth,Per period 56d,F&O,351.74488158283896,0.025557620817843865,1.0,1.0,27.005104934036325,6.283255086071987,11,318902.2609685544,639
21930,smooth,Per period 84d,F&O,517.7699829606754,0.019516728624535316,1.0,1.0,40.40087650950725,4.569640062597809,8,477092.4199503757,639
21930,smooth,Per period 112d,F&O,636.3042546628517,0.013592007434944238,1.0,1.0,49.95359712659913,3.427230046948357,6,589900.1357742073,639
21930,smooth,Per requirement,F&O,438.0,0.5622676579925651,0.7978898780085724,1.0,0.0,250.18779342723005,438,0.0,639
21930,smooth,Min/Max,F&O,216.87012441841065,0.05309014869888476,1.0,0.9424965402894533,15.681830489744089,10.852895148669797,19,185186.14208389714,639
23147,smooth,EX,SAP,148.5289823345135,0.16054832713754646,0.7847813742191937,1.0,8.974036136007967,78.25508607198748,137,14510.61569688769,639
23147,smooth,FX,SAP,43.885300461564135,0.04670074349442379,0.7458256029684601,1.0,13.921725958842783,14.85133020344288,26,22510.809201623826,639
23147,smooth,HB,SAP,60.313358221958566,0.04972118959107807,0.981651376146789,0.7286714956618642,35.27143179935225,8.568075117370892,15,57032.330175913376,639
23147,smooth,TB,SAP,148.5289823345135,0.1628717472118959,0.7961385576377058,1.0,8.974036136007967,78.25508607198748,137,14510.61569688769,639
23147,smooth,WB,SAP,48.10591384136282,0.046352230483271376,0.9172413793103448,1.0,11.758281238231529,18.849765258215964,33,19012.61569688769,639
23147,smooth,MB,SAP,41.37820622312352,0.01533457249070632,0.9924812030075187,1.0,22.867680477587413,6.854460093896714,12,36976.01817737961,639
23147,smooth,SP,SAP,37.06453830079878,0.03008828996282528,0.9847908745247148,1.0,17.95318911644791,7.996870109546166,14,29029.5051027295,639
23147,smooth,WI,SAP,38.30202304096131,0.029158921933085502,0.996031746031746,1.0,19.694823228582425,7.42566510172144,13,31845.64968948579,639
23147,smooth,DY,SAP,50.498909545530566,0.011036245353159852,0.9895833333333334,1.0,34.6374736891634,3.427230046948357,6,56007.24822109882,639
23147,smooth,GR,SAP,36.61389928051135,0.036477695167286245,0.9936708860759493,1.0,15.267248730566905,9.710485133020343,17,24686.45943926429,639
23147,smooth,Per period 3d,F&O,76.68739329341761,0.0887546468401487,0.9204819277108434,1.0,9.875730795946208,36.557120500782474,64,15968.61569688769,639
23147,smooth,Per period 5d,F&O,57.48927456026687,0.06191914498141264,0.941696113074205,1.0,11.278295838750863,24.561815336463223,43,18236.500739646235,639
23147,smooth,Per period 7d,F&O,47.70074180929018,0.04879182156133829,0.9722222222222222,1.0,12.221288945590773,18.278560250391237,32,19761.278484106606,639
23147,smooth,Per period 10d,F&O,42.761132761547735,0.03880111524163569,0.9653179190751445,1.0,14.603464422922704,13.708920187793428,24,23613.14985505146,639
23147,smooth,Per period 14d,F&O,39.40509871464259,0.032527881040892194,0.9824561403508771,1.0,15.883109880030833,10.852895148669797,19,25682.279416705336,639
23147,smooth,Per period 21d,F&O,37.733302946842144,0.020562267657992565,0.9943820224719101,1.0,20.80891614879321,6.283255086071987,11,33647.08819171511,639
23147,smooth,Per period 28d,F&O,39.57042038044577,0.01533457249070632,1.0,0.9999731248227575,24.574076453820666,4.569640062597809,8,39735.184271940365,639
23147,smooth,Per period 42d,F&O,47.80960262422737,0.01312732342007435,0.9826086956521739,1.0,31.76575677018728,3.998435054773083,7,51363.81019945858,639
23147,smooth,Per period 56d,F&O,56.111164726623045,0.010687732342007435,0.9787234042553191,1.0,39.78438216850004,2.856025039123631,5,64329.56939730142,639
23147,smooth,Per period 84d,F&O,68.38542222647516,0.007434944237918215,1.0,1.0,50.89531103469134,1.7136150234741785,3,82295.44521608081,639
23147,smooth,Per period 112d,F&O,84.06230486666911,0.007551115241635688,0.9848484848484849,0.9998353232846315,63.09802825908138,1.7136150234741785,3,102026.69405632492,639
23147,smooth,Per requirement,F&O,148.5289823345135,0.16380111524163568,0.7997731140102099,1.0,8.974036136007967,78.25508607198748,137,14510.61569688769,639
23147,smooth,Min/Max,F&O,60.313358221958566,0.051812267657992565,0.9977628635346756,0.7286714956618642,35.27143179935225,8.568075117370892,15,57032.330175913376,639
21756,smooth,EX,SAP,242.0,0.23396840148698886,0.5706999149900822,1.0,0.0,138.23161189358373,242,0.0,639
21756,smooth,FX,SAP,73.993031086066,0.040892193308550186,0.7521367521367521,1.0,11.461745002898573,11.424100156494523,20,16560.887686062255,639
21756,smooth,HB,SAP,108.03675336904742,0.04565520446096654,0.9949367088607595,0.8827713877612389,19.537739904417528,9.139280125195619,16,28229.76048714479,639
21756,smooth,TB,SAP,242.0,0.23094795539033458,0.5633323887786909,1.0,0.0,138.23161189358373,242,0.0,639
21756,smooth,WB,SAP,74.6951506849315,0.09061338289962825,0.8176100628930818,1.0,1.845823394385864,37.69953051643193,66,2667.0,639
21756,smooth,MB,SAP,70.40836909589812,0.032063197026022304,0.9292929292929293,0.999695098770814,9.85165829511757,13.708920187793428,24,14234.499764708245,639
21756,smooth,SP,SAP,56.35665237745378,0.0683085501858736,0.9686985172981878,1.0,5.382759178943751,17.70735524256651,31,7777.460603168594,639
21756,smooth,WI,SAP,61.972314965211446,0.0662174721189591,0.946843853820598,1.0,6.999426753502641,16.564945226917057,29,10113.357111178299,639
21756,smooth,DY,SAP,74.70603334802271,0.031947026022304835,0.9649122807017544,1.0,12.46223023290028,9.139280125195619,16,18006.47241346915,639
21756,smooth,GR,SAP,62.16075251022541,0.09061338289962825,0.9701492537313433,1.0,3.6429177131493846,25.704225352112676,45,5263.592156497707,639
21756,smooth,Per period 3d,F&O,120.2146301369863,0.14161245353159851,0.7321321321321321,1.0,0.6824078990867875,66.83098591549296,117,986.0,639
21756,smooth,Per period 5d,F&O,89.73085385357578,0.11152416356877323,0.8240343347639485,0.9999318819429772,1.6411205991217048,46.838810641627546,82,2371.228282819464,639
21756,smooth,Per period 7d,F&O,74.81555402714461,0.08817379182156133,0.826797385620915,1.0,2.5082286473457973,35.985915492957744,63,3624.0985041241875,639
21756,smooth,Per period 10d,F&O,71.55211685319247,0.08097118959107806,0.9318181818181818,1.0,4.362843091093995,29.131455399061032,51,6303.8005474077745,639
21756,smooth,Per period 14d,F&O,61.502240255933295,0.057853159851301114,0.9087591240875912,1.0,5.838228721026727,19.420970266040687,34,8435.561086903908,639
21756,smooth,Per period 21d,F&O,65.25214104378492,0.046236059479553906,0.9590361445783132,1.0,8.757084237663591,13.708920187793428,24,12652.967631076883,639
21756,smooth,Per period 28d,F&O,70.23218731327043,0.03508364312267658,0.9587301587301588,1.0,11.300231616163064,9.710485133020343,17,16327.519638103951,639
21756,smooth,Per period 42d,F&O,95.50266673595584,0.026603159851301114,0.9913419913419913,1.0,17.72610749827939,6.854460093896714,12,25612.16248623855,639
21756,smooth,Per period 56d,F&O,108.95020642558761,0.020562267657992565,0.9725274725274725,0.9998058979254437,21.00534108237812,5.712050078247262,10,30350.273399444934,639
21756,smooth,Per period 84d,F&O,155.7433003491616,0.014521375464684015,0.9615384615384616,1.0,31.787797239215823,3.427230046948357,6,45929.667754154594,639
21756,smooth,Per period 112d,F&O,174.95914452133974,0.012778810408921933,1.0,1.0,35.86697378268238,3.427230046948357,6,51823.603151503354,639
21756,smooth,Per requirement,F&O,242.0,0.22978624535315986,0.5606575963718821,1.0,0.0,138.23161189358373,242,0.0,639
21756,smooth,Min/Max,F&O,108.03675336904742,0.04426115241635688,0.9844961240310077,0.8827713877612389,19.537739904417528,9.139280125195619,16,28229.76048714479,639
23231,smooth,EX,SAP,170.9424026841159,0.2253717472118959,0.9408341416100873,1.0,6.86587879620723,91.9640062597809,161,43202.106901217885,639
23231,smooth,FX,SAP,45.99606025172861,0.04553903345724907,0.7396226415094339,1.0,13.808586360051846,14.85133020344288,26,86887.64276048738,639
23231,smooth,HB,SAP,61.97338481101822,0.05111524163568773,0.995475113122172,0.7930880526499883,31.057061253508866,9.710485133020343,17,195420.0649526387,639
23231,smooth,TB,SAP,170.9424026841159,0.22572026022304834,0.9441205053449951,1.0,6.86587879620723,91.9640062597809,161,43202.106901217885,639
23231,smooth,WB,SAP,60.452912273157,0.07005111524163568,0.9852941176470589,1.0,9.290115081646187,26.84663536776213,47,58456.106901217885,639
23231,smooth,MB,SAP,49.15767989392859,0.022653345724907063,0.9948979591836735,1.0,22.20697949316435,9.710485133020343,17,139732.77572957065,639
23231,smooth,SP,SAP,40.886418058989015,0.03729089219330855,0.9968944099378882,1.0,16.495132663512468,9.710485133020343,17,103792.17370870226,639
23231,smooth,WI,SAP,44.049880611170366,0.03578066914498141,0.9967637540453075,1.0,18.679710290238212,9.710485133020343,17,117538.17170329981,639
23231,smooth,DY,SAP,57.163781854748585,0.013940520446096654,1.0,1.0,34.641369608206524,3.998435054773083,7,217973.57591646706,639
23231,smooth,GR,SAP,44.44346594896629,0.046468401486988845,0.9950248756218906,1.0,13.426983881578304,14.280125195618153,25,84486.48894491307,639
23231,smooth,Per period 3d,F&O,91.25993693069124,0.11593866171003718,0.9717624148003895,1.0,7.775722295232931,45.69640062597809,80,48927.106901217885,639
23231,smooth,Per period 5d,F&O,66.74627064156937,0.0762081784386617,0.9661266568483063,1.0,8.802132855520316,30.845070422535212,54,55385.580763962156,639
23231,smooth,Per period 7d,F&O,59.030730302883796,0.06493959107806692,0.9876325088339223,1.0,10.379701542661474,25.13302034428795,44,65312.10191134031,639
23231,smooth,Per period 10d,F&O,52.64283026800592,0.05564591078066915,0.9917184265010351,1.0,12.183527271100115,19.992175273865413,35,76662.29818835907,639
23231,smooth,Per period 14d,F&O,46.71427394881895,0.04368029739776952,0.9973474801061007,1.0,14.995125204334684,14.280125195618153,25,94353.69037284424,639
23231,smooth,Per period 21d,F&O,42.77899518896466,0.03078531598513011,0.9851301115241635,1.0,17.802080852972367,9.710485133020343,17,112015.87195204881,639
23231,smooth,Per period 28d,F&O,45.15843483597883,0.02079460966542751,1.0,1.0,22.207500829986024,7.42566510172144,13,139736.05613252707,639
23231,smooth,Per period 42d,F&O,52.316748552715886,0.016263940520446097,1.0,1.0,29.91304565483695,5.140845070422535,9,188221.5859731107,639
23231,smooth,Per period 56d,F&O,57.902275293716464,0.013475836431226766,1.0,1.0,35.84191293955081,3.427230046948357,6,225527.74383579177,639
23231,smooth,Per period 84d,F&O,82.9369741884855,0.009526022304832713,1.0,1.0,54.51113926247834,2.2848200312989047,4,342999.9473666334,639
23231,smooth,Per period 112d,F&O,101.12585741178935,0.00871282527881041,1.0,1.0,67.07175178414631,2.2848200312989047,4,422034.9756583704,639
23231,smooth,Per requirement,F&O,170.9424026841159,0.22572026022304834,0.9409200968523003,1.0,6.86587879620723,91.9640062597809,161,43202.106901217885,639
23231,smooth,Min/Max,F&O,61.97338481101822,0.051231412639405206,1.0,0.7930880526499883,31.057061253508866,9.710485133020343,17,195420.0649526387,639
22771,smooth,EX,SAP,288.246275047732,0.3374767657992565,0.8511573395839438,1.0,4.839272746041366,151.94053208137714,266,32479.561569688765,639
22771,smooth,FX,SAP,90.59533709010688,0.04611988847583643,0.7448405253283302,1.0,14.051541376288867,14.85133020344288,26,94309.19215155605,639
22771,smooth,HB,SAP,135.89932062950675,0.051347583643122675,1.0,0.8611787623615832,25.211790396534784,11.424100156494523,20,169213.00811907984,639
22771,smooth,TB,SAP,288.246275047732,0.3361988847583643,0.8466939730836747,1.0,4.839272746041366,151.94053208137714,266,32479.561569688765,639
22771,smooth,WB,SAP,92.52298737649916,0.0866635687732342,0.9675745784695201,1.0,7.292316526200635,33.701095461658845,59,48943.56156968877,639
22771,smooth,MB,SAP,104.84942165714067,0.029275092936802975,0.9960474308300395,0.9999354777775202,18.23991747499764,11.995305164319248,21,122420.15561942536,639
22771,smooth,SP,SAP,82.96440259171692,0.07005111524163568,0.9917763157894737,1.0,10.651315713749112,19.420970266040687,34,71488.02778390671,639
22771,smooth,WI,SAP,90.54842823576325,0.06796003717472118,0.9915254237288136,1.0,12.736146275138903,18.278560250391237,32,85480.70522421435,639
22771,smooth,DY,SAP,96.8516371921165,0.031133828996282528,0.9962825278810409,1.0,17.1527403138645,10.28169014084507,18,115123.3903004901,639
22771,smooth,GR,SAP,83.43646969891195,0.0795771375464684,0.9956395348837209,0.9999719744826586,8.578687110743374,25.13302034428795,44,57577.245760411446,639
22771,smooth,Per period 3d,F&O,138.7401106641704,0.1600836431226766,0.9438356164383561,1.0,5.81682499589711,63.97496087636933,112,39040.56156968877,639
22771,smooth,Per period 5d,F&O,109.29566149278448,0.11570631970260223,0.9651162790697675,1.0,6.807802268308646,44.55399061032864,78,45691.66577946534,639
22771,smooth,Per period 7d,F&O,98.11758202143275,0.09479553903345725,0.9679715302491103,1.0,8.50931889321651,33.701095461658845,59,57111.66975129181,639
22771,smooth,Per period 10d,F&O,89.15728226750235,0.07132899628252788,0.9824,1.0,10.475741358969845,23.419405320813773,41,70309.63211055344,639
22771,smooth,Per period 14d,F&O,89.98332722679405,0.051696096654275096,0.9888888888888889,1.0,12.613218822988035,18.278560250391237,32,84655.65775111932,639
22771,smooth,Per period 21d,F&O,96.38328881057235,0.040892193308550186,0.9943502824858758,1.0,16.18073234865555,12.566510172143975,22,108599.60166343563,639
22771,smooth,Per period 28d,F&O,104.84488547493538,0.0333410780669145,0.9896551724137931,1.0,19.326589821510513,9.139280125195619,16,129713.53279340565,639
22771,smooth,Per period 42d,F&O,142.9422010412627,0.022188661710037173,1.0,1.0,28.701627404215145,6.283255086071987,11,192635.61352024355,639
22771,smooth,Per period 56d,F&O,172.59205453129312,0.017774163568773236,1.0,1.0,35.80400952515614,4.569640062597809,8,240304.39961568796,639
22771,smooth,Per period 84d,F&O,239.8368822579784,0.01324349442379182,1.0,1.0,50.64943124935195,3.998435054773083,7,339941.84809664846,639
22771,smooth,Per period 112d,F&O,292.11462431564655,0.011152416356877323,1.0,1.0,62.67409920065689,2.2848200312989047,4,420647.351500844,639
22771,smooth,Per requirement,F&O,288.246275047732,0.3367797397769517,0.8493993554058014,1.0,4.839272746041366,151.94053208137714,266,32479.561569688765,639
22771,smooth,Min/Max,F&O,135.89932062950675,0.051696096654275096,0.9955257270693513,0.8611787623615832,25.211790396534784,11.424100156494523,20,169213.00811907984,639
82482,smooth,EX,SAP,489.8737367045434,0.6161710037174721,0.8685115441296872,1.0,0.8120814535882457,270.17996870109545,473,12076.30175913397,639
82482,smooth,FX,SAP,368.37553758318285,0.04309944237918216,0.7777777777777778,1.0,16.621870632771802,13.137715179968701,23,247180.53179972887,639
82482,smooth,HB,SAP,366.32063573507315,0.052741635687732345,1.0,0.9165239179122961,16.667355322642777,11.424100156494523,20,247856.92557510134,639
82482,smooth,TB,SAP,489.8737367045434,0.6140799256505576,0.8662733529990168,1.0,0.8120814535882457,270.17996870109545,473,12076.30175913397,639
82482,smooth,WB,SAP,158.97094218399542,0.12732342007434944,0.9699115044247788,1.0,3.5118687600789196,49.123630672926446,86,52224.301759133974,639
82482,smooth,MB,SAP,315.10305172977473,0.040892193308550186,0.9887640449438202,1.0,13.480505082313645,19.992175273865413,35,200465.90957130934,639
82482,smooth,SP,SAP,149.20858332923436,0.15369423791821563,0.9947368421052631,1.0,3.475178754908723,43.98278560250391,77,51678.69199053047,639
82482,smooth,WI,SAP,190.7890537118942,0.15973513011152415,0.9927797833935018,1.0,5.716954643647669,41.12676056338028,72,85015.69530361057,639
82482,smooth,DY,SAP,171.1264923993417,0.08619888475836432,0.9986541049798116,1.0,5.925702331005137,27.417840375586856,48,88119.94063874456,639
82482,smooth,GR,SAP,147.19159755231644,0.1586895910780669,0.9920116194625999,1.0,2.848710953724486,50.2660406885759,88,42362.61393450097,639
82482,smooth,Per period 3d,F&O,207.19636684152965,0.2470957249070632,0.9620081411126187,1.0,1.886401519556538,95.96244131455398,168,28052.30175913397,639
82482,smooth,Per period 5d,F&O,173.95510890255878,0.19075278810408922,0.9797136038186157,1.0,2.7410755801596154,66.83098591549296,117,40761.989704772466,639
82482,smooth,Per period 7d,F&O,165.36117241010777,0.14021840148698886,0.9909688013136289,1.0,3.8194110396373993,49.123630672926446,86,56797.70182292026,639
82482,smooth,Per period 10d,F&O,176.76777351910647,0.11802973977695168,0.9912195121951219,1.0,5.427168803259121,36.557120500782474,64,80706.34771465464,639
82482,smooth,Per period 14d,F&O,202.21087875117374,0.08190055762081784,0.9929577464788732,0.9999773307423568,7.662333726500686,24.561815336463223,43,113945.04067485963,639
82482,smooth,Per period 21d,F&O,261.25932446363163,0.0662174721189591,1.0,1.0,11.129805546609902,17.136150234741784,30,165509.12437103048,639
82482,smooth,Per period 28d,F&O,326.71425983335894,0.045422862453531596,1.0,1.0,14.664967421704068,12.566510172143975,22,218079.813410149,639
82482,smooth,Per period 42d,F&O,489.11229973061404,0.031482342007434945,0.9926739926739927,1.0,22.81757812575294,8.568075117370892,15,339315.66549347865,639
82482,smooth,Per period 56d,F&O,587.9790336625359,0.023466542750929367,1.0,1.0,27.76824010892931,6.283255086071987,11,412935.97507220705,639
82482,smooth,Per period 84d,F&O,939.7207865640746,0.01858736059479554,1.0,1.0,44.84087810186165,4.569640062597809,8,666819.7786193867,639
82482,smooth,Per period 112d,F&O,1135.2011536547077,0.01428903345724907,1.0,1.0,54.29687856591722,3.998435054773083,7,807438.0805568006,639
82482,smooth,Per requirement,F&O,489.8737367045434,0.61442843866171,0.8667649950835792,1.0,0.8120814535882457,270.17996870109545,473,12076.30175913397,639
82482,smooth,Min/Max,F&O,366.32063573507315,0.05099907063197026,1.0,0.9165239179122961,16.667355322642777,11.424100156494523,20,247856.92557510134,639
22077,smooth,EX,SAP,484.4755181196359,0.6234897769516728,0.8580335731414868,1.0,0.1799901387013098,275.320813771518,482,2738.0730717185384,639
22077,smooth,FX,SAP,219.40789552709123,0.04379646840148699,0.715370018975332,1.0,14.135022403187627,14.280125195618153,25,215026.91474966152,639
22077,smooth,HB,SAP,231.95228375998664,0.057853159851301114,1.0,0.8984825020017753,15.337932900649504,11.995305164319248,21,233326.01082543976,639
22077,smooth,TB,SAP,484.4755181196359,0.6210501858736059,0.8546762589928057,1.0,0.1799901387013098,275.320813771518,482,2738.0730717185384,639
22077,smooth,WB,SAP,131.10434003744416,0.13231877323420074,0.9827437446074202,1.0,3.2067413353600323,49.694835680751176,87,48782.073071718536,639
22077,smooth,MB,SAP,228.341409098056,0.040427509293680296,0.9858356940509915,1.0,14.421020573673873,17.136150234741784,30,219377.61915391043,639
22077,smooth,SP,SAP,128.1173431390281,0.1457946096654275,0.9952418715305313,1.0,4.225599711661032,39.98435054773083,70,64281.303774985616,639
22077,smooth,WI,SAP,142.62850161141534,0.14904739776951673,0.9968919968919969,1.0,5.789634475276595,35.985915492957744,63,88073.94875202002,639
22077,smooth,DY,SAP,155.40685824768795,0.0645910780669145,1.0,1.0,8.827258052348766,19.420970266040687,34,134283.34321335182,639
22077,smooth,GR,SAP,122.99649842703528,0.15601765799256506,0.9940784603997039,1.0,2.980776177568554,46.838810641627546,82,45344.61189656932,639
22077,smooth,Per period 3d,F&O,190.50905236621128,0.2531366171003718,0.9637328615656789,1.0,1.2730493624447126,98.81846635367762,173,19366.073071718536,639
22077,smooth,Per period 5d,F&O,153.11971050254755,0.19400557620817843,0.9766081871345029,1.0,2.480778216523506,67.9733959311424,119,37738.46767706015,639
22077,smooth,Per period 7d,F&O,132.44008147132325,0.1341775092936803,0.9813084112149533,1.0,3.2311524462189416,50.2660406885759,88,49153.423445554494,639
22077,smooth,Per period 10d,F&O,142.2795356935532,0.11861059479553904,0.9931906614785992,1.0,5.473429567482024,38.27073552425665,67,83263.72887317251,639
22077,smooth,Per period 14d,F&O,151.44708121090895,0.08352695167286245,0.9972260748959778,1.0,7.739561572798656,25.704225352112676,45,117736.92315752052,639
22077,smooth,Per period 21d,F&O,189.64731686488454,0.0625,1.0,1.0,11.607647901211253,17.136150234741784,30,176579.60804752383,639
22077,smooth,Per period 28d,F&O,242.96409020689205,0.04867565055762082,1.0,1.0,15.993163932675403,13.137715179968701,23,243293.61492580484,639
22077,smooth,Per period 42d,F&O,326.0120315477845,0.032527881040892194,1.0,1.0,22.68579187092446,7.996870109546166,14,345104.21671194345,639
22077,smooth,Per period 56d,F&O,450.69836447951354,0.026719330855018587,1.0,1.0,31.89691032530913,6.854460093896714,12,485226.9788940074,639
22077,smooth,Per period 84d,F&O,672.2996828929716,0.0191682156133829,1.0,1.0,48.29994622730786,4.569640062597809,8,734755.7098664687,639
22077,smooth,Per period 112d,F&O,811.5129912425296,0.013824349442379182,1.0,1.0,58.640001059454875,2.856025039123631,5,892052.2478894645,639
22077,smooth,Per requirement,F&O,484.4755181196359,0.6179135687732342,0.8503597122302158,1.0,0.1799901387013098,275.320813771518,482,2738.0730717185384,639
22077,smooth,Min/Max,F&O,231.95228375998664,0.05703996282527881,1.0,0.8984825020017753,15.337932900649504,11.995305164319248,21,233326.01082543976,639
22705,smooth,EX,SAP,125.35334592841122,0.17286245353159851,0.9340866290018832,1.0,1.7514534081186117,70.82942097026604,124,5880.610284167795,639
22705,smooth,FX,SAP,36.544442285947355,0.03984665427509294,0.6805555555555556,1.0,13.646251849380011,14.85133020344288,26,45818.112313937905,639
22705,smooth,HB,SAP,35.194602687823235,0.04867565055762082,0.9976190476190476,0.8892608807622971,19.664328316883875,11.424100156494523,20,66024.16644113667,639
22705,smooth,TB,SAP,125.35334592841122,0.1703066914498141,0.9208542713567839,1.0,1.7514534081186117,70.82942097026604,124,5880.610284167795,639
22705,smooth,WB,SAP,63.83818976402766,0.08608271375464684,0.9415501905972046,1.0,3.673086851437408,34.84350547730829,61,12332.610284167795,639
22705,smooth,MB,SAP,40.16766715937054,0.03519981412639405,0.9588607594936709,0.9998919190871872,13.158642535542572,17.136150234741784,30,44180.93468059817,639
22705,smooth,SP,SAP,31.432286402878653,0.03403810408921933,0.9965986394557823,1.0,19.97193034534442,9.139280125195619,16,67056.9587744132,639
22705,smooth,WI,SAP,31.77305752765902,0.03171468401486989,0.9891304347826086,1.0,20.41294452756881,9.139280125195619,16,68537.69044756598,639
22705,smooth,DY,SAP,48.374786085058055,0.014521375464684015,0.9920634920634921,1.0,53.545814545676464,3.998435054773083,7,179783.2966791213,639
22705,smooth,GR,SAP,39.56754118771795,0.052857806691449814,0.9956236323851203,1.0,9.793649595463398,18.278560250391237,32,32882.76825615537,639
22705,smooth,Per period 3d,F&O,82.78531305169889,0.11349907063197026,0.943050193050193,1.0,2.310490291737549,46.267605633802816,81,7757.610284167795,639
22705,smooth,Per period 5d,F&O,69.2677792181991,0.0916589219330855,0.9563636363636364,1.0,2.9348812873278147,38.27073552425665,67,9854.04065050799,639
22705,smooth,Per period 7d,F&O,56.31510320526424,0.07702137546468402,0.9539568345323741,1.0,4.290291702389297,30.273865414710485,53,14404.912737160095,639
22705,smooth,Per period 10d,F&O,49.89936414251639,0.061222118959107806,0.9669724770642202,1.0,6.3405873139163,25.704225352112676,45,21288.903714505737,639
22705,smooth,Per period 14d,F&O,43.507370867963836,0.05297397769516728,0.9806451612903225,0.9998816004353095,8.42161390175174,21.134585289514867,37,28276.07579531906,639
22705,smooth,Per period 21d,F&O,37.15408228033694,0.03973048327137547,0.9884393063583815,1.0,14.43522680654603,14.85133020344288,26,48467.143241940255,639
22705,smooth,Per period 28d,F&O,34.51900759218657,0.03276022304832714,0.9825783972125436,1.0,17.49583120223637,11.995305164319248,21,58743.306799382095,639
22705,smooth,Per period 42d,F&O,32.67958256995715,0.023466542750929367,0.9901960784313726,1.0,24.174468528377236,7.996870109546166,14,81167.23378612334,639
22705,smooth,Per period 56d,F&O,36.054796637285875,0.01974907063197026,0.9941520467836257,1.0,33.71921502862477,5.712050078247262,10,113214.29491201602,639
22705,smooth,Per period 84d,F&O,44.19952348579839,0.016263940520446097,0.9929078014184397,1.0,46.84816900871961,4.569640062597809,8,157295.54847995727,639
22705,smooth,Per period 112d,F&O,53.57143489661923,0.01324349442379182,0.9827586206896551,1.0,60.27113737757757,3.998435054773083,7,202363.9730626907,639
22705,smooth,Per requirement,F&O,125.35334592841122,0.1704228624535316,0.9220615964802011,1.0,1.7514534081186117,70.82942097026604,124,5880.610284167795,639
22705,smooth,Min/Max,F&O,35.194602687823235,0.04879182156133829,0.9882352941176471,0.8892608807622971,19.664328316883875,11.424100156494523,20,66024.16644113667,639
85099B,smooth,EX,SAP,496.0,0.7468633828996283,0.9401871892366189,1.0,0.0,283.31768388106417,496,0.0,639
85099B,smooth,FX,SAP,1349.577333308621,0.04763011152416357,0.8134920634920635,1.0,14.536416960663308,13.137715179968701,23,1241540.3247631965,639
85099B,smooth,HB,SAP,1320.1495241626042,0.05715613382899628,1.0,0.9200227760355727,14.257783196266947,10.852895148669797,19,1217742.50338295,639
85099B,smooth,TB,SAP,496.0,0.7466310408921933,0.9398947060544018,1.0,0.0,283.31768388106417,496,0.0,639
85099B,smooth,WB,SAP,303.5557808219178,0.1412639405204461,0.9886178861788618,1.0,2.372982747578018,49.694835680751176,87,202674.0,639
85099B,smooth,MB,SAP,1117.044261379682,0.0433317843866171,1.0,1.0,11.86782147935737,19.420970266040687,34,1013618.3471886767,639
85099B,smooth,SP,SAP,227.81472180273147,0.29472583643122674,0.9980330448465775,0.9999980236293614,0.9403436544302989,81.11111111111111,142,80313.77809742818,639
85099B,smooth,WI,SAP,329.86783142080156,0.2983271375464684,0.9968944099378882,1.0,2.036709228528992,82.25352112676056,144,173953.22684254506,639
85099B,smooth,DY,SAP,236.85650937758476,0.19888475836431227,0.9982507288629737,1.0,1.4339041792499763,60.54773082942097,106,122468.27159697036,639
85099B,smooth,GR,SAP,222.75589977933203,0.27939126394052044,0.9987541528239202,0.9999974793112194,0.808205059427045,85.1095461658842,149,69027.95748578508,639
85099B,smooth,Per period 3d,F&O,269.4166575342466,0.2742797397769517,0.9866276640200585,1.0,1.0674757643416672,98.24726134585289,172,91172.0,639
85099B,smooth,Per period 5d,F&O,306.2327221694218,0.2113150557620818,0.9956212370005474,1.0,2.0407076415380567,68.54460093896714,120,174294.7271585614,639
85099B,smooth,Per period 7d,F&O,326.8522193180338,0.1421933085501859,0.9823434991974318,1.0,2.6282613017753604,49.694835680751176,87,224477.0770540573,639
85099B,smooth,Per period 10d,F&O,485.37178227006626,0.12035315985130111,0.9971126082771896,1.0,4.628280753284812,35.985915492957744,63,395296.6680219851,639
85099B,smooth,Per period 14d,F&O,641.3162215232205,0.09421468401486989,1.0,1.0,6.5233775688935935,26.275430359937403,46,557154.925271732,639
85099B,smooth,Per period 21d,F&O,965.7787666838451,0.06157063197026022,0.9981167608286252,1.0,10.265068164890984,16.564945226917057,29,876728.8457425729,639
85099B,smooth,Per period 28d,F&O,1276.0304131047963,0.05065055762081784,0.9977116704805492,1.0,13.719544029091825,13.708920187793428,24,1171772.0532903862,639
85099B,smooth,Per period 42d,F&O,1936.3114251873303,0.03612918215613383,1.0,1.0,21.042457812261212,9.139280125195619,16,1797214.5389573732,639
85099B,smooth,Per period 56d,F&O,2648.2959168547272,0.02520910780669145,1.0,1.0,28.910014177133217,5.712050078247262,10,2469174.383723014,639
85099B,smooth,Per period 84d,F&O,3963.418325296368,0.021026951672862452,1.0,1.0,43.34282562099233,4.569640062597809,8,3701865.868546601,639
85099B,smooth,Per period 112d,F&O,5183.580944298425,0.014637546468401487,1.0,1.0,56.735083258351686,3.427230046948357,6,4845684.72992032,639
85099B,smooth,Per requirement,F&O,496.0,0.7494191449814126,0.942715183399094,1.0,0.0,283.31768388106417,496,0.0,639
85099B,smooth,Min/Max,F&O,1320.1495241626042,0.057388475836431224,1.0,0.9200227760355727,14.257783196266947,10.852895148669797,19,1217742.50338295,639
21212,smooth,EX,SAP,501.0,0.7538336431226765,0.9423467905896021,1.0,0.0,286.1737089201878,501,0.0,639
21212,smooth,FX,SAP,372.4548069772176,0.04449349442379182,0.7864476386036962,1.0,13.927671784180149,12.566510172143975,22,1162872.7686062218,639
21212,smooth,HB,SAP,403.4884740578716,0.05099907063197026,1.0,0.9240241060415727,15.319969469305939,10.28169014084507,18,1279120.845737483,639
21212,smooth,TB,SAP,501.0,0.7534851301115242,0.942458587619878,1.0,0.0,286.1737089201878,501,0.0,639
21212,smooth,WB,SAP,146.58112328767123,0.14138011152416358,0.994281045751634,1.0,2.3678554642778886,49.694835680751176,87,197701.0,639
21212,smooth,MB,SAP,328.08432446753517,0.04437732342007435,1.0,1.0,11.766896071973719,18.278560250391237,32,982461.6220968212,639
21212,smooth,SP,SAP,143.8004126363021,0.18947490706319703,0.9987752602571953,1.0,2.416312102679146,47.41001564945227,83,201746.82374772965,639
21212,smooth,WI,SAP,171.14495153688173,0.1920306691449814,0.9981884057971014,1.0,3.7017392472045323,44.55399061032864,78,309071.88464510755,639
21212,smooth,DY,SAP,172.0939534136307,0.09270446096654275,1.0,1.0,4.931705370098536,27.417840375586856,48,411766.2999634108,639
21212,smooth,GR,SAP,135.83247752335342,0.17774163568773235,0.999346832135859,1.0,1.9009442424704663,50.2660406885759,88,158716.85723658174,639
21212,smooth,Per period 3d,F&O,199.77164383561643,0.2777648698884758,0.9917046868519287,1.0,1.0242090835540723,99.38967136150235,174,85515.0,639
21212,smooth,Per period 5d,F&O,165.81240539714037,0.20608736059479554,0.9983117613956106,1.0,1.9001465419386436,67.40219092331769,118,158650.25427232945,639
21212,smooth,Per period 7d,F&O,155.03460273972604,0.1449814126394052,0.9968051118210862,1.0,2.664069450765164,50.2660406885759,88,222433.0,639
21212,smooth,Per period 10d,F&O,179.06821012413175,0.12546468401486988,1.0,1.0,4.453781820007707,38.27073552425665,67,371862.6972300735,639
21212,smooth,Per period 14d,F&O,203.16251539693516,0.09386617100371747,0.9987639060568603,1.0,6.245906426864816,26.275430359937403,46,521493.80108983023,639
21212,smooth,Per period 21d,F&O,279.40608030315707,0.06935408921933085,1.0,1.0,9.911823031912542,17.136150234741784,30,827574.7210059303,639
21212,smooth,Per period 28d,F&O,368.36295649816964,0.050302044609665426,1.0,1.0,13.765054666858585,12.566510172143975,22,1149295.2647439265,639
21212,smooth,Per period 42d,F&O,511.9211144052798,0.03310873605947955,1.0,1.0,19.708750956669295,9.139280125195619,16,1645556.4250720646,639
21212,smooth,Per period 56d,F&O,711.8462022672842,0.02857806691449814,1.0,1.0,27.813081774099725,6.854460093896714,12,2322216.9438868975,639
21212,smooth,Per period 84d,F&O,968.6572453209586,0.019516728624535316,1.0,1.0,38.13841577299194,5.140845070422535,9,3184317.223110453,639
21212,smooth,Per period 112d,F&O,1279.4956707621923,0.016263940520446097,1.0,1.0,50.571148394372315,3.998435054773083,7,4222371.998438183,639
21212,smooth,Per requirement,F&O,501.0,0.7537174721189591,0.9419279907084785,1.0,0.0,286.1737089201878,501,0.0,639
21212,smooth,Min/Max,F&O,403.4884740578716,0.051231412639405206,1.0,0.9240241060415727,15.319969469305939,10.28169014084507,18,1279120.845737483,639
22355,smooth,EX,SAP,474.0,0.6617100371747212,0.8725490196078431,1.0,0.0,270.7511737089202,474,0.0,639
22355,smooth,FX,SAP,220.00286592396202,0.042518587360594794,0.7625,1.0,14.954305426921533,13.137715179968701,23,422976.7415426243,639
22355,smooth,HB,SAP,209.84365532837788,0.05843401486988847,1.0,0.9140264341823031,14.410856369163456,11.424100156494523,20,407605.4952638701,639
22355,smooth,TB,SAP,474.0,0.6608968401486989,0.8712098009188362,1.0,0.0,270.7511737089202,474,0.0,639
22355,smooth,WB,SAP,116.89717808219179,0.14091542750929367,0.9861788617886179,1.0,2.2694671488521685,49.694835680751176,87,64191.0,639
22355,smooth,MB,SAP,205.37717670319893,0.043447955390334574,0.9920424403183024,1.0,12.781355822073381,21.134585289514867,37,361515.7029215741,639
22355,smooth,SP,SAP,110.59913436550289,0.14846654275092938,0.9992181391712275,1.0,3.3854790586420584,37.69953051643193,66,95756.9649612268,639
22355,smooth,WI,SAP,134.44618577003484,0.14509758364312267,0.9984012789768185,1.0,5.65114113773422,34.27230046948357,60,159840.34003566304,639
22355,smooth,DY,SAP,131.67160267275278,0.07818308550185873,0.997037037037037,1.0,6.958706610252399,22.848200312989047,40,196824.32338561627,639
22355,smooth,GR,SAP,108.28871151782633,0.14440055762081785,0.9975922953451043,1.0,2.4510062410244515,43.41158059467919,76,69325.76296474476,639
22355,smooth,Per period 3d,F&O,190.9231506849315,0.2732342007434944,0.9739130434782609,1.0,1.2846207233653244,99.38967136150235,174,36335.0,639
22355,smooth,Per period 5d,F&O,142.86488171834117,0.19690985130111524,0.9918080748976009,1.0,1.963379259652822,66.83098591549296,117,55533.42251290895,639
22355,smooth,Per period 7d,F&O,125.57530613294506,0.15055762081784388,0.9908256880733946,1.0,2.8523067509029123,50.2660406885759,88,80676.39257955848,639
22355,smooth,Per period 10d,F&O,132.70725888452245,0.12151486988847583,0.9980916030534351,1.0,5.36732265442108,35.41471048513302,62,151812.6440755923,639
22355,smooth,Per period 14d,F&O,139.92719410776115,0.09688661710037175,0.9952267303102625,1.0,7.129926470832917,26.275430359937403,46,201667.21087842833,639
22355,smooth,Per period 21d,F&O,179.90536446132847,0.06610130111524164,1.0,1.0,11.303268556109488,17.70735524256651,31,319708.5766375582,639
22355,smooth,Per period 28d,F&O,217.01553170222078,0.05262546468401487,1.0,1.0,14.727539647882278,13.137715179968701,23,416562.7592430034,639
22355,smooth,Per period 42d,F&O,316.20132718818087,0.03612918215613383,1.0,1.0,22.939823367531115,7.996870109546166,14,648844.0260216824,639
22355,smooth,Per period 56d,F&O,412.630950147602,0.026603159851301114,1.0,1.0,30.487434125603734,6.283255086071987,11,862325.2753169101,639
22355,smooth,Per period 84d,F&O,600.1212659682153,0.018703531598513012,1.0,1.0,44.947377894907575,4.569640062597809,8,1271319.1886964622,639
22355,smooth,Per period 112d,F&O,728.9160748471716,0.01370817843866171,1.0,1.0,54.79998184410084,3.998435054773083,7,1549996.2783483388,639
22355,smooth,Per requirement,F&O,474.0,0.6589219330855018,0.8687394700566703,1.0,0.0,270.7511737089202,474,0.0,639
22355,smooth,Min/Max,F&O,209.84365532837788,0.05715613382899628,0.9979716024340771,0.9140264341823031,14.410856369163456,11.424100156494523,20,407605.4952638701,639
21931,smooth,EX,SAP,491.0,0.6926115241635687,0.8789621111602536,1.0,0.0,280.4616588419405,491,0.0,639
21931,smooth,FX,SAP,407.9672873746452,0.04368029739776952,0.7768595041322314,1.0,14.122124814260534,13.137715179968701,23,360289.89715832175,639
21931,smooth,HB,SAP,429.5155271284778,0.05564591078066915,1.0,0.9157047629561679,15.022651474949601,11.424100156494523,20,383264.5317997292,639
21931,smooth,TB,SAP,491.0,0.6976068773234201,0.8854320259510469,1.0,0.0,280.4616588419405,491,0.0,639
21931,smooth,WB,SAP,154.08854794520548,0.14103159851301114,0.9861900893582454,1.0,2.4610736516104668,49.694835680751176,87,62788.0,639
21931,smooth,MB,SAP,383.82489287708887,0.04460966542750929,0.9948186528497409,0.999986384867778,12.869646558665334,18.849765258215964,33,328336.1176926601,639
21931,smooth,SP,SAP,148.37242286916162,0.18633828996282528,0.9975124378109452,1.0,2.324751465621135,48.55242566510172,85,59310.088069856385,639
21931,smooth,WI,SAP,189.84052915133276,0.1913336431226766,0.9963702359346642,1.0,3.992701686440794,46.267605633802816,81,101863.57215445244,639
21931,smooth,DY,SAP,173.6636780537454,0.1058317843866171,0.9967177242888403,1.0,4.316369733418033,31.987480438184665,56,110121.1345887617,639
21931,smooth,GR,SAP,142.54722692995233,0.18401486988847585,0.9924812030075187,1.0,1.6708526795479601,55.406885758998435,97,42627.53289598103,639
21931,smooth,Per period 3d,F&O,202.51487671232877,0.27520910780669144,0.9769072164948454,1.0,1.046038614711864,99.38967136150235,174,26687.0,639
21931,smooth,Per period 5d,F&O,167.9212321192901,0.21073420074349442,0.9896344789961812,1.0,2.01472831686808,64.54616588419405,113,51400.6403167715,639
21931,smooth,Per period 7d,F&O,160.19210930620352,0.1467239776951673,0.9874902267396404,1.0,2.684976456285993,49.694835680751176,87,68500.30742760072,639
21931,smooth,Per period 10d,F&O,195.12499453883396,0.12058550185873607,0.9961612284069098,1.0,4.773500176767006,37.1283255086072,65,121783.64873506254,639
21931,smooth,Per period 14d,F&O,234.35275742736252,0.09839684014869889,0.9964705882352941,1.0,6.872841177567937,26.84663536776213,47,175342.96528458287,639
21931,smooth,Per period 21d,F&O,313.35631444535653,0.06970260223048327,0.9983361064891847,1.0,10.39463188364855,17.136150234741784,30,265192.44813475676,639
21931,smooth,Per period 28d,F&O,409.11093766752793,0.05611059479553903,0.9979338842975206,1.0,14.127394475949274,13.708920187793428,24,360424.33909909666,639
21931,smooth,Per period 42d,F&O,580.2748668343856,0.03787174721189591,1.0,1.0,20.736520960626088,8.568075117370892,15,529039.298447566,639
21931,smooth,Per period 56d,F&O,778.7282113999266,0.02730018587360595,1.0,1.0,28.163311482275407,6.283255086071987,11,718514.864515316,639
21931,smooth,Per period 84d,F&O,1147.5707679324605,0.018471189591078067,1.0,1.0,41.84065314766289,3.998435054773083,7,1067457.2571675591,639
21931,smooth,Per period 112d,F&O,1479.0400136708404,0.01486988847583643,1.0,1.0,54.000257908704995,3.998435054773083,7,1377678.474332966,639
21931,smooth,Per requirement,F&O,491.0,0.6945864312267658,0.881858407079646,1.0,0.0,280.4616588419405,491,0.0,639
21931,smooth,Min/Max,F&O,429.5155271284778,0.05587825278810409,0.9979253112033195,0.9157047629561679,15.022651474949601,11.424100156494523,20,383264.5317997292,639
23077,smooth,EX,SAP,206.18769347693106,0.210385687732342,0.9045954045954046,1.0,8.298559694433736,88.53677621283255,155,74734.03247631933,639
23077,smooth,FX,SAP,112.31986394053426,0.039962825278810406,0.688,1.0,13.994194601652701,14.85133020344288,26,126027.00135318002,639
23077,smooth,HB,SAP,226.36367267874024,0.041821561338289966,1.0,0.7481481962689132,34.104203113812765,9.139280125195619,16,307130.96211096074,639
23077,smooth,TB,SAP,206.18769347693106,0.21050185873605948,0.9073610415623435,1.0,8.298559694433736,88.53677621283255,155,74734.03247631933,639
23077,smooth,WB,SAP,106.3020770385749,0.056226765799256506,0.9777777777777777,1.0,11.07314717772684,21.705790297339593,38,99721.03247631935,639
23077,smooth,MB,SAP,148.33317698865326,0.019052044609665426,0.9879518072289156,1.0,21.45388264640841,9.139280125195619,16,193206.43840343377,639
23077,smooth,SP,SAP,98.72906763396797,0.057853159851301114,0.9979959919839679,1.0,11.466611406443759,15.993740219092333,28,103264.43874559324,639
23077,smooth,WI,SAP,103.763579583076,0.059247211895910784,0.99609375,1.0,12.120687337070871,16.564945226917057,29,109154.82619129095,639
23077,smooth,DY,SAP,108.5408982871442,0.03055297397769517,1.0,1.0,15.002750005887343,9.139280125195619,16,135109.71149923053,639
23077,smooth,GR,SAP,98.82991312230305,0.058317843866171004,0.996031746031746,1.0,10.510239229139035,19.420970266040687,34,94651.67315856247,639
23077,smooth,Per period 3d,F&O,123.46577566871188,0.09944237918215613,0.9705215419501134,1.0,9.154243495860745,38.27073552425665,67,82440.03247631935,639
23077,smooth,Per period 5d,F&O,109.93546973931015,0.07098048327137546,0.9791666666666666,1.0,10.365231878682756,26.275430359937403,46,93345.78581939283,639
23077,smooth,Per period 7d,F&O,104.83501777095333,0.057388475836431224,0.9899799599198397,1.0,11.159547641995283,20.56338028169014,36,100499.12594559186,639
23077,smooth,Per period 10d,F&O,109.44232972627438,0.047978624535315983,0.9975845410628019,1.0,13.20344772307103,15.993740219092333,28,118905.8014003606,639
23077,smooth,Per period 14d,F&O,120.96974800563194,0.037523234200743494,0.9938461538461538,1.0,16.69347732830816,10.28169014084507,18,150335.83208822264,639
23077,smooth,Per period 21d,F&O,135.94795477594192,0.027184014869888477,0.9957446808510638,1.0,19.77022822445278,7.996870109546166,14,178044.0139728752,639
23077,smooth,Per period 28d,F&O,156.64492840272445,0.01742565055762082,0.9933774834437086,1.0,23.936227024618475,5.140845070422535,9,215561.5954679777,639
23077,smooth,Per period 42d,F&O,193.397179968609,0.015799256505576207,0.9927007299270073,1.0,30.056630034376358,4.569640062597809,8,270679.8827541692,639
23077,smooth,Per period 56d,F&O,227.389305062622,0.011965613382899629,1.0,1.0,35.89168096818726,3.427230046948357,6,323228.3853914281,639
23077,smooth,Per period 84d,F&O,348.4567598592079,0.009526022304832713,1.0,1.0,55.843402772799514,2.2848200312989047,4,502906.8693944435,639
23077,smooth,Per period 112d,F&O,360.15340235593163,0.007202602230483271,1.0,1.0,57.90178514014395,1.7136150234741785,3,521443.9674396602,639
23077,smooth,Per requirement,F&O,206.18769347693106,0.21050185873605948,0.9091821374811841,1.0,8.298559694433736,88.53677621283255,155,74734.03247631933,639
23077,smooth,Min/Max,F&O,226.36367267874024,0.042402416356877325,1.0,0.7481481962689132,34.104203113812765,9.139280125195619,16,307130.96211096074,639
22037,smooth,EX,SAP,309.0,0.3777881040892193,0.811377245508982,1.0,0.0,176.50234741784038,309,0.0,639
22037,smooth,FX,SAP,48.972948234378215,0.04495817843866171,0.7914110429447853,1.0,18.02270142997358,13.137715179968701,23,112858.64411366724,639
22037,smooth,HB,SAP,43.95411434185404,0.05146375464684015,0.9955056179775281,0.9142538622054945,16.621826944977112,11.424100156494523,20,104086.33017591339,639
22037,smooth,TB,SAP,309.0,0.37651022304832715,0.8094405594405595,1.0,0.0,176.50234741784038,309,0.0,639
22037,smooth,WB,SAP,87.4120109589041,0.11942379182156133,0.9311594202898551,1.0,2.367603948277717,47.98122065727699,84,14826.0,639
22037,smooth,MB,SAP,50.2418927058653,0.041356877323420076,0.9888888888888889,0.9999361977235515,11.964197576697964,18.849765258215964,33,74920.12901953372,639
22037,smooth,SP,SAP,39.86345428394975,0.046236059479553906,0.9974937343358395,1.0,13.783306488622287,11.424100156494523,20,86311.4382576388,639
22037,smooth,WI,SAP,43.61002226868906,0.04658457249070632,1.0,1.0,16.383060492932028,11.424100156494523,20,102591.16819132745,639
22037,smooth,DY,SAP,69.17950400696978,0.014986059479553903,1.0,1.0,43.146531755611846,3.998435054773083,7,270184.74955409486,639
22037,smooth,GR,SAP,47.10389028926228,0.06133828996282528,0.9906191369606003,1.0,7.0111177337793995,21.134585289514867,37,43903.80899500871,639
22037,smooth,Per period 3d,F&O,153.11363287671233,0.20411245353159851,0.8923311325545963,1.0,0.7727529681448722,86.82316118935837,152,4839.0,639
22037,smooth,Per period 5d,F&O,102.73442349253033,0.1337128252788104,0.8908668730650154,1.0,1.8974241100496099,57.12050078247261,100,11881.721128256777,639
22037,smooth,Per period 7d,F&O,84.3238640469615,0.11617100371747212,0.916590284142988,1.0,3.000341356667321,45.69640062597809,80,18788.218775487483,639
22037,smooth,Per period 10d,F&O,67.78562709750611,0.09479553903345725,0.9577464788732394,0.9999885251489051,4.708565623351865,34.84350547730829,61,29485.16536416344,639
22037,smooth,Per period 14d,F&O,53.54280115535054,0.07156133828996282,0.9520865533230294,1.0,6.621776414309595,25.13302034428795,44,41465.74311551127,639
22037,smooth,Per period 21d,F&O,45.29635195195618,0.05552973977695167,0.9835390946502057,1.0,10.614181405598124,17.136150234741784,30,66466.2912198096,639
22037,smooth,Per period 28d,F&O,44.98673023120169,0.04158921933085502,0.9916897506925207,1.0,14.562750810387673,13.708920187793428,24,91192.33969510256,639
22037,smooth,Per period 42d,F&O,45.13061160284625,0.027648698884758363,0.99581589958159,1.0,21.60161846809305,7.996870109546166,14,135269.9194647486,639
22037,smooth,Per period 56d,F&O,53.23018246332754,0.02404739776951673,0.9951923076923077,1.0,29.30364173530564,6.283255086071987,11,183500.19760850654,639
22037,smooth,Per period 84d,F&O,74.2719514756743,0.016496282527881042,1.0,1.0,45.986292501320605,4.569640062597809,8,287967.4081978705,639
22037,smooth,Per period 112d,F&O,86.37963947189965,0.012081784386617101,1.0,1.0,56.4695594603164,2.856025039123631,5,353613.90961004014,639
22037,smooth,Per requirement,F&O,309.0,0.3802276951672863,0.8170244633050424,1.0,0.0,176.50234741784038,309,0.0,639
22037,smooth,Min/Max,F&O,43.95411434185404,0.05355483271375465,0.9978354978354979,0.9142538622054945,16.621826944977112,11.424100156494523,20,104086.33017591339,639
23245,smooth,EX,SAP,300.0938458487034,0.20271840148698886,0.899021123132406,1.0,10.000201618710216,86.25195618153364,151,54968.94316644114,639
23245,smooth,FX,SAP,234.59409338795504,0.04368029739776952,0.7475149105367793,1.0,14.058146934497069,14.280125195618153,25,77274.58998646826,639
23245,smooth,HB,SAP,588.0076213691216,0.042983271375464684,0.9973045822102425,0.7341362158599845,38.433455855472616,8.568075117370892,15,211260.3856562923,639
23245,smooth,TB,SAP,300.0938458487034,0.20178903345724908,0.8948995363214838,1.0,10.000201618710216,86.25195618153364,151,54968.94316644114,639
23245,smooth,WB,SAP,215.0328869445938,0.03938197026022305,0.9912280701754386,1.0,12.679040984234106,14.85133020344288,26,69693.94316644114,639
23245,smooth,MB,SAP,350.8453251408031,0.012197955390334572,0.9813084112149533,1.0,22.928660498104044,5.140845070422535,9,126033.88250140718,639
23245,smooth,SP,SAP,205.9670993185443,0.06691449814126393,0.9965397923875432,1.0,11.534383965890319,19.420970266040687,34,63402.011364917846,639
23245,smooth,WI,SAP,222.9945848651071,0.07074814126394052,0.9950980392156863,1.0,12.609398739264924,19.992175273865413,35,69311.13482400413,639
23245,smooth,DY,SAP,215.25140269957046,0.04553903345724907,1.0,1.0,12.82784393929749,13.708920187793428,24,70511.88079327597,639
23245,smooth,GR,SAP,206.87840663346705,0.06296468401486989,0.9944954128440368,1.0,11.327215457940286,21.705790297339593,38,62263.25093052067,639
23245,smooth,Per period 3d,F&O,216.55411982130613,0.07562732342007435,0.9673105497771174,1.0,11.037171695687206,29.70266040688576,52,60668.943166441146,639
23245,smooth,Per period 5d,F&O,214.5747965445595,0.058317843866171004,0.9785575048732943,1.0,12.044656577621435,19.992175273865413,35,66206.86943309515,639
23245,smooth,Per period 7d,F&O,215.0328869445938,0.041356877323420076,0.9916434540389972,1.0,12.679040984234106,14.85133020344288,26,69693.94316644114,639
23245,smooth,Per period 10d,F&O,244.11181961214376,0.03461895910780669,0.9900332225913622,1.0,15.031897316081894,11.424100156494523,20,82627.08500851764,639
23245,smooth,Per period 14d,F&O,268.0126282983879,0.02904275092936803,0.9960159362549801,1.0,16.97036709101477,8.568075117370892,15,93282.43366556725,639
23245,smooth,Per period 21d,F&O,321.723587432327,0.017193308550185873,1.0,1.0,20.97537230626625,5.140845070422535,9,115297.08021494883,639
23245,smooth,Per period 28d,F&O,380.869761485829,0.01486988847583643,1.0,1.0,25.076641981530216,3.998435054773083,7,137840.87165891673,639
23245,smooth,Per period 42d,F&O,491.1205540545405,0.00987453531598513,1.0,1.0,32.672735252308854,2.2848200312989047,4,179594.95174738107,639
23245,smooth,Per period 56d,F&O,551.4533467385104,0.009061338289962825,1.0,1.0,36.71944883478494,2.2848200312989047,4,201838.86016116795,639
23245,smooth,Per period 84d,F&O,744.652728973604,0.00662174721189591,1.0,1.0,49.677949998687936,2.2848200312989047,4,273068.93542966206,639
23245,smooth,Per period 112d,F&O,883.4354030589104,0.0034851301115241635,1.0,1.0,59.12069471601778,1.1424100156494523,2,324973.65870353766,639
23245,smooth,Per requirement,F&O,300.0938458487034,0.20341542750929367,0.9002570694087404,1.0,10.000201618710216,86.25195618153364,151,54968.94316644114,639
23245,smooth,Min/Max,F&O,588.0076213691216,0.04019516728624535,0.9942528735632183,0.7341362158599845,38.433455855472616,8.568075117370892,15,211260.3856562923,639
23192,smooth,EX,SAP,174.79556909559383,0.16856412639405205,0.754942767950052,1.0,9.339507624733844,85.1095461658842,149,28531.462787550754,639
23192,smooth,FX,SAP,65.54959007915184,0.03891728624535316,0.6907216494845361,1.0,14.319269202028561,14.85133020344288,26,43744.24357239521,639
23192,smooth,HB,SAP,112.60107942981074,0.040427509293680296,0.997134670487106,0.7786545338806314,35.337310145744105,8.568075117370892,15,107952.70906630582,639
23192,smooth,TB,SAP,174.79556909559383,0.1649628252788104,0.7403545359749739,1.0,9.339507624733844,85.1095461658842,149,28531.462787550754,639
23192,smooth,WB,SAP,64.14869238326507,0.04565520446096654,0.9679802955665024,1.0,12.001769145552313,17.70735524256651,31,36664.46278755076,639
23192,smooth,MB,SAP,72.01588558570987,0.014986059479553903,0.9847328244274809,1.0,21.72926749379738,6.854460093896714,12,66381.20678419425,639
23192,smooth,SP,SAP,58.09727813229958,0.0412407063197026,1.0,1.0,14.155505771932098,10.852895148669797,19,43243.959146331355,639
23192,smooth,WI,SAP,64.57609741068063,0.037058550185873604,0.9937694704049844,1.0,17.587393806495193,9.139280125195619,16,53728.10774211647,639
23192,smooth,DY,SAP,62.68248239460712,0.0191682156133829,0.9939759036144579,1.0,19.07414580352808,5.712050078247262,10,58270.01840615636,639
23192,smooth,GR,SAP,57.3219604574351,0.041356877323420076,0.9971988795518207,1.0,12.788619541218466,12.566510172143975,22,39068.22899079943,639
23192,smooth,Per period 3d,F&O,88.5097060818952,0.08282992565055762,0.9036755386565273,1.0,10.322184261337439,34.27230046948357,60,31533.462787550754,639
23192,smooth,Per period 5d,F&O,72.2504756411295,0.06133828996282528,0.9652650822669104,1.0,11.31450345000304,23.419405320813773,41,34564.9200273099,639
23192,smooth,Per period 7d,F&O,63.89649599965595,0.05494888475836431,0.9752577319587629,1.0,12.272517875739432,17.136150234741784,30,37491.57890871036,639
23192,smooth,Per period 10d,F&O,63.708517079655756,0.0433317843866171,0.9867724867724867,1.0,14.376810089282566,13.708920187793428,24,43920.02646689197,639
23192,smooth,Per period 14d,F&O,60.64712502455096,0.03078531598513011,0.9962406015037594,1.0,16.164875566186446,9.139280125195619,16,49382.42616351848,639
23192,smooth,Per period 21d,F&O,67.22744145874557,0.021607806691449814,0.9946524064171123,1.0,20.357628718217704,6.283255086071987,11,62190.957977097365,639
23192,smooth,Per period 28d,F&O,74.78539303210972,0.01638011152416357,0.9929577464788732,1.0,23.81816728069195,5.140845070422535,9,72762.63168703044,639
23192,smooth,Per period 42d,F&O,92.40706873307909,0.012778810408921933,1.0,1.0,31.284422308067544,3.427230046948357,6,95571.45481082989,639
23192,smooth,Per period 56d,F&O,108.61198916806305,0.008480483271375464,1.0,1.0,37.875670308067974,2.2848200312989047,4,115707.20014043337,639
23192,smooth,Per period 84d,F&O,142.8114266968933,0.007434944237918215,1.0,1.0,50.25787076964558,2.2848200312989047,4,153533.8507405032,639
23192,smooth,Per period 112d,F&O,202.38856714403735,0.004995353159851301,1.0,1.0,72.5524040123195,1.1424100156494523,2,221641.9000229504,639
23192,smooth,Per requirement,F&O,174.79556909559383,0.16449814126394052,0.735966735966736,1.0,9.339507624733844,85.1095461658842,149,28531.462787550754,639
23192,smooth,Min/Max,F&O,112.60107942981074,0.041356877323420076,0.9971988795518207,0.7786545338806314,35.337310145744105,8.568075117370892,15,107952.70906630582,639
20725,smooth,EX,SAP,502.0,0.7498838289962825,0.9231979405034325,1.0,0.0,286.7449139280125,502,0.0,639
20725,smooth,FX,SAP,457.8548020464542,0.037058550185873604,0.6980306345733042,1.0,13.586191168253704,13.137715179968701,23,480975.765899866,639
20725,smooth,HB,SAP,495.9267744267524,0.057853159851301114,1.0,0.9259169141036816,14.86940493475675,11.424100156494523,20,526403.856562923,639
20725,smooth,TB,SAP,502.0,0.7524395910780669,0.9263443935926774,1.0,0.0,286.7449139280125,502,0.0,639
20725,smooth,WB,SAP,168.19989041095891,0.14265799256505576,0.9919224555735057,1.0,2.536932393922805,49.694835680751176,87,89812.0,639
20725,smooth,MB,SAP,445.1362507465727,0.04309944237918216,0.9946380697050938,0.9999985598957185,12.876394289908559,18.849765258215964,33,455847.6712803001,639
20725,smooth,SP,SAP,164.73612985923566,0.2100371747211896,0.9961432506887052,1.0,2.178769527536522,54.26447574334898,95,77132.38605642732,639
20725,smooth,WI,SAP,200.59818630536205,0.21723977695167287,0.9983982915109451,1.0,3.424181827660871,51.979655712050075,91,121222.23636805195,639
20725,smooth,DY,SAP,204.8977160657851,0.12360594795539033,0.99812382739212,1.0,4.589532973436974,33.129890453834115,58,162477.77686064108,639
20725,smooth,GR,SAP,159.90441675356467,0.200046468401487,0.9965277777777778,1.0,1.7778676484508942,58.834115805946794,103,62939.733681973055,639
20725,smooth,Per period 3d,F&O,209.3778082191781,0.27822955390334575,0.9823625922887613,1.0,1.1053106998418847,99.38967136150235,174,39130.0,639
20725,smooth,Per period 5d,F&O,187.90715070565568,0.22641728624535315,0.990849008642603,1.0,2.0591405329503276,69.68701095461658,122,72897.30305322522,639
20725,smooth,Per period 7d,F&O,177.46073972602738,0.14637546468401488,0.9929078014184397,1.0,2.795026538171599,50.2660406885759,88,98949.0,639
20725,smooth,Per period 10d,F&O,224.3898781259118,0.12465148698884758,0.9962859795728877,1.0,4.948583189625582,37.69953051643193,66,175188.80459381154,639
20725,smooth,Per period 14d,F&O,277.9415610441286,0.09618959107806692,0.9939975990396158,1.0,7.246562239577347,26.275430359937403,46,256541.42357911193,639
20725,smooth,Per period 21d,F&O,360.10668502572787,0.06528810408921933,0.9982238010657194,1.0,10.31354030718268,17.136150234741784,30,365118.0001042142,639
20725,smooth,Per period 28d,F&O,485.85704155112603,0.052741635687732345,0.9956140350877193,1.0,14.461066591634808,13.137715179968701,23,511947.9398974576,639
20725,smooth,Per period 42d,F&O,678.6433264072846,0.03461895910780669,0.9933333333333333,1.0,20.73424291895474,8.568075117370892,15,734029.7398141178,639
20725,smooth,Per period 56d,F&O,853.267515954822,0.02695167286245353,1.0,1.0,26.283764699425216,6.854460093896714,12,930492.858556091,639
20725,smooth,Per period 84d,F&O,1376.5911026591682,0.019516728624535316,1.0,1.0,42.790205961848976,3.998435054773083,7,1514850.7650624132,639
20725,smooth,Per period 112d,F&O,1679.8083502592972,0.016031598513011152,1.0,1.0,52.294881230753546,3.427230046948357,6,1851333.4783171015,639
20725,smooth,Per requirement,F&O,502.0,0.7502323420074349,0.9236270022883295,1.0,0.0,286.7449139280125,502,0.0,639
20725,smooth,Min/Max,F&O,495.9267744267524,0.05889869888475836,1.0,0.9259169141036816,14.86940493475675,11.424100156494523,20,526403.856562923,639
23203,smooth,EX,SAP,367.2471090218178,0.25429832713754646,0.9513255106475446,1.0,9.271307101834312,102.24569640062597,179,165168.73748308528,639
23203,smooth,FX,SAP,309.1419596270414,0.04309944237918216,0.7148362235067437,1.0,13.944947546648514,14.85133020344288,26,248429.84438430308,639
23203,smooth,HB,SAP,742.6490514319611,0.049837360594795536,0.9953596287703016,0.7125401880265345,35.78799454658023,9.139280125195619,16,637564.6725304466,639
23203,smooth,TB,SAP,367.2471090218178,0.25429832713754646,0.9504993486756405,1.0,9.271307101834312,102.24569640062597,179,165168.73748308528,639
23203,smooth,WB,SAP,274.9409610766123,0.04670074349442379,0.9975186104218362,1.0,12.014269842496008,17.70735524256651,31,214034.73748308528,639
23203,smooth,MB,SAP,438.94880203549974,0.01591542750929368,1.0,1.0,20.97828845207842,7.42566510172144,13,373729.11717057065,639
23203,smooth,SP,SAP,256.7279889077654,0.08329460966542751,0.9944521497919556,1.0,10.526258977988721,24.561815336463223,43,187525.75949839992,639
23203,smooth,WI,SAP,284.2227848552142,0.08596654275092937,0.9932885906040269,1.0,11.929648413320141,23.990610328638496,42,212527.2030580605,639
23203,smooth,DY,SAP,260.728194734469,0.051696096654275096,0.9955257270693513,1.0,11.3142807578862,17.70735524256651,31,201564.40163000283,639
23203,smooth,GR,SAP,255.49636131781583,0.07690520446096655,0.992503748125937,1.0,10.317848239938712,26.275430359937403,46,183812.91317548743,639
23203,smooth,Per period 3d,F&O,270.49160217250267,0.09072955390334572,0.9873577749683944,1.0,10.317613848568934,34.84350547730829,61,183808.73748308528,639
23203,smooth,Per period 5d,F&O,274.3630544101387,0.06505576208178439,0.9946714031971581,1.0,11.444049514231574,23.990610328638496,42,203876.2376435111,639
23203,smooth,Per period 7d,F&O,274.4383418985301,0.04995353159851301,0.9930715935334873,1.0,11.989515482232598,17.70735524256651,31,213593.73748308528,639
23203,smooth,Per period 10d,F&O,318.43433175879676,0.04077602230483272,0.9971590909090909,1.0,14.501105091302044,13.708920187793428,24,258337.81512490576,639
23203,smooth,Per period 14d,F&O,343.9650884490841,0.030320631970260224,1.0,1.0,16.1032685300816,9.710485133020343,17,286880.42616325885,639
23203,smooth,Per period 21d,F&O,427.26512158204446,0.022188661710037173,1.0,1.0,20.50136014318413,6.283255086071987,11,365232.6186957841,639
23203,smooth,Per period 28d,F&O,521.8829670944167,0.01742565055762082,0.9933774834437086,1.0,25.30911006862775,4.569640062597809,8,450882.8918015915,639
23203,smooth,Per period 42d,F&O,614.8024426200076,0.011384758364312268,1.0,1.0,29.983963308688953,3.427230046948357,6,534165.6047026508,639
23203,smooth,Per period 56d,F&O,745.9788033716056,0.009526022304832713,0.9879518072289156,1.0,36.49374525699434,2.856025039123631,5,650137.6519967212,639
23203,smooth,Per period 84d,F&O,972.3069528329072,0.005924721189591078,1.0,1.0,47.739072766400625,1.7136150234741785,3,850473.6485192574,639
23203,smooth,Per period 112d,F&O,1498.971744115411,0.006157063197026022,1.0,1.0,73.67769697729165,1.7136150234741785,3,1312571.3620243387,639
23203,smooth,Per requirement,F&O,367.2471090218178,0.2540659851301115,0.9500434404865334,1.0,9.271307101834312,102.24569640062597,179,165168.73748308528,639
23203,smooth,Min/Max,F&O,742.6490514319611,0.05053438661710037,1.0,0.7125401880265345,35.78799454658023,9.139280125195619,16,637564.6725304466,639
23076,smooth,EX,SAP,187.9730022058687,0.20364776951672864,0.9240906694781233,1.0,8.332554917985277,84.53834115805947,148,58360.58322056832,639
23076,smooth,FX,SAP,93.12181956364576,0.041356877323420076,0.7007874015748031,1.0,13.991849919820696,14.85133020344288,26,97997.8565629228,639
23076,smooth,HB,SAP,179.1226564961907,0.04925650557620818,1.0,0.7524866770243404,34.003662937846556,9.139280125195619,16,238159.07848443842,639
23076,smooth,TB,SAP,187.9730022058687,0.2046933085501859,0.9273684210526316,1.0,8.332554917985277,84.53834115805947,148,58360.58322056832,639
23076,smooth,WB,SAP,89.74492001408788,0.05599442379182156,0.9877049180327869,1.0,10.994919530902836,21.134585289514867,37,77007.58322056831,639
23076,smooth,MB,SAP,117.4542650005614,0.018238847583643122,0.9936708860759493,1.0,21.565514148207217,7.996870109546166,14,151043.22690081966,639
23076,smooth,SP,SAP,87.38551826750744,0.05913104089219331,0.994140625,1.0,12.58763714127871,15.422535211267606,27,88162.85667056085,639
23076,smooth,WI,SAP,92.65159629589621,0.05611059479553903,0.9958762886597938,1.0,13.893829731543164,14.85133020344288,26,97311.33059200847,639
23076,smooth,DY,SAP,101.24207133137175,0.02730018587360595,0.9957627118644068,1.0,18.18600831590066,7.996870109546166,14,127373.42414380275,639
23076,smooth,GR,SAP,86.1277256094194,0.06354553903345725,0.9873646209386282,1.0,11.074717106015761,18.849765258215964,33,77566.47938975233,639
23076,smooth,Per period 3d,F&O,109.03601590449884,0.09421468401486989,0.9747596153846154,1.0,9.179508684479991,37.1283255086072,65,64292.58322056832,639
23076,smooth,Per period 5d,F&O,96.50118592902561,0.0683085501858736,0.98,1.0,10.527202910848915,26.275430359937403,46,73731.7314563774,639
23076,smooth,Per period 7d,F&O,90.08134487308504,0.05436802973977695,0.9915254237288136,1.0,11.273503397933958,20.56338028169014,36,78958.76351470416,639
23076,smooth,Per period 10d,F&O,91.89613585165833,0.04356412639405204,0.9946949602122016,1.0,13.736350550781166,14.85133020344288,26,96208.35834342116,639
23076,smooth,Per period 14d,F&O,93.94946108108147,0.03403810408921933,0.9965986394557823,1.0,15.623557553048173,10.852895148669797,19,109426.21317837894,639
23076,smooth,Per period 21d,F&O,102.8345117519896,0.021607806691449814,1.0,1.0,18.517959796304346,7.996870109546166,14,129698.38715790481,639
23076,smooth,Per period 28d,F&O,118.01433961153207,0.018238847583643122,1.0,1.0,22.516082532596535,5.712050078247262,10,157700.9358328368,639
23076,smooth,Per period 42d,F&O,153.76673807295765,0.014172862453531599,0.991869918699187,1.0,30.594197023983646,3.998435054773083,7,214279.43758651818,639
23076,smooth,Per period 56d,F&O,178.095493150231,0.012081784386617101,1.0,1.0,35.874091728880046,3.427230046948357,6,251259.41999933723,639
23076,smooth,Per period 84d,F&O,253.20970523705992,0.00929368029739777,1.0,1.0,51.740446949993895,2.856025039123631,5,362386.1696461075,639
23076,smooth,Per period 112d,F&O,304.3600580909336,0.006854089219330855,1.0,1.0,62.819880808483916,1.7136150234741785,3,439985.684812763,639
23076,smooth,Per requirement,F&O,187.9730022058687,0.2032992565055762,0.9220231822971549,1.0,8.332554917985277,84.53834115805947,148,58360.58322056832,639
23076,smooth,Min/Max,F&O,179.1226564961907,0.04844330855018587,0.9976076555023924,0.7524866770243404,34.003662937846556,9.139280125195619,16,238159.07848443842,639
22386,smooth,EX,SAP,486.0,0.7038801115241635,0.9111278195488722,1.0,0.0,277.6056338028169,486,0.0,639
22386,smooth,FX,SAP,537.6126597586508,0.04170539033457249,0.7080867850098619,1.0,13.953662930281343,13.708920187793428,24,480688.7713125834,639
22386,smooth,HB,SAP,623.0500637662892,0.05518122676579926,1.0,0.911319807190438,16.356301772033362,11.995305164319248,21,563457.1109607578,639
22386,smooth,TB,SAP,486.0,0.702253717472119,0.9091592720709881,1.0,0.0,277.6056338028169,486,0.0,639
22386,smooth,WB,SAP,187.79202739726028,0.13975371747211895,0.9868744872846595,1.0,2.7382852615469706,49.694835680751176,87,94331.0,639
22386,smooth,MB,SAP,488.40780252857405,0.04275092936802974,0.9919137466307277,1.0,12.318036805043388,19.992175273865413,35,424343.1998023834,639
22386,smooth,SP,SAP,161.3503724305793,0.20388011152416358,0.9977259806708357,1.0,1.721082466735679,55.97809076682316,98,59289.451120926795,639
22386,smooth,WI,SAP,214.80484201563127,0.21061802973977695,0.9967014843320505,1.0,3.227651594005562,54.83568075117371,96,111189.14701462927,639
22386,smooth,DY,SAP,186.45996667740496,0.1299953531598513,0.9964381121994658,1.0,3.1639467778148656,39.98435054773083,70,108994.58419808414,639
22386,smooth,GR,SAP,156.3261201675925,0.19226301115241637,0.9916117435590174,1.0,1.3672437858860471,60.54773082942097,106,47100.08682351607,639
22386,smooth,Per period 3d,F&O,211.040602739726,0.2691682156133829,0.9792899408284024,1.0,1.060642491719617,98.24726134585289,172,36538.0,639
22386,smooth,Per period 5d,F&O,195.81947326328662,0.20934014869888476,0.9944812362030905,1.0,2.08700664991661,67.9733959311424,119,71895.14805410159,639
22386,smooth,Per period 7d,F&O,194.02195130503765,0.14649163568773235,0.99213217938631,1.0,2.9075378230614697,49.694835680751176,87,100161.56981112497,639
22386,smooth,Per period 10d,F&O,249.598928069839,0.11814591078066915,0.9980372914622179,1.0,5.0422917607307784,36.557120500782474,64,173701.56088587493,639
22386,smooth,Per period 14d,F&O,290.10115115170635,0.09618959107806692,0.9975903614457832,1.0,6.631661271093112,26.275430359937403,46,228453.6414624944,639
22386,smooth,Per period 21d,F&O,422.800297975109,0.0662174721189591,1.0,1.0,10.644304010141528,17.70735524256651,31,366684.89425875584,639
22386,smooth,Per period 28d,F&O,542.8397791901041,0.05204460966542751,1.0,1.0,14.122839300688442,13.137715179968701,23,486516.71642150765,639
22386,smooth,Per period 42d,F&O,816.2443581553404,0.03566449814126394,0.9967532467532467,1.0,21.767948055920034,8.568075117370892,15,749882.5403248698,639
22386,smooth,Per period 56d,F&O,1056.0149974913663,0.027764869888475836,1.0,1.0,28.33629473436599,7.42566510172144,13,976155.0617547403,639
22386,smooth,Per period 84d,F&O,1705.266579812846,0.018471189591078067,1.0,1.0,46.13795818741218,3.998435054773083,7,1589403.3375171507,639
22386,smooth,Per period 112d,F&O,2105.6169718512156,0.016728624535315983,1.0,1.0,57.014548392829745,3.998435054773083,7,1964090.242886394,639
22386,smooth,Per requirement,F&O,486.0,0.7030669144981413,0.909664812866376,1.0,0.0,277.6056338028169,486,0.0,639
22386,smooth,Min/Max,F&O,623.0500637662892,0.05552973977695167,0.9979123173277662,0.911319807190438,16.356301772033362,11.995305164319248,21,563457.1109607578,639
84881,intermittent,EX,SAP,20.0,0.01266263940520446,0.36824324324324326,1.0,0.0,11.424100156494523,20,0.0,639
84881,intermittent,FX,SAP,19.60843909763286,0.009990706319702601,0.30604982206405695,1.0,9.900191271083276,10.28169014084507,18,462.2679296346408,639
84881,intermittent,HB,SAP,16.089410829147127,0.016147769516728624,0.7433155080213903,0.8200000000000001,25.17095577580711,6.854460093896714,12,1175.3031123139378,639
84881,intermittent,TB,SAP,20.0,0.013475836431226766,0.39322033898305087,1.0,0.0,11.424100156494523,20,0.0,639
84881,intermittent,WB,SAP,16.080027397260274,0.011268587360594795,0.39591836734693875,1.0,0.4925810004057265,9.139280125195619,16,23.0,639
84881,intermittent,MB,SAP,11.756523240489926,0.00929368029739777,0.5095541401273885,0.9898495784840488,4.656517485114997,6.283255086071987,11,217.4259706919866,639
84881,intermittent,SP,SAP,9.734467073725213,0.012081784386617101,0.8387096774193549,1.0,22.98622209560429,3.427230046948357,6,1073.2917180391362,639
84881,intermittent,WI,SAP,10.797171722961426,0.007551115241635688,0.7558139534883721,1.0,35.68248805509575,2.856025039123631,5,1666.1162825834022,639
84881,intermittent,DY,SAP,12.398468520665787,0.008131970260223048,0.9210526315789473,0.9948130306150299,51.69387194151756,2.2848200312989047,4,2413.7330787740257,639
84881,intermittent,GR,SAP,12.805482902696207,0.010106877323420074,0.5178571428571429,0.9987614118367257,4.957871773955127,6.854460093896714,12,231.49705471190202,639
84881,intermittent,Per period 3d,F&O,19.006958904109588,0.011268587360594795,0.34275618374558303,1.0,0.04283313047006318,10.852895148669797,19,2.0,639
84881,intermittent,Per period 5d,F&O,17.053173238266137,0.01254646840148699,0.44081632653061226,1.0,0.32728950080384006,9.710485133020343,17,15.282072415070779,639
84881,intermittent,Per period 7d,F&O,16.102070126550366,0.01266263940520446,0.4678111587982833,1.0,0.6282574064504456,9.139280125195619,16,29.335115110932446,639
84881,intermittent,Per period 10d,F&O,15.219183375021936,0.011965613382899629,0.44206008583690987,0.9994225288613579,1.3491075536228103,8.568075117370892,15,62.993647151973875,639
84881,intermittent,Per period 14d,F&O,12.760765910858856,0.00987453531598513,0.5029585798816568,0.9947569687969006,4.68263177704833,6.854460093896714,12,218.64532083738794,639
84881,intermittent,Per period 21d,F&O,12.73360493878381,0.007551115241635688,0.3735632183908046,0.9759340633934399,4.515451795507679,6.854460093896714,12,210.83921468983488,639
84881,intermittent,Per period 28d,F&O,10.574659801162525,0.008364312267657992,0.5373134328358209,0.9871285535008353,9.69227447985935,5.140845070422535,9,452.5597066333244,639
84881,intermittent,Per period 42d,F&O,11.212163327035618,0.008364312267657992,0.576,1.0,13.616207223985068,5.140845070422535,9,635.7792239118116,639
84881,intermittent,Per period 56d,F&O,10.93713177837728,0.008828996282527882,0.672566371681416,1.0,24.233654679720097,3.998435054773083,7,1131.5378733131552,639
84881,intermittent,Per period 84d,F&O,10.309453708641893,0.0055762081784386614,0.8421052631578947,1.0,44.99081743858585,1.7136150234741785,3,2100.7485068144024,639
84881,intermittent,Per period 112d,F&O,12.790662858119646,0.006737918215613383,0.7837837837837838,1.0,54.10788871215145,2.2848200312989047,4,2526.450348987142,639
84881,intermittent,Per requirement,F&O,20.0,0.01266263940520446,0.36824324324324326,1.0,0.0,11.424100156494523,20,0.0,639
84881,intermittent,Min/Max,F&O,16.089410829147127,0.018355018587360595,0.7860696517412935,0.8200000000000001,25.17095577580711,6.854460093896714,12,1175.3031123139378,639
47505,intermittent,EX,SAP,27.0,0.05297397769516728,0.6449787835926449,1.0,0.0,15.422535211267606,27,0.0,639
47505,intermittent,FX,SAP,23.954461712421555,0.019981412639405203,0.6564885496183206,1.0,7.965145925381291,5.712050078247262,10,5144.826792963502,639
47505,intermittent,HB,SAP,77.15230251913917,0.02474442379182156,0.9681818181818181,0.7095300717248916,40.04262852138863,3.998435054773083,7,25864.232746955346,639
47505,intermittent,TB,SAP,27.0,0.05762081784386617,0.7025495750708215,1.0,0.0,15.422535211267606,27,0.0,639
47505,intermittent,WB,SAP,8.172575342465754,0.017657992565055763,0.9101796407185628,1.0,1.240096536380263,3.427230046948357,6,801.0,639
47505,intermittent,MB,SAP,15.769703058110528,0.008480483271375464,0.9864864864864865,1.0,7.859686490765162,1.1424100156494523,2,5076.70870324277,639
47505,intermittent,SP,SAP,10.453624845314376,0.016263940520446097,0.9859154929577465,1.0,3.1129052922583784,2.856025039123631,5,2010.6798672118655,639
47505,intermittent,WI,SAP,10.354354261432597,0.017657992565055763,0.987012987012987,1.0,3.05624207564628,2.856025039123631,5,1974.080106487775,639
47505,intermittent,DY,SAP,10.432635956890454,0.010339219330855019,0.978021978021978,1.0,3.671720567757816,2.2848200312989047,4,2371.6284083485,639
47505,intermittent,GR,SAP,8.725349030792717,0.016728624535315983,0.96,1.0,1.5556173484310951,3.427230046948357,6,1004.8004002417591,639
47505,intermittent,Per period 3d,F&O,12.215123287671233,0.027067843866171004,0.8006872852233677,1.0,0.693587076527288,6.283255086071987,11,448.0,639
47505,intermittent,Per period 5d,F&O,10.036792188277808,0.020097583643122675,0.8871794871794871,1.0,1.1625921037762579,4.569640062597809,8,750.9385340620197,639
47505,intermittent,Per period 7d,F&O,8.801835616438357,0.019516728624535316,0.9710982658959537,1.0,1.5992755581533227,3.427230046948357,6,1033.0,639
47505,intermittent,Per period 10d,F&O,10.440211738976895,0.014056691449814127,0.9603174603174603,1.0,3.676044791153957,2.2848200312989047,4,2374.421499723805,639
47505,intermittent,Per period 14d,F&O,12.206008652920445,0.012430297397769517,0.981651376146789,1.0,5.25474961499676,1.7136150234741785,3,3394.1345033494567,639
47505,intermittent,Per period 21d,F&O,12.976740666240513,0.00987453531598513,0.9883720930232558,1.0,6.2654757305217865,1.1424100156494523,2,4046.980144624027,639
47505,intermittent,Per period 28d,F&O,17.606207861342348,0.008596654275092937,0.961038961038961,1.0,8.907955428103245,1.1424100156494523,2,5753.803908474704,639
47505,intermittent,Per period 42d,F&O,27.83082372285497,0.0036013011152416356,0.9393939393939394,1.0,15.314917239730347,0.5712050078247262,1,9892.17238266875,639
47505,intermittent,Per period 56d,F&O,22.359097735945078,0.005111524163568773,0.9777777777777777,1.0,11.620884253210065,1.1424100156494523,2,7506.1319935555075,639
47505,intermittent,Per period 84d,F&O,21.86337228892042,0.00383364312267658,0.9428571428571428,1.0,11.337926328651678,1.1424100156494523,2,7323.364530763588,639
47505,intermittent,Per period 112d,F&O,17.64951808587691,0.0036013011152416356,1.0,1.0,8.932676715501362,1.1424100156494523,2,5769.771819540476,639
47505,intermittent,Per requirement,F&O,27.0,0.0546003717472119,0.6647807637906648,1.0,0.0,15.422535211267606,27,0.0,639
47505,intermittent,Min/Max,F&O,77.15230251913917,0.023350371747211895,0.9663461538461539,0.7095300717248916,40.04262852138863,3.998435054773083,7,25864.232746955346,639
22172,intermittent,EX,SAP,73.0,0.06006040892193309,0.4487847222222222,1.0,0.0,41.69796557120501,73,0.0,639
22172,intermittent,FX,SAP,44.8667143678054,0.03508364312267658,0.766497461928934,1.0,18.305495524587826,9.710485133020343,17,5983.147496617041,639
22172,intermittent,HB,SAP,62.8610514023023,0.03973048327137547,0.9827586206896551,0.7340929629859853,34.06724710402334,6.283255086071987,11,11134.87280108255,639
22172,intermittent,TB,SAP,73.0,0.06319702602230483,0.4714038128249567,1.0,0.0,41.69796557120501,73,0.0,639
22172,intermittent,WB,SAP,22.344109589041096,0.025557620817843865,0.694006309148265,1.0,2.196727691250383,10.852895148669797,19,718.0,639
22172,intermittent,MB,SAP,28.337498944396955,0.009409851301115242,0.8709677419354839,1.0,15.330278153469136,2.856025039123631,5,5010.698302767581,639
22172,intermittent,SP,SAP,17.175810228689677,0.022885687732342008,0.9704433497536946,0.9993227899213845,5.370645982005833,5.140845070422535,9,1755.3945491010186,639
22172,intermittent,WI,SAP,19.822210866306897,0.020910780669144983,0.9278350515463918,1.0,7.10905239722842,5.140845070422535,9,2323.5923330600094,639
22172,intermittent,DY,SAP,22.677014957602218,0.008131970260223048,0.958904109589041,0.9999137347380855,12.268831165615902,2.2848200312989047,4,4010.0649761910636,639
22172,intermittent,GR,SAP,18.306192818103476,0.024860594795539034,0.8663967611336032,1.0,3.485609663283845,7.42566510172144,13,1139.2708109457462,639
22172,intermittent,Per period 3d,F&O,34.15506849315069,0.04321561338289963,0.6813186813186813,1.0,0.7587583111839763,18.849765258215964,33,248.0,639
22172,intermittent,Per period 5d,F&O,25.48794642168229,0.03241171003717472,0.7520215633423181,1.0,1.634318688827404,13.137715179968701,23,534.1767317141391,639
22172,intermittent,Per period 7d,F&O,20.98584622151685,0.028345724907063198,0.7795527156549521,0.9988171965341569,2.6182810505269516,9.710485133020343,17,855.7846299139119,639
22172,intermittent,Per period 10d,F&O,18.682969302930555,0.024976765799256506,0.86,1.0,4.390006767611169,6.854460093896714,12,1434.8728209233248,639
22172,intermittent,Per period 14d,F&O,19.020346176300453,0.021259293680297397,0.8840579710144928,1.0,5.925417126005616,5.712050078247262,10,1936.7213849115678,639
22172,intermittent,Per period 21d,F&O,20.049497158987094,0.014986059479553903,0.9214285714285714,1.0,9.229039490341671,3.427230046948357,6,3016.5096841354643,639
22172,intermittent,Per period 28d,F&O,24.726664000723186,0.012430297397769517,0.9553571428571429,1.0,13.615234652249173,2.2848200312989047,4,4450.136682508213,639
22172,intermittent,Per period 42d,F&O,26.82598433191533,0.009409851301115242,0.9529411764705882,0.999028215824018,15.651161590139191,1.7136150234741785,3,5115.578988911232,639
22172,intermittent,Per period 56d,F&O,39.23659443814127,0.007434944237918215,0.8205128205128205,0.9999976043445428,23.803624946902506,1.7136150234741785,3,7780.2099823068,639
22172,intermittent,Per period 84d,F&O,34.91548840294347,0.0055762081784386614,1.0,1.0,20.965113519090714,1.7136150234741785,3,6852.443098279037,639
22172,intermittent,Per period 112d,F&O,54.471699056767704,0.004646840148698885,1.0,0.9998039959861351,34.4683782800342,1.1424100156494523,2,11265.9824445413,639
22172,intermittent,Per requirement,F&O,73.0,0.06029275092936803,0.4505208333333333,1.0,0.0,41.69796557120501,73,0.0,639
22172,intermittent,Min/Max,F&O,62.8610514023023,0.03763940520446097,0.972972972972973,0.7340929629859853,34.06724710402334,6.283255086071987,11,11134.87280108255,639
35603C,intermittent,EX,SAP,3.458302111331492,0.0017425650557620818,0.7894736842105263,1.0,148.83816957972735,0.5712050078247262,1,10681.90798376184,639
35603C,intermittent,FX,SAP,3.2096971916881385,0.00023234200743494423,1.0,1.0,194.3314667119181,0.0,0,13946.89851150203,639
35603C,intermittent,HB,SAP,4.782301651621034,0.0025557620817843866,0.7333333333333333,0.7681141591831714,107.90964798159767,1.7136150234741785,3,7744.525033829494,639
35603C,intermittent,TB,SAP,3.458302111331492,0.0015102230483271376,0.7647058823529411,1.0,148.83816957972735,0.5712050078247262,1,10681.90798376184,639
35603C,intermittent,WB,SAP,3.4583021113314922,0.0013940520446096654,0.8571428571428571,1.0,148.83816957972738,0.5712050078247262,1,10681.907983761841,639
35603C,intermittent,MB,SAP,3.4583021113314922,0.0016263940520446097,0.9333333333333333,1.0,148.83816957972738,0.5712050078247262,1,10681.907983761841,639
35603C,intermittent,SP,SAP,5.564579386940369,0.0,0.0,1.0,336.9080661874775,0.0,0,24179.422336109936,639
35603C,intermittent,WI,SAP,3.778243316867823,0.0,0.0,1.0,228.75415390049852,0.0,0,16417.3667935328,639
35603C,intermittent,DY,SAP,10.234896510284505,0.0,0.0,1.0,619.6729260439008,0.0,0,44473.06221730767,639
35603C,intermittent,GR,SAP,3.458302111331492,0.002091078066914498,0.9,1.0,148.83816957972735,0.5712050078247262,1,10681.90798376184,639
35603C,intermittent,Per period 3d,F&O,3.4583021113314922,0.0013940520446096654,0.75,1.0,148.83816957972738,0.5712050078247262,1,10681.907983761841,639
35603C,intermittent,Per period 5d,F&O,3.4583021113314922,0.0015102230483271376,0.8125,1.0,148.83816957972738,0.5712050078247262,1,10681.907983761841,639
35603C,intermittent,Per period 7d,F&O,3.4583021113314922,0.0017425650557620818,0.8333333333333334,1.0,148.83816957972738,0.5712050078247262,1,10681.907983761841,639
35603C,intermittent,Per period 10d,F&O,3.4583021113314922,0.0016263940520446097,0.8235294117647058,1.0,148.83816957972738,0.5712050078247262,1,10681.907983761841,639
35603C,intermittent,Per period 14d,F&O,3.4583021113314922,0.0013940520446096654,0.9230769230769231,1.0,148.83816957972738,0.5712050078247262,1,10681.907983761841,639
35603C,intermittent,Per period 21d,F&O,3.4583021113314922,0.0013940520446096654,0.8,1.0,148.83816957972738,0.5712050078247262,1,10681.907983761841,639
35603C,intermittent,Per period 28d,F&O,3.4583021113314922,0.0013940520446096654,0.9230769230769231,1.0,148.83816957972738,0.5712050078247262,1,10681.907983761841,639
35603C,intermittent,Per period 42d,F&O,3.4583021113314922,0.001974907063197026,0.9444444444444444,1.0,148.83816957972738,0.5712050078247262,1,10681.907983761841,639
35603C,intermittent,Per period 56d,F&O,3.4583021113314922,0.0011617100371747212,0.7142857142857143,1.0,148.83816957972738,0.5712050078247262,1,10681.907983761841,639
35603C,intermittent,Per period 84d,F&O,3.4583021113314922,0.0011617100371747212,0.7692307692307693,1.0,148.83816957972738,0.5712050078247262,1,10681.907983761841,639
35603C,intermittent,Per period 112d,F&O,3.4583021113314922,0.0015102230483271376,0.7647058823529411,1.0,148.83816957972738,0.5712050078247262,1,10681.907983761841,639
35603C,intermittent,Per requirement,F&O,3.458302111331492,0.0016263940520446097,0.9333333333333333,1.0,148.83816957972735,0.5712050078247262,1,10681.90798376184,639
35603C,intermittent,Min/Max,F&O,4.782301651621034,0.0026719330855018587,0.7666666666666667,0.7681141591831714,107.90964798159767,1.7136150234741785,3,7744.525033829494,639
90175D,intermittent,EX,SAP,28.0,0.009061338289962825,0.19070904645476772,1.0,0.0,15.993740219092333,28,0.0,639
90175D,intermittent,FX,SAP,19.71200949079653,0.01591542750929368,0.4756944444444444,1.0,14.270631194574879,9.139280125195619,16,740.3734776725316,639
90175D,intermittent,HB,SAP,15.897975309099674,0.011965613382899629,0.6866666666666666,0.8939686835491978,22.674465310380807,5.712050078247262,10,1176.3721244925578,639
90175D,intermittent,TB,SAP,28.0,0.008480483271375464,0.17804878048780487,1.0,0.0,15.993740219092333,28,0.0,639
90175D,intermittent,WB,SAP,24.065178082191782,0.007783457249070632,0.1930835734870317,1.0,0.25057381324986955,13.708920187793428,24,13.0,639
90175D,intermittent,MB,SAP,17.773485599996018,0.007899628252788104,0.3063063063063063,0.9883280144736156,2.9736259455223215,9.710485133020343,17,154.27445027243004,639
90175D,intermittent,SP,SAP,14.04462905840384,0.010803903345724907,0.7622950819672131,1.0,23.238268171017438,4.569640062597809,8,1205.6227356925692,639
90175D,intermittent,WI,SAP,15.757286876735709,0.011036245353159852,0.811965811965812,1.0,33.66694282243582,3.998435054773083,7,1746.671972682259,639
90175D,intermittent,DY,SAP,16.496084672214906,0.007551115241635688,0.8333333333333334,1.0,44.19611128299694,2.856025039123631,5,2292.9349209608968,639
90175D,intermittent,GR,SAP,18.11450195042982,0.008945167286245352,0.3422222222222222,0.983789359250993,4.284645914740227,9.710485133020343,17,222.2913726267122,639
90175D,intermittent,Per period 3d,F&O,27.005013698630137,0.007899628252788104,0.17616580310880828,1.0,0.01927490871152843,15.422535211267606,27,1.0,639
90175D,intermittent,Per period 5d,F&O,25.035095890410958,0.007899628252788104,0.18888888888888888,1.0,0.13492436098069902,14.280125195618153,25,7.0,639
90175D,intermittent,Per period 7d,F&O,23.128503111921447,0.006854089219330855,0.17771084337349397,0.9945650877164706,0.4940236608049784,13.137715179968701,23,25.630402104550573,639
90175D,intermittent,Per period 10d,F&O,19.546017751935516,0.008131970260223048,0.25830258302583026,0.9899688071877614,2.0991374033072905,10.852895148669797,19,108.90518003085455,639
90175D,intermittent,Per period 14d,F&O,17.734430382908148,0.008015799256505576,0.2816326530612245,0.9897976997171516,2.8234801550368833,9.710485133020343,17,146.48474850353736,639
90175D,intermittent,Per period 21d,F&O,17.160245592147394,0.008945167286245352,0.3615023474178404,0.9841214572457051,4.460505012640387,9.139280125195619,16,231.41510444469887,639
90175D,intermittent,Per period 28d,F&O,16.081506768407905,0.006157063197026022,0.27461139896373055,0.9866983203592753,8.002246625341082,7.996870109546166,14,415.1639182890082,639
90175D,intermittent,Per period 42d,F&O,14.74518090540138,0.008248141263940521,0.4896551724137931,0.9929949819354678,14.398157006457057,6.283255086071987,11,746.9896341374339,639
90175D,intermittent,Per period 56d,F&O,14.718671963380741,0.009177509293680297,0.632,0.992444877186486,21.985142741283823,5.140845070422535,9,1140.6094353191095,639
90175D,intermittent,Per period 84d,F&O,14.35868788127561,0.008828996282527882,0.7238095238095238,0.9937800802062687,28.290100305518877,3.998435054773083,7,1467.7164353363921,639
90175D,intermittent,Per period 112d,F&O,18.89956200372061,0.0070864312267657995,0.7349397590361446,1.0,53.43615731937679,2.856025039123631,5,2772.3170116710503,639
90175D,intermittent,Per requirement,F&O,28.0,0.009758364312267658,0.20537897310513448,1.0,0.0,15.993740219092333,28,0.0,639
90175D,intermittent,Min/Max,F&O,15.897975309099674,0.01324349442379182,0.7755102040816326,0.8939686835491978,22.674465310380807,5.712050078247262,10,1176.3721244925578,639
84906,intermittent,EX,SAP,21.0,0.014637546468401487,0.4684014869888476,1.0,0.0,11.995305164319248,21,0.0,639
84906,intermittent,FX,SAP,18.180351233618172,0.00987453531598513,0.3648068669527897,1.0,10.451634733324836,9.139280125195619,16,668.7631935047336,639
84906,intermittent,HB,SAP,19.01021168925056,0.01312732342007435,0.773972602739726,0.8839698664997071,24.016727995601237,7.996870109546166,14,1536.7456021650878,639
84906,intermittent,TB,SAP,21.0,0.014521375464684015,0.4646840148698885,1.0,0.0,11.995305164319248,21,0.0,639
84906,intermittent,WB,SAP,19.05868493150685,0.01312732342007435,0.46122448979591835,1.0,0.2813094784925771,10.852895148669797,19,18.0,639
84906,intermittent,MB,SAP,13.185371827302216,0.009409851301115242,0.5586206896551724,0.998845460607248,5.682145688783169,6.854460093896714,12,363.5804344246291,639
84906,intermittent,SP,SAP,12.604398527593661,0.010339219330855019,0.89,1.0,26.864995605864046,3.998435054773083,7,1718.9961870350303,639
84906,intermittent,WI,SAP,13.485227638563646,0.009642193308550186,0.8924731182795699,1.0,31.087298869848045,3.998435054773083,7,1989.166460567841,639
84906,intermittent,DY,SAP,12.856534700313903,0.007318773234200744,0.8873239436619719,1.0,32.867179892447254,3.427230046948357,6,2103.0547610206504,639
84906,intermittent,GR,SAP,12.803175996241773,0.010687732342007435,0.6052631578947368,0.9979579083941916,3.8500687457419787,6.854460093896714,12,246.352301368275,639
84906,intermittent,Per period 3d,F&O,19.07172602739726,0.011268587360594795,0.3991769547325103,1.0,0.34382269593537196,10.852895148669797,19,22.0,639
84906,intermittent,Per period 5d,F&O,16.136931506849315,0.012430297397769517,0.5194174757281553,1.0,0.6563887831493466,9.139280125195619,16,42.0,639
84906,intermittent,Per period 7d,F&O,15.234739726027398,0.01150092936802974,0.515625,1.0,1.1252379139703084,8.568075117370892,15,72.0,639
84906,intermittent,Per period 10d,F&O,14.44013698630137,0.010803903345724907,0.5195530726256983,1.0,2.109821088694328,7.996870109546166,14,135.0,639
84906,intermittent,Per period 14d,F&O,14.720768496930937,0.009642193308550186,0.4853801169590643,1.0,3.455043820948411,7.996870109546166,14,221.07605157965705,639
84906,intermittent,Per period 21d,F&O,12.20473234788766,0.00929368029739777,0.6060606060606061,0.9965603291998427,5.7749514194774365,6.283255086071987,11,369.5187453605007,639
84906,intermittent,Per period 28d,F&O,11.682414270259532,0.00929368029739777,0.6611570247933884,0.9987322109032497,12.858301783647558,5.140845070422535,9,822.7573181888478,639
84906,intermittent,Per period 42d,F&O,12.470943392905536,0.0070864312267657995,0.6288659793814433,0.9990344433576605,16.638159927332485,5.140845070422535,9,1064.6170911012773,639
84906,intermittent,Per period 56d,F&O,12.921682765372115,0.006389405204460966,0.6395348837209303,0.9990853629959593,23.592359682163774,4.569640062597809,8,1509.5917725721192,639
84906,intermittent,Per period 84d,F&O,11.722153006966266,0.00766728624535316,0.9166666666666666,0.9968779180378072,32.22301378193281,2.856025039123631,5,2061.8368466745264,639
84906,intermittent,Per period 112d,F&O,18.61548176565475,0.006970260223048327,0.8333333333333334,1.0,65.26656803671139,2.856025039123631,5,4176.177180221834,639
84906,intermittent,Per requirement,F&O,21.0,0.015683085501858735,0.5018587360594795,1.0,0.0,11.995305164319248,21,0.0,639
84906,intermittent,Min/Max,F&O,19.01021168925056,0.013592007434944238,0.7905405405405406,0.8839698664997071,24.016727995601237,7.996870109546166,14,1536.7456021650878,639
90014C,intermittent,EX,SAP,16.200243127514042,0.004065985130111524,0.16826923076923078,1.0,1.4646808051373372,9.139280125195619,16,36.72801082543978,639
90014C,intermittent,FX,SAP,17.180180065619957,0.007434944237918215,0.3121951219512195,1.0,15.946953753170344,8.568075117370892,15,399.8822733423541,639
90014C,intermittent,HB,SAP,15.455805957699223,0.00987453531598513,0.6439393939393939,0.9487873425627147,25.277534941449467,6.854460093896714,12,633.8538565629229,639
90014C,intermittent,TB,SAP,16.200243127514042,0.0032527881040892194,0.1339712918660287,1.0,1.4646808051373372,9.139280125195619,16,36.72801082543978,639
90014C,intermittent,WB,SAP,13.254763675459246,0.003949814126394052,0.2,1.0,1.8634720198586152,7.42566510172144,13,46.72801082543978,639
90014C,intermittent,MB,SAP,10.4384940999064,0.004298327137546468,0.2803030303030303,0.9927726155265055,3.2073704564659327,5.712050078247262,10,80.42730978182706,639
90014C,intermittent,SP,SAP,9.794468919775554,0.0055762081784386614,0.5393258426966292,1.0,27.754689319341274,3.427230046948357,6,695.9704300090841,639
90014C,intermittent,WI,SAP,12.795699025024884,0.00546003717472119,0.6103896103896104,1.0,49.70722362866861,3.427230046948357,6,1246.447308610092,639
90014C,intermittent,DY,SAP,11.078656342848067,0.004065985130111524,0.6481481481481481,0.9955863169236041,51.776918390401185,2.2848200312989047,4,1298.3465151454998,639
90014C,intermittent,GR,SAP,10.556779073507245,0.004995353159851301,0.3208955223880597,0.9934051327359987,4.072567342472356,5.712050078247262,10,102.12279488951992,639
90014C,intermittent,Per period 3d,F&O,14.222051346692124,0.0032527881040892194,0.15384615384615385,1.0,1.6241972910258482,7.996870109546166,14,40.72801082543978,639
90014C,intermittent,Per period 5d,F&O,13.238407511075685,0.004065985130111524,0.20588235294117646,1.0,1.743834655442232,7.42566510172144,13,43.72801082543978,639
90014C,intermittent,Per period 7d,F&O,12.27111983984281,0.00383364312267658,0.21019108280254778,1.0,1.9831093842749985,6.854460093896714,12,49.72801082543978,639
90014C,intermittent,Per period 10d,F&O,11.321109196294122,0.0037174721189591076,0.2206896551724138,1.0,2.348757143398583,6.283255086071987,11,58.896912888117924,639
90014C,intermittent,Per period 14d,F&O,10.747973597854084,0.004646840148698885,0.30303030303030304,1.0,5.471062029080472,5.712050078247262,10,137.1911372948447,639
90014C,intermittent,Per period 21d,F&O,10.593191864235013,0.0055762081784386614,0.366412213740458,1.0,4.338909145572211,5.712050078247262,10,108.80152283707531,639
90014C,intermittent,Per period 28d,F&O,9.850909798592472,0.005343866171003717,0.40707964601769914,0.9847754417670777,13.538502358084207,4.569640062597809,8,339.48848064635786,639
90014C,intermittent,Per period 42d,F&O,9.45542220152576,0.007202602230483271,0.543859649122807,1.0,10.64570349260063,4.569640062597809,8,266.9492982698001,639
90014C,intermittent,Per period 56d,F&O,9.943302568348841,0.0034851301115241635,0.32967032967032966,1.0,21.52882263222579,3.998435054773083,7,539.8519786167471,639
90014C,intermittent,Per period 84d,F&O,10.32630504345499,0.0034851301115241635,0.4,1.0,31.64481115025051,3.427230046948357,6,793.5182617392317,639
90014C,intermittent,Per period 112d,F&O,11.43738890891731,0.00546003717472119,0.5875,0.9958257204191245,47.08635990233425,2.856025039123631,5,1180.727111434582,639
90014C,intermittent,Per requirement,F&O,16.200243127514042,0.0055762081784386614,0.22966507177033493,1.0,1.4646808051373372,9.139280125195619,16,36.72801082543978,639
90014C,intermittent,Min/Max,F&O,15.455805957699223,0.008828996282527882,0.59375,0.9487873425627147,25.277534941449467,6.854460093896714,12,633.8538565629229,639
90139,intermittent,EX,SAP,23.163412386230927,0.00034851301115241634,1.0,1.0,391.7368283776734,0.0,0,8129.466847090663,639
90139,intermittent,FX,SAP,23.991232876712328,0.00023234200743494423,1.0,1.0,405.7368283776734,0.0,0,8420.0,639
90139,intermittent,HB,SAP,10.608134947263057,0.00023234200743494423,1.0,1.0,179.40349504434016,0.0,0,3723.0473612990536,639
90139,intermittent,TB,SAP,23.163412386230927,0.00034851301115241634,1.0,1.0,391.7368283776734,0.0,0,8129.466847090663,639
90139,intermittent,WB,SAP,23.163412386230927,0.00023234200743494423,1.0,1.0,391.7368283776734,0.0,0,8129.466847090663,639
90139,intermittent,MB,SAP,23.163412386230927,0.00023234200743494423,1.0,1.0,391.7368283776734,0.0,0,8129.466847090663,639
90139,intermittent,SP,SAP,29.839152358441098,0.00011617100371747211,1.0,1.0,504.63613527522654,0.0,0,10472.394818106732,639
90139,intermittent,WI,SAP,23.163412386230927,0.00011617100371747211,1.0,1.0,391.7368283776734,0.0,0,8129.466847090663,639
90139,intermittent,DY,SAP,34.929432800450066,0.0,0.0,1.0,590.7223423787542,0.0,0,12258.887473234878,639
90139,intermittent,GR,SAP,23.163412386230927,0.00023234200743494423,1.0,1.0,391.7368283776734,0.0,0,8129.466847090663,639
90139,intermittent,Per period 3d,F&O,23.163412386230927,0.00023234200743494423,1.0,1.0,391.7368283776734,0.0,0,8129.466847090663,639
90139,intermittent,Per period 5d,F&O,23.163412386230927,0.00023234200743494423,1.0,1.0,391.7368283776734,0.0,0,8129.466847090663,639
90139,intermittent,Per period 7d,F&O,23.163412386230927,0.00023234200743494423,1.0,1.0,391.7368283776734,0.0,0,8129.466847090663,639
90139,intermittent,Per period 10d,F&O,23.163412386230927,0.00023234200743494423,1.0,1.0,391.7368283776734,0.0,0,8129.466847090663,639
90139,intermittent,Per period 14d,F&O,23.163412386230927,0.00023234200743494423,1.0,1.0,391.7368283776734,0.0,0,8129.466847090663,639
90139,intermittent,Per period 21d,F&O,23.163412386230927,0.00023234200743494423,1.0,1.0,391.7368283776734,0.0,0,8129.466847090663,639
90139,intermittent,Per period 28d,F&O,23.163412386230927,0.00023234200743494423,1.0,1.0,391.7368283776734,0.0,0,8129.466847090663,639
90139,intermittent,Per period 42d,F&O,31.863180442733505,0.00011617100371747211,1.0,1.0,538.8662534058075,0.0,0,11182.750828459355,639
90139,intermittent,Per period 56d,F&O,33.450790755915286,0.00011617100371747211,1.0,1.0,565.715726981437,0.0,0,11739.940986451038,639
90139,intermittent,Per period 84d,F&O,28.378682587590564,0.00011617100371747211,1.0,1.0,479.93684717229826,0.0,0,9959.826100452457,639
90139,intermittent,Per period 112d,F&O,36.28122303553043,0.0,0.0,1.0,613.5836553188577,0.0,0,12733.31385381597,639
90139,intermittent,Per requirement,F&O,23.163412386230927,0.00034851301115241634,1.0,1.0,391.7368283776734,0.0,0,8129.466847090663,639
90139,intermittent,Min/Max,F&O,10.608134947263057,0.00034851301115241634,1.0,1.0,179.40349504434016,0.0,0,3723.0473612990536,639
90027C,intermittent,EX,SAP,8.0,0.0023234200743494425,0.14705882352941177,1.0,0.0,4.569640062597809,8,0.0,639
90027C,intermittent,FX,SAP,8.0,0.006157063197026022,0.4076923076923077,1.0,0.0,4.569640062597809,8,0.0,639
90027C,intermittent,HB,SAP,6.670625057927225,0.0030204460966542753,0.27956989247311825,0.8182679296346415,34.271741560473956,3.427230046948357,6,414.87821380243577,639
90027C,intermittent,TB,SAP,8.0,0.0013940520446096654,0.08823529411764706,1.0,0.0,4.569640062597809,8,0.0,639
90027C,intermittent,WB,SAP,8.0,0.0015102230483271376,0.10317460317460317,1.0,0.0,4.569640062597809,8,0.0,639
90027C,intermittent,MB,SAP,7.033004415742784,0.002091078066914498,0.17475728155339806,1.0,1.686663498956038,3.998435054773083,7,20.417986010366327,639
90027C,intermittent,SP,SAP,4.297904092913159,0.0016263940520446097,0.5,1.0,117.43249714898253,1.1424100156494523,2,1421.5847354462758,639
90027C,intermittent,WI,SAP,4.308247795916532,0.0008131970260223048,0.5384615384615384,0.991853502831841,169.06528042673096,0.5712050078247262,1,2046.6278737449734,639
90027C,intermittent,DY,SAP,4.260821887637826,0.00034851301115241634,0.23076923076923078,1.0,166.64161842277565,0.5712050078247262,1,2017.2881169284856,639
90027C,intermittent,GR,SAP,5.167873116108192,0.001974907063197026,0.21518987341772153,0.9828234598028889,8.57901741398352,2.856025039123631,5,103.85370742286409,639
90027C,intermittent,Per period 3d,F&O,8.0,0.0023234200743494425,0.14814814814814814,1.0,0.0,4.569640062597809,8,0.0,639
90027C,intermittent,Per period 5d,F&O,8.0,0.001045539033457249,0.0661764705882353,1.0,0.0,4.569640062597809,8,0.0,639
90027C,intermittent,Per period 7d,F&O,8.0,0.0017425650557620818,0.1171875,1.0,0.0,4.569640062597809,8,0.0,639
90027C,intermittent,Per period 10d,F&O,8.0,0.0016263940520446097,0.1111111111111111,1.0,0.0,4.569640062597809,8,0.0,639
90027C,intermittent,Per period 14d,F&O,7.038220458259605,0.002904275092936803,0.2336448598130841,0.995358818256675,1.9532250581937034,3.998435054773083,7,23.64485977077249,639
90027C,intermittent,Per period 21d,F&O,6.108423314922363,0.0012778810408921933,0.125,0.9918066553451508,5.540884260475027,3.427230046948357,6,67.07544058756372,639
90027C,intermittent,Per period 28d,F&O,5.101248602496937,0.0022072490706319704,0.22093023255813954,0.9691076815331972,5.174226487836845,2.856025039123631,5,62.63684730742682,639
90027C,intermittent,Per period 42d,F&O,5.096648807899045,0.0015102230483271376,0.17333333333333334,0.9805505962980868,4.939157771231662,2.856025039123631,5,59.79121166635786,639
90027C,intermittent,Per period 56d,F&O,5.19990790722993,0.002091078066914498,0.24,0.9875530826458869,10.216129044827357,2.856025039123631,5,123.67184091343103,639
90027C,intermittent,Per period 84d,F&O,4.44925074529877,0.0027881040892193307,0.41379310344827586,0.9975546205071498,22.95858953782275,2.2848200312989047,4,277.92630853229,639
90027C,intermittent,Per period 112d,F&O,3.7850416303704613,0.0025557620817843866,0.4489795918367347,1.0,40.11890631320433,1.7136150234741785,3,485.66134760206484,639
90027C,intermittent,Per requirement,F&O,8.0,0.0025557620817843866,0.16541353383458646,1.0,0.0,4.569640062597809,8,0.0,639
90027C,intermittent,Min/Max,F&O,6.670625057927225,0.004763011152416357,0.43157894736842106,0.8182679296346415,34.271741560473956,3.427230046948357,6,414.87821380243577,639
22957,intermittent,EX,SAP,96.82414414147219,0.09607342007434944,0.8060428849902534,1.0,6.769953051643192,45.69640062597809,80,10408.156968876861,639
22957,intermittent,FX,SAP,50.8598137801917,0.030320631970260224,0.6365853658536585,1.0,11.210652365637404,13.137715179968701,23,17235.308525033848,639
22957,intermittent,HB,SAP,102.7636851354107,0.03357342007434944,0.993127147766323,0.6816807743416375,36.12046645577753,7.42566510172144,13,55531.77131258458,639
22957,intermittent,TB,SAP,96.82414414147219,0.09444702602230483,0.7923976608187134,1.0,6.769953051643192,45.69640062597809,80,10408.156968876861,639
22957,intermittent,WB,SAP,39.65787016886945,0.02462825278810409,0.9592760180995475,1.0,9.117415780773882,9.710485133020343,17,14017.156968876861,639
22957,intermittent,MB,SAP,52.12289628597817,0.010455390334572491,0.9183673469387755,1.0,17.75483696803703,4.569640062597809,8,27296.368041325473,639
22957,intermittent,SP,SAP,41.03845681719625,0.02578996282527881,0.9866666666666667,1.0,10.880142353873271,7.996870109546166,14,16727.18091233327,639
22957,intermittent,WI,SAP,41.44493659638271,0.028926579925650557,0.9880952380952381,1.0,11.446102915855512,7.42566510172144,13,17597.29128420286,639
22957,intermittent,DY,SAP,44.592902209104906,0.01428903345724907,0.9919354838709677,1.0,15.127199392169722,3.998435054773083,7,23256.62594292083,639
22957,intermittent,GR,SAP,36.82932472232619,0.02300185873605948,0.9428571428571428,1.0,8.78401315850178,8.568075117370892,15,13504.582243472978,639
22957,intermittent,Per period 3d,F&O,50.208390716814655,0.04263475836431227,0.9175,1.0,7.729362174798573,17.70735524256651,31,11883.156968876861,639
22957,intermittent,Per period 5d,F&O,41.811746954270994,0.029972118959107806,0.9347826086956522,1.0,8.374544857576566,11.995305164319248,21,12875.063793743919,639
22957,intermittent,Per period 7d,F&O,41.597759835242954,0.0262546468401487,0.9377593360995851,1.0,9.898017864082423,9.710485133020343,17,15217.258203158774,639
22957,intermittent,Per period 10d,F&O,39.77105169919723,0.018703531598513012,0.9415204678362573,1.0,10.772539846464888,7.42566510172144,13,16561.752322384724,639
22957,intermittent,Per period 14d,F&O,43.11648117713475,0.015683085501858735,0.9121621621621622,1.0,13.325909533322001,5.712050078247262,10,20487.314626532512,639
22957,intermittent,Per period 21d,F&O,49.23010226657186,0.011036245353159852,0.95,1.0,16.993185941984272,3.998435054773083,7,26125.40224965886,639
22957,intermittent,Per period 28d,F&O,56.992918762286386,0.010223048327137546,0.9361702127659575,1.0,20.116905210114005,3.998435054773083,7,30927.82262412632,639
22957,intermittent,Per period 42d,F&O,71.49269669883067,0.00871282527881041,0.9493670886075949,0.9997770993608451,26.756334892459115,2.856025039123631,5,41135.31236453083,639
22957,intermittent,Per period 56d,F&O,85.5017173048594,0.00662174721189591,0.8636363636363636,1.0,32.39349604638261,2.856025039123631,5,49801.90985809098,639
22957,intermittent,Per period 84d,F&O,117.11887662938928,0.00546003717472119,0.9038461538461539,1.0,45.5184809162347,2.2848200312989047,4,69980.32198258827,639
22957,intermittent,Per period 112d,F&O,127.43194649663859,0.004182156133828996,0.9473684210526315,1.0,50.07080472107196,1.7136150234741785,3,76979.08554453064,639
22957,intermittent,Per requirement,F&O,96.82414414147219,0.09526022304832714,0.7992202729044834,1.0,6.769953051643192,45.69640062597809,80,10408.156968876861,639
22957,intermittent,Min/Max,F&O,102.7636851354107,0.03612918215613383,0.9967948717948718,0.6816807743416375,36.12046645577753,7.42566510172144,13,55531.77131258458,639
90065B,intermittent,EX,SAP,5.732830741283111,0.0012778810408921933,0.18333333333333332,1.0,22.576030255607716,2.2848200312989047,4,468.5060893098781,639
90065B,intermittent,FX,SAP,6.270958904109589,0.004065985130111524,0.603448275862069,1.0,29.58698487219614,2.2848200312989047,4,614.0,639
90065B,intermittent,HB,SAP,8.963333456911414,0.0030204460966542753,0.7222222222222222,0.901969628627274,38.60752477829943,3.427230046948357,6,801.1975642760488,639
90065B,intermittent,TB,SAP,5.732830741283111,0.002091078066914498,0.2857142857142857,1.0,22.576030255607716,2.2848200312989047,4,468.5060893098781,639
90065B,intermittent,WB,SAP,5.732830741283111,0.0022072490706319704,0.2923076923076923,1.0,22.576030255607716,2.2848200312989047,4,468.5060893098781,639
90065B,intermittent,MB,SAP,5.732830741283111,0.001045539033457249,0.15254237288135594,1.0,22.576030255607716,2.2848200312989047,4,468.5060893098781,639
90065B,intermittent,SP,SAP,12.401338768516755,0.00011617100371747211,1.0,1.0,161.56973244874644,0.0,0,3352.9545559323074,639
90065B,intermittent,WI,SAP,14.363106333457223,0.00011617100371747211,1.0,1.0,187.12844562564405,0.0,0,3883.3583790458415,639
90065B,intermittent,DY,SAP,17.270664878973616,0.0,0.0,1.0,225.0093119616853,0.0,0,4669.476059870643,639
90065B,intermittent,GR,SAP,5.732830741283111,0.0025557620817843866,0.36065573770491804,1.0,22.576030255607716,2.2848200312989047,4,468.5060893098781,639
90065B,intermittent,Per period 3d,F&O,5.732830741283111,0.0018587360594795538,0.25396825396825395,1.0,22.576030255607716,2.2848200312989047,4,468.5060893098781,639
90065B,intermittent,Per period 5d,F&O,5.732830741283111,0.002091078066914498,0.3103448275862069,1.0,22.576030255607716,2.2848200312989047,4,468.5060893098781,639
90065B,intermittent,Per period 7d,F&O,5.732830741283111,0.0015102230483271376,0.21666666666666667,1.0,22.576030255607716,2.2848200312989047,4,468.5060893098781,639
90065B,intermittent,Per period 10d,F&O,5.732830741283111,0.0012778810408921933,0.19298245614035087,1.0,22.576030255607716,2.2848200312989047,4,468.5060893098781,639
90065B,intermittent,Per period 14d,F&O,5.732830741283111,0.0017425650557620818,0.2459016393442623,1.0,22.576030255607716,2.2848200312989047,4,468.5060893098781,639
90065B,intermittent,Per period 21d,F&O,5.732830741283111,0.0013940520446096654,0.2,1.0,22.576030255607716,2.2848200312989047,4,468.5060893098781,639
90065B,intermittent,Per period 28d,F&O,5.732830741283111,0.002091078066914498,0.2903225806451613,1.0,22.576030255607716,2.2848200312989047,4,468.5060893098781,639
90065B,intermittent,Per period 42d,F&O,13.090935694359137,0.00011617100371747211,1.0,1.0,170.55408429055632,0.0,0,3539.401132178581,639
90065B,intermittent,Per period 56d,F&O,13.502000600501407,0.00011617100371747211,1.0,1.0,175.9096066373117,0.0,0,3650.5409030985284,639
90065B,intermittent,Per period 84d,F&O,12.534832148848569,0.00011617100371747211,1.0,1.0,163.30893900914182,0.0,0,3389.0472106146126,639
90065B,intermittent,Per period 112d,F&O,16.119583647932327,0.0,0.0,1.0,210.0125531441404,0.0,0,4358.257801107628,639
90065B,intermittent,Per requirement,F&O,5.732830741283111,0.0018587360594795538,0.26229508196721313,1.0,22.576030255607716,2.2848200312989047,4,468.5060893098781,639
90065B,intermittent,Min/Max,F&O,8.963333456911414,0.0026719330855018587,0.6216216216216216,0.901969628627274,38.60752477829943,3.427230046948357,6,801.1975642760488,639
23047,intermittent,EX,SAP,24.46439060559438,0.01312732342007435,0.38175675675675674,1.0,9.267605633802818,13.137715179968701,23,464.78484438430314,639
23047,intermittent,FX,SAP,22.140739058705766,0.012430297397769517,0.39194139194139194,1.0,13.547973665749277,11.424100156494523,20,679.4519621109604,639
23047,intermittent,HB,SAP,16.131919291156137,0.021723977695167287,0.8738317757009346,0.7770519341141338,38.80672926447574,5.712050078247262,10,1946.2178619756428,639
23047,intermittent,TB,SAP,24.46439060559438,0.012197955390334572,0.3547297297297297,1.0,9.267605633802818,13.137715179968701,23,464.78484438430314,639
23047,intermittent,WB,SAP,19.558911153539587,0.011152416356877323,0.41201716738197425,1.0,9.865792455884735,10.28169014084507,18,494.78484438430314,639
23047,intermittent,MB,SAP,13.020076385498033,0.007434944237918215,0.5765765765765766,0.9912657526486995,19.112985850790853,5.712050078247262,10,958.545983223289,639
23047,intermittent,SP,SAP,9.527548372247699,0.007434944237918215,0.8648648648648649,1.0,28.653238174063972,2.856025039123631,5,1437.0044833655738,639
23047,intermittent,WI,SAP,11.184117213753453,0.0070864312267657995,0.782051282051282,1.0,32.8084281017188,3.427230046948357,6,1645.3937243652263,639
23047,intermittent,DY,SAP,10.278527286898347,0.004646840148698885,0.975609756097561,0.9963043948916714,52.39184533863409,1.1424100156494523,2,2627.532573667736,639
23047,intermittent,GR,SAP,10.450730854935214,0.009177509293680297,0.7247706422018348,0.9918965265132561,15.509801135956664,4.569640062597809,8,777.8406626533504,639
23047,intermittent,Per period 3d,F&O,21.48329471518342,0.01266263940520446,0.42412451361867703,1.0,9.3872429982192,11.424100156494523,20,470.78484438430314,639
23047,intermittent,Per period 5d,F&O,19.530643744462484,0.010455390334572491,0.38961038961038963,0.9945789259997341,9.686898109925977,10.28169014084507,18,485.8130145467884,639
23047,intermittent,Per period 7d,F&O,16.689888081128167,0.011617100371747211,0.5128205128205128,0.9972282825084121,10.69469869673393,8.568075117370892,15,536.3557822711135,639
23047,intermittent,Per period 10d,F&O,15.923373632698821,0.00987453531598513,0.5059523809523809,0.9989536916670407,12.17234544267811,7.996870109546166,14,610.4620660304954,639
23047,intermittent,Per period 14d,F&O,12.363048181427748,0.009409851301115242,0.6328125,0.9902489236518139,14.954888781370201,5.712050078247262,10,750.0109445401115,639
23047,intermittent,Per period 21d,F&O,11.77325036650683,0.008596654275092937,0.6915887850467289,1.0,17.5509120465523,5.140845070422535,9,880.2055511086892,639
23047,intermittent,Per period 28d,F&O,10.54077471869656,0.0070864312267657995,0.7011494252873564,1.0,22.408299811306005,3.998435054773083,7,1123.8111063689082,639
23047,intermittent,Per period 42d,F&O,9.61735265995655,0.006854089219330855,0.8309859154929577,0.9959848279087302,29.221577467918152,2.856025039123631,5,1465.5075833775136,639
23047,intermittent,Per period 56d,F&O,9.572760629656477,0.006389405204460966,0.8870967741935484,1.0,35.268013609167,2.2848200312989047,4,1768.7457650648817,639
23047,intermittent,Per period 84d,F&O,10.561335245450824,0.003949814126394052,0.7906976744186046,1.0,47.852992809503185,1.7136150234741785,3,2399.9020561648267,639
23047,intermittent,Per period 112d,F&O,10.952565202199263,0.0045306691449814125,0.9069767441860465,1.0,50.32894761105875,1.7136150234741785,3,2524.0750424371577,639
23047,intermittent,Per requirement,F&O,24.46439060559438,0.013592007434944238,0.3952702702702703,1.0,9.267605633802818,13.137715179968701,23,464.78484438430314,639
23047,intermittent,Min/Max,F&O,16.131919291156137,0.01974907063197026,0.821256038647343,0.7770519341141338,38.80672926447574,5.712050078247262,10,1946.2178619756428,639
90003C,intermittent,EX,SAP,27.0,0.009177509293680297,0.2140921409214092,1.0,0.0,15.422535211267606,27,0.0,639
90003C,intermittent,FX,SAP,18.68366822992937,0.014521375464684015,0.42517006802721086,1.0,7.260135234889368,10.28169014084507,18,332.7185385656268,639
90003C,intermittent,HB,SAP,14.13021576732719,0.014521375464684015,0.702247191011236,0.9418747693443228,22.621578527770396,6.854460093896714,12,1036.7050067658997,639
90003C,intermittent,TB,SAP,27.0,0.008828996282527882,0.20652173913043478,1.0,0.0,15.422535211267606,27,0.0,639
90003C,intermittent,WB,SAP,21.04931506849315,0.00871282527881041,0.2568493150684932,1.0,0.5236956329169989,11.995305164319248,21,24.0,639
90003C,intermittent,MB,SAP,15.387141309474588,0.008131970260223048,0.32710280373831774,0.9979536672856184,4.111202098842649,8.568075117370892,15,188.40877061096614,639
90003C,intermittent,SP,SAP,9.79922996696255,0.008131970260223048,0.7608695652173914,1.0,40.34548066017633,3.427230046948357,6,1848.9585839217748,639
90003C,intermittent,WI,SAP,8.1831844387391,0.006389405204460966,0.859375,0.9941022168413575,44.42284050681751,2.2848200312989047,4,2035.8164268530288,639
90003C,intermittent,DY,SAP,9.071803882805751,0.004879182156133829,0.8235294117647058,1.0,64.47881498523084,1.7136150234741785,3,2954.9445562987994,639
90003C,intermittent,GR,SAP,14.781701809984591,0.011617100371747211,0.5780346820809249,0.9899447956319557,8.301191433792736,7.996870109546166,14,380.42821419250146,639
90003C,intermittent,Per period 3d,F&O,24.006164383561643,0.008131970260223048,0.20958083832335328,1.0,0.06546195411462487,13.708920187793428,24,3.0,639
90003C,intermittent,Per period 5d,F&O,22.03082191780822,0.008248141263940521,0.23278688524590163,1.0,0.32730977057312427,12.566510172143975,22,15.0,639
90003C,intermittent,Per period 7d,F&O,21.04931506849315,0.00766728624535316,0.22602739726027396,1.0,0.5236956329169989,11.995305164319248,21,24.0,639
90003C,intermittent,Per period 10d,F&O,19.127001165732285,0.009061338289962825,0.2899628252788104,0.9924362507629152,1.348674105128819,10.852895148669797,19,61.80723398971273,639
90003C,intermittent,Per period 14d,F&O,16.276989278068434,0.008828996282527882,0.3333333333333333,0.9952250912677584,2.941455415587998,9.139280125195619,16,134.80144865997121,639
90003C,intermittent,Per period 21d,F&O,13.576324834389043,0.008828996282527882,0.39790575916230364,0.9869287244374993,6.12021453347618,7.42566510172144,13,280.4780860693339,639
90003C,intermittent,Per period 28d,F&O,11.293984024500823,0.00766728624535316,0.4125,0.9823215318698482,13.741312815768728,5.712050078247262,10,629.7388919237341,639
90003C,intermittent,Per period 42d,F&O,13.284062793254733,0.010223048327137546,0.5866666666666667,0.9874832744597856,13.63595545471267,6.854460093896714,12,624.9105593839702,639
90003C,intermittent,Per period 56d,F&O,12.050136827157573,0.008364312267657992,0.5179856115107914,0.9969976540617876,21.771189538423766,5.712050078247262,10,997.7332558833527,639
90003C,intermittent,Per period 84d,F&O,10.814274774575301,0.008364312267657992,0.75,1.0,40.5052472444196,3.998435054773083,7,1856.2803902933133,639
90003C,intermittent,Per period 112d,F&O,9.868913365491723,0.007434944237918215,0.7191011235955056,0.9926291520924567,41.085475404411774,3.427230046948357,6,1882.8711712059721,639
90003C,intermittent,Per requirement,F&O,27.0,0.008364312267657992,0.1951219512195122,1.0,0.0,15.422535211267606,27,0.0,639
90003C,intermittent,Min/Max,F&O,14.13021576732719,0.015683085501858735,0.7336956521739131,0.9418747693443228,22.621578527770396,6.854460093896714,12,1036.7050067658997,639
17084A,intermittent,EX,SAP,14.0,0.02253717472118959,0.9107981220657277,1.0,0.0,7.996870109546166,14,0.0,639
17084A,intermittent,FX,SAP,14.430676767938902,0.011617100371747211,0.47619047619047616,1.0,9.793012979839816,7.996870109546166,14,3742.786197564273,639
17084A,intermittent,HB,SAP,14.601329430737575,0.015683085501858735,0.9712230215827338,0.9139769155189112,36.41208690048789,7.42566510172144,13,13916.315290933693,639
17084A,intermittent,TB,SAP,14.0,0.022072490706319704,0.892018779342723,1.0,0.0,7.996870109546166,14,0.0,639
17084A,intermittent,WB,SAP,14.0,0.022072490706319704,0.926829268292683,1.0,0.0,7.996870109546166,14,0.0,639
17084A,intermittent,MB,SAP,12.091906097836926,0.01742565055762082,0.9259259259259259,0.9998665494249326,2.08982159253856,6.854460093896714,12,798.7077550113746,639
17084A,intermittent,SP,SAP,7.319074833318469,0.008015799256505576,1.0,1.0,75.4713171070294,2.2848200312989047,4,28844.340813362887,639
17084A,intermittent,WI,SAP,7.5435242818219,0.0070864312267657995,0.953125,1.0,80.57499700374444,2.2848200312989047,4,30794.91340154746,639
17084A,intermittent,DY,SAP,6.357455341307255,0.0032527881040892194,1.0,1.0,121.8213602452247,0.5712050078247262,1,46558.838085170195,639
17084A,intermittent,GR,SAP,10.381001072273824,0.016496282527881042,0.9530201342281879,1.0,8.663454181581859,5.712050078247262,10,3311.080747141566,639
17084A,intermittent,Per period 3d,F&O,14.0,0.022072490706319704,0.926829268292683,1.0,0.0,7.996870109546166,14,0.0,639
17084A,intermittent,Per period 5d,F&O,14.0,0.02242100371747212,0.9414634146341463,1.0,0.0,7.996870109546166,14,0.0,639
17084A,intermittent,Per period 7d,F&O,13.014383561643836,0.020910780669144983,0.9375,1.0,0.32706293062548236,7.42566510172144,13,125.0,639
17084A,intermittent,Per period 10d,F&O,13.014383561643836,0.01963289962825279,0.8802083333333334,1.0,0.32706293062548236,7.42566510172144,13,125.0,639
17084A,intermittent,Per period 14d,F&O,13.017793547819453,0.019865241635687734,0.9293478260869565,1.0,0.4046014499161968,7.42566510172144,13,154.63440366905385,639
17084A,intermittent,Per period 21d,F&O,11.11941081229967,0.01742565055762082,0.9146341463414634,1.0,2.715241967613558,6.283255086071987,11,1037.7368211756943,639
17084A,intermittent,Per period 28d,F&O,12.281805093404138,0.015102230483271376,0.935251798561151,1.0,6.40787045630284,6.854460093896714,12,2449.0204545835745,639
17084A,intermittent,Per period 42d,F&O,9.864701541963136,0.01150092936802974,0.9166666666666666,1.0,19.662155134715313,5.140845070422535,9,7514.66816229868,639
17084A,intermittent,Per period 56d,F&O,9.746486605509606,0.012430297397769517,0.963963963963964,0.9992831643971616,16.974105782434965,5.140845070422535,9,6487.3240716906175,639
17084A,intermittent,Per period 84d,F&O,9.610550358790915,0.010455390334572491,0.9375,1.0,36.62175845659406,4.569640062597809,8,13996.449546635336,639
17084A,intermittent,Per period 112d,F&O,6.804965690206025,0.008015799256505576,0.9857142857142858,1.0,41.04250274967403,2.856025039123631,5,15686.011355361885,639
17084A,intermittent,Per requirement,F&O,14.0,0.022885687732342008,0.9248826291079812,1.0,0.0,7.996870109546166,14,0.0,639
17084A,intermittent,Min/Max,F&O,14.601329430737575,0.01475371747211896,0.9338235294117647,0.9139769155189112,36.41208690048789,7.42566510172144,13,13916.315290933693,639
90123A,intermittent,EX,SAP,15.663507664930394,0.00766728624535316,0.3333333333333333,0.9881795749422908,6.361121685065347,8.568075117370892,15,203.5128552097429,639
90123A,intermittent,FX,SAP,16.82326520473798,0.007899628252788104,0.3541666666666667,1.0,17.479846043226285,8.568075117370892,15,559.2368064952625,639
90123A,intermittent,HB,SAP,16.438821398780284,0.008248141263940521,0.6396396396396397,0.9355249542306774,32.9683627289261,7.42566510172144,13,1054.7645466847089,639
90123A,intermittent,TB,SAP,15.663507664930394,0.006854089219330855,0.295,0.9881795749422908,6.361121685065347,8.568075117370892,15,203.5128552097429,639
90123A,intermittent,WB,SAP,12.70589122657423,0.007434944237918215,0.4,0.9881795749422908,6.767457598443514,6.854460093896714,12,216.5128552097429,639
90123A,intermittent,MB,SAP,11.946387775384078,0.006273234200743495,0.39705882352941174,0.9881795749422908,9.073124725858221,6.283255086071987,11,290.2786033741082,639
90123A,intermittent,SP,SAP,10.732517501285123,0.0060408921933085506,0.6582278481012658,1.0,45.37117096534843,3.427230046948357,6,1451.5704940916548,639
90123A,intermittent,WI,SAP,11.032821822690124,0.00662174721189591,0.7402597402597403,1.0,57.83733293039709,2.856025039123631,5,1850.4033321696593,639
90123A,intermittent,DY,SAP,9.182462880654626,0.00546003717472119,0.8545454545454545,0.9876435594203028,59.271958374993844,1.7136150234741785,3,1896.3016398646541,639
90123A,intermittent,GR,SAP,11.153920201475094,0.007783457249070632,0.49264705882352944,0.9786426466105399,11.062761147165077,5.712050078247262,10,353.93350717513385,639
90123A,intermittent,Per period 3d,F&O,13.679809034793408,0.00766728624535316,0.3728813559322034,0.9881795749422908,6.517404728672335,7.42566510172144,13,208.5128552097429,639
90123A,intermittent,Per period 5d,F&O,12.70589122657423,0.00766728624535316,0.4,0.9881795749422908,6.767457598443514,6.854460093896714,12,216.5128552097429,639
90123A,intermittent,Per period 7d,F&O,12.70589122657423,0.008131970260223048,0.43209876543209874,0.9881795749422908,6.767457598443514,6.854460093896714,12,216.5128552097429,639
90123A,intermittent,Per period 10d,F&O,12.70589122657423,0.008480483271375464,0.4506172839506173,0.9881795749422908,6.767457598443514,6.854460093896714,12,216.5128552097429,639
90123A,intermittent,Per period 14d,F&O,11.985439195887242,0.006854089219330855,0.46825396825396826,0.9847473148649395,9.447515031991824,6.283255086071987,11,302.2565600830618,639
90123A,intermittent,Per period 21d,F&O,9.792873273442995,0.007318773234200744,0.5943396226415094,0.9717134529639266,17.188475222013807,4.569640062597809,8,549.9149116022631,639
90123A,intermittent,Per period 28d,F&O,10.581239426300664,0.006389405204460966,0.4824561403508772,0.9845767593493989,15.159518021508656,5.140845070422535,9,485.00200890734664,639
90123A,intermittent,Per period 42d,F&O,9.656405624433878,0.0070864312267657995,0.5495495495495496,0.9881795749422908,15.88014471235369,4.569640062597809,8,508.0571873263576,639
90123A,intermittent,Per period 56d,F&O,10.091750678616899,0.00662174721189591,0.5533980582524272,0.9876787823597741,20.05384610424352,4.569640062597809,8,641.5873930211494,639
90123A,intermittent,Per period 84d,F&O,11.228718229951841,0.008131970260223048,0.7865168539325843,1.0,40.54119138985334,3.998435054773083,7,1297.043826833968,639
90123A,intermittent,Per period 112d,F&O,10.171985653762931,0.005808550185873606,0.7246376811594203,0.994234580590905,59.17151203698943,2.2848200312989047,4,1893.0880366583776,639
90123A,intermittent,Per requirement,F&O,15.663507664930394,0.007318773234200744,0.3181818181818182,0.9881795749422908,6.361121685065347,8.568075117370892,15,203.5128552097429,639
90123A,intermittent,Min/Max,F&O,16.438821398780284,0.007783457249070632,0.6090909090909091,0.9355249542306774,32.9683627289261,7.42566510172144,13,1054.7645466847089,639
90124A,intermittent,EX,SAP,13.0,0.004763011152416357,0.19523809523809524,1.0,0.0,7.42566510172144,13,0.0,639
90124A,intermittent,FX,SAP,14.814176766085236,0.007783457249070632,0.32682926829268294,1.0,12.827490871152872,7.42566510172144,13,332.75101488498046,639
90124A,intermittent,HB,SAP,13.026720744434352,0.007551115241635688,0.5909090909090909,0.9206134415877312,35.542410015649445,4.569640062597809,8,921.9864682002706,639
90124A,intermittent,TB,SAP,13.0,0.005692379182156134,0.23333333333333334,1.0,0.0,7.42566510172144,13,0.0,639
90124A,intermittent,WB,SAP,12.054520547945206,0.00546003717472119,0.23737373737373738,1.0,0.3854981742305686,6.854460093896714,12,10.0,639
90124A,intermittent,MB,SAP,8.718872352908763,0.0045306691449814125,0.3305084745762712,0.988297336257484,5.0829272631243105,4.569640062597809,8,131.85347176467258,639
90124A,intermittent,SP,SAP,7.315413071663267,0.006273234200743495,0.6923076923076923,0.9882097297747016,23.44227514424211,2.2848200312989047,4,608.1034025915038,639
90124A,intermittent,WI,SAP,14.010887440529523,0.0060408921933085506,0.6842105263157895,1.0,63.713238172375455,2.856025039123631,5,1652.7507114539076,639
90124A,intermittent,DY,SAP,8.447693734026458,0.0045306691449814125,0.65,0.9818359750756387,31.448286538263222,2.2848200312989047,4,815.7830215676672,639
90124A,intermittent,GR,SAP,8.60265160038162,0.007434944237918215,0.4444444444444444,0.9816526866094133,4.261165751263789,4.569640062597809,8,110.53660006999571,639
90124A,intermittent,Per period 3d,F&O,13.0,0.006389405204460966,0.2619047619047619,1.0,0.0,7.42566510172144,13,0.0,639
90124A,intermittent,Per period 5d,F&O,13.0,0.004995353159851301,0.20476190476190476,1.0,0.0,7.42566510172144,13,0.0,639
90124A,intermittent,Per period 7d,F&O,12.054520547945206,0.0070864312267657995,0.32620320855614976,1.0,0.3854981742305686,6.854460093896714,12,10.0,639
90124A,intermittent,Per period 10d,F&O,11.348767590502161,0.00546003717472119,0.29375,0.9916284356797355,2.466029312553919,6.283255086071987,11,63.969934941351326,639
90124A,intermittent,Per period 14d,F&O,10.472730641777044,0.004763011152416357,0.2733333333333333,1.0,3.342534258662402,5.712050078247262,10,86.70687650684472,639
90124A,intermittent,Per period 21d,F&O,9.694463194176862,0.005343866171003717,0.36220472440944884,0.9996275868892373,4.91033754272919,5.140845070422535,9,127.37641501233907,639
90124A,intermittent,Per period 28d,F&O,7.870031738886392,0.005808550185873606,0.4807692307692308,0.9738776058549027,6.1517292012624685,3.998435054773083,7,159.57868577564483,639
90124A,intermittent,Per period 42d,F&O,7.093778765538001,0.004298327137546468,0.42528735632183906,0.9860372637340847,14.804471374147543,2.856025039123631,5,384.0347987042062,639
90124A,intermittent,Per period 56d,F&O,9.470010707770207,0.005343866171003717,0.5542168674698795,1.0,17.464692745427627,3.998435054773083,7,453.0421649930279,639
90124A,intermittent,Per period 84d,F&O,7.48033562765374,0.004298327137546468,0.5441176470588235,0.9860853444655151,17.537697106428894,2.856025039123631,5,454.93593170533416,639
90124A,intermittent,Per period 112d,F&O,7.436341487092642,0.0032527881040892194,0.5185185185185185,0.9969111241261004,24.297323105379103,2.2848200312989047,4,630.2837400948815,639
90124A,intermittent,Per requirement,F&O,13.0,0.0045306691449814125,0.18571428571428572,1.0,0.0,7.42566510172144,13,0.0,639
90124A,intermittent,Min/Max,F&O,13.026720744434352,0.007318773234200744,0.5478260869565217,0.9206134415877312,35.542410015649445,4.569640062597809,8,921.9864682002706,639
37506,intermittent,EX,SAP,15.0,0.0045306691449814125,0.1625,1.0,0.0,8.568075117370892,15,0.0,639
37506,intermittent,FX,SAP,14.182062987747234,0.008596654275092937,0.3274336283185841,1.0,22.76553438276719,6.854460093896714,12,669.2882273342353,639
37506,intermittent,HB,SAP,9.098747029491893,0.011384758364312268,0.6712328767123288,0.837126337802928,32.329328914664295,3.427230046948357,6,950.4560216508746,639
37506,intermittent,TB,SAP,15.0,0.0033689591078066915,0.12083333333333333,1.0,0.0,8.568075117370892,15,0.0,639
37506,intermittent,WB,SAP,13.039123287671233,0.005111524163568773,0.20465116279069767,1.0,0.40817453742060206,7.42566510172144,13,12.0,639
37506,intermittent,MB,SAP,7.7279668141565105,0.00383364312267658,0.38823529411764707,0.9962648182324739,7.594901535955691,3.998435054773083,7,223.28393879590436,639
37506,intermittent,SP,SAP,4.629606407385658,0.003949814126394052,0.6071428571428571,1.0,17.00173684537717,1.7136150234741785,3,499.8372594082062,639
37506,intermittent,WI,SAP,4.672424322070212,0.005227695167286246,0.8823529411764706,1.0,27.881490191189762,1.1424100156494523,2,819.6931744164935,639
37506,intermittent,DY,SAP,6.25635605465761,0.001045539033457249,0.75,1.0,65.27276695169364,0.0,0,1918.9663528991828,639
37506,intermittent,GR,SAP,5.645762738420268,0.007202602230483271,0.5961538461538461,0.9990842849516542,6.737263730316974,2.856025039123631,5,198.07008363310763,639
37506,intermittent,Per period 3d,F&O,15.0,0.003949814126394052,0.14166666666666666,1.0,0.0,8.568075117370892,15,0.0,639
37506,intermittent,Per period 5d,F&O,12.052164383561644,0.0045306691449814125,0.20207253886010362,1.0,0.5442327165608027,6.854460093896714,12,16.0,639
37506,intermittent,Per period 7d,F&O,11.07172602739726,0.0055762081784386614,0.26373626373626374,1.0,0.7483199852711038,6.283255086071987,11,22.0,639
37506,intermittent,Per period 10d,F&O,9.175844962506478,0.0045306691449814125,0.2727272727272727,0.9776185528664948,1.8345962341401305,5.140845070422535,9,53.93563976039036,639
37506,intermittent,Per period 14d,F&O,7.385271682022965,0.004646840148698885,0.3389830508474576,0.975820754644083,4.01955203541373,3.998435054773083,7,118.17156633477495,639
37506,intermittent,Per period 21d,F&O,5.905646122178334,0.007434944237918215,0.6530612244897959,1.0,9.448635556738076,2.856025039123631,5,277.7822139454552,639
37506,intermittent,Per period 28d,F&O,6.070940113946174,0.004879182156133829,0.5526315789473685,1.0,11.173153168734475,2.856025039123631,5,328.481631588532,639
37506,intermittent,Per period 42d,F&O,4.488486970058996,0.005924721189591078,0.7611940298507462,1.0,15.529433149023445,1.7136150234741785,3,456.5527261105323,639
37506,intermittent,Per period 56d,F&O,5.27355980363882,0.004763011152416357,0.8367346938775511,1.0,23.720123649800257,1.7136150234741785,3,697.3523767463605,639
37506,intermittent,Per period 84d,F&O,3.9092892822056555,0.0030204460966542753,0.8125,1.0,30.352710052539088,0.5712050078247262,1,892.3450319370287,639
37506,intermittent,Per period 112d,F&O,4.9979665620118965,0.0032527881040892194,0.7777777777777778,1.0,31.277883007552386,1.1424100156494523,2,919.5443656591111,639
37506,intermittent,Per requirement,F&O,15.0,0.004414498141263941,0.15833333333333333,1.0,0.0,8.568075117370892,15,0.0,639
37506,intermittent,Min/Max,F&O,9.098747029491893,0.009061338289962825,0.5777777777777777,0.837126337802928,32.329328914664295,3.427230046948357,6,950.4560216508746,639
90024D,intermittent,EX,SAP,8.098514097169444,0.0027881040892193307,0.22857142857142856,1.0,1.6307772561293692,4.569640062597809,8,21.15155615696888,639
90024D,intermittent,FX,SAP,7.228219178082192,0.006737918215613383,0.5523809523809524,1.0,3.777882107459572,3.998435054773083,7,49.0,639
90024D,intermittent,HB,SAP,11.199572543422248,0.0027881040892193307,0.375,0.9358592692828147,36.411163275952,5.140845070422535,9,472.26116373477663,639
90024D,intermittent,TB,SAP,8.098514097169444,0.0025557620817843866,0.21359223300970873,1.0,1.6307772561293692,4.569640062597809,8,21.15155615696888,639
90024D,intermittent,WB,SAP,8.098514097169444,0.001974907063197026,0.1619047619047619,1.0,1.6307772561293692,4.569640062597809,8,21.15155615696888,639
90024D,intermittent,MB,SAP,7.162191570639114,0.0026719330855018587,0.24731182795698925,0.9804231066312432,2.684877922387385,3.998435054773083,7,34.82348428428023,639
90024D,intermittent,SP,SAP,6.17787621227699,0.0022072490706319704,0.4634146341463415,1.0,52.605752868669406,1.7136150234741785,3,682.3087161653535,639
90024D,intermittent,WI,SAP,6.1540214624243195,0.0025557620817843866,0.4583333333333333,1.0,52.21086741949883,1.7136150234741785,3,677.1869610499274,639
90024D,intermittent,DY,SAP,6.422923409174043,0.0016263940520446097,0.45161290322580644,1.0,73.21594683933598,1.1424100156494523,2,949.6276731461915,639
90024D,intermittent,GR,SAP,7.183281555531141,0.0036013011152416356,0.31958762886597936,1.0,3.0339961570586653,3.998435054773083,7,39.3516280993333,639
90024D,intermittent,Per period 3d,F&O,8.098514097169444,0.002091078066914498,0.16981132075471697,1.0,1.6307772561293692,4.569640062597809,8,21.15155615696888,639
90024D,intermittent,Per period 5d,F&O,8.098514097169444,0.0026719330855018587,0.2169811320754717,1.0,1.6307772561293692,4.569640062597809,8,21.15155615696888,639
90024D,intermittent,Per period 7d,F&O,8.098514097169444,0.0022072490706319704,0.1792452830188679,1.0,1.6307772561293692,4.569640062597809,8,21.15155615696888,639
90024D,intermittent,Per period 10d,F&O,8.098514097169444,0.0016263940520446097,0.1320754716981132,1.0,1.6307772561293692,4.569640062597809,8,21.15155615696888,639
90024D,intermittent,Per period 14d,F&O,7.1914759326760676,0.002091078066914498,0.1956521739130435,0.999594529175986,3.1696437878044197,3.998435054773083,7,41.11100907456748,639
90024D,intermittent,Per period 21d,F&O,7.202594085470199,0.002904275092936803,0.26595744680851063,1.0,3.3536908554606844,3.998435054773083,7,43.49814188036625,639
90024D,intermittent,Per period 28d,F&O,6.486484565096607,0.0025557620817843866,0.26506024096385544,0.9645983828457217,8.053141499667563,3.427230046948357,6,104.4510978001537,639
90024D,intermittent,Per period 42d,F&O,6.664409993472552,0.0026719330855018587,0.2804878048780488,1.0,10.998473692922087,3.427230046948357,6,142.65273389263626,639
90024D,intermittent,Per period 56d,F&O,5.710277158741558,0.001974907063197026,0.24285714285714285,1.0,11.757747056562291,2.856025039123631,5,152.50068408274637,639
90024D,intermittent,Per period 84d,F&O,5.869771118066367,0.0017425650557620818,0.25862068965517243,1.0,30.951714537520722,2.2848200312989047,4,401.4508577024846,639
90024D,intermittent,Per period 112d,F&O,6.1675791869477115,0.001974907063197026,0.29310344827586204,1.0,35.8815534070601,2.2848200312989047,4,465.3920019034792,639
90024D,intermittent,Per requirement,F&O,8.098514097169444,0.0024395910780669145,0.19626168224299065,1.0,1.6307772561293692,4.569640062597809,8,21.15155615696888,639
90024D,intermittent,Min/Max,F&O,11.199572543422248,0.004065985130111524,0.5833333333333334,0.9358592692828147,36.411163275952,5.140845070422535,9,472.26116373477663,639
90064B,intermittent,EX,SAP,10.34734090866962,0.0034851301115241635,0.23255813953488372,1.0,9.309188464118037,5.712050078247262,10,169.03924221921508,639
90064B,intermittent,FX,SAP,10.73972602739726,0.006505576208178439,0.43410852713178294,1.0,19.825620389000672,5.712050078247262,10,360.0,639
90064B,intermittent,HB,SAP,13.164365024931877,0.006157063197026022,0.5353535353535354,0.8847090663058187,31.206498248751764,6.854460093896714,12,566.657645466847,639
90064B,intermittent,TB,SAP,10.34734090866962,0.004065985130111524,0.2713178294573643,1.0,9.309188464118037,5.712050078247262,10,169.03924221921508,639
90064B,intermittent,WB,SAP,10.34734090866962,0.0033689591078066915,0.2248062015503876,1.0,9.309188464118037,5.712050078247262,10,169.03924221921508,639
90064B,intermittent,MB,SAP,9.388044975720366,0.003949814126394052,0.29310344827586204,1.0,10.400110442997024,5.140845070422535,9,188.8485548505779,639
90064B,intermittent,SP,SAP,5.487832868362084,0.0036013011152416356,0.6888888888888889,1.0,66.6771591273713,1.7136150234741785,3,1210.7453292695473,639
90064B,intermittent,WI,SAP,11.848305077015223,0.002091078066914498,0.782608695652174,1.0,263.94739498211004,1.1424100156494523,2,4792.841804147409,639
90064B,intermittent,DY,SAP,6.545767982930412,0.0027881040892193307,0.8571428571428571,1.0,121.832498882255,1.1424100156494523,2,2212.273751692801,639
90064B,intermittent,GR,SAP,8.387575375310671,0.0031366171003717473,0.2621359223300971,0.991239237014794,10.38752454076797,4.569640062597809,8,188.6200159845269,639
90064B,intermittent,Per period 3d,F&O,10.34734090866962,0.0045306691449814125,0.3023255813953488,1.0,9.309188464118037,5.712050078247262,10,169.03924221921508,639
90064B,intermittent,Per period 5d,F&O,9.404247017548414,0.004065985130111524,0.3017241379310345,1.0,10.834346253165581,5.140845070422535,9,196.73354854022858,639
90064B,intermittent,Per period 7d,F&O,9.351590498227587,0.004995353159851301,0.3706896551724138,0.984468893081295,9.423082995694505,5.140845070422535,9,171.10737580409278,639
90064B,intermittent,Per period 10d,F&O,9.363657455393357,0.0034851301115241635,0.25862068965517243,1.0,9.746493154534827,5.140845070422535,9,176.97996162476704,639
90064B,intermittent,Per period 14d,F&O,8.3797825553336,0.004646840148698885,0.3883495145631068,0.9939413402156856,10.17866682195978,4.569640062597809,8,184.8275102623522,639
90064B,intermittent,Per period 21d,F&O,8.390098753125548,0.00383364312267658,0.32038834951456313,1.0,10.455154350728534,4.569640062597809,8,189.84805985443327,639
90064B,intermittent,Per period 28d,F&O,8.388870980923969,0.004763011152416357,0.39805825242718446,1.0,10.422248457612525,4.569640062597809,8,189.25054404966505,639
90064B,intermittent,Per period 42d,F&O,8.720568644982896,0.00383364312267658,0.4024390243902439,0.9895315577727753,19.31217760433828,4.569640062597809,8,350.6767405583429,639
90064B,intermittent,Per period 56d,F&O,6.492550711713121,0.004879182156133829,0.6363636363636364,0.9976090096351097,40.00230183311611,2.856025039123631,5,726.3746797003857,639
90064B,intermittent,Per period 84d,F&O,7.347287711971495,0.004414498141263941,0.5428571428571428,1.0,36.10906436034788,3.427230046948357,6,655.6800198261276,639
90064B,intermittent,Per period 112d,F&O,5.663563638151287,0.004414498141263941,0.6666666666666666,1.0,44.58567085840847,2.2848200312989047,4,809.6009705669599,639
90064B,intermittent,Per requirement,F&O,10.34734090866962,0.0037174721189591076,0.24806201550387597,1.0,9.309188464118037,5.712050078247262,10,169.03924221921508,639
90064B,intermittent,Min/Max,F&O,13.164365024931877,0.006970260223048327,0.5555555555555556,0.8847090663058187,31.206498248751764,6.854460093896714,12,566.657645466847,639
90035A,intermittent,EX,SAP,7.2826759597382615,0.0031366171003717473,0.27,0.9696887686062247,2.312467396974438,3.998435054773083,7,47.98917456021648,639
90035A,intermittent,FX,SAP,7.518356164383562,0.006389405204460966,0.5188679245283019,1.0,4.240479916536255,3.998435054773083,7,88.0,639
90035A,intermittent,HB,SAP,13.65850204830667,0.0055762081784386614,0.6075949367088608,0.8372575552548489,38.109480959833064,5.140845070422535,9,790.8619756427602,639
90035A,intermittent,TB,SAP,7.2826759597382615,0.0036013011152416356,0.2980769230769231,0.9696887686062247,2.312467396974438,3.998435054773083,7,47.98917456021648,639
90035A,intermittent,WB,SAP,6.341580069327303,0.0037174721189591076,0.35555555555555557,0.9696887686062247,2.794340114762649,3.427230046948357,6,57.98917456021648,639
90035A,intermittent,MB,SAP,5.885664619950103,0.0027881040892193307,0.3287671232876712,0.9398627232601567,7.245294436020458,2.856025039123631,5,150.35701687525,639
90035A,intermittent,SP,SAP,12.04115604892949,0.002904275092936803,0.78125,0.98064281039047,57.601091423675435,2.856025039123631,5,1195.3590501670994,639
90035A,intermittent,WI,SAP,7.950030403967916,0.002904275092936803,0.6410256410256411,1.0,48.67499639135416,1.1424100156494523,2,1010.121440673623,639
90035A,intermittent,DY,SAP,9.2240188166335,0.002904275092936803,0.7142857142857143,0.9808216573921744,59.097024041460045,1.1424100156494523,2,1226.4031944517337,639
90035A,intermittent,GR,SAP,6.762658660868839,0.005924721189591078,0.6071428571428571,0.9696887686062247,6.2390282141869005,3.427230046948357,6,129.47460986843072,639
90035A,intermittent,Per period 3d,F&O,7.2826759597382615,0.0031366171003717473,0.2571428571428571,0.9696887686062247,2.312467396974438,3.998435054773083,7,47.98917456021648,639
90035A,intermittent,Per period 5d,F&O,7.2826759597382615,0.004065985130111524,0.33653846153846156,0.9696887686062247,2.312467396974438,3.998435054773083,7,47.98917456021648,639
90035A,intermittent,Per period 7d,F&O,6.341580069327303,0.0036013011152416356,0.3333333333333333,0.9696887686062247,2.794340114762649,3.427230046948357,6,57.98917456021648,639
90035A,intermittent,Per period 10d,F&O,6.341580069327303,0.002904275092936803,0.2840909090909091,0.9696887686062247,2.794340114762649,3.427230046948357,6,57.98917456021648,639
90035A,intermittent,Per period 14d,F&O,6.341580069327303,0.004065985130111524,0.38461538461538464,0.9696887686062247,2.794340114762649,3.427230046948357,6,57.98917456021648,639
90035A,intermittent,Per period 21d,F&O,5.55493826841196,0.0030204460966542753,0.3880597014925373,0.994725517066831,4.539744569097185,2.856025039123631,5,94.2104502187746,639
90035A,intermittent,Per period 28d,F&O,6.266013071290321,0.0032527881040892194,0.4057971014492754,1.0,10.356784334306717,2.856025039123631,5,214.9278004748685,639
90035A,intermittent,Per period 42d,F&O,4.730728419546043,0.00383364312267658,0.559322033898305,0.970964293602738,14.158448588706072,1.7136150234741785,3,293.82133634153763,639
90035A,intermittent,Per period 56d,F&O,7.122166882269319,0.0031366171003717473,0.6428571428571429,0.9674467054138459,41.90255134563801,1.1424100156494523,2,869.5771683852565,639
90035A,intermittent,Per period 84d,F&O,10.254056056210814,0.0032527881040892194,0.7368421052631579,0.9743059784640948,59.34274758046198,1.7136150234741785,3,1231.5025397753245,639
90035A,intermittent,Per period 112d,F&O,10.957132076657539,0.002904275092936803,0.7142857142857143,0.9872633321525198,73.27498212739204,1.1424100156494523,2,1520.6293990604659,639
90035A,intermittent,Per requirement,F&O,7.2826759597382615,0.0036013011152416356,0.30392156862745096,0.9696887686062247,2.312467396974438,3.998435054773083,7,47.98917456021648,639
90035A,intermittent,Min/Max,F&O,13.65850204830667,0.006157063197026022,0.6883116883116883,0.8372575552548489,38.109480959833064,5.140845070422535,9,790.8619756427602,639
22157,intermittent,EX,SAP,64.50420060429681,0.07109665427509294,0.8523676880222841,1.0,11.69238947899282,31.987480438184665,56,18259.018944519623,639
22157,intermittent,FX,SAP,40.05991365599568,0.02462825278810409,0.5905292479108635,1.0,27.580290528701898,11.424100156494523,20,43069.81461434366,639
22157,intermittent,HB,SAP,37.46648369696184,0.031017657992565055,0.996268656716418,0.7273728475926209,33.638865059435,7.42566510172144,13,52530.979702300414,639
22157,intermittent,TB,SAP,64.50420060429681,0.06900557620817843,0.8261474269819193,1.0,11.69238947899282,31.987480438184665,56,18259.018944519623,639
22157,intermittent,WB,SAP,26.994145809776263,0.02520910780669145,0.9601769911504425,1.0,13.740908846706425,9.710485133020343,17,21458.018944519623,639
22157,intermittent,MB,SAP,25.245646658724755,0.010571561338289962,1.0,1.0,20.961175175342074,5.712050078247262,10,32733.300179026675,639
22157,intermittent,SP,SAP,23.883720068499766,0.015218401486988848,0.9924242424242424,1.0,21.838459610460983,4.569640062597809,8,34103.28132354361,639
22157,intermittent,WI,SAP,23.96540461997367,0.013011152416356878,0.9911504424778761,1.0,23.325663129960777,3.998435054773083,7,36425.72168406111,639
22157,intermittent,DY,SAP,22.89846800546628,0.007318773234200744,0.984375,1.0,25.983423811116417,2.2848200312989047,4,40576.12248232466,639
22157,intermittent,GR,SAP,24.099521118935726,0.020213754646840148,0.9720670391061452,1.0,15.260684688850167,7.42566510172144,13,23831.324755361995,639
22157,intermittent,Per period 3d,F&O,36.90195402895435,0.03868494423791822,0.9098360655737705,1.0,12.23925898197107,15.993740219092333,28,19113.018944519623,639
22157,intermittent,Per period 5d,F&O,30.641012706664444,0.028345724907063198,0.9606299212598425,1.0,13.255387635292085,11.995305164319248,21,20699.821399603068,639
22157,intermittent,Per period 7d,F&O,27.52622762130314,0.02730018587360595,0.9915611814345991,1.0,14.472465881228505,9.710485133020343,17,22600.429892797914,639
22157,intermittent,Per period 10d,F&O,23.190003284389775,0.017890334572490705,0.9685534591194969,1.0,15.38508823582869,6.854460093896714,12,24025.59528707216,639
22157,intermittent,Per period 14d,F&O,20.87190737712654,0.015450743494423791,0.9925373134328358,0.9999149074993332,16.322635291758793,5.140845070422535,9,25489.683486183447,639
22157,intermittent,Per period 21d,F&O,22.90608801780754,0.012430297397769517,0.9727272727272728,1.0,20.49431743464443,4.569640062597809,8,32004.247802939713,639
22157,intermittent,Per period 28d,F&O,22.321553187423326,0.010106877323420074,1.0,1.0,22.440434515741305,3.427230046948357,6,35043.33478476184,639
22157,intermittent,Per period 42d,F&O,27.068794627627554,0.00766728624535316,0.9850746268656716,1.0,30.34229248869677,2.856025039123631,5,47383.00022990621,639
22157,intermittent,Per period 56d,F&O,28.56683504387786,0.006157063197026022,0.9636363636363636,1.0,33.77683770230642,2.2848200312989047,4,52746.43994714951,639
22157,intermittent,Per period 84d,F&O,41.18866872357401,0.006737918215613383,1.0,1.0,51.13054349888782,2.2848200312989047,4,79846.25931826184,639
22157,intermittent,Per period 112d,F&O,45.48715901498217,0.004879182156133829,1.0,1.0,58.415415413421975,1.7136150234741785,3,91222.42964981464,639
22157,intermittent,Per requirement,F&O,64.50420060429681,0.07016728624535316,0.84593837535014,1.0,11.69238947899282,31.987480438184665,56,18259.018944519623,639
22157,intermittent,Min/Max,F&O,37.46648369696184,0.03171468401486989,0.9963503649635036,0.7273728475926209,33.638865059435,7.42566510172144,13,52530.979702300414,639
20837,intermittent,EX,SAP,14.0,0.017657992565055763,0.8,1.0,0.0,7.996870109546166,14,0.0,639
20837,intermittent,FX,SAP,13.52828045303724,0.008945167286245352,0.41847826086956524,1.0,8.141584862711623,7.42566510172144,13,1161.5805142083898,639
20837,intermittent,HB,SAP,11.380522527666043,0.015683085501858735,0.9246575342465754,0.7085139874623734,36.68738085076113,5.140845070422535,9,5234.2814614343715,639
20837,intermittent,TB,SAP,14.0,0.017774163568773236,0.8052631578947368,1.0,0.0,7.996870109546166,14,0.0,639
20837,intermittent,WB,SAP,11.049117808219178,0.015683085501858735,0.8823529411764706,1.0,0.756978233034571,6.283255086071987,11,108.0,639
20837,intermittent,MB,SAP,9.15208930340034,0.011384758364312268,0.7716535433070866,0.9992289734480898,2.3439216106246383,5.140845070422535,9,334.4132273561688,639
20837,intermittent,SP,SAP,7.498718565852192,0.008248141263940521,0.9342105263157895,1.0,38.50895700372357,2.856025039123631,5,5494.170340578613,639
20837,intermittent,WI,SAP,9.212944822983918,0.006854089219330855,1.0,1.0,80.33920698172214,2.2848200312989047,4,11462.197954151387,639
20837,intermittent,DY,SAP,9.877150009228771,0.0030204460966542753,0.9629629629629629,1.0,121.39855811005138,1.1424100156494523,2,17320.2394781235,639
20837,intermittent,GR,SAP,8.309461645222315,0.011152416356877323,0.8495575221238938,1.0,4.769262674487469,4.569640062597809,8,680.442774133405,639
20837,intermittent,Per period 3d,F&O,13.010915068493151,0.016147769516728624,0.7853107344632768,1.0,0.16821738511879356,7.42566510172144,13,24.0,639
20837,intermittent,Per period 5d,F&O,12.03303853649064,0.016147769516728624,0.8424242424242424,1.0,0.5091728210496145,6.854460093896714,12,72.64497481375658,639
20837,intermittent,Per period 7d,F&O,11.066816601838612,0.01428903345724907,0.8661971830985915,1.0,1.0297428780101399,6.283255086071987,11,146.91602211501908,639
20837,intermittent,Per period 10d,F&O,10.145366383336986,0.013824349442379182,0.85,1.0,2.2403114469202445,5.712050078247262,10,319.6309031204818,639
20837,intermittent,Per period 14d,F&O,9.190242965448936,0.01312732342007435,0.8828125,1.0,2.931926098782313,5.140845070422535,9,418.3053155955523,639
20837,intermittent,Per period 21d,F&O,9.24046054618832,0.011268587360594795,0.8362068965517241,1.0,3.7058534565695656,5.140845070422535,9,528.7234901128717,639
20837,intermittent,Per period 28d,F&O,8.471576971750295,0.009758364312267658,0.8316831683168316,1.0,7.26770016329742,4.569640062597809,8,1036.9011728244432,639
20837,intermittent,Per period 42d,F&O,7.923153546155528,0.010339219330855019,0.8725490196078431,1.0,14.227164556490935,3.998435054773083,7,2029.8255683540215,639
20837,intermittent,Per period 56d,F&O,6.567023760001155,0.00766728624535316,0.8918918918918919,1.0,24.15015897443303,2.856025039123631,5,3445.564291568805,639
20837,intermittent,Per period 84d,F&O,8.1133467432816,0.006970260223048327,0.8333333333333334,1.0,47.98128829439607,2.856025039123631,5,6845.611815046888,639
20837,intermittent,Per period 112d,F&O,6.574696927096047,0.006273234200743495,0.9,1.0,39.679896174840344,2.2848200312989047,4,5661.231195120828,639
20837,intermittent,Per requirement,F&O,14.0,0.018471189591078067,0.8368421052631579,1.0,0.0,7.996870109546166,14,0.0,639
20837,intermittent,Min/Max,F&O,11.380522527666043,0.015566914498141264,0.9305555555555556,0.7085139874623734,36.68738085076113,5.140845070422535,9,5234.2814614343715,639
90187B,intermittent,EX,SAP,11.010769607207074,0.00383364312267658,0.21568627450980393,1.0,0.3065869967278418,6.283255086071987,11,5.832205683355887,639
90187B,intermittent,FX,SAP,11.018465753424657,0.006970260223048327,0.39215686274509803,1.0,0.5256793284962299,6.283255086071987,11,10.0,639
90187B,intermittent,HB,SAP,12.285783654327396,0.005227695167286246,0.5,0.9411722811765544,36.603428652724425,6.283255086071987,11,696.3071718538565,639
90187B,intermittent,TB,SAP,11.010769607207074,0.0034851301115241635,0.19607843137254902,1.0,0.3065869967278418,6.283255086071987,11,5.832205683355887,639
90187B,intermittent,WB,SAP,10.014462757892005,0.00383364312267658,0.2357142857142857,1.0,0.4117228624270878,5.712050078247262,10,7.832205683355887,639
90187B,intermittent,MB,SAP,9.035360807551564,0.0037174721189591076,0.25,0.9931870164570648,1.0066443075087073,5.140845070422535,9,19.14939874825089,639
90187B,intermittent,SP,SAP,5.08534573082834,0.005111524163568773,0.7857142857142857,1.0,59.36519990570883,1.7136150234741785,3,1129.3044388016979,639
90187B,intermittent,WI,SAP,5.54893761420373,0.004414498141263941,0.6666666666666666,0.9858815263597754,72.56263974716477,1.7136150234741785,3,1380.3593904812483,639
90187B,intermittent,DY,SAP,5.379491679369286,0.0024395910780669145,0.7777777777777778,1.0,96.20668465643124,1.1424100156494523,2,1830.1401527741682,639
90187B,intermittent,GR,SAP,8.276679485232917,0.005343866171003717,0.4380952380952381,0.9971306460382521,7.87645554779846,4.569640062597809,8,149.8338458605558,639
90187B,intermittent,Per period 3d,F&O,10.014462757892005,0.0032527881040892194,0.2,1.0,0.4117228624270878,5.712050078247262,10,7.832205683355887,639
90187B,intermittent,Per period 5d,F&O,10.014462757892005,0.0034851301115241635,0.21428571428571427,1.0,0.4117228624270878,5.712050078247262,10,7.832205683355887,639
90187B,intermittent,Per period 7d,F&O,10.014462757892005,0.0027881040892193307,0.17142857142857143,1.0,0.4117228624270878,5.712050078247262,10,7.832205683355887,639
90187B,intermittent,Per period 10d,F&O,10.014462757892005,0.004065985130111524,0.25,1.0,0.4117228624270878,5.712050078247262,10,7.832205683355887,639
90187B,intermittent,Per period 14d,F&O,9.049349562466972,0.0037174721189591076,0.25,1.0,1.4048733492010905,5.140845070422535,9,26.724911424991788,639
90187B,intermittent,Per period 21d,F&O,9.040516758811762,0.004763011152416357,0.3203125,1.0,1.153422883713479,5.140845070422535,9,21.941568199247754,639
90187B,intermittent,Per period 28d,F&O,5.503275617209011,0.004995353159851301,0.5375,0.9780162975565702,14.327148338810069,2.856025039123631,5,272.54540101081454,639
90187B,intermittent,Per period 42d,F&O,6.36798451628895,0.0032527881040892194,0.3181818181818182,0.97858678930207,10.475708679261373,3.427230046948357,6,199.2794487321467,639
90187B,intermittent,Per period 56d,F&O,5.6575021104816905,0.004065985130111524,0.5,0.9833767589978091,18.717636912736957,2.856025039123631,5,356.0656829759894,639
90187B,intermittent,Per period 84d,F&O,5.385681568810957,0.004065985130111524,0.546875,0.9861138666098087,39.44730224922602,2.2848200312989047,4,750.4061908249247,639
90187B,intermittent,Per period 112d,F&O,6.508369417479771,0.00383364312267658,0.5689655172413793,0.9822995316820892,42.93995507631018,2.856025039123631,5,816.8469397331104,639
90187B,intermittent,Per requirement,F&O,11.010769607207074,0.005227695167286246,0.29411764705882354,1.0,0.3065869967278418,6.283255086071987,11,5.832205683355887,639
90187B,intermittent,Min/Max,F&O,12.285783654327396,0.00546003717472119,0.5053763440860215,0.9411722811765544,36.603428652724425,6.283255086071987,11,696.3071718538565,639
21277,intermittent,EX,SAP,39.0,0.00929368029739777,0.1509433962264151,1.0,0.0,22.27699530516432,39,0.0,639
21277,intermittent,FX,SAP,33.52685246630952,0.021607806691449814,0.5224719101123596,1.0,19.10973503858398,12.566510172143975,22,958.3829499323404,639
21277,intermittent,HB,SAP,30.00249615363227,0.026370817843866173,0.822463768115942,0.9359154390175404,19.898278560250393,10.28169014084507,18,997.9296346414075,639
21277,intermittent,TB,SAP,39.0,0.010223048327137546,0.1651031894934334,1.0,0.0,22.27699530516432,39,0.0,639
21277,intermittent,WB,SAP,35.34879452054795,0.009409851301115242,0.1683991683991684,1.0,0.5782472613458529,19.992175273865413,35,29.0,639
21277,intermittent,MB,SAP,22.72769632780855,0.008015799256505576,0.2653846153846154,0.9836837710117217,6.1799428193367785,10.852895148669797,19,309.933749350825,639
21277,intermittent,SP,SAP,23.885229794667026,0.01591542750929368,0.7210526315789474,1.0,16.388179056141166,7.996870109546166,14,821.8926822445248,639
21277,intermittent,WI,SAP,31.808098661688632,0.01428903345724907,0.7068965517241379,0.9964699300459061,31.180912834177043,7.42566510172144,13,1563.7713010287816,639
21277,intermittent,DY,SAP,26.08770791238076,0.01312732342007435,0.7337662337662337,1.0,26.670926558857573,5.712050078247262,10,1337.5884710749383,639
21277,intermittent,GR,SAP,26.679946824602794,0.01428903345724907,0.37272727272727274,0.987497707486657,2.7850914888431997,14.280125195618153,25,139.6766722050158,639
21277,intermittent,Per period 3d,F&O,36.07216438356164,0.008131970260223048,0.14583333333333334,1.0,0.11963736441638335,20.56338028169014,36,6.0,639
21277,intermittent,Per period 5d,F&O,31.324510010007398,0.009526022304832713,0.19664268585131894,0.9951929273785838,0.5379873063123403,17.70735524256651,31,26.98090060425975,639
21277,intermittent,Per period 7d,F&O,28.323001235433356,0.006970260223048327,0.16483516483516483,1.0,2.1933310189182214,15.422535211267606,27,109.99896376609895,639
21277,intermittent,Per period 10d,F&O,26.30331052498381,0.008828996282527882,0.2177650429799427,0.9829470370901057,2.1606868725207535,14.280125195618153,25,108.36180902485002,639
21277,intermittent,Per period 14d,F&O,24.55116239208502,0.009177509293680297,0.265993265993266,0.9885305479700771,4.22943188486505,12.566510172143975,22,212.1125906858843,639
21277,intermittent,Per period 21d,F&O,23.789116992752014,0.010803903345724907,0.36186770428015563,0.9951524479999836,6.281768763270195,11.424100156494523,20,315.04047889623814,639
21277,intermittent,Per period 28d,F&O,25.0605123028513,0.013940520446096654,0.5633802816901409,0.9927002521643536,13.363080236599142,9.710485133020343,17,670.1792689158829,639
21277,intermittent,Per period 42d,F&O,22.066336395717634,0.00987453531598513,0.4857142857142857,0.9957432590471142,16.68842573405529,6.854460093896714,12,836.9505203728784,639
21277,intermittent,Per period 56d,F&O,23.596617022442814,0.012314126394052044,0.7162162162162162,0.9993901723638813,20.883238888062913,6.283255086071987,11,1047.3269278340836,639
21277,intermittent,Per period 84d,F&O,31.65567644678718,0.010687732342007435,0.7796610169491526,1.0,40.87529058537593,3.998435054773083,7,2049.9594312249023,639
21277,intermittent,Per period 112d,F&O,39.66635505263868,0.007202602230483271,0.6458333333333334,1.0,54.155754275225405,3.998435054773083,7,2715.9953517569747,639
21277,intermittent,Per requirement,F&O,39.0,0.009061338289962825,0.14634146341463414,1.0,0.0,22.27699530516432,39,0.0,639
21277,intermittent,Min/Max,F&O,30.00249615363227,0.02300185873605948,0.7644787644787645,0.9359154390175404,19.898278560250393,10.28169014084507,18,997.9296346414075,639
90197B,intermittent,EX,SAP,31.510845073868797,0.007899628252788104,0.17480719794344474,0.9957510148849797,9.78878129890454,17.136150234741784,30,541.7077131258459,639
90197B,intermittent,FX,SAP,21.507303197582814,0.01475371747211896,0.508,1.0,35.681875978090765,9.139280125195619,16,1974.6224627875508,639
90197B,intermittent,HB,SAP,17.05661309804067,0.015218401486988848,0.7572254335260116,0.92,26.282839397496083,7.42566510172144,13,1454.4830852503383,639
90197B,intermittent,TB,SAP,31.510845073868797,0.00987453531598513,0.21963824289405684,0.9957510148849797,9.78878129890454,17.136150234741784,30,541.7077131258459,639
90197B,intermittent,WB,SAP,24.566625895786604,0.008480483271375464,0.24579124579124578,0.9957510148849797,10.150185837245699,13.137715179968701,23,561.7077131258459,639
90197B,intermittent,MB,SAP,15.990825178958145,0.006970260223048327,0.3191489361702128,0.9706099836328369,12.898577503563482,7.996870109546166,14,713.8027409820462,639
90197B,intermittent,SP,SAP,14.084839228814047,0.008480483271375464,0.8295454545454546,0.9978093762776326,52.38175933221951,3.427230046948357,6,2898.788132138632,639
90197B,intermittent,WI,SAP,13.784287939350284,0.008015799256505576,0.7752808988764045,1.0,56.91349496525012,2.856025039123631,5,3149.572787684532,639
90197B,intermittent,DY,SAP,19.441447940181693,0.0032527881040892194,0.875,0.9983966527854868,113.00332666504362,1.1424100156494523,2,6253.564340045499,639
90197B,intermittent,GR,SAP,14.212421169919228,0.010803903345724907,0.5886075949367089,0.986562683165335,14.3343002853028,6.854460093896714,12,793.2551345977582,639
90197B,intermittent,Per period 3d,F&O,25.53594644373181,0.009409851301115242,0.25878594249201275,0.9957510148849797,9.95141334115806,13.708920187793428,24,550.7077131258459,639
90197B,intermittent,Per period 5d,F&O,22.57778206017017,0.008480483271375464,0.27137546468401486,0.9957510148849797,10.22246674491393,11.995305164319248,21,565.7077131258459,639
90197B,intermittent,Per period 7d,F&O,20.622406717704415,0.008480483271375464,0.29554655870445345,0.9957510148849797,10.511590375586856,10.852895148669797,19,581.7077131258459,639
90197B,intermittent,Per period 10d,F&O,18.736998713234673,0.006854089219330855,0.271889400921659,0.9957510148849797,11.254033133121485,9.710485133020343,17,622.7942341165578,639
90197B,intermittent,Per period 14d,F&O,16.966796371608147,0.008248141263940521,0.36787564766839376,0.9912417921086012,12.742894605236696,8.568075117370892,15,705.1873041620568,639
90197B,intermittent,Per period 21d,F&O,15.132609052363502,0.0070864312267657995,0.3696969696969697,0.9993181997702594,13.817196726990975,7.42566510172144,13,764.6388056116684,639
90197B,intermittent,Per period 28d,F&O,12.794699028305539,0.008015799256505576,0.5348837209302325,0.9909996642498687,18.106884721338155,5.712050078247262,10,1002.0286299916716,639
90197B,intermittent,Per period 42d,F&O,14.203287362100026,0.00929368029739777,0.6557377049180327,1.0,27.233143513971957,5.712050078247262,10,1507.0725807136635,639
90197B,intermittent,Per period 56d,F&O,13.935415840228668,0.006273234200743495,0.5869565217391305,1.0,38.45562234205467,4.569640062597809,8,2128.1206106910254,639
90197B,intermittent,Per period 84d,F&O,14.7735409844106,0.008248141263940521,0.8352941176470589,1.0,63.32287596324629,2.856025039123631,5,3504.265677121679,639
90197B,intermittent,Per period 112d,F&O,14.584705642957509,0.003949814126394052,0.5862068965517241,0.9983995762915069,68.57842041135018,2.2848200312989047,4,3795.1056578383996,639
90197B,intermittent,Per requirement,F&O,31.510845073868797,0.008248141263940521,0.18251928020565553,0.9957510148849797,9.78878129890454,17.136150234741784,30,541.7077131258459,639
90197B,intermittent,Min/Max,F&O,17.05661309804067,0.016844795539033456,0.8055555555555556,0.92,26.282839397496083,7.42566510172144,13,1454.4830852503383,639
84563B,intermittent,EX,SAP,45.0,0.02474442379182156,0.34299516908212563,1.0,0.0,25.704225352112676,45,0.0,639
84563B,intermittent,FX,SAP,24.02790360909781,0.02032992565055762,0.5043227665706052,1.0,11.413392636520847,11.995305164319248,21,1312.5710419485752,639
84563B,intermittent,HB,SAP,20.374414636587762,0.0262546468401487,0.8560606060606061,0.8217807848443843,24.027745419887747,7.996870109546166,14,2763.2557510148845,639
84563B,intermittent,TB,SAP,45.0,0.022304832713754646,0.30917874396135264,1.0,0.0,25.704225352112676,45,0.0,639
84563B,intermittent,WB,SAP,26.30219726027397,0.02242100371747212,0.5230352303523035,1.0,1.139103627613635,14.85133020344288,26,131.0,639
84563B,intermittent,MB,SAP,17.8929962206332,0.016147769516728624,0.6123348017621145,0.9986634071033503,10.904872157372242,8.568075117370892,15,1254.0898106070294,639
84563B,intermittent,SP,SAP,14.576520123796243,0.015450743494423791,0.9047619047619048,1.0,24.7895626958984,4.569640062597809,8,2850.8667995078717,639
84563B,intermittent,WI,SAP,16.06362866847711,0.01312732342007435,0.9495798319327731,0.9967452665089667,34.164480135409185,3.998435054773083,7,3929.0076769526663,639
84563B,intermittent,DY,SAP,20.742477559508206,0.007434944237918215,1.0,1.0,66.87856975462455,1.7136150234741785,3,7691.216519264244,639
84563B,intermittent,GR,SAP,19.52198200168921,0.02253717472118959,0.7461538461538462,1.0,5.73696537723429,10.28169014084507,18,659.7665446752511,639
84563B,intermittent,Per period 3d,F&O,33.0876602739726,0.021723977695167287,0.4100877192982456,1.0,0.3304270064833445,18.849765258215964,33,38.0,639
84563B,intermittent,Per period 5d,F&O,28.205309589041097,0.020678438661710038,0.45524296675191817,1.0,0.7738948309741491,15.993740219092333,28,89.0,639
84563B,intermittent,Per period 7d,F&O,25.35954661325407,0.021026951672862452,0.5098591549295775,1.0,1.3552765206494621,14.280125195618153,25,155.8604677407792,639
84563B,intermittent,Per period 10d,F&O,24.692626023752982,0.01858736059479554,0.517799352750809,1.0,2.6107874555889268,13.708920187793428,24,300.2476231233236,639
84563B,intermittent,Per period 14d,F&O,20.3646272470865,0.017309479553903346,0.5068027210884354,0.9972457894138507,5.143831701476615,10.852895148669797,19,591.5545667298959,639
84563B,intermittent,Per period 21d,F&O,18.146857767121194,0.015450743494423791,0.5807860262008734,0.9987419616610045,8.092374723322012,9.139280125195619,16,930.6449940608495,639
84563B,intermittent,Per period 28d,F&O,16.171057501373973,0.014986059479553903,0.6789473684210526,1.0,11.95299752192236,7.42566510172144,13,1374.6270641347978,639
84563B,intermittent,Per period 42d,F&O,18.57376431067676,0.016031598513011152,0.8363636363636363,1.0,24.77917492230118,6.854460093896714,12,2849.6721774311372,639
84563B,intermittent,Per period 56d,F&O,16.114204611961306,0.011965613382899629,0.8174603174603174,1.0,34.35512131011937,3.998435054773083,7,3950.9319279879765,639
84563B,intermittent,Per period 84d,F&O,18.623626789176498,0.008945167286245352,0.8850574712643678,1.0,51.35295628668487,2.856025039123631,5,5905.728952552756,639
84563B,intermittent,Per period 112d,F&O,21.000225908651736,0.00929368029739777,0.9302325581395349,1.0,64.08072325089954,2.2848200312989047,4,7369.456599356155,639
84563B,intermittent,Per requirement,F&O,45.0,0.02358271375464684,0.32689210950080516,1.0,0.0,25.704225352112676,45,0.0,639
84563B,intermittent,Min/Max,F&O,20.374414636587762,0.02474442379182156,0.8223938223938224,0.8217807848443843,24.027745419887747,7.996870109546166,14,2763.2557510148845,639
90016B,intermittent,EX,SAP,24.0,0.006273234200743495,0.1565217391304348,1.0,0.0,13.708920187793428,24,0.0,639
90016B,intermittent,FX,SAP,21.657704042856874,0.013011152416356878,0.3745819397993311,1.0,11.124814955800836,11.424100156494523,20,355.9188092016227,639
90016B,intermittent,HB,SAP,16.98011826422229,0.016263940520446097,0.7291666666666666,0.8704927167077927,26.710485133020345,7.42566510172144,13,854.5548037889039,639
90016B,intermittent,TB,SAP,24.0,0.005227695167286246,0.13043478260869565,1.0,0.0,13.708920187793428,24,0.0,639
90016B,intermittent,WB,SAP,22.018630136986303,0.006505576208178439,0.1755485893416928,1.0,0.12502643488558982,12.566510172143975,22,4.0,639
90016B,intermittent,MB,SAP,15.019149528985889,0.006389405204460966,0.2644230769230769,0.9786406042863796,6.83948981792916,7.996870109546166,14,218.81739887049952,639
90016B,intermittent,SP,SAP,12.821248573212282,0.009758364312267658,0.7368421052631579,1.0,32.355291925614466,4.569640062597809,8,1035.1504289544016,639
90016B,intermittent,WI,SAP,15.391406716412149,0.0055762081784386614,0.7058823529411765,1.0,76.44747707072683,2.2848200312989047,4,2445.8020302884906,639
90016B,intermittent,DY,SAP,15.513644447060964,0.00546003717472119,0.7704918032786885,1.0,70.55683400703077,2.856025039123631,5,2257.341307751324,639
90016B,intermittent,GR,SAP,16.648794111707687,0.011384758364312268,0.4066390041493776,0.9866555584843406,4.354042851172783,9.139280125195619,16,139.29991221959148,639
90016B,intermittent,Per period 3d,F&O,23.004657534246576,0.005808550185873606,0.15060240963855423,1.0,0.031256608721397454,13.137715179968701,23,1.0,639
90016B,intermittent,Per period 5d,F&O,20.09315068493151,0.00546003717472119,0.16040955631399317,1.0,0.6251321744279491,11.424100156494523,20,20.0,639
90016B,intermittent,Per period 7d,F&O,19.12109589041096,0.005692379182156134,0.175,1.0,0.8126718267563338,10.852895148669797,19,26.0,639
90016B,intermittent,Per period 10d,F&O,18.230051935138523,0.006854089219330855,0.23228346456692914,1.0,1.5438734191836165,10.28169014084507,18,49.393503720917785,639
90016B,intermittent,Per period 14d,F&O,18.30433719169037,0.00766728624535316,0.25680933852140075,0.993144458263611,2.0424001234192315,10.28169014084507,18,65.34298527469674,639
90016B,intermittent,Per period 21d,F&O,15.754092080915065,0.0070864312267657995,0.2785388127853881,0.9865153519235997,5.060695180158413,8.568075117370892,15,161.90800560823456,639
90016B,intermittent,Per period 28d,F&O,12.89331746563797,0.0070864312267657995,0.3765432098765432,0.9817034097758637,12.706011394837866,6.283255086071987,11,406.5063970340347,639
90016B,intermittent,Per period 42d,F&O,12.215183027079217,0.008480483271375464,0.5407407407407407,0.9916506423759963,21.577021772622977,5.140845070422535,9,690.3187087552436,639
90016B,intermittent,Per period 56d,F&O,13.484187553646544,0.008015799256505576,0.5476190476190477,1.0,30.093282921268838,5.140845070422535,9,962.781445341758,639
90016B,intermittent,Per period 84d,F&O,11.248804217881304,0.007434944237918215,0.6530612244897959,1.0,35.224608345965194,3.427230046948357,6,1126.9491408980448,639
90016B,intermittent,Per period 112d,F&O,11.646873262581327,0.007318773234200744,0.6847826086956522,1.0,37.89604084985666,3.427230046948357,6,1212.4169063777551,639
90016B,intermittent,Per requirement,F&O,24.0,0.005924721189591078,0.14782608695652175,1.0,0.0,13.708920187793428,24,0.0,639
90016B,intermittent,Min/Max,F&O,16.98011826422229,0.014521375464684015,0.6906077348066298,0.8704927167077927,26.710485133020345,7.42566510172144,13,854.5548037889039,639
90023,intermittent,EX,SAP,15.058833670083601,0.004414498141263941,0.1958762886597938,1.0,0.9130477308294213,8.568075117370892,15,25.26387009472261,639
90023,intermittent,FX,SAP,13.865378056240385,0.006854089219330855,0.32065217391304346,1.0,13.429919796557133,7.42566510172144,13,371.60351826793,639
90023,intermittent,HB,SAP,10.865531540215397,0.0060408921933085506,0.49056603773584906,0.9209430623503695,28.951437793427232,5.140845070422535,9,801.0811907983763,639
90023,intermittent,TB,SAP,15.058833670083601,0.0060408921933085506,0.26804123711340205,1.0,0.9130477308294213,8.568075117370892,15,25.26387009472261,639
90023,intermittent,WB,SAP,13.091436409809628,0.005343866171003717,0.27218934911242604,1.0,1.4190140845070425,7.42566510172144,13,39.263870094722606,639
90023,intermittent,MB,SAP,11.153267322741211,0.005692379182156134,0.34507042253521125,0.9936871082615476,2.3785764348936973,6.283255086071987,11,65.81479153004915,639
90023,intermittent,SP,SAP,8.32622025718489,0.004646840148698885,0.6451612903225806,1.0,51.62006473072391,2.856025039123631,5,1428.3181104382172,639
90023,intermittent,WI,SAP,8.146876042071618,0.003949814126394052,0.7906976744186046,1.0,79.87506957149196,1.7136150234741785,3,2210.1291239484003,639
90023,intermittent,DY,SAP,6.520808184479239,0.004182156133828996,0.8372093023255814,0.9983945908764658,70.15903730786312,1.1424100156494523,2,1941.2882203940258,639
90023,intermittent,GR,SAP,10.31570981454043,0.007202602230483271,0.47692307692307695,0.9898811649220948,4.899543566755436,5.712050078247262,10,135.5695085967729,639
90023,intermittent,Per period 3d,F&O,14.063491204330177,0.00662174721189591,0.3149171270718232,1.0,0.985328638497653,7.996870109546166,14,27.26387009472261,639
90023,intermittent,Per period 5d,F&O,14.063491204330177,0.005343866171003717,0.2541436464088398,1.0,0.985328638497653,7.996870109546166,14,27.26387009472261,639
90023,intermittent,Per period 7d,F&O,13.091436409809628,0.005227695167286246,0.26627218934911245,1.0,1.4190140845070425,7.42566510172144,13,39.263870094722606,639
90023,intermittent,Per period 10d,F&O,13.091436409809628,0.004414498141263941,0.2261904761904762,1.0,1.4190140845070425,7.42566510172144,13,39.263870094722606,639
90023,intermittent,Per period 14d,F&O,11.17990236236203,0.006157063197026022,0.3464052287581699,0.9815858207389867,2.7919292386841983,6.283255086071987,11,77.25219089663666,639
90023,intermittent,Per period 21d,F&O,11.16015947007334,0.006737918215613383,0.4084507042253521,0.9967161504825554,2.4855366070740317,6.283255086071987,11,68.77436067855183,639
90023,intermittent,Per period 28d,F&O,10.362644917035931,0.005227695167286246,0.3543307086614173,0.997942424813195,5.627935808287714,5.712050078247262,10,155.72399378601784,639
90023,intermittent,Per period 42d,F&O,8.222171272534622,0.006854089219330855,0.5566037735849056,0.9698660883525791,18.967042264862734,3.998435054773083,7,524.8147229119259,639
90023,intermittent,Per period 56d,F&O,7.997240435210146,0.005924721189591078,0.53125,0.9917497430412434,15.47630999674403,3.998435054773083,7,428.2267751196508,639
90023,intermittent,Per period 84d,F&O,7.322484560767658,0.005227695167286246,0.7894736842105263,0.9942337549289627,51.56208994975284,2.2848200312989047,4,1426.7139584472884,639
90023,intermittent,Per period 112d,F&O,6.652039417453178,0.004995353159851301,0.8113207547169812,0.9942260656009636,56.67649660928916,1.7136150234741785,3,1568.2286910240118,639
90023,intermittent,Per requirement,F&O,15.058833670083601,0.004646840148698885,0.20618556701030927,1.0,0.9130477308294213,8.568075117370892,15,25.26387009472261,639
90023,intermittent,Min/Max,F&O,10.865531540215397,0.00929368029739777,0.6779661016949152,0.9209430623503695,28.951437793427232,5.140845070422535,9,801.0811907983763,639
84711A,intermittent,EX,SAP,19.0,0.008248141263940521,0.26296296296296295,1.0,0.0,10.852895148669797,19,0.0,639
84711A,intermittent,FX,SAP,17.85671440487887,0.008364312267657992,0.3116883116883117,1.0,13.772015933987788,8.568075117370892,15,523.9702300405963,639
84711A,intermittent,HB,SAP,19.115427475114465,0.009642193308550186,0.5570469798657718,0.8656371885696093,29.482038696827434,7.42566510172144,13,1121.6738836265226,639
84711A,intermittent,TB,SAP,19.0,0.006854089219330855,0.21851851851851853,1.0,0.0,10.852895148669797,19,0.0,639
84711A,intermittent,WB,SAP,15.09813698630137,0.007202602230483271,0.2818181818181818,1.0,0.4731113956466069,8.568075117370892,15,18.0,639
84711A,intermittent,MB,SAP,12.978811737207774,0.006273234200743495,0.2983425414364641,1.0,4.718781414823065,6.854460093896714,12,179.53079602052136,639
84711A,intermittent,SP,SAP,13.329215843296652,0.008364312267657992,0.6260869565217392,0.9898642003456163,25.691768622090784,4.569640062597809,8,977.4692375895867,639
84711A,intermittent,WI,SAP,14.051611240923659,0.008596654275092937,0.7872340425531915,1.0,33.99531370879407,3.998435054773083,7,1293.3859813754452,639
84711A,intermittent,DY,SAP,15.002474895692513,0.009061338289962825,0.78,1.0,38.579359416044866,3.998435054773083,7,1467.7906215717423,639
84711A,intermittent,GR,SAP,13.589846957513164,0.010106877323420074,0.43283582089552236,0.9954766415698072,2.8436100170223235,7.42566510172144,13,108.18800979512807,639
84711A,intermittent,Per period 3d,F&O,17.0272602739726,0.007434944237918215,0.26229508196721313,1.0,0.13141983212405747,9.710485133020343,17,5.0,639
84711A,intermittent,Per period 5d,F&O,15.076328767123288,0.007551115241635688,0.2981651376146789,1.0,0.36797552994736094,8.568075117370892,15,14.0,639
84711A,intermittent,Per period 7d,F&O,15.09813698630137,0.00929368029739777,0.36363636363636365,1.0,0.4731113956466069,8.568075117370892,15,18.0,639
84711A,intermittent,Per period 10d,F&O,14.285851929374212,0.009177509293680297,0.38164251207729466,0.9977845725561132,1.378071717417527,7.996870109546166,14,52.430127749541526,639
84711A,intermittent,Per period 14d,F&O,14.309731313023754,0.006854089219330855,0.28502415458937197,1.0,1.4931925189766961,7.996870109546166,14,56.81001470033666,639
84711A,intermittent,Per period 21d,F&O,11.908570144229465,0.009526022304832713,0.48520710059171596,0.9893811125852325,4.3801517162876324,6.283255086071987,11,166.64728776068077,639
84711A,intermittent,Per period 28d,F&O,11.347484831394235,0.008596654275092937,0.4805194805194805,0.993428622426758,6.496128047338052,5.712050078247262,10,247.1517404316058,639
84711A,intermittent,Per period 42d,F&O,11.022719797565237,0.00662174721189591,0.4830508474576271,0.9854952439350901,14.57231606525048,4.569640062597809,8,554.4184553323173,639
84711A,intermittent,Per period 56d,F&O,12.228072132180799,0.008364312267657992,0.6545454545454545,0.9964581334409992,20.383233505945356,4.569640062597809,8,775.5006674602972,639
84711A,intermittent,Per period 84d,F&O,15.028451203756875,0.008015799256505576,0.7666666666666667,0.9986979846158,38.704589340309475,3.998435054773083,7,1472.5551202870652,639
84711A,intermittent,Per period 112d,F&O,16.154263518569266,0.00662174721189591,0.7916666666666666,1.0,53.773907061650554,2.856025039123631,5,2045.8825046622019,639
84711A,intermittent,Per requirement,F&O,19.0,0.009061338289962825,0.28888888888888886,1.0,0.0,10.852895148669797,19,0.0,639
84711A,intermittent,Min/Max,F&O,19.115427475114465,0.01312732342007435,0.710691823899371,0.8656371885696093,29.482038696827434,7.42566510172144,13,1121.6738836265226,639
16156L,intermittent,EX,SAP,26.0,0.04356412639405204,0.9375,1.0,0.0,14.85133020344288,26,0.0,639
16156L,intermittent,FX,SAP,20.90893617810073,0.01312732342007435,0.3294460641399417,1.0,15.387488674738506,10.28169014084507,18,12640.02029769961,639
16156L,intermittent,HB,SAP,19.524901106641703,0.023350371747211895,0.9710144927536232,1.0,23.935507783543365,8.568075117370892,15,19661.772665764547,639
16156L,intermittent,TB,SAP,26.0,0.04379646840148699,0.9448621553884712,1.0,0.0,14.85133020344288,26,0.0,639
16156L,intermittent,WB,SAP,25.017260273972603,0.04031133828996283,0.917989417989418,1.0,0.0913021991598715,14.280125195618153,25,75.0,639
16156L,intermittent,MB,SAP,19.863328174702556,0.028810408921933085,0.9649805447470817,1.0,4.566773451692487,10.852895148669797,19,3751.3664734099116,639
16156L,intermittent,SP,SAP,13.801001476794815,0.0170771375464684,0.9865771812080537,1.0,30.685734942662783,4.569640062597809,8,25206.732607501275,639
16156L,intermittent,WI,SAP,14.42083588475783,0.012778810408921933,0.990990990990991,1.0,39.25422255511928,3.998435054773083,7,32245.298784959617,639
16156L,intermittent,DY,SAP,15.196333254624419,0.008945167286245352,0.9871794871794872,1.0,59.225586470795875,2.2848200312989047,4,48650.73378497515,639
16156L,intermittent,GR,SAP,19.86072531248124,0.02799721189591078,0.964,1.0,4.553005011788604,10.852895148669797,19,3740.0564173291905,639
16156L,intermittent,Per period 3d,F&O,26.0,0.04402881040892193,0.9475,1.0,0.0,14.85133020344288,26,0.0,639
16156L,intermittent,Per period 5d,F&O,25.034340155862246,0.03961431226765799,0.9316939890710383,1.0,0.18165017280100432,14.280125195618153,25,149.21615344905234,639
16156L,intermittent,Per period 7d,F&O,24.20477889390307,0.03763940520446097,0.9501466275659824,1.0,1.0832251784968068,13.708920187793428,24,889.8130508883446,639
16156L,intermittent,Per period 10d,F&O,21.342468335620747,0.03438661710037175,0.9736842105263158,1.0,1.8115652297540135,11.995305164319248,21,1488.106458352062,639
16156L,intermittent,Per period 14d,F&O,21.695254876805677,0.028694237918215612,0.96484375,1.0,3.677710987076046,11.995305164319248,21,3021.0479765960945,639
16156L,intermittent,Per period 21d,F&O,18.232712194427062,0.02404739776951673,0.981042654028436,0.9995843435321153,6.520715398899901,9.710485133020343,17,5356.427987689019,639
16156L,intermittent,Per period 28d,F&O,19.275105725817987,0.02427973977695167,0.9720930232558139,1.0,12.03469634480401,9.710485133020343,17,9885.87607051864,639
16156L,intermittent,Per period 42d,F&O,16.431374222084486,0.01974907063197026,0.9883720930232558,0.9985374798043832,18.151045175418183,7.42566510172144,13,14910.137988819497,639
16156L,intermittent,Per period 56d,F&O,15.196404399189966,0.018006505576208177,0.9748427672955975,1.0,22.197848702654635,6.283255086071987,11,18234.376258384975,639
16156L,intermittent,Per period 84d,F&O,13.377144656128916,0.011617100371747211,0.970873786407767,1.0,33.73337714044369,3.998435054773083,7,27710.211898655405,639
16156L,intermittent,Per period 112d,F&O,14.950956651065628,0.011733271375464684,0.9805825242718447,1.0,47.3481491733086,3.427230046948357,6,38894.037829035165,639
16156L,intermittent,Per requirement,F&O,26.0,0.04356412639405204,0.9375,1.0,0.0,14.85133020344288,26,0.0,639
16156L,intermittent,Min/Max,F&O,19.524901106641703,0.025557620817843865,0.9865470852017937,1.0,23.935507783543365,8.568075117370892,15,19661.772665764547,639
22033,intermittent,EX,SAP,68.0,0.10257899628252788,0.806392694063927,1.0,0.0,38.841940532081374,68,0.0,639
22033,intermittent,FX,SAP,20.031988166163092,0.027648698884758363,0.6467391304347826,1.0,12.545959485845255,9.139280125195619,16,17519.94857916105,639
22033,intermittent,HB,SAP,19.8664593026489,0.03392193308550186,0.9931972789115646,0.9081652273606742,21.365717524964026,7.42566510172144,13,29836.400541271993,639
22033,intermittent,TB,SAP,68.0,0.10467007434944238,0.821330902461258,1.0,0.0,38.841940532081374,68,0.0,639
22033,intermittent,WB,SAP,41.3698301369863,0.061686802973977696,0.866231647634584,1.0,1.1507657572542238,23.419405320813773,41,1607.0,639
22033,intermittent,MB,SAP,21.531952990352643,0.027648698884758363,0.9635627530364372,0.9999745061092497,7.8784406917686605,10.852895148669797,19,11001.938589032316,639
22033,intermittent,SP,SAP,15.178955240859125,0.01858736059479554,0.9937888198757764,1.0,22.33808183227488,4.569640062597809,8,31194.269796590244,639
22033,intermittent,WI,SAP,15.774856958342054,0.01754182156133829,0.9741935483870968,1.0,21.080687099992385,5.140845070422535,9,29438.36654517678,639
22033,intermittent,DY,SAP,19.772344832526695,0.005808550185873606,0.8771929824561403,0.999704554346181,52.18893262570017,1.7136150234741785,3,72879.8317127648,639
22033,intermittent,GR,SAP,21.22510065743515,0.029623605947955392,0.9306569343065694,1.0,6.923637061830563,10.852895148669797,19,9668.592142426542,639
22033,intermittent,Per period 3d,F&O,53.06282739726027,0.08085501858736059,0.8529411764705882,1.0,0.19549412055407783,30.273865414710485,53,273.0,639
22033,intermittent,Per period 5d,F&O,43.26164601391421,0.066682156133829,0.8790199081163859,1.0,0.8141393662185132,24.561815336463223,43,1136.9142271272156,639
22033,intermittent,Per period 7d,F&O,37.5523391496935,0.05401951672862453,0.8925143953934741,0.9996608336359113,1.7186619377147767,21.134585289514867,37,2400.045114739626,639
22033,intermittent,Per period 10d,F&O,30.820677550225426,0.04484200743494424,0.8894009216589862,1.0,2.5536253758078256,17.136150234741784,30,3566.0393551461957,639
22033,intermittent,Per period 14d,F&O,26.446747285608247,0.03868494423791822,0.9123287671232877,1.0,4.501707863088865,14.280125195618153,25,6286.461419607256,639
22033,intermittent,Per period 21d,F&O,24.395482628511488,0.03368959107806691,0.9354838709677419,0.9998673335519274,7.453798664034966,12.566510172143975,22,10408.942373889207,639
22033,intermittent,Per period 28d,F&O,21.338402993502427,0.026719330855018587,0.8914728682170543,1.0,10.38779554349809,10.28169014084507,18,14506.155864623648,639
22033,intermittent,Per period 42d,F&O,15.388009756521056,0.018935873605947954,0.9939024390243902,1.0,16.76536471062595,5.712050078247262,10,23412.185251549825,639
22033,intermittent,Per period 56d,F&O,16.556575741572342,0.017657992565055763,1.0,1.0,23.513088133813955,5.140845070422535,9,32835.1207818322,639
22033,intermittent,Per period 84d,F&O,14.129599690454892,0.012778810408921933,0.8943089430894309,0.9996906417285181,25.29611302149383,3.427230046948357,6,35325.04627400042,639
22033,intermittent,Per period 112d,F&O,17.165689172256922,0.010571561338289962,0.978494623655914,1.0,37.85483418662094,2.856025039123631,5,52862.816046116386,639
22033,intermittent,Per requirement,F&O,68.0,0.10304368029739777,0.8115279048490394,1.0,0.0,38.841940532081374,68,0.0,639
22033,intermittent,Min/Max,F&O,19.8664593026489,0.035896840148698886,1.0,0.9081652273606742,21.365717524964026,7.42566510172144,13,29836.400541271993,639
79534,intermittent,EX,SAP,9.0,0.011733271375464684,0.7266187050359713,1.0,0.0,5.140845070422535,9,0.0,639
79534,intermittent,FX,SAP,8.667211670713847,0.008480483271375464,0.5983606557377049,1.0,21.883739282800263,4.569640062597809,8,2213.9296346414017,639
79534,intermittent,HB,SAP,9.115592118190076,0.010339219330855019,0.898989898989899,0.7944834745212894,36.59007797974934,4.569640062597809,8,3701.73748308525,639
79534,intermittent,TB,SAP,9.0,0.011152416356877323,0.7111111111111111,1.0,0.0,5.140845070422535,9,0.0,639
79534,intermittent,WB,SAP,8.001808219178082,0.01150092936802974,0.7983870967741935,1.0,0.05930741142008748,4.569640062597809,8,6.0,639
79534,intermittent,MB,SAP,7.025069477739247,0.009061338289962825,0.7878787878787878,1.0,0.8222486789157638,3.998435054773083,7,83.18508522568234,639
79534,intermittent,SP,SAP,3.16106159958984,0.0018587360594795538,0.8421052631578947,1.0,38.0814222112014,1.1424100156494523,2,3852.6134895481055,639
79534,intermittent,WI,SAP,2.2965923369030103,0.0006970260223048327,1.0,1.0,75.32546288630053,0.0,0,7620.510936087261,639
79534,intermittent,DY,SAP,3.0846657313292947,0.0,0.0,1.0,101.17332115425441,0.0,0,10235.481744865387,639
79534,intermittent,GR,SAP,6.130008289698214,0.008480483271375464,0.8390804597701149,1.0,4.264115334365417,3.427230046948357,6,431.39114308952855,639
79534,intermittent,Per period 3d,F&O,9.0,0.011384758364312268,0.7050359712230215,1.0,0.0,5.140845070422535,9,0.0,639
79534,intermittent,Per period 5d,F&O,7.025032546588363,0.008596654275092937,0.6727272727272727,0.9957193650789773,0.8210373816426144,3.998435054773083,7,83.06254095229603,639
79534,intermittent,Per period 7d,F&O,7.024541338585832,0.008828996282527882,0.7835051546391752,1.0,0.8049263507166992,3.998435054773083,7,81.43262348935394,639
79534,intermittent,Per period 10d,F&O,7.025301800087954,0.009061338289962825,0.7647058823529411,1.0,0.829868572169781,3.998435054773083,7,83.95597301911954,639
79534,intermittent,Per period 14d,F&O,6.049187318965467,0.00987453531598513,0.8673469387755102,1.0,1.613284826250991,3.427230046948357,6,163.21246747632318,639
79534,intermittent,Per period 21d,F&O,5.070207986327932,0.00766728624535316,0.7951807228915663,1.0,2.3027374007518024,2.856025039123631,5,232.96286372450203,639
79534,intermittent,Per period 28d,F&O,5.229411214453645,0.0070864312267657995,0.8591549295774648,1.0,7.524411556354908,2.856025039123631,5,761.2281206870932,639
79534,intermittent,Per period 42d,F&O,4.48120489200038,0.007318773234200744,0.9,1.0,15.782940947177643,2.2848200312989047,4,1596.725323455808,639
79534,intermittent,Per period 56d,F&O,3.5014785619256905,0.0060408921933085506,0.9454545454545454,1.0,16.44789290534163,1.7136150234741785,3,1663.9970463897916,639
79534,intermittent,Per period 84d,F&O,4.269895305451263,0.004763011152416357,0.9534883720930233,1.0,41.651036696068246,1.7136150234741785,3,4213.743513542828,639
79534,intermittent,Per period 112d,F&O,3.046729821770101,0.0025557620817843866,0.8461538461538461,1.0,34.3314775873771,1.1424100156494523,2,3473.239863146244,639
79534,intermittent,Per requirement,F&O,9.0,0.011036245353159852,0.7142857142857143,1.0,0.0,5.140845070422535,9,0.0,639
79534,intermittent,Min/Max,F&O,9.115592118190076,0.009642193308550186,0.8469387755102041,0.7944834745212894,36.59007797974934,4.569640062597809,8,3701.73748308525,639
84816,intermittent,EX,SAP,17.0,0.005692379182156134,0.2076271186440678,1.0,0.0,9.710485133020343,17,0.0,639
84816,intermittent,FX,SAP,20.483385026044065,0.009758364312267658,0.3574468085106383,1.0,8.778583961682527,8.568075117370892,15,250.4925575101481,639
84816,intermittent,HB,SAP,28.32325367490315,0.009758364312267658,0.5874125874125874,0.8620689655172413,27.7335325081804,6.283255086071987,11,791.362652232747,639
84816,intermittent,TB,SAP,17.0,0.0060408921933085506,0.22033898305084745,1.0,0.0,9.710485133020343,17,0.0,639
84816,intermittent,WB,SAP,15.043780821917808,0.006273234200743495,0.2571428571428571,1.0,0.07009057713283066,8.568075117370892,15,2.0,639
84816,intermittent,MB,SAP,13.399583240706043,0.006505576208178439,0.30434782608695654,0.9894781709213654,0.6397097799185293,7.42566510172144,13,18.253802610476356,639
84816,intermittent,SP,SAP,14.602490656780253,0.010455390334572491,0.5555555555555556,0.9878407619743349,5.76738028635893,6.283255086071987,11,164.5693479004746,639
84816,intermittent,WI,SAP,26.917927711812947,0.011268587360594795,0.708029197080292,1.0,28.685571429038667,5.140845070422535,9,818.5286126172372,639
84816,intermittent,DY,SAP,15.520992568205322,0.010571561338289962,0.6232876712328768,0.9918325154065455,8.83879147308052,5.712050078247262,10,252.2105491107563,639
84816,intermittent,GR,SAP,13.437808219178082,0.006273234200743495,0.3016759776536313,1.0,0.7009057713283066,7.42566510172144,13,20.0,639
84816,intermittent,Per period 3d,F&O,15.043780821917808,0.007783457249070632,0.319047619047619,1.0,0.07009057713283066,8.568075117370892,15,2.0,639
84816,intermittent,Per period 5d,F&O,14.21890410958904,0.00546003717472119,0.23857868020304568,1.0,0.3504528856641533,7.996870109546166,14,10.0,639
84816,intermittent,Per period 7d,F&O,13.437808219178082,0.007551115241635688,0.3532608695652174,1.0,0.7009057713283066,7.42566510172144,13,20.0,639
84816,intermittent,Per period 10d,F&O,12.742136182507585,0.006273234200743495,0.3157894736842105,1.0,1.1881173323051322,6.854460093896714,12,33.9023412534754,639
84816,intermittent,Per period 14d,F&O,12.631765506560805,0.006505576208178439,0.32748538011695905,0.9994650448571701,1.0114202298575479,6.854460093896714,12,28.860376707721393,639
84816,intermittent,Per period 21d,F&O,13.445101604249052,0.007202602230483271,0.36257309941520466,0.9964661195863905,2.313524530159535,6.854460093896714,12,66.01527979360502,639
84816,intermittent,Per period 28d,F&O,15.19034386084517,0.006273234200743495,0.39416058394160586,1.0,9.91038438410008,5.140845070422535,9,282.78792355550524,639
84816,intermittent,Per period 42d,F&O,18.727150963731717,0.00766728624535316,0.49624060150375937,1.0,13.97166661059154,5.712050078247262,10,398.67460597773174,639
84816,intermittent,Per period 56d,F&O,21.462253511620048,0.008015799256505576,0.6764705882352942,0.996382930531664,23.15323584316808,3.998435054773083,7,660.6661491541073,639
84816,intermittent,Per period 84d,F&O,28.769077520809674,0.007434944237918215,0.7619047619047619,1.0,38.052925650326515,2.856025039123631,5,1085.8214386852978,639
84816,intermittent,Per period 112d,F&O,32.68285328249288,0.006854089219330855,0.7972972972972973,0.9888754592481255,44.31865548106955,2.856025039123631,5,1264.6109446946057,639
84816,intermittent,Per requirement,F&O,17.0,0.005924721189591078,0.21610169491525424,1.0,0.0,9.710485133020343,17,0.0,639
84816,intermittent,Min/Max,F&O,28.32325367490315,0.00929368029739777,0.547945205479452,0.8620689655172413,27.7335325081804,6.283255086071987,11,791.362652232747,639
22827,intermittent,EX,SAP,52.33426881939681,0.009990706319702601,0.20823244552058112,1.0,4.907668231611894,18.278560250391237,32,224.90933694181325,639
22827,intermittent,FX,SAP,62.77925741931875,0.017774163568773236,0.4526627218934911,1.0,9.842058641155056,12.566510172143975,22,451.0433017591316,639
22827,intermittent,HB,SAP,127.29422952156747,0.020097583643122675,0.726890756302521,0.865754334005668,27.343520240942514,7.996870109546166,14,1253.1028416779432,639
22827,intermittent,TB,SAP,52.33426881939681,0.011965613382899629,0.24939467312348668,1.0,4.907668231611894,18.278560250391237,32,224.90933694181325,639
22827,intermittent,WB,SAP,47.50961128515024,0.009526022304832713,0.24477611940298508,1.0,5.191336699441934,14.85133020344288,26,237.90933694181325,639
22827,intermittent,MB,SAP,65.1916231216175,0.009177509293680297,0.42702702702702705,0.9943190359285095,11.87237998078893,9.139280125195619,16,544.0891648300117,639
22827,intermittent,SP,SAP,44.82453656462336,0.014521375464684015,0.43859649122807015,0.9965286709512562,5.75004305635743,11.995305164319248,21,263.51381351780384,639
22827,intermittent,WI,SAP,56.40448435945944,0.0170771375464684,0.4788273615635179,1.0,8.54485915823913,11.995305164319248,21,391.5950542788695,639
22827,intermittent,DY,SAP,45.47143474849416,0.011617100371747211,0.37174721189591076,1.0,6.147521321716654,11.424100156494523,20,281.7295055515263,639
22827,intermittent,GR,SAP,45.23289895638312,0.01150092936802974,0.33221476510067116,1.0,5.365901910414268,13.137715179968701,23,245.90933694181325,639
22827,intermittent,Per period 3d,F&O,47.50961128515024,0.011152416356877323,0.2865671641791045,1.0,5.191336699441934,14.85133020344288,26,237.90933694181325,639
22827,intermittent,Per period 5d,F&O,45.23289895638312,0.008015799256505576,0.23310810810810811,1.0,5.365901910414268,13.137715179968701,23,245.90933694181325,639
22827,intermittent,Per period 7d,F&O,44.32001145315304,0.009177509293680297,0.30739299610894943,0.9908324815438369,5.8696257367869835,11.424100156494523,20,268.99406607275336,639
22827,intermittent,Per period 10d,F&O,47.76294171153124,0.009758364312267658,0.34285714285714286,1.0,6.700575676653039,11.424100156494523,20,307.07496135481523,639
22827,intermittent,Per period 14d,F&O,62.6566511462211,0.011849442379182156,0.4322033898305085,0.9912499176059986,11.019215806685823,9.710485133020343,17,504.9902323748697,639
22827,intermittent,Per period 21d,F&O,73.40914177137186,0.00987453531598513,0.4941860465116279,0.9973395255014033,14.579723943036521,7.42566510172144,13,668.1617195924464,639
22827,intermittent,Per period 28d,F&O,84.73091989405954,0.010571561338289962,0.5870967741935483,0.9944219875834707,16.829531632763235,8.568075117370892,15,771.2662351918707,639
22827,intermittent,Per period 42d,F&O,110.14044284319941,0.009409851301115242,0.6982758620689655,1.0,24.410208337525663,5.140845070422535,9,1118.6745950838722,639
22827,intermittent,Per period 56d,F&O,146.7656039157823,0.008480483271375464,0.6952380952380952,1.0,33.7323766249827,3.998435054773083,7,1545.8922857351677,639
22827,intermittent,Per period 84d,F&O,197.5820230761867,0.00766728624535316,0.8461538461538461,1.0,46.47959978423192,2.856025039123631,5,2130.0738916002465,639
22827,intermittent,Per period 112d,F&O,245.8253889945273,0.007551115241635688,0.8333333333333334,1.0,58.12311824099693,2.856025039123631,5,2663.6747570606803,639
22827,intermittent,Per requirement,F&O,52.33426881939681,0.010803903345724907,0.22518159806295399,1.0,4.907668231611894,18.278560250391237,32,224.90933694181325,639
22827,intermittent,Min/Max,F&O,127.29422952156747,0.019865241635687734,0.7276595744680852,0.865754334005668,27.343520240942514,7.996870109546166,14,1253.1028416779432,639
90011A,intermittent,EX,SAP,10.369075188611044,0.0013940520446096654,0.09230769230769231,0.976319350473613,17.544392279603542,5.712050078247262,10,227.55480378890388,639
90011A,intermittent,FX,SAP,10.449271232876713,0.007899628252788104,0.49635036496350365,1.0,21.356598852373498,5.712050078247262,10,277.0,639
90011A,intermittent,HB,SAP,10.781226670621166,0.0031366171003717473,0.2621359223300971,0.9440685611186288,37.13646322378717,5.712050078247262,10,481.6684709066306,639
90011A,intermittent,TB,SAP,10.369075188611044,0.0011617100371747212,0.07575757575757576,0.976319350473613,17.544392279603542,5.712050078247262,10,227.55480378890388,639
90011A,intermittent,WB,SAP,10.369075188611044,0.001045539033457249,0.06716417910447761,0.976319350473613,17.544392279603542,5.712050078247262,10,227.55480378890388,639
90011A,intermittent,MB,SAP,7.488696691780633,0.0018587360594795538,0.17204301075268819,0.976319350473613,23.23073111094351,3.998435054773083,7,301.30792652015367,639
90011A,intermittent,SP,SAP,5.128664585841803,0.0018587360594795538,0.5,1.0,148.7244889364785,1.1424100156494523,2,1928.9908341761118,639
90011A,intermittent,WI,SAP,5.36243215364673,0.0008131970260223048,0.4375,0.9933136130262641,207.37297807735564,0.5712050078247262,1,2689.6752298666497,639
90011A,intermittent,DY,SAP,6.266746464843667,0.0,0.0,1.0,297.89663919105834,0.0,0,3863.7879386282743,639
90011A,intermittent,GR,SAP,6.58546048207829,0.00383364312267658,0.42857142857142855,0.9800958477604361,27.830503590454448,3.427230046948357,6,360.9680337138104,639
90011A,intermittent,Per period 3d,F&O,10.369075188611044,0.0022072490706319704,0.14393939393939395,0.976319350473613,17.544392279603542,5.712050078247262,10,227.55480378890388,639
90011A,intermittent,Per period 5d,F&O,10.369075188611044,0.0011617100371747212,0.07575757575757576,0.976319350473613,17.544392279603542,5.712050078247262,10,227.55480378890388,639
90011A,intermittent,Per period 7d,F&O,10.369075188611044,0.0005808550185873606,0.038461538461538464,0.976319350473613,17.544392279603542,5.712050078247262,10,227.55480378890388,639
90011A,intermittent,Per period 10d,F&O,8.401672983459598,0.0022072490706319704,0.1792452830188679,0.9659356457693795,19.093964068553518,4.569640062597809,8,247.65310635600198,639
90011A,intermittent,Per period 14d,F&O,7.418725541336443,0.0012778810408921933,0.12359550561797752,0.9621019248533036,19.90457603596295,3.998435054773083,7,258.16693004696197,639
90011A,intermittent,Per period 21d,F&O,7.433759124955078,0.001974907063197026,0.18085106382978725,0.9670164333792839,20.619213856419425,3.998435054773083,7,267.43594697399215,639
90011A,intermittent,Per period 28d,F&O,7.546641892095595,0.0032527881040892194,0.32558139534883723,1.0,25.98521950901698,3.998435054773083,7,337.0342746873177,639
90011A,intermittent,Per period 42d,F&O,5.6152597217416975,0.0027881040892193307,0.3380281690140845,0.9759744310305574,29.247043001451566,2.856025039123631,5,379.34087573601255,639
90011A,intermittent,Per period 56d,F&O,6.679221310094759,0.004298327137546468,0.4625,0.9896853089280414,32.287526977401676,3.427230046948357,6,418.7766523388296,639
90011A,intermittent,Per period 84d,F&O,4.941015543755953,0.0015102230483271376,0.2549019607843137,0.9888394176866754,44.73220186648127,2.2848200312989047,4,580.186948430613,639
90011A,intermittent,Per period 112d,F&O,5.201306451748529,0.0022072490706319704,0.34545454545454546,0.9690363036509305,57.10541452762437,2.2848200312989047,4,740.6703629868465,639
90011A,intermittent,Per requirement,F&O,10.369075188611044,0.0006970260223048327,0.04477611940298507,0.976319350473613,17.544392279603542,5.712050078247262,10,227.55480378890388,639
90011A,intermittent,Min/Max,F&O,10.781226670621166,0.0026719330855018587,0.22115384615384615,0.9440685611186288,37.13646322378717,5.712050078247262,10,481.6684709066306,639
90162D,intermittent,EX,SAP,11.0,0.006157063197026022,0.3231707317073171,1.0,0.0,6.283255086071987,11,0.0,639
90162D,intermittent,FX,SAP,10.53153042801268,0.009177509293680297,0.48466257668711654,1.0,12.676264997391774,5.712050078247262,10,328.8281461434375,639
90162D,intermittent,HB,SAP,9.32998098133353,0.0070864312267657995,0.46564885496183206,0.8448998002448611,31.718205529473128,4.569640062597809,8,822.784844384303,639
90162D,intermittent,TB,SAP,11.0,0.0060408921933085506,0.3170731707317073,1.0,0.0,6.283255086071987,11,0.0,639
90162D,intermittent,WB,SAP,10.008082191780822,0.005808550185873606,0.33112582781456956,1.0,0.1927490871152843,5.712050078247262,10,5.0,639
90162D,intermittent,MB,SAP,7.1674209543932825,0.0045306691449814125,0.42857142857142855,1.0,3.9927580288119615,3.998435054773083,7,103.57398026025076,639
90162D,intermittent,SP,SAP,6.726817152794549,0.005227695167286246,0.8035714285714286,1.0,65.03081480677236,2.2848200312989047,4,1686.92925554239,639
90162D,intermittent,WI,SAP,7.569776411496511,0.0045306691449814125,0.7222222222222222,1.0,85.1342263560658,2.2848200312989047,4,2208.4210003325866,639
90162D,intermittent,DY,SAP,6.922702341421859,0.0026719330855018587,0.7931034482758621,1.0,117.39963715051104,1.1424100156494523,2,3045.4006010491157,639
90162D,intermittent,GR,SAP,5.343772719568783,0.005111524163568773,0.5238095238095238,0.9925640890448794,8.198503533317915,2.856025039123631,5,212.6729536315351,639
90162D,intermittent,Per period 3d,F&O,11.0,0.006389405204460966,0.3353658536585366,1.0,0.0,6.283255086071987,11,0.0,639
90162D,intermittent,Per period 5d,F&O,11.0,0.006854089219330855,0.38311688311688313,1.0,0.0,6.283255086071987,11,0.0,639
90162D,intermittent,Per period 7d,F&O,9.027479452054795,0.004879182156133829,0.328125,1.0,0.6553468961919665,5.140845070422535,9,17.0,639
90162D,intermittent,Per period 10d,F&O,8.051445375652284,0.007202602230483271,0.5344827586206896,0.9930141456122251,1.2269010018804891,4.569640062597809,8,31.826376462853826,639
90162D,intermittent,Per period 14d,F&O,8.334837912437012,0.004879182156133829,0.3620689655172414,1.0,7.985420750218597,4.569640062597809,8,207.1454882025582,639
90162D,intermittent,Per period 21d,F&O,7.200869602461779,0.005111524163568773,0.42718446601941745,0.996643395118014,4.790461987748152,3.998435054773083,7,124.26678796364287,639
90162D,intermittent,Per period 28d,F&O,6.128517027650586,0.004414498141263941,0.4222222222222222,0.9595097139353439,3.064953224346903,3.427230046948357,6,79.50629676688787,639
90162D,intermittent,Per period 42d,F&O,5.24399042281464,0.0036013011152416356,0.43661971830985913,0.9845288439757665,5.818833868058942,2.856025039123631,5,150.94322767346404,639
90162D,intermittent,Per period 56d,F&O,5.28387688680796,0.005924721189591078,0.6538461538461539,0.975421595659225,6.770070825985611,2.856025039123631,5,175.61875200831415,639
90162D,intermittent,Per period 84d,F&O,6.679545862887513,0.004879182156133829,0.6176470588235294,1.0,16.2062282455782,3.427230046948357,6,420.3970168710881,639
90162D,intermittent,Per period 112d,F&O,4.893427438178071,0.004414498141263941,0.6129032258064516,0.9922768530618343,21.307007774945134,2.2848200312989047,4,552.7135846355862,639
90162D,intermittent,Per requirement,F&O,11.0,0.0055762081784386614,0.2926829268292683,1.0,0.0,6.283255086071987,11,0.0,639
90162D,intermittent,Min/Max,F&O,9.32998098133353,0.008248141263940521,0.568,0.8448998002448611,31.718205529473128,4.569640062597809,8,822.784844384303,639
90054,intermittent,EX,SAP,13.0,0.0023234200743494425,0.11363636363636363,1.0,0.0,7.42566510172144,13,0.0,639
90054,intermittent,FX,SAP,13.0,0.008015799256505576,0.3942857142857143,1.0,0.0,7.42566510172144,13,0.0,639
90054,intermittent,HB,SAP,14.721014032290952,0.006737918215613383,0.44274809160305345,0.9657194406856112,31.53282266699613,7.996870109546166,14,518.0514208389716,639
90054,intermittent,TB,SAP,13.0,0.0027881040892193307,0.13714285714285715,1.0,0.0,7.42566510172144,13,0.0,639
90054,intermittent,WB,SAP,12.00556712328767,0.0026719330855018587,0.1419753086419753,1.0,0.2434725310929907,6.854460093896714,12,4.0,639
90054,intermittent,MB,SAP,9.109252298483096,0.0023234200743494425,0.16129032258064516,0.9975610066845995,4.7780392610154125,5.140845070422535,9,78.49820658726404,639
90054,intermittent,SP,SAP,3.804605619267852,0.004182156133828996,0.8571428571428571,0.9967771115003015,78.92260958559987,1.1424100156494523,2,1296.6162421904844,639
90054,intermittent,WI,SAP,5.060459763308691,0.0011617100371747212,0.5263157894736842,0.9870001833321973,177.58011901108006,0.5712050078247262,1,2917.4563259993547,639
90054,intermittent,DY,SAP,5.161901428015207,0.0013940520446096654,0.5714285714285714,1.0,182.01656806890455,0.5712050078247262,1,2990.342561467619,639
90054,intermittent,GR,SAP,8.226301752407778,0.0034851301115241635,0.3191489361702128,1.0,9.897079263812952,4.569640062597809,8,162.59870005677,639
90054,intermittent,Per period 3d,F&O,12.00556712328767,0.0018587360594795538,0.09876543209876543,1.0,0.2434725310929907,6.854460093896714,12,4.0,639
90054,intermittent,Per period 5d,F&O,11.009742465753424,0.0016263940520446097,0.09395973154362416,1.0,0.42607692941273373,6.283255086071987,11,7.0,639
90054,intermittent,Per period 7d,F&O,11.009742465753424,0.002091078066914498,0.12162162162162163,1.0,0.42607692941273373,6.283255086071987,11,7.0,639
90054,intermittent,Per period 10d,F&O,11.009742465753424,0.002091078066914498,0.12080536912751678,1.0,0.42607692941273373,6.283255086071987,11,7.0,639
90054,intermittent,Per period 14d,F&O,10.045666803447325,0.0026719330855018587,0.16666666666666666,1.0,1.9971916639370162,5.712050078247262,10,32.81177806746862,639
90054,intermittent,Per period 21d,F&O,9.058874453790734,0.0022072490706319704,0.1532258064516129,1.0,2.5748149520761556,5.140845070422535,9,42.30152683783032,639
90054,intermittent,Per period 28d,F&O,8.119794587084323,0.0026719330855018587,0.2169811320754717,0.9898397445273216,5.2390956372839,4.569640062597809,8,86.07288245231912,639
90054,intermittent,Per period 42d,F&O,6.316001130080407,0.0018587360594795538,0.21052631578947367,0.9794877127954705,13.819991222271915,3.427230046948357,6,227.0480560617095,639
90054,intermittent,Per period 56d,F&O,6.715128307779946,0.0026719330855018587,0.2911392405063291,0.9893066879894804,31.275416432220588,3.427230046948357,6,513.82250460567,639
90054,intermittent,Per period 84d,F&O,6.03859667455807,0.0031366171003717473,0.421875,0.9933264180469988,45.42197973222783,2.856025039123631,5,746.2357996332587,639
90054,intermittent,Per period 112d,F&O,5.942602112842099,0.004414498141263941,0.5671641791044776,1.0,41.223754238657655,2.856025039123631,5,677.2633291089885,639
90054,intermittent,Per requirement,F&O,13.0,0.0023234200743494425,0.11428571428571428,1.0,0.0,7.42566510172144,13,0.0,639
90054,intermittent,Min/Max,F&O,14.721014032290952,0.008131970260223048,0.5072463768115942,0.9657194406856112,31.53282266699613,7.996870109546166,14,518.0514208389716,639
22049,intermittent,EX,SAP,63.64794965429033,0.07806691449814127,0.9478138222849083,1.0,26.500739301710652,31.41627543035994,55,83065.83220568337,639
22049,intermittent,FX,SAP,33.48543199807217,0.023234200743494422,0.5602240896358543,1.0,41.32469915277101,11.424100156494523,20,129531.12313937747,639
22049,intermittent,HB,SAP,26.672142473168112,0.02950743494423792,0.9883268482490273,0.7081099229806587,41.896853920457616,7.42566510172144,13,131324.52638700948,639
22049,intermittent,TB,SAP,63.64794965429033,0.07771840148698884,0.9475920679886686,1.0,26.500739301710652,31.41627543035994,55,83065.83220568337,639
22049,intermittent,WB,SAP,28.18411403785197,0.02799721189591078,0.9678714859437751,1.0,28.143759106362317,10.852895148669797,19,88215.83220568337,639
22049,intermittent,MB,SAP,20.30963580503007,0.010455390334572491,1.0,1.0,37.721594413569136,4.569640062597809,8,118237.29128515725,639
22049,intermittent,SP,SAP,19.827094434120482,0.009642193308550186,1.0,1.0,45.43608368551688,2.856025039123631,5,142418.14390668357,639
22049,intermittent,WI,SAP,32.37729729794176,0.009758364312267658,1.0,1.0,83.8948707475703,2.856025039123631,5,262966.14509865106,639
22049,intermittent,DY,SAP,23.74545389687062,0.006157063197026022,1.0,1.0,60.507883028125235,2.2848200312989047,4,189660.28085152042,639
22049,intermittent,GR,SAP,21.096456561116966,0.017657992565055763,0.987012987012987,1.0,34.003933215895806,5.712050078247262,10,106584.38538967611,639
22049,intermittent,Per period 3d,F&O,38.840552394016356,0.04356412639405204,0.9689922480620154,1.0,27.090950299498143,17.136150234741784,30,84915.83220568337,639
22049,intermittent,Per period 5d,F&O,30.122882343857555,0.030436802973977696,0.9703703703703703,1.0,27.95612096964594,11.995305164319248,21,87627.68567126336,639
22049,intermittent,Per period 7d,F&O,27.34353295059708,0.025441449814126393,0.9733333333333334,1.0,28.632281729100352,10.28169014084507,18,89747.09281494564,639
22049,intermittent,Per period 10d,F&O,24.204018847775785,0.021143122676579924,0.994535519125683,1.0,31.269150969269706,7.996870109546166,14,98012.28630100422,639
22049,intermittent,Per period 14d,F&O,20.48982163866609,0.015218401486988848,0.9357142857142857,0.999917692223353,32.14496379842139,5.712050078247262,10,100757.49731876637,639
22049,intermittent,Per period 21d,F&O,20.500115514490854,0.01254646840148699,0.9908256880733946,1.0,35.240903956683574,5.140845070422535,9,110461.63586287267,639
22049,intermittent,Per period 28d,F&O,19.713054119644987,0.009990706319702601,0.9885057471264368,1.0,38.9578277419907,3.998435054773083,7,122112.2303597479,639
22049,intermittent,Per period 42d,F&O,20.03237177463359,0.009990706319702601,1.0,1.0,43.000739024857815,3.427230046948357,6,134784.62362476997,639
22049,intermittent,Per period 56d,F&O,18.782512867847444,0.006157063197026022,1.0,1.0,48.36386377772473,1.7136150234741785,3,151595.18938853467,639
22049,intermittent,Per period 84d,F&O,23.284207414687213,0.007434944237918215,1.0,1.0,59.094441314561436,2.2848200312989047,4,185229.88700949558,639
22049,intermittent,Per period 112d,F&O,24.078195809859466,0.005924721189591078,1.0,1.0,64.59193154881228,1.7136150234741785,3,202461.61764733432,639
22049,intermittent,Per requirement,F&O,63.64794965429033,0.0782992565055762,0.9533239038189534,1.0,26.500739301710652,31.41627543035994,55,83065.83220568337,639
22049,intermittent,Min/Max,F&O,26.672142473168112,0.029855947955390334,0.9922779922779923,0.7081099229806587,41.896853920457616,7.42566510172144,13,131324.52638700948,639
90019C,intermittent,EX,SAP,20.77574083452277,0.006737918215613383,0.21804511278195488,1.0,7.074931067888816,11.424100156494523,20,256.937753721245,639
90019C,intermittent,FX,SAP,14.46266471166145,0.010106877323420074,0.4182692307692308,1.0,22.46005663611301,6.854460093896714,12,815.6738836265235,639
90019C,intermittent,HB,SAP,14.98711514634734,0.010455390334572491,0.6122448979591837,0.9414204024619145,27.243162679782397,6.854460093896714,12,989.3802435723951,639
90019C,intermittent,TB,SAP,20.77574083452277,0.006854089219330855,0.22180451127819548,1.0,7.074931067888816,11.424100156494523,20,256.937753721245,639
90019C,intermittent,WB,SAP,18.790836724933733,0.00662174721189591,0.2375,1.0,7.212608987256876,10.28169014084507,18,261.937753721245,639
90019C,intermittent,MB,SAP,15.03827919396574,0.005111524163568773,0.2391304347826087,0.9989259937763377,9.469340016179245,7.996870109546166,14,343.8946513588885,639
90019C,intermittent,SP,SAP,10.492306048856634,0.006737918215613383,0.7160493827160493,0.9871114333494218,50.09106775114435,2.856025039123631,5,1819.1394807918973,639
90019C,intermittent,WI,SAP,12.23779452583705,0.004182156133828996,0.75,1.0,75.13054080436969,2.2848200312989047,4,2728.4891124596397,639
90019C,intermittent,DY,SAP,14.773062901997337,0.001974907063197026,0.4857142857142857,0.996501872929021,116.49320950473462,1.1424100156494523,2,4230.642431242311,639
90019C,intermittent,GR,SAP,13.42673484602965,0.007434944237918215,0.42105263157894735,0.9937172805085767,13.012143023287516,6.854460093896714,12,472.55736733286926,639
90019C,intermittent,Per period 3d,F&O,19.781779190687157,0.006273234200743495,0.21428571428571427,1.0,7.13000223563604,10.852895148669797,19,258.937753721245,639
90019C,intermittent,Per period 5d,F&O,17.8029134372625,0.005343866171003717,0.20353982300884957,1.0,7.322751322751324,9.710485133020343,17,265.937753721245,639
90019C,intermittent,Per period 7d,F&O,17.8029134372625,0.004879182156133829,0.18584070796460178,1.0,7.322751322751324,9.710485133020343,17,265.937753721245,639
90019C,intermittent,Per period 10d,F&O,17.8029134372625,0.007318773234200744,0.28,1.0,7.322751322751324,9.710485133020343,17,265.937753721245,639
90019C,intermittent,Per period 14d,F&O,15.992126466232707,0.005808550185873606,0.25380710659898476,0.9966773630000078,9.048416748027291,8.568075117370892,15,328.6081308302523,639
90019C,intermittent,Per period 21d,F&O,15.36651568599844,0.005924721189591078,0.3072289156626506,1.0,12.462930725537232,7.996870109546166,14,452.6118197726228,639
90019C,intermittent,Per period 28d,F&O,11.66570428127106,0.0070864312267657995,0.4485294117647059,0.9686440560100792,15.191598076347079,5.712050078247262,10,551.7078608565669,639
90019C,intermittent,Per period 42d,F&O,12.243725066956632,0.006970260223048327,0.45454545454545453,0.9978379222738659,20.463277782428495,5.712050078247262,10,743.1575766235669,639
90019C,intermittent,Per period 56d,F&O,9.349604153164657,0.00662174721189591,0.6063829787234043,0.9865247190499687,30.549144035885295,3.427230046948357,6,1109.4423919284027,639
90019C,intermittent,Per period 84d,F&O,10.311027387531446,0.006737918215613383,0.7341772151898734,0.9956962500072719,39.31754039650266,3.427230046948357,6,1427.8811220045172,639
90019C,intermittent,Per period 112d,F&O,11.321940795743224,0.004182156133828996,0.6666666666666666,0.9924315349815358,66.77774858263645,2.2848200312989047,4,2425.143729987547,639
90019C,intermittent,Per requirement,F&O,20.77574083452277,0.006505576208178439,0.21052631578947367,1.0,7.074931067888816,11.424100156494523,20,256.937753721245,639
90019C,intermittent,Min/Max,F&O,14.98711514634734,0.009409851301115242,0.5869565217391305,0.9414204024619145,27.243162679782397,6.854460093896714,12,989.3802435723951,639
22824,intermittent,EX,SAP,48.66982019389401,0.01092007434944238,0.17122040072859745,1.0,5.283677372879252,24.561815336463223,43,287.82814614343715,639
22824,intermittent,FX,SAP,38.792071885369,0.025441449814126393,0.5644329896907216,1.0,13.78465856869615,13.708920187793428,24,750.9188092016251,639
22824,intermittent,HB,SAP,50.29562696720856,0.022653345724907063,0.7587548638132295,0.7836200786133127,32.89182005613931,8.568075117370892,15,1791.7807848443842,639
22824,intermittent,TB,SAP,48.66982019389401,0.011617100371747211,0.18181818181818182,1.0,5.283677372879252,24.561815336463223,43,287.82814614343715,639
22824,intermittent,WB,SAP,34.812340741839215,0.011152416356877323,0.2681564245810056,1.0,6.3483866159922515,15.993740219092333,28,345.82814614343715,639
22824,intermittent,MB,SAP,32.381476189956615,0.008596654275092937,0.39361702127659576,0.9817752159537128,16.19771162249842,8.568075117370892,15,882.3697926751271,639
22824,intermittent,SP,SAP,33.5105104611954,0.02242100371747212,0.7909836065573771,0.9922164781424839,16.317958021141635,9.139280125195619,16,888.9202111733407,639
22824,intermittent,WI,SAP,35.289391590255775,0.016612453531598514,0.6589861751152074,1.0,19.8394786397177,7.996870109546166,14,1080.7549277389926,639
22824,intermittent,DY,SAP,30.76463047579648,0.01312732342007435,0.7635135135135135,0.9891914523691896,20.282351404703785,5.140845070422535,9,1104.8804066294456,639
22824,intermittent,GR,SAP,32.86476980825525,0.016496282527881042,0.4382716049382716,1.0,7.329140053424235,14.280125195618153,25,399.2546564691467,639
22824,intermittent,Per period 3d,F&O,41.88650512540086,0.014405204460966542,0.26609442060085836,1.0,5.485604987952407,20.56338028169014,36,298.82814614343715,639
22824,intermittent,Per period 5d,F&O,36.319874988414554,0.012430297397769517,0.2779220779220779,1.0,5.8894602180987174,17.136150234741784,30,320.82814614343715,639
22824,intermittent,Per period 7d,F&O,34.18951691186562,0.01266263940520446,0.3132183908045977,1.0,6.699875221804467,15.422535211267606,27,364.97547605437404,639
22824,intermittent,Per period 10d,F&O,32.00309159303125,0.011036245353159852,0.3064516129032258,1.0,7.45804143995926,13.708920187793428,24,406.27655513997286,639
22824,intermittent,Per period 14d,F&O,31.870135287689866,0.01266263940520446,0.43253968253968256,0.9927175428755378,11.06172031700851,11.424100156494523,20,602.5868400565786,639
22824,intermittent,Per period 21d,F&O,34.675226815399526,0.012778810408921933,0.5238095238095238,1.0,16.471456376272677,9.710485133020343,17,897.2820288763317,639
22824,intermittent,Per period 28d,F&O,36.56911136178999,0.013824349442379182,0.6839080459770115,1.0,21.963938210116908,7.42566510172144,13,1196.4847909670857,639
22824,intermittent,Per period 42d,F&O,38.831653756919636,0.011268587360594795,0.7132352941176471,1.0,27.799970468331775,5.140845070422535,9,1514.4024508032912,639
22824,intermittent,Per period 56d,F&O,41.490759621308634,0.009177509293680297,0.7383177570093458,1.0,32.141768160617,3.998435054773083,7,1750.9217332096869,639
22824,intermittent,Per period 84d,F&O,65.45517075648638,0.009526022304832713,0.8631578947368421,1.0,55.405979322770705,3.427230046948357,6,3018.2388492513937,639
22824,intermittent,Per period 112d,F&O,72.6559935524109,0.0060408921933085506,0.8813559322033898,1.0,64.91207559185898,1.7136150234741785,3,3536.083121923501,639
22824,intermittent,Per requirement,F&O,48.66982019389401,0.011036245353159852,0.17272727272727273,1.0,5.283677372879252,24.561815336463223,43,287.82814614343715,639
22824,intermittent,Min/Max,F&O,50.29562696720856,0.01974907063197026,0.7024793388429752,0.7836200786133127,32.89182005613931,8.568075117370892,15,1791.7807848443842,639
84313A,intermittent,EX,SAP,14.0,0.007899628252788104,0.3417085427135678,1.0,0.0,7.996870109546166,14,0.0,639
84313A,intermittent,FX,SAP,14.788746176803157,0.008828996282527882,0.3917525773195876,1.0,10.307923564780474,7.996870109546166,14,338.6968876860615,639
84313A,intermittent,HB,SAP,13.013345876508424,0.00929368029739777,0.5714285714285714,0.8268380694632386,39.380652335063004,5.712050078247262,10,1293.9661705006765,639
84313A,intermittent,TB,SAP,14.0,0.007202602230483271,0.31155778894472363,1.0,0.0,7.996870109546166,14,0.0,639
84313A,intermittent,WB,SAP,13.004657534246576,0.00662174721189591,0.31666666666666665,1.0,0.06086813277324767,7.42566510172144,13,2.0,639
84313A,intermittent,MB,SAP,6.636909357107027,0.005227695167286246,0.5232558139534884,0.9894258710673388,8.323606711302189,3.427230046948357,6,273.49637099301725,639
84313A,intermittent,SP,SAP,5.00251252894941,0.00383364312267658,0.717391304347826,1.0,26.170327911557294,1.7136150234741785,3,859.9024389018055,639
84313A,intermittent,WI,SAP,6.19344694407284,0.0022072490706319704,0.95,1.0,67.87183977768511,0.5712050078247262,1,2230.1272171606897,639
84313A,intermittent,DY,SAP,4.979699284365324,0.002091078066914498,0.9473684210526315,1.0,52.009679717645156,0.5712050078247262,1,1708.929692698051,639
84313A,intermittent,GR,SAP,7.55929415440041,0.008131970260223048,0.6862745098039216,0.9938058401671246,7.309273329418288,3.998435054773083,7,240.16748983076437,639
84313A,intermittent,Per period 3d,F&O,13.004657534246576,0.005924721189591078,0.27419354838709675,1.0,0.06086813277324767,7.42566510172144,13,2.0,639
84313A,intermittent,Per period 5d,F&O,12.032602739726027,0.006854089219330855,0.3532934131736527,1.0,0.42607692941273373,6.854460093896714,12,14.0,639
84313A,intermittent,Per period 7d,F&O,10.125082239637583,0.007783457249070632,0.475177304964539,1.0,1.6346680382294063,5.712050078247262,10,53.711785256138626,639
84313A,intermittent,Per period 10d,F&O,9.187812578812109,0.0070864312267657995,0.4765625,1.0,2.4544749170716567,5.140845070422535,9,80.64893090166979,639
84313A,intermittent,Per period 14d,F&O,8.398596130329654,0.005692379182156134,0.48514851485148514,1.0,5.209151645347046,4.569640062597809,8,171.16186772979296,639
84313A,intermittent,Per period 21d,F&O,7.431710041277809,0.006389405204460966,0.5612244897959183,1.0,5.641908941703118,3.998435054773083,7,185.38137066635335,639
84313A,intermittent,Per period 28d,F&O,6.6045555607427024,0.0055762081784386614,0.6575342465753424,1.0,7.900783159490341,3.427230046948357,6,259.603270201278,639
84313A,intermittent,Per period 42d,F&O,6.165864189667722,0.0060408921933085506,0.7647058823529411,1.0,15.236383145104977,2.856025039123631,5,500.63579909261034,639
84313A,intermittent,Per period 56d,F&O,5.797669438217157,0.004298327137546468,0.7115384615384616,1.0,23.493285557324224,2.2848200312989047,4,771.9404058226614,639
84313A,intermittent,Per period 84d,F&O,5.516777862645231,0.004879182156133829,0.8076923076923077,1.0,32.89113101356178,1.7136150234741785,3,1080.734023371187,639
84313A,intermittent,Per period 112d,F&O,6.179721477541798,0.0033689591078066915,0.7631578947368421,1.0,41.55497283122995,1.7136150234741785,3,1365.409810944419,639
84313A,intermittent,Per requirement,F&O,14.0,0.007202602230483271,0.31155778894472363,1.0,0.0,7.996870109546166,14,0.0,639
84313A,intermittent,Min/Max,F&O,13.013345876508424,0.009758364312267658,0.5957446808510638,0.8268380694632386,39.380652335063004,5.712050078247262,10,1293.9661705006765,639
90003D,intermittent,EX,SAP,18.111787495134113,0.007551115241635688,0.2631578947368421,1.0,1.0486176317162232,10.28169014084507,18,54.40324763193505,639
90003D,intermittent,FX,SAP,12.565581033236327,0.007899628252788104,0.39080459770114945,1.0,14.685863328116872,6.283255086071987,11,761.916102841679,639
90003D,intermittent,HB,SAP,10.880819137301424,0.00929368029739777,0.7407407407407407,0.9434671477973238,27.023395931142403,4.569640062597809,8,1401.9986468200268,639
90003D,intermittent,TB,SAP,18.111787495134113,0.00766728624535316,0.2661290322580645,1.0,1.0486176317162232,10.28169014084507,18,54.40324763193505,639
90003D,intermittent,WB,SAP,15.15493818006562,0.009177509293680297,0.37799043062200954,1.0,1.4533907146583203,8.568075117370892,15,75.40324763193505,639
90003D,intermittent,MB,SAP,12.368687778154285,0.008248141263940521,0.4152046783625731,0.9973327384115841,3.45845932326364,6.854460093896714,12,179.4280520350852,639
90003D,intermittent,SP,SAP,9.088377593635435,0.005343866171003717,0.8363636363636363,1.0,47.73129995546005,2.2848200312989047,4,2476.3437622359115,639
90003D,intermittent,WI,SAP,9.45405555805899,0.0055762081784386614,0.9056603773584906,1.0,60.541981427683595,1.7136150234741785,3,3140.973704922042,639
90003D,intermittent,DY,SAP,14.955141416690438,0.00383364312267658,0.9705882352941176,1.0,121.52512850046932,1.1424100156494523,2,6304.835489456013,639
90003D,intermittent,GR,SAP,12.476461064159366,0.008364312267657992,0.4864864864864865,1.0,4.4694218445844704,6.854460093896714,12,231.87771789089123,639
90003D,intermittent,Per period 3d,F&O,18.111787495134113,0.007783457249070632,0.2701612903225806,1.0,1.0486176317162232,10.28169014084507,18,54.40324763193505,639
90003D,intermittent,Per period 5d,F&O,17.120006673216306,0.007899628252788104,0.28936170212765955,1.0,1.125717266562337,9.710485133020343,17,58.40324763193505,639
90003D,intermittent,Per period 7d,F&O,14.163157358147812,0.008480483271375464,0.37055837563451777,1.0,1.5304903495044337,7.996870109546166,14,79.40324763193505,639
90003D,intermittent,Per period 10d,F&O,13.216582015682059,0.008364312267657992,0.39344262295081966,1.0,2.031637976004173,7.42566510172144,13,105.40324763193505,639
90003D,intermittent,Per period 14d,F&O,11.37479576333732,0.006854089219330855,0.3782051282051282,1.0,3.5157550069132952,6.283255086071987,11,182.40060482416203,639
90003D,intermittent,Per period 21d,F&O,9.88882536466853,0.006737918215613383,0.5087719298245614,0.9856339100867509,8.337586845378757,5.140845070422535,9,432.56167747201835,639
90003D,intermittent,Per period 28d,F&O,9.895393136281827,0.007318773234200744,0.4632352941176471,0.9925604482224859,8.399195535210522,5.140845070422535,9,435.757992990489,639
90003D,intermittent,Per period 42d,F&O,10.175082157816831,0.006737918215613383,0.5321100917431193,1.0,11.02280597595977,5.140845070422535,9,571.8733168041916,639
90003D,intermittent,Per period 56d,F&O,8.29628026652128,0.005692379182156134,0.6447368421052632,0.9995074131814248,21.540155023130488,3.427230046948357,6,1117.5230630403557,639
90003D,intermittent,Per period 84d,F&O,11.46455292741321,0.006854089219330855,0.855072463768116,1.0,60.640451534543644,2.856025039123631,5,3146.0824246744296,639
90003D,intermittent,Per period 112d,F&O,11.103472634896153,0.004995353159851301,0.86,1.0,76.0142650382095,1.7136150234741785,3,3943.690015649462,639
90003D,intermittent,Per requirement,F&O,18.111787495134113,0.007899628252788104,0.27530364372469635,1.0,1.0486176317162232,10.28169014084507,18,54.40324763193505,639
90003D,intermittent,Min/Max,F&O,10.880819137301424,0.00871282527881041,0.6880733944954128,0.9434671477973238,27.023395931142403,4.569640062597809,8,1401.9986468200268,639
90122A,intermittent,EX,SAP,25.0,0.00871282527881041,0.20949720670391062,1.0,0.0,14.280125195618153,25,0.0,639
90122A,intermittent,FX,SAP,17.85118009898605,0.016612453531598514,0.5017543859649123,1.0,14.05231388329984,9.139280125195619,16,680.4438430311252,639
90122A,intermittent,HB,SAP,15.353784010232266,0.013824349442379182,0.7345679012345679,0.8704690064204071,25.458584842387662,6.854460093896714,12,1232.7604871447904,639
90122A,intermittent,TB,SAP,25.0,0.009526022304832713,0.22905027932960895,1.0,0.0,14.280125195618153,25,0.0,639
90122A,intermittent,WB,SAP,20.08433698630137,0.010106877323420074,0.29491525423728815,1.0,0.64020232506148,11.424100156494523,20,31.0,639
90122A,intermittent,MB,SAP,12.85491454566653,0.007899628252788104,0.36363636363636365,0.9920159445290244,6.4896589725035225,6.854460093896714,12,314.2435137646361,639
90122A,intermittent,SP,SAP,10.174855024927007,0.009990706319702601,0.7610619469026548,1.0,31.69133746612737,3.427230046948357,6,1534.5640323246303,639
90122A,intermittent,WI,SAP,11.947983873292987,0.006737918215613383,0.8285714285714286,1.0,60.33317027775593,2.2848200312989047,4,2921.4643643020545,639
90122A,intermittent,DY,SAP,10.461966233963661,0.005924721189591078,0.9272727272727272,0.997770484228562,56.643808867476665,1.7136150234741785,3,2742.8173971769756,639
90122A,intermittent,GR,SAP,11.786487036167674,0.008945167286245352,0.4666666666666667,0.9873834110928433,5.970225535283076,6.283255086071987,11,289.0914080576043,639
90122A,intermittent,Per period 3d,F&O,23.008161643835617,0.007551115241635688,0.19578313253012047,1.0,0.0619550637156271,13.137715179968701,23,3.0,639
90122A,intermittent,Per period 5d,F&O,21.02585209816023,0.010106877323420074,0.28338762214983715,0.9994653898261406,0.1962433574606853,11.995305164319248,21,9.502533563427825,639
90122A,intermittent,Per period 7d,F&O,19.118655537594794,0.00929368029739777,0.2888086642599278,0.9963787922682557,0.9007145545628056,10.852895148669797,19,43.61457323474348,639
90122A,intermittent,Per period 10d,F&O,16.423302852768153,0.009642193308550186,0.3824884792626728,0.9972589064295525,3.21329327062909,9.139280125195619,16,155.59470418970415,639
90122A,intermittent,Per period 14d,F&O,16.414473418970417,0.010687732342007435,0.423963133640553,0.9955059851782377,3.1462690112360905,9.139280125195619,16,152.34924262256058,639
90122A,intermittent,Per period 21d,F&O,12.885893542254898,0.008364312267657992,0.4,0.9960572799487771,6.724820631862259,6.854460093896714,12,325.6305568207836,639
90122A,intermittent,Per period 28d,F&O,11.587884056447901,0.008945167286245352,0.5422535211267606,0.993212894783813,12.053632806292127,5.712050078247262,10,583.6633238705784,639
90122A,intermittent,Per period 42d,F&O,9.766149754850456,0.008131970260223048,0.5932203389830508,0.9960562967585985,13.406848276764421,4.569640062597809,8,649.1889834042463,639
90122A,intermittent,Per period 56d,F&O,9.775981069010617,0.007783457249070632,0.6203703703703703,0.9937343534895742,21.072480920252943,3.998435054773083,7,1020.3757202304889,639
90122A,intermittent,Per period 84d,F&O,10.114882221879935,0.006157063197026022,0.6973684210526315,1.0,38.82708683900382,2.856025039123631,5,1880.0926596034,639
90122A,intermittent,Per period 112d,F&O,10.352866555656288,0.00662174721189591,0.7916666666666666,1.0,40.63362665615345,2.856025039123631,5,1967.569277758857,639
90122A,intermittent,Per requirement,F&O,25.0,0.009061338289962825,0.21787709497206703,1.0,0.0,14.280125195618153,25,0.0,639
90122A,intermittent,Min/Max,F&O,15.353784010232266,0.014986059479553903,0.7633136094674556,0.8704690064204071,25.458584842387662,6.854460093896714,12,1232.7604871447904,639
35265,intermittent,EX,SAP,16.033399447605984,0.004298327137546468,0.18048780487804877,1.0,1.6431924882629108,9.139280125195619,16,31.258457374830854,639
35265,intermittent,FX,SAP,16.284563293602982,0.0055762081784386614,0.23300970873786409,1.0,13.999999999999991,9.139280125195619,16,266.3220568335587,639
35265,intermittent,HB,SAP,13.68312714330732,0.008364312267657992,0.5034965034965035,0.9285890023373109,33.608621425522834,7.42566510172144,13,639.3369418132611,639
35265,intermittent,TB,SAP,16.033399447605984,0.004298327137546468,0.18137254901960784,1.0,1.6431924882629108,9.139280125195619,16,31.258457374830854,639
35265,intermittent,WB,SAP,13.047289858564888,0.004414498141263941,0.23030303030303031,1.0,2.3265756153080095,7.42566510172144,13,44.258457374830854,639
35265,intermittent,MB,SAP,10.101923462297886,0.004182156133828996,0.27906976744186046,1.0,5.014450226884264,5.712050078247262,10,95.38990702238024,639
35265,intermittent,SP,SAP,4.463162964611959,0.0027881040892193307,0.6153846153846154,1.0,71.98497474922698,1.7136150234741785,3,1369.3704668804235,639
35265,intermittent,WI,SAP,5.240756200007938,0.0027881040892193307,0.631578947368421,1.0,110.2411572585992,1.7136150234741785,3,2097.1179820587113,639
35265,intermittent,DY,SAP,8.23144864674722,0.0022072490706319704,0.7307692307692307,1.0,306.57601670923043,1.1424100156494523,2,5831.996810417269,639
35265,intermittent,GR,SAP,9.287467581781067,0.00766728624535316,0.5739130434782609,1.0,14.142885731952282,5.140845070422535,9,269.04017269253745,639
35265,intermittent,Per period 3d,F&O,14.038741913359408,0.0033689591078066915,0.16477272727272727,1.0,1.9060321525110258,7.996870109546166,14,36.258457374830854,639
35265,intermittent,Per period 5d,F&O,11.057298012764706,0.00383364312267658,0.23404255319148937,0.9928023392463199,2.818958722852943,6.283255086071987,11,53.625063228507,639
35265,intermittent,Per period 7d,F&O,11.057529365770916,0.00383364312267658,0.23404255319148937,0.9952628243065463,2.83034087283421,6.283255086071987,11,53.84158591380694,639
35265,intermittent,Per period 10d,F&O,11.062527931961547,0.002904275092936803,0.176056338028169,1.0,3.0762612998252568,6.283255086071987,11,58.51973119478141,639
35265,intermittent,Per period 14d,F&O,11.05849626106293,0.0033689591078066915,0.20422535211267606,1.0,2.877910374567156,6.283255086071987,11,54.74650073838306,639
35265,intermittent,Per period 21d,F&O,9.11459004137375,0.004065985130111524,0.3017241379310345,1.0,5.637623036057315,5.140845070422535,9,107.24452590107407,639
35265,intermittent,Per period 28d,F&O,8.186522408269235,0.0045306691449814125,0.38613861386138615,0.9916452988481884,9.176565546126128,4.569640062597809,8,174.56584363659147,639
35265,intermittent,Per period 42d,F&O,5.630146945450628,0.003949814126394052,0.4788732394366197,0.9996972123647546,31.00209139628958,2.856025039123631,5,589.7529104858443,639
35265,intermittent,Per period 56d,F&O,5.532502131914961,0.004182156133828996,0.5,0.997417925929794,26.198142959402983,2.856025039123631,5,498.36737986913016,639
35265,intermittent,Per period 84d,F&O,6.717193637353912,0.005808550185873606,0.704225352112676,1.0,35.28463139368719,3.427230046948357,6,671.2196862414812,639
35265,intermittent,Per period 112d,F&O,5.312160658263645,0.0034851301115241635,0.5555555555555556,1.0,64.55593405283318,2.2848200312989047,4,1228.047795554437,639
35265,intermittent,Per requirement,F&O,16.033399447605984,0.004065985130111524,0.17326732673267325,1.0,1.6431924882629108,9.139280125195619,16,31.258457374830854,639
35265,intermittent,Min/Max,F&O,13.68312714330732,0.007899628252788104,0.4533333333333333,0.9285890023373109,33.608621425522834,7.42566510172144,13,639.3369418132611,639
90000B,intermittent,EX,SAP,15.23809868203978,0.005227695167286246,0.2542372881355932,1.0,14.302869066249347,7.996870109546166,14,371.02300405953986,639
90000B,intermittent,FX,SAP,15.505137479377911,0.0055762081784386614,0.294478527607362,1.0,28.940062597809117,7.42566510172144,13,750.7185385656303,639
90000B,intermittent,HB,SAP,14.702159652992751,0.008480483271375464,0.6239316239316239,0.8993133864581767,31.216118935837244,6.854460093896714,12,809.7604871447903,639
90000B,intermittent,TB,SAP,15.23809868203978,0.004646840148698885,0.2247191011235955,1.0,14.302869066249347,7.996870109546166,14,371.02300405953986,639
90000B,intermittent,WB,SAP,14.24810964094389,0.004646840148698885,0.24390243902439024,1.0,14.418518518518516,7.42566510172144,13,374.02300405953986,639
90000B,intermittent,MB,SAP,13.397471002323813,0.0055762081784386614,0.34285714285714286,1.0,16.143983561300274,6.854460093896714,12,418.7823611233102,639
90000B,intermittent,SP,SAP,9.738386247913159,0.005692379182156134,0.7424242424242424,1.0,54.739189268469744,2.856025039123631,5,1419.9597540954871,639
90000B,intermittent,WI,SAP,8.838817791204878,0.004763011152416357,0.7321428571428571,1.0,55.89940309848226,2.2848200312989047,4,1450.0562346385723,639
90000B,intermittent,DY,SAP,9.889212643666045,0.0037174721189591076,0.9696969696969697,0.9853556615461174,91.13843437120211,1.1424100156494523,2,2364.172918668396,639
90000B,intermittent,GR,SAP,12.51880480116202,0.005692379182156134,0.3712121212121212,1.0,17.54566620846566,6.283255086071987,11,455.14265387860183,639
90000B,intermittent,Per period 3d,F&O,15.23809868203978,0.0055762081784386614,0.2727272727272727,1.0,14.302869066249347,7.996870109546166,14,371.02300405953986,639
90000B,intermittent,Per period 5d,F&O,14.24810964094389,0.006505576208178439,0.34355828220858897,1.0,14.418518518518516,7.42566510172144,13,374.02300405953986,639
90000B,intermittent,Per period 7d,F&O,13.26918476065751,0.004763011152416357,0.271523178807947,1.0,14.661984311828967,6.854460093896714,12,380.338618752045,639
90000B,intermittent,Per period 10d,F&O,12.317802399075875,0.006157063197026022,0.37857142857142856,0.999147702476282,15.223629136022232,6.283255086071987,11,394.9079438938379,639
90000B,intermittent,Per period 14d,F&O,12.316796809281374,0.005808550185873606,0.3597122302158273,0.9969155047326058,15.212012275933665,6.283255086071987,11,394.60659719844165,639
90000B,intermittent,Per period 21d,F&O,11.421161118857311,0.005111524163568773,0.34375,0.9948387576282471,16.4176585436406,5.712050078247262,10,425.88161607793006,639
90000B,intermittent,Per period 28d,F&O,9.679851177861108,0.005343866171003717,0.4380952380952381,0.9747492272539028,19.40611988064471,4.569640062597809,8,503.4036780946672,639
90000B,intermittent,Per period 42d,F&O,9.599479620020393,0.004879182156133829,0.46153846153846156,1.0,30.029929911790923,3.998435054773083,7,778.99019811777,639
90000B,intermittent,Per period 56d,F&O,9.978677455508386,0.006157063197026022,0.6463414634146342,0.9949990469042197,34.41053145015492,3.998435054773083,7,892.6250174553043,639
90000B,intermittent,Per period 84d,F&O,7.936664126593509,0.0060408921933085506,0.8666666666666667,0.9824416625511987,45.47746668117262,2.2848200312989047,4,1179.706409036643,639
90000B,intermittent,Per period 112d,F&O,9.315608330170058,0.004995353159851301,0.7049180327868853,1.0,61.40742337971723,2.2848200312989047,4,1592.9368148703375,639
90000B,intermittent,Per requirement,F&O,15.23809868203978,0.005111524163568773,0.2543352601156069,1.0,14.302869066249347,7.996870109546166,14,371.02300405953986,639
90000B,intermittent,Min/Max,F&O,14.702159652992751,0.009409851301115242,0.6639344262295082,0.8993133864581767,31.216118935837244,6.854460093896714,12,809.7604871447903,639
90194,intermittent,EX,SAP,15.0,0.007202602230483271,0.28440366972477066,1.0,0.0,8.568075117370892,15,0.0,639
90194,intermittent,FX,SAP,13.733265427178525,0.011152416356877323,0.4729064039408867,1.0,11.034808175653218,7.42566510172144,13,314.87280108254316,639
90194,intermittent,HB,SAP,12.60424954121638,0.01266263940520446,0.7517241379310344,0.9163361485698287,24.142125480153652,6.283255086071987,11,688.8836265223274,639
90194,intermittent,TB,SAP,15.0,0.0070864312267657995,0.2798165137614679,1.0,0.0,8.568075117370892,15,0.0,639
90194,intermittent,WB,SAP,13.009315068493152,0.006389405204460966,0.2864583333333333,1.0,0.14018115426566133,7.42566510172144,13,4.0,639
90194,intermittent,MB,SAP,10.360477426556058,0.006157063197026022,0.35333333333333333,0.9963080987987948,5.424774039879491,5.712050078247262,10,154.79324787407148,639
90194,intermittent,SP,SAP,6.893474672572335,0.004879182156133829,0.7636363636363637,1.0,43.54349296925615,2.2848200312989047,4,1242.4920652810613,639
90194,intermittent,WI,SAP,8.31119762447624,0.004763011152416357,0.6612903225806451,0.9868392308161706,79.92746527624203,1.7136150234741785,3,2280.690744628032,639
90194,intermittent,DY,SAP,7.152414836669153,0.004414498141263941,0.7450980392156863,1.0,62.48910624995907,1.7136150234741785,3,1783.095782804989,639
90194,intermittent,GR,SAP,11.31527045774186,0.00871282527881041,0.4807692307692308,0.9918642518115394,4.744460730977303,6.283255086071987,11,135.38084361856343,639
90194,intermittent,Per period 3d,F&O,13.009315068493152,0.006505576208178439,0.2916666666666667,1.0,0.14018115426566133,7.42566510172144,13,4.0,639
90194,intermittent,Per period 5d,F&O,13.009315068493152,0.007202602230483271,0.3229166666666667,1.0,0.14018115426566133,7.42566510172144,13,4.0,639
90194,intermittent,Per period 7d,F&O,13.009315068493152,0.006157063197026022,0.2760416666666667,1.0,0.14018115426566133,7.42566510172144,13,4.0,639
90194,intermittent,Per period 10d,F&O,13.009315068493152,0.005808550185873606,0.2604166666666667,1.0,0.14018115426566133,7.42566510172144,13,4.0,639
90194,intermittent,Per period 14d,F&O,13.009315068493152,0.006854089219330855,0.31382978723404253,1.0,0.14018115426566133,7.42566510172144,13,4.0,639
90194,intermittent,Per period 21d,F&O,11.40669110503886,0.005808550185873606,0.32679738562091504,1.0,6.1202371808477825,6.283255086071987,11,174.63794510492176,639
90194,intermittent,Per period 28d,F&O,10.4986570805726,0.005924721189591078,0.3493150684931507,0.9966364479768925,7.504220198575103,5.712050078247262,10,214.12921695176345,639
90194,intermittent,Per period 42d,F&O,7.992267616206894,0.005692379182156134,0.44954128440366975,0.9960979632221204,14.93249565288715,3.998435054773083,7,426.09138813590164,639
90194,intermittent,Per period 56d,F&O,7.952830560908596,0.008131970260223048,0.6481481481481481,0.9815381346062673,14.339012960127649,3.998435054773083,7,409.15665262545565,639
90194,intermittent,Per period 84d,F&O,8.129555602546894,0.005924721189591078,0.5795454545454546,1.0,32.0473824381895,3.427230046948357,6,914.4562293289607,639
90194,intermittent,Per period 112d,F&O,8.181505563799359,0.005808550185873606,0.684931506849315,1.0,47.87802929886659,2.856025039123631,5,1366.1759185726655,639
90194,intermittent,Per requirement,F&O,15.0,0.006737918215613383,0.26605504587155965,1.0,0.0,8.568075117370892,15,0.0,639
90194,intermittent,Min/Max,F&O,12.60424954121638,0.009177509293680297,0.5984848484848485,0.9163361485698287,24.142125480153652,6.283255086071987,11,688.8836265223274,639
20836,intermittent,EX,SAP,19.0,0.024976765799256506,0.8143939393939394,1.0,0.0,10.852895148669797,19,0.0,639
20836,intermittent,FX,SAP,16.635954132759935,0.014172862453531599,0.5041322314049587,1.0,7.21948356807514,9.139280125195619,16,1398.3328822733467,639
20836,intermittent,HB,SAP,15.71752711364858,0.01812267657992565,0.9122807017543859,0.8044782597594914,30.849932930918843,7.42566510172144,13,5975.285520974289,639
20836,intermittent,TB,SAP,19.0,0.02578996282527881,0.8409090909090909,1.0,0.0,10.852895148669797,19,0.0,639
20836,intermittent,WB,SAP,16.04638904109589,0.021956319702602232,0.8325991189427313,1.0,0.5266180415828303,9.139280125195619,16,102.0,639
20836,intermittent,MB,SAP,10.920010499011163,0.013940520446096654,0.9230769230769231,1.0,10.444150510104459,5.712050078247262,10,2022.9146514402055,639
20836,intermittent,SP,SAP,7.25526363967885,0.008015799256505576,0.92,1.0,25.602221842129357,2.856025039123631,5,4958.862822185423,639
20836,intermittent,WI,SAP,6.266204068858429,0.008828996282527882,0.9743589743589743,1.0,25.72641986934695,2.2848200312989047,4,4982.918585140522,639
20836,intermittent,DY,SAP,8.069414782181763,0.007202602230483271,0.9841269841269841,1.0,46.196842882588264,2.2848200312989047,4,8947.809611423754,639
20836,intermittent,GR,SAP,10.677555582979789,0.014521375464684015,0.9191176470588235,0.9979162049073707,7.6917518824061055,5.712050078247262,10,1489.805950527849,639
20836,intermittent,Per period 3d,F&O,17.01364383561644,0.02300185873605948,0.8284518828451883,1.0,0.15488765928906773,9.710485133020343,17,30.0,639
20836,intermittent,Per period 5d,F&O,16.03547397260274,0.022885687732342008,0.8716814159292036,1.0,0.4027079141515761,9.139280125195619,16,78.0,639
20836,intermittent,Per period 7d,F&O,15.068219178082192,0.020562267657992565,0.8271028037383178,1.0,0.7744382964453387,8.568075117370892,15,150.0,639
20836,intermittent,Per period 10d,F&O,14.146532116768334,0.020446096654275093,0.8712871287128713,1.0,1.6634630623645865,7.996870109546166,14,322.1941121713362,639
20836,intermittent,Per period 14d,F&O,12.360020683229648,0.016844795539033456,0.8841463414634146,0.9993112141535538,4.087029665903261,6.854460093896714,12,791.6117432459123,639
20836,intermittent,Per period 21d,F&O,9.010647331231702,0.012081784386617101,0.9203539823008849,0.9969600723960087,11.47307867830238,4.569640062597809,8,2222.2064813227194,639
20836,intermittent,Per period 28d,F&O,9.88299245284821,0.012778810408921933,0.9401709401709402,1.0,10.023913951791913,5.140845070422535,9,1941.5195499373306,639
20836,intermittent,Per period 42d,F&O,10.570952414257446,0.00987453531598513,0.9042553191489362,1.0,17.83377850182303,5.140845070422535,9,3454.202597614264,639
20836,intermittent,Per period 56d,F&O,8.19424878625502,0.00766728624535316,0.9428571428571428,1.0,24.909568537416668,3.427230046948357,6,4824.703656524591,639
20836,intermittent,Per period 84d,F&O,7.413956977079951,0.007318773234200744,0.9692307692307692,1.0,38.75594957010556,2.2848200312989047,4,7506.592148398687,639
20836,intermittent,Per period 112d,F&O,7.343794386665154,0.004298327137546468,0.925,1.0,60.66386517259199,1.1424100156494523,2,11749.90934417338,639
20836,intermittent,Per requirement,F&O,19.0,0.025673791821561338,0.8371212121212122,1.0,0.0,10.852895148669797,19,0.0,639
20836,intermittent,Min/Max,F&O,15.71752711364858,0.017657992565055763,0.9212121212121213,0.8044782597594914,30.849932930918843,7.42566510172144,13,5975.285520974289,639
37489A,intermittent,EX,SAP,18.0,0.010803903345724907,0.33695652173913043,1.0,0.0,10.28169014084507,18,0.0,639
37489A,intermittent,FX,SAP,14.07758069957551,0.01324349442379182,0.4578313253012048,1.0,8.397026604068861,7.996870109546166,14,363.0378890392424,639
37489A,intermittent,HB,SAP,10.264810484364283,0.010687732342007435,0.6715328467153284,0.836989017213708,28.662034428794993,5.712050078247262,10,1239.1772665764547,639
37489A,intermittent,TB,SAP,18.0,0.011036245353159852,0.3442028985507246,1.0,0.0,10.28169014084507,18,0.0,639
37489A,intermittent,WB,SAP,17.000213698630137,0.012081784386617101,0.4094488188976378,1.0,0.023129890453834116,9.710485133020343,17,1.0,639
37489A,intermittent,MB,SAP,11.030713285202754,0.00929368029739777,0.47904191616766467,0.9939643973380307,3.3242839308875243,6.283255086071987,11,143.72242434621975,639
37489A,intermittent,SP,SAP,2.838012285143186,0.0034851301115241635,1.0,0.9902155070640307,198.93914519204574,0.5712050078247262,1,8600.954924067471,639
37489A,intermittent,WI,SAP,4.08014208947082,0.0006970260223048327,0.5454545454545454,0.9912733624748055,441.6183646336068,0.0,0,19092.97259816473,639
37489A,intermittent,DY,SAP,4.1336173550873605,0.0006970260223048327,0.8571428571428571,1.0,447.40631486476826,0.0,0,19343.209418037004,639
37489A,intermittent,GR,SAP,6.18900890264861,0.007551115241635688,0.6914893617021277,0.9919199315562265,20.457572471378757,3.427230046948357,6,884.4647367531139,639
37489A,intermittent,Per period 3d,F&O,16.001068493150687,0.00987453531598513,0.35269709543568467,1.0,0.11564945226917059,9.139280125195619,16,5.0,639
37489A,intermittent,Per period 5d,F&O,16.001068493150687,0.00929368029739777,0.33195020746887965,1.0,0.11564945226917059,9.139280125195619,16,5.0,639
37489A,intermittent,Per period 7d,F&O,16.001068493150687,0.009526022304832713,0.34024896265560167,1.0,0.11564945226917059,9.139280125195619,16,5.0,639
37489A,intermittent,Per period 10d,F&O,13.013755185975397,0.008945167286245352,0.4052631578947368,0.98205002898481,1.4888066646899565,7.42566510172144,13,64.36721642333438,639
37489A,intermittent,Per period 14d,F&O,11.053821951229082,0.010687732342007435,0.5168539325842697,0.9963801222656059,5.825474104079529,6.283255086071987,11,251.85913075147624,639
37489A,intermittent,Per period 21d,F&O,11.064018204583984,0.010455390334572491,0.5454545454545454,0.9956883052021178,6.929076045688706,6.283255086071987,11,299.5723676045388,639
37489A,intermittent,Per period 28d,F&O,9.09232925124981,0.008480483271375464,0.5367647058823529,0.9947846808493351,9.993351224215452,5.140845070422535,9,432.0535475151336,639
37489A,intermittent,Per period 42d,F&O,9.130125988548457,0.008828996282527882,0.6229508196721312,0.9892926393793273,14.08431985920225,5.140845070422535,9,608.9228951305979,639
37489A,intermittent,Per period 56d,F&O,6.232663971326925,0.00766728624535316,0.6534653465346535,1.0,25.18262361296427,3.427230046948357,6,1088.7480709529207,639
37489A,intermittent,Per period 84d,F&O,5.345223305035871,0.007202602230483271,0.8051948051948052,0.9865839683000397,37.3655985650057,2.856025039123631,5,1615.468029975551,639
37489A,intermittent,Per period 112d,F&O,6.359320402863988,0.005924721189591078,0.7083333333333334,1.0,38.89141240982218,3.427230046948357,6,1681.4352185302012,639
37489A,intermittent,Per requirement,F&O,18.0,0.009990706319702601,0.3115942028985507,1.0,0.0,10.28169014084507,18,0.0,639
37489A,intermittent,Min/Max,F&O,10.264810484364283,0.012081784386617101,0.7123287671232876,0.836989017213708,28.662034428794993,5.712050078247262,10,1239.1772665764547,639
90003E,intermittent,EX,SAP,17.0,0.006389405204460966,0.23809523809523808,1.0,0.0,9.710485133020343,17,0.0,639
90003E,intermittent,FX,SAP,16.146405731551337,0.009526022304832713,0.4,1.0,18.435099485803672,8.568075117370892,15,557.9174560216497,639
90003E,intermittent,HB,SAP,11.231081431775632,0.0070864312267657995,0.61,0.8669050840904697,35.87753185781354,5.140845070422535,9,1085.7929634641405,639
90003E,intermittent,TB,SAP,17.0,0.00546003717472119,0.20346320346320346,1.0,0.0,9.710485133020343,17,0.0,639
90003E,intermittent,WB,SAP,15.016438356164384,0.006389405204460966,0.2669902912621359,1.0,0.26434160518667565,8.568075117370892,15,8.0,639
90003E,intermittent,MB,SAP,11.169046872089243,0.00546003717472119,0.31125827814569534,1.0,2.718405725791318,6.283255086071987,11,82.26947775009855,639
90003E,intermittent,SP,SAP,8.279482399782431,0.005343866171003717,0.7666666666666667,0.9883695784603046,68.8174191880357,2.2848200312989047,4,2082.6814345607827,639
90003E,intermittent,WI,SAP,8.61178589095261,0.0033689591078066915,0.9354838709677419,1.0,106.3226808135392,1.1424100156494523,2,3217.7358002636047,639
90003E,intermittent,DY,SAP,8.978295162441366,0.0045306691449814125,0.8478260869565217,1.0,96.1356551541022,1.7136150234741785,3,2909.436979054798,639
90003E,intermittent,GR,SAP,10.369213069416412,0.006505576208178439,0.4057971014492754,1.0,5.937234505047239,5.712050078247262,10,179.68369378265425,639
90003E,intermittent,Per period 3d,F&O,15.006164383561643,0.00662174721189591,0.2780487804878049,1.0,0.09912810194500336,8.568075117370892,15,3.0,639
90003E,intermittent,Per period 5d,F&O,14.022602739726027,0.0070864312267657995,0.3177083333333333,1.0,0.363469707131679,7.996870109546166,14,11.0,639
90003E,intermittent,Per period 7d,F&O,14.01849315068493,0.006389405204460966,0.2849740932642487,1.0,0.2973843058350101,7.996870109546166,14,9.0,639
90003E,intermittent,Per period 10d,F&O,13.063007660487093,0.0055762081784386614,0.2696629213483146,1.0,1.0132123884931001,7.42566510172144,13,30.66372810371879,639
90003E,intermittent,Per period 14d,F&O,10.221089004877207,0.005692379182156134,0.35507246376811596,0.9822883703766491,3.555283865000586,5.712050078247262,10,107.596649040241,639
90003E,intermittent,Per period 21d,F&O,10.327428918418088,0.0055762081784386614,0.34782608695652173,0.9891946092023416,5.265312724316445,5.712050078247262,10,159.34874029680282,639
90003E,intermittent,Per period 28d,F&O,9.41208965137588,0.0060408921933085506,0.4126984126984127,1.0,6.626723428802314,5.140845070422535,9,200.55029700292792,639
90003E,intermittent,Per period 42d,F&O,8.768804515940834,0.005343866171003717,0.45098039215686275,0.9939223108507552,12.362977038962727,4.569640062597809,8,374.1515310912062,639
90003E,intermittent,Per period 56d,F&O,7.796116803363363,0.003949814126394052,0.34,0.9935981726489237,12.80217995112702,3.998435054773083,7,387.44351097017017,639
90003E,intermittent,Per period 84d,F&O,5.849485191106352,0.004646840148698885,0.6557377049180327,0.9839595718895012,45.82194727017345,1.7136150234741785,3,1386.7494596717581,639
90003E,intermittent,Per period 112d,F&O,6.8828653113905345,0.00546003717472119,0.6619718309859155,0.9959332829025743,46.35872567362253,2.2848200312989047,4,1402.9944515433936,639
90003E,intermittent,Per requirement,F&O,17.0,0.005808550185873606,0.21645021645021645,1.0,0.0,9.710485133020343,17,0.0,639
90003E,intermittent,Min/Max,F&O,11.231081431775632,0.007783457249070632,0.6836734693877551,0.8669050840904697,35.87753185781354,5.140845070422535,9,1085.7929634641405,639
22929,intermittent,EX,SAP,20.003885294826404,0.0037174721189591076,0.16,1.0,5.652582159624413,9.139280125195619,16,112.41677943166441,639
22929,intermittent,FX,SAP,25.91659962555842,0.007783457249070632,0.33004926108374383,1.0,14.000000000000002,9.139280125195619,16,278.4276048714479,639
22929,intermittent,HB,SAP,41.20015570838044,0.009758364312267658,0.5121951219512195,0.8910395952226864,36.988705177927464,8.568075117370892,15,735.6197564276048,639
22929,intermittent,TB,SAP,20.003885294826404,0.0045306691449814125,0.1921182266009852,1.0,5.652582159624413,9.139280125195619,16,112.41677943166441,639
22929,intermittent,WB,SAP,16.324433240031883,0.004298327137546468,0.24025974025974026,1.0,6.105123494590734,6.854460093896714,12,121.41677943166441,639
22929,intermittent,MB,SAP,14.320815749781183,0.004879182156133829,0.40384615384615385,0.9667558539186414,8.923564915221986,4.569640062597809,8,177.46905759001015,639
22929,intermittent,SP,SAP,15.542533932444883,0.006854089219330855,0.5267857142857143,1.0,10.648355186396076,4.569640062597809,8,211.77114502633708,639
22929,intermittent,WI,SAP,21.91505148518522,0.004646840148698885,0.4,0.9993864901200211,19.644911375719982,4.569640062597809,8,390.69183016096963,639
22929,intermittent,DY,SAP,15.655551621706016,0.007551115241635688,0.6770833333333334,0.9898798741603768,12.219684900010323,3.998435054773083,7,243.02125707097662,639
22929,intermittent,GR,SAP,15.439181171378562,0.0037174721189591076,0.22695035460992907,0.9845371203622327,6.267121669319205,6.283255086071987,11,124.63854827332118,639
22929,intermittent,Per period 3d,F&O,17.181967486607228,0.004298327137546468,0.2215568862275449,1.0,5.90399401238348,7.42566510172144,13,117.41677943166441,639
22929,intermittent,Per period 5d,F&O,16.324433240031883,0.00546003717472119,0.3051948051948052,1.0,6.105123494590734,6.854460093896714,12,121.41677943166441,639
22929,intermittent,Per period 7d,F&O,15.633554318485615,0.005227695167286246,0.3515625,1.0,7.9533069234261164,5.712050078247262,10,158.1728712497884,639
22929,intermittent,Per period 10d,F&O,15.132333034831747,0.004995353159851301,0.3359375,1.0,7.245695621557207,5.712050078247262,10,144.10011982412215,639
22929,intermittent,Per period 14d,F&O,16.627775548090526,0.004182156133828996,0.3130434782608696,0.9958622839499287,10.76869710440225,5.140845070422535,9,214.16446731177246,639
22929,intermittent,Per period 21d,F&O,15.615614170886007,0.005111524163568773,0.41904761904761906,0.987762784091894,9.339753735110447,5.140845070422535,9,185.74609018256865,639
22929,intermittent,Per period 28d,F&O,15.438674395169722,0.004879182156133829,0.4421052631578947,0.9992191350442806,11.913503216151414,3.998435054773083,7,236.93201186438066,639
22929,intermittent,Per period 42d,F&O,24.18013134085465,0.004995353159851301,0.5733333333333334,0.991993933471146,25.666241290611005,3.427230046948357,6,510.4421491855344,639
22929,intermittent,Per period 56d,F&O,23.324277655811084,0.0045306691449814125,0.609375,0.991549945061521,25.869743346314543,2.856025039123631,5,514.4893341823881,639
22929,intermittent,Per period 84d,F&O,31.052845416535323,0.002091078066914498,0.4864864864864865,1.0,39.60428480134175,1.7136150234741785,3,787.6375828488764,639
22929,intermittent,Per period 112d,F&O,46.76871335102999,0.0030204460966542753,0.65,0.9984186826976027,61.791542469368814,1.7136150234741785,3,1228.890797932765,639
22929,intermittent,Per requirement,F&O,20.003885294826404,0.004414498141263941,0.18446601941747573,1.0,5.652582159624413,9.139280125195619,16,112.41677943166441,639
22929,intermittent,Min/Max,F&O,41.20015570838044,0.010106877323420074,0.5209580838323353,0.8910395952226864,36.988705177927464,8.568075117370892,15,735.6197564276048,639
21672,erratic,EX,SAP,359.0,0.4732806691449814,0.8112305854241338,1.0,0.0,205.0625978090767,359,0.0,639
21672,erratic,FX,SAP,114.98935992733598,0.03775557620817844,0.7158590308370044,1.0,14.006321206054828,12.566510172143975,22,135764.46549391054,639
21672,erratic,HB,SAP,130.99839842808683,0.05309014869888476,0.9956427015250545,0.9020258719665827,17.020139351322527,10.28169014084507,18,164977.6617050068,639
21672,erratic,TB,SAP,359.0,0.47618494423791824,0.8163712407886875,1.0,0.0,205.0625978090767,359,0.0,639
21672,erratic,WB,SAP,99.47602739726028,0.13104089219330856,0.9439330543933054,1.0,2.331043152561917,47.98122065727699,84,22595.0,639
21672,erratic,MB,SAP,112.93947638936876,0.043912639405204464,0.9869451697127938,1.0,11.438219376499232,21.134585289514867,37,110871.6355284784,639
21672,erratic,SP,SAP,77.1581763515068,0.09258828996282528,0.9925280199252802,0.9999854091125449,5.145001429906892,24.561815336463223,43,49870.93747319993,639
21672,erratic,WI,SAP,92.96261403678463,0.10025557620817843,0.9965357967667436,1.0,7.676133508792648,23.990610328638496,42,74405.41649370556,639
21672,erratic,DY,SAP,98.17658497261745,0.038452602230483274,1.0,1.0,11.77517901805702,11.424100156494523,20,114137.81406002148,639
21672,erratic,GR,SAP,77.67319325846131,0.11013011152416356,0.9895615866388309,1.0,3.1138550191024184,32.55868544600939,57,30182.86215735352,639
21672,erratic,Per period 3d,F&O,169.95410958904108,0.23722118959107807,0.8975824175824176,1.0,0.8968248783014272,93.67762128325509,164,8693.0,639
21672,erratic,Per period 5d,F&O,116.90147916079484,0.15903810408921934,0.9447895100069013,1.0,1.7926345560773873,59.97652582159625,105,17376.15957476046,639
21672,erratic,Per period 7d,F&O,103.27717367659548,0.13359665427509293,0.9599332220367279,0.9999646861476862,3.2048282631936242,46.838810641627546,82,31064.673567829414,639
21672,erratic,Per period 10d,F&O,95.44521287508955,0.11059479553903345,0.9794238683127572,1.0,4.585744337292341,37.1283255086072,65,44450.01079763075,639
21672,erratic,Per period 14d,F&O,82.42930661129003,0.07632434944237919,0.9776785714285714,0.9999606989185441,6.089576861033321,23.990610328638496,42,59026.78765248346,639
21672,erratic,Per period 21d,F&O,93.9646868147385,0.05820167286245353,0.9940476190476191,1.0,9.935788271970164,15.993740219092333,28,96308.4427495182,639
21672,erratic,Per period 28d,F&O,111.40037673341517,0.045771375464684017,0.9924433249370277,1.0,13.465738375325932,12.566510172143975,22,130524.55003078615,639
21672,erratic,Per period 42d,F&O,163.65089613599488,0.034502788104089216,1.0,1.0,22.39021970336824,8.568075117370892,15,217030.30835855255,639
21672,erratic,Per period 56d,F&O,180.144194464382,0.02427973977695167,0.9952380952380953,1.0,25.476978437735184,6.283255086071987,11,246950.52391799772,639
21672,erratic,Per period 84d,F&O,246.3071013428968,0.01963289962825279,1.0,1.0,36.04511452619644,3.998435054773083,7,349388.36796062934,639
21672,erratic,Per period 112d,F&O,352.020117500297,0.015566914498141264,1.0,1.0,51.96790893104474,3.998435054773083,7,503729.37155043357,639
21672,erratic,Per requirement,F&O,359.0,0.48071561338289964,0.8241386178052181,1.0,0.0,205.0625978090767,359,0.0,639
21672,erratic,Min/Max,F&O,130.99839842808683,0.05320631970260223,0.9978213507625272,0.9020258719665827,17.020139351322527,10.28169014084507,18,164977.6617050068,639
21578,erratic,EX,SAP,206.0,0.2053903345724907,0.6027957722468462,1.0,0.0,117.66823161189359,206,0.0,639
21578,erratic,FX,SAP,54.77220141991197,0.03066914498141264,0.6470588235294118,1.0,13.752440416634537,10.852895148669797,19,29015.23004059527,639
21578,erratic,HB,SAP,65.06898363208333,0.0383364312267658,0.9939759036144579,0.9084776129035426,18.864320531568282,9.139280125195619,16,39800.397834912044,639
21578,erratic,TB,SAP,206.0,0.20597118959107807,0.604706684856753,1.0,0.0,117.66823161189359,206,0.0,639
21578,erratic,WB,SAP,82.47780821917809,0.0974674721189591,0.7531418312387792,1.0,1.7214705354165065,44.55399061032864,78,3632.0,639
21578,erratic,MB,SAP,58.26643464727171,0.03856877323420074,0.9046321525885559,0.9995673495089189,8.56021725313892,20.56338028169014,36,18060.5525472315,639
21578,erratic,SP,SAP,43.5079194010428,0.052276951672862455,0.982532751091703,0.9999919055299721,7.115275233160134,14.280125195618153,25,15011.979069734714,639
21578,erratic,WI,SAP,55.46931948327479,0.04937267657992565,0.9837962962962963,0.9999596802715864,12.482664299040119,13.137715179968701,23,26336.225803100664,639
21578,erratic,DY,SAP,47.47404820255499,0.028694237918215612,0.988,1.0,12.868927131583918,7.996870109546166,14,27151.172430961273,639
21578,erratic,GR,SAP,48.17894315644422,0.06691449814126393,0.9504950495049505,0.9998100333109127,3.913242789284662,21.705790297339593,38,8256.253893560315,639
21578,erratic,Per period 3d,F&O,118.62123287671233,0.13185408921933087,0.6937652811735942,1.0,0.6232747120244235,66.83098591549296,117,1315.0,639
21578,erratic,Per period 5d,F&O,86.13750187305783,0.09990706319702602,0.7678571428571429,0.9999408542377247,1.5906414960324105,46.838810641627546,82,3355.973741480234,639
21578,erratic,Per period 7d,F&O,73.09258970442447,0.0916589219330855,0.834920634920635,1.0,2.3422650428905234,38.27073552425665,67,4941.767204699849,639
21578,erratic,Per period 10d,F&O,63.434121680206694,0.0762081784386617,0.8597640891218873,0.9998956510583445,4.0113448714700395,30.273865414710485,53,8463.232029500983,639
21578,erratic,Per period 14d,F&O,56.509180575510136,0.06528810408921933,0.8949044585987261,0.9999559164043275,5.57798048313084,23.990610328638496,42,11768.557577913776,639
21578,erratic,Per period 21d,F&O,55.76976331978572,0.050766728624535316,0.9142259414225942,0.999849960778107,9.52260919563868,17.70735524256651,31,20091.03024827064,639
21578,erratic,Per period 28d,F&O,57.393074011914116,0.040892193308550186,0.946236559139785,1.0,12.453352116386965,14.280125195618153,25,26274.382254108117,639
21578,erratic,Per period 42d,F&O,61.54866668087114,0.02904275092936803,0.9803921568627451,0.9998509694170759,17.895397531954213,8.568075117370892,15,37756.14075226215,639
21578,erratic,Per period 56d,F&O,79.33929475055429,0.021143122676579924,0.994535519125683,1.0,27.041583173761317,5.140845070422535,9,57052.983519894035,639
21578,erratic,Per period 84d,F&O,102.67921035796805,0.017657992565055763,0.987012987012987,1.0,36.78338450890438,3.998435054773083,7,77606.47062368519,639
21578,erratic,Per period 112d,F&O,120.88843585537597,0.011965613382899629,1.0,1.0,44.16827329452303,3.427230046948357,6,93187.28686047162,639
21578,erratic,Per requirement,F&O,206.0,0.2046933085501859,0.6007500852369587,1.0,0.0,117.66823161189359,206,0.0,639
21578,erratic,Min/Max,F&O,65.06898363208333,0.037058550185873604,0.9785276073619632,0.9084776129035426,18.864320531568282,9.139280125195619,16,39800.397834912044,639
22983,erratic,EX,SAP,278.88968879826496,0.3271375464684015,0.803882386525835,1.0,4.279514695007653,155.93896713615024,273,25592.100135317996,639
22983,erratic,FX,SAP,45.098717215044374,0.04658457249070632,0.7551789077212806,1.0,13.877344589353468,14.85133020344288,26,82988.47361299043,639
22983,erratic,HB,SAP,54.48930227074722,0.05006970260223048,0.9976851851851852,0.8437572149380426,25.786929629961506,10.852895148669797,19,154209.46820027064,639
22983,erratic,TB,SAP,278.88968879826496,0.32934479553903345,0.8093063088781045,1.0,4.279514695007653,155.93896713615024,273,25592.100135317996,639
22983,erratic,WB,SAP,71.93158468867593,0.08887081784386618,0.9491315136476427,1.0,7.216402101316851,35.41471048513302,62,43155.100135317996,639
22983,erratic,MB,SAP,46.44486963915243,0.02904275092936803,0.9920634920634921,0.9999473317726217,16.308696900348977,13.708920187793428,24,97528.30259869804,639
22983,erratic,SP,SAP,39.79574160226002,0.03938197026022305,0.9941348973607038,1.0,15.837033104862728,10.28169014084507,18,94707.68672410605,639
22983,erratic,WI,SAP,42.98757614260616,0.041937732342007435,0.9972375690607734,0.9999484404217686,18.156256290893918,10.28169014084507,18,108576.96776251486,639
22983,erratic,DY,SAP,63.756156708301425,0.012314126394052044,1.0,1.0,41.96627866537766,3.427230046948357,6,250964.2523634526,639
22983,erratic,GR,SAP,41.165197209431184,0.049837360594795536,0.9907621247113164,1.0,11.745815674647675,14.280125195618153,25,70241.63073145693,639
22983,erratic,Per period 3d,F&O,125.10066962018277,0.1600836431226766,0.9107732980832782,1.0,5.15942709790004,67.40219092331769,118,30854.100135317996,639
22983,erratic,Per period 5d,F&O,86.27547546016048,0.10652881040892194,0.9443872296601442,1.0,6.739665692800818,43.98278560250391,77,40304.14932093543,639
22983,erratic,Per period 7d,F&O,70.32873010745607,0.08991635687732343,0.9567367119901112,1.0,7.504972467925233,34.27230046948357,60,44880.79153835077,639
22983,erratic,Per period 10d,F&O,56.328503694003786,0.06528810408921933,0.9689655172413794,1.0,9.684641986136208,24.561815336463223,43,57915.52200370692,639
22983,erratic,Per period 14d,F&O,48.82630400871294,0.051928438661710034,0.9889380530973452,1.0,11.499572030511647,18.849765258215964,33,68769.05908547883,639
22983,erratic,Per period 21d,F&O,42.506978122102765,0.03926579925650558,0.9854227405247813,1.0,14.173991595841862,13.137715179968701,23,84762.464459137,639
22983,erratic,Per period 28d,F&O,43.58803613829011,0.03008828996282528,0.9923371647509579,1.0,19.319168679799603,9.710485133020343,17,115531.34750566536,639
22983,erratic,Per period 42d,F&O,46.93083267949776,0.021026951672862452,0.9945054945054945,1.0,26.107750633797448,6.283255086071987,11,156128.02295257954,639
22983,erratic,Per period 56d,F&O,55.7364329373147,0.016728624535315983,1.0,1.0,33.959222362716076,5.140845070422535,9,203080.9288347603,639
22983,erratic,Per period 84d,F&O,69.12807425033483,0.012197955390334572,1.0,1.0,45.86957489187332,3.427230046948357,6,274306.513111574,639
22983,erratic,Per period 112d,F&O,82.90462324359666,0.010339219330855019,1.0,1.0,56.6063830194595,2.856025039123631,5,338514.1367132474,639
22983,erratic,Per requirement,F&O,278.88968879826496,0.32980947955390333,0.8104481872680559,1.0,4.279514695007653,155.93896713615024,273,25592.100135317996,639
22983,erratic,Min/Max,F&O,54.48930227074722,0.04890799256505576,1.0,0.8437572149380426,25.786929629961506,10.852895148669797,19,154209.46820027064,639
21440,erratic,EX,SAP,31.0,0.03682620817843866,0.5969868173258004,1.0,0.0,17.70735524256651,31,0.0,639
21440,erratic,FX,SAP,13.492806828924707,0.016496282527881042,0.6425339366515838,1.0,15.771358574175547,5.140845070422535,9,6559.497970230071,639
21440,erratic,HB,SAP,13.15421988247719,0.020910780669144983,0.972972972972973,0.785609225157381,21.60351250492076,3.998435054773083,7,8985.161028416698,639
21440,erratic,TB,SAP,31.0,0.03473513011152416,0.5630885122410546,1.0,0.0,17.70735524256651,31,0.0,639
21440,erratic,WB,SAP,13.26095890410959,0.019052044609665426,0.7454545454545455,1.0,0.9160590709886484,7.42566510172144,13,381.0,639
21440,erratic,MB,SAP,4.47496017222422,0.008364312267657992,0.9230769230769231,1.0,5.177637642690145,1.7136150234741785,3,2153.441851447362,639
21440,erratic,SP,SAP,4.446836970712347,0.006157063197026022,1.0,1.0,8.58927274353567,1.1424100156494523,2,3572.381977240027,639
21440,erratic,WI,SAP,5.615547816219379,0.00766728624535316,0.9850746268656716,1.0,9.181508141397313,1.7136150234741785,3,3818.699811680293,639
21440,erratic,DY,SAP,6.422005626090987,0.0023234200743494425,1.0,1.0,19.033178628947283,0.5712050078247262,1,7916.12821409284,639
21440,erratic,GR,SAP,6.146553392683641,0.013475836431226766,0.9747899159663865,1.0,4.024812409924837,2.856025039123631,5,1673.9679533181165,639
21440,erratic,Per period 3d,F&O,20.08082191780822,0.0262546468401487,0.653179190751445,1.0,0.2837138330096077,11.424100156494523,20,118.0,639
21440,erratic,Per period 5d,F&O,15.21273509314169,0.022072490706319704,0.753968253968254,1.0,0.7467762499041664,8.568075117370892,15,310.59323598686694,639
21440,erratic,Per period 7d,F&O,12.344060017208012,0.020446096654275093,0.8380952380952381,0.9984420388378076,1.2077736944954023,6.854460093896714,12,502.32762512369743,639
21440,erratic,Per period 10d,F&O,10.595026021880198,0.018703531598513012,0.9415204678362573,1.0,2.0887541150492437,5.712050078247262,10,868.7379919450885,639
21440,erratic,Per period 14d,F&O,8.515710875962597,0.01324349442379182,0.8976377952755905,1.0,5.320687185054232,3.998435054773083,7,2212.937878905391,639
21440,erratic,Per period 21d,F&O,5.595996085894036,0.009526022304832713,0.9534883720930233,0.9995761883194567,5.602516981492364,2.2848200312989047,4,2330.154285405293,639
21440,erratic,Per period 28d,F&O,7.155692536002803,0.00871282527881041,0.9615384615384616,1.0,11.077609260815088,2.2848200312989047,4,4607.311102564093,639
21440,erratic,Per period 42d,F&O,5.574972065216677,0.006854089219330855,0.9833333333333333,1.0,9.039072745697643,1.7136150234741785,3,3759.4592152163495,639
21440,erratic,Per period 56d,F&O,4.687512891742729,0.0045306691449814125,0.9285714285714286,1.0,9.434131290825714,1.1424100156494523,2,3923.7688219443858,639
21440,erratic,Per period 84d,F&O,8.401876162123099,0.0027881040892193307,1.0,1.0,25.983232201956334,0.5712050078247262,1,10806.739196699724,639
21440,erratic,Per period 112d,F&O,8.820662032230768,0.0024395910780669145,1.0,1.0,27.45332036171078,0.5712050078247262,1,11418.16656705692,639
21440,erratic,Per requirement,F&O,31.0,0.03473513011152416,0.5641509433962264,1.0,0.0,17.70735524256651,31,0.0,639
21440,erratic,Min/Max,F&O,13.15421988247719,0.01974907063197026,0.9826589595375722,0.785609225157381,21.60351250492076,3.998435054773083,7,8985.161028416698,639
21471,erratic,EX,SAP,193.0,0.1667053903345725,0.528156054471844,1.0,0.0,110.24256651017214,193,0.0,639
21471,erratic,FX,SAP,57.01479785715612,0.03659386617100372,0.6892778993435449,1.0,14.284786945776146,11.995305164319248,21,17527.201623815978,639
21471,erratic,HB,SAP,67.44673383135299,0.03949814126394052,0.9798270893371758,0.897239030699681,19.61238435231229,10.28169014084507,18,24064.07713125846,639
21471,erratic,TB,SAP,193.0,0.16194237918215612,0.5128771155261221,1.0,0.0,110.24256651017214,193,0.0,639
21471,erratic,WB,SAP,83.37876712328767,0.09409851301115242,0.7271095152603232,1.0,1.736779300814676,45.12519561815336,79,2131.0,639
21471,erratic,MB,SAP,56.85218199935876,0.037407063197026025,0.9147727272727273,0.9994458091351551,12.23710454855655,14.85133020344288,26,15014.728573021264,639
21471,erratic,SP,SAP,47.77377041951196,0.052741635687732345,0.9659574468085106,0.9996341189050154,7.843001054115138,15.993740219092333,28,9623.234937495825,639
21471,erratic,WI,SAP,66.58686549691956,0.050302044609665426,0.9392624728850325,1.0,18.081419302478654,11.995305164319248,21,22185.60787516752,639
21471,erratic,DY,SAP,60.5407498375366,0.02358271375464684,0.9759615384615384,1.0,19.253037942003928,6.854460093896714,12,23623.164920934483,639
21471,erratic,GR,SAP,53.85457852214509,0.07644052044609666,0.9373219373219374,0.9998924348036613,3.9086865123496204,25.13302034428795,44,4795.894880777276,639
21471,erratic,Per period 3d,F&O,112.47328767123288,0.11756505576208179,0.6470588235294118,1.0,0.5843598116772044,63.4037558685446,111,717.0,639
21471,erratic,Per period 5d,F&O,93.41130904306546,0.10106877323420074,0.6999195494770716,0.9996263713603325,1.3530500179305318,51.40845070422535,90,1660.1704009585228,639
21471,erratic,Per period 7d,F&O,75.13807509962041,0.08910315985130111,0.8082191780821918,0.9996476088151767,2.4345852336313736,39.413145539906104,69,2987.196548481929,639
21471,erratic,Per period 10d,F&O,67.57515404087869,0.07853159851301116,0.8589580686149937,1.0,4.591129734902488,31.987480438184665,56,5633.241633227628,639
21471,erratic,Per period 14d,F&O,61.60621860516876,0.06854089219330856,0.9035222052067381,1.0,7.379907272992245,24.561815336463223,43,9055.026387848797,639
21471,erratic,Per period 21d,F&O,52.478282256104976,0.04774628252788104,0.9298642533936652,1.0,10.502255828805913,14.85133020344288,26,12886.097364637755,639
21471,erratic,Per period 28d,F&O,56.07831650474947,0.042402416356877325,0.9733333333333334,1.0,13.120070968311937,13.137715179968701,23,16098.114032311412,639
21471,erratic,Per period 42d,F&O,71.52091656791475,0.029623605947955392,0.9586466165413534,1.0,22.418264135619008,8.568075117370892,15,27506.846063051846,639
21471,erratic,Per period 56d,F&O,82.17454696001926,0.026138475836431228,0.9698275862068966,1.0,28.230430261431945,6.283255086071987,11,34638.27952054271,639
21471,erratic,Per period 84d,F&O,102.73700629496933,0.0170771375464684,0.9865771812080537,1.0,37.97280060197059,3.998435054773083,7,46592.009730218415,639
21471,erratic,Per period 112d,F&O,119.19053643387953,0.01266263940520446,0.9646017699115044,1.0,44.89550944167812,3.427230046948357,6,55086.06106448804,639
21471,erratic,Per requirement,F&O,193.0,0.1628717472118959,0.5158204562178073,1.0,0.0,110.24256651017214,193,0.0,639
21471,erratic,Min/Max,F&O,67.44673383135299,0.041821561338289966,0.9836065573770492,0.897239030699681,19.61238435231229,10.28169014084507,18,24064.07713125846,639
22678,erratic,EX,SAP,185.95938142992196,0.15485594795539034,0.5667517006802721,1.0,3.4894289698463905,104.53051643192488,183,4320.696887686062,639
22678,erratic,FX,SAP,38.28965095371383,0.04402881040892193,0.7302504816955684,1.0,14.490820153696852,14.85133020344288,26,17942.89039242219,639
22678,erratic,HB,SAP,37.3468524663095,0.04890799256505576,0.9836448598130841,0.819738851384553,22.81201969732732,10.28169014084507,18,28246.404600811868,639
22678,erratic,TB,SAP,185.95938142992196,0.15055762081784388,0.5512547851977881,1.0,3.4894289698463905,104.53051643192488,183,4320.696887686062,639
22678,erratic,WB,SAP,70.89362800526443,0.07725371747211895,0.7705677867902665,1.0,5.770113698953497,37.69953051643193,66,7144.696887686062,639
22678,erratic,MB,SAP,36.85207639465213,0.03020446096654275,0.9523809523809523,0.9999587834370183,15.153980234092604,13.708920187793428,24,18764.03153619211,639
22678,erratic,SP,SAP,30.968025860035006,0.031598513011152414,0.9784172661870504,1.0,18.828019755713544,8.568075117370892,15,23313.317755651107,639
22678,erratic,WI,SAP,33.33901906027694,0.031482342007434945,0.9713261648745519,1.0,20.444568181008208,9.139280125195619,16,25314.96782800433,639
22678,erratic,DY,SAP,41.87969382514581,0.01266263940520446,0.990909090909091,1.0,42.306017668693684,3.427230046948357,6,52384.35298471288,639
22678,erratic,GR,SAP,39.7153690853987,0.049837360594795536,0.9662162162162162,1.0,10.276357438079831,17.70735524256651,31,12724.4388646821,639
22678,erratic,Per period 3d,F&O,101.62650471759319,0.10304368029739777,0.7073365231259968,1.0,4.2760390711744085,55.97809076682316,98,5294.696887686062,639
22678,erratic,Per period 5d,F&O,76.41959722219738,0.08073884758364312,0.7942857142857143,0.9998191532078119,5.211180426510562,41.12676056338028,72,6452.611944408169,639
22678,erratic,Per period 7d,F&O,62.58869237324761,0.07841542750929369,0.8698453608247423,1.0,6.5896693388672265,32.55868544600939,57,8159.490864941513,639
22678,erratic,Per period 10d,F&O,52.22490578895589,0.06098977695167286,0.9194395796847635,0.999851674329367,8.518940921062134,25.704225352112676,45,10548.362451875595,639
22678,erratic,Per period 14d,F&O,41.90227582213999,0.051347583643122675,0.9444444444444444,1.0,10.496740581411817,18.849765258215964,33,12997.322700324386,639
22678,erratic,Per period 21d,F&O,38.203782725084636,0.042518587360594794,0.9606299212598425,1.0,14.389572277522948,14.85133020344288,26,17817.52277862357,639
22678,erratic,Per period 28d,F&O,34.135388281390675,0.03485130111524164,0.9803921568627451,1.0,19.025358049330368,10.28169014084507,18,23557.666890830384,639
22678,erratic,Per period 42d,F&O,32.571453052314745,0.022072490706319704,0.9743589743589743,1.0,25.435063030862285,6.283255086071987,11,31494.321456379526,639
22678,erratic,Per period 56d,F&O,38.2530167320087,0.019865241635687734,0.9941860465116279,0.9997747323833991,34.49245271595968,5.140845070422535,9,42709.40442873271,639
22678,erratic,Per period 84d,F&O,48.43274172430565,0.01266263940520446,0.9732142857142857,1.0,48.85365833925907,3.998435054773083,7,60491.802917486246,639
22678,erratic,Per period 112d,F&O,55.248513678252,0.011965613382899629,0.9716981132075472,1.0,58.069294013006115,3.427230046948357,6,71902.82997024793,639
22678,erratic,Per requirement,F&O,185.95938142992196,0.15346189591078066,0.5614109647258818,1.0,3.4894289698463905,104.53051643192488,183,4320.696887686062,639
22678,erratic,Min/Max,F&O,37.3468524663095,0.04704925650557621,0.9759036144578314,0.819738851384553,22.81201969732732,10.28169014084507,18,28246.404600811868,639
22952,erratic,EX,SAP,253.33754507201513,0.27904275092936803,0.8662098809953119,1.0,4.118935837245696,123.38028169014085,216,123892.76319350472,639
22952,erratic,FX,SAP,133.34483281739477,0.049837360594795536,0.7915129151291513,1.0,11.841873320324657,14.85133020344288,26,356189.6725304463,639
22952,erratic,HB,SAP,293.63821706489705,0.04368029739776952,1.0,0.7671029290476383,30.627991204347403,9.139280125195619,16,921254.0838971583,639
22952,erratic,TB,SAP,253.33754507201513,0.27590613382899626,0.8567821067821068,1.0,4.118935837245696,123.38028169014085,216,123892.76319350472,639
22952,erratic,WB,SAP,115.74225740078225,0.06157063197026022,0.8166409861325116,1.0,7.2524355714128514,28.560250391236305,50,218144.7631935047,639
22952,erratic,MB,SAP,165.97687333378758,0.02300185873605948,0.8389830508474576,0.9999882970356804,15.993296773920413,11.995305164319248,21,481059.62515302235,639
22952,erratic,SP,SAP,96.41953100147911,0.07330390334572491,1.0,1.0,6.77556885062668,19.992175273865413,35,203801.1710503625,639
22952,erratic,WI,SAP,110.07743059225506,0.07806691449814127,1.0,1.0,8.502888727604361,18.849765258215964,33,255756.92878339178,639
22952,erratic,DY,SAP,111.06170687100656,0.04217007434944238,1.0,1.0,9.935264658643641,11.995305164319248,21,298841.1182537945,639
22952,erratic,GR,SAP,97.02710572665625,0.0724907063197026,0.9904761904761905,1.0,6.180697021980806,23.419405320813773,41,185908.12354754115,639
22952,erratic,Per period 3d,F&O,137.94727109941238,0.11338289962825279,0.8399311531841652,1.0,5.28936042390014,51.40845070422535,90,159097.7631935047,639
22952,erratic,Per period 5d,F&O,122.51424229018308,0.09247211895910781,0.8718510405257394,1.0,6.344752266496068,37.1283255086072,65,190842.71305378928,639
22952,erratic,Per period 7d,F&O,119.1274080864835,0.06203531598513011,0.8177641653905053,1.0,7.625872508600837,28.560250391236305,50,229377.3086506043,639
22952,erratic,Per period 10d,F&O,121.41321138841084,0.05320631970260223,0.822262118491921,0.9999914888516379,8.981195559756351,22.848200312989047,40,270143.83778881776,639
22952,erratic,Per period 14d,F&O,137.08984727068713,0.03973048327137547,0.8402948402948403,1.0,12.475641444916658,13.708920187793428,24,375252.6750345527,639
22952,erratic,Per period 21d,F&O,155.89723545533874,0.02683550185873606,0.9829787234042553,1.0,15.763879039853673,7.42566510172144,13,474159.00855635124,639
22952,erratic,Per period 28d,F&O,190.39982195798547,0.02462825278810409,0.8907563025210085,0.9999937685227961,19.12880826677828,9.710485133020343,17,575372.1364969517,639
22952,erratic,Per period 42d,F&O,232.53885269057238,0.020213754646840148,0.9508196721311475,1.0,24.21869049694859,7.42566510172144,13,728469.8293823538,639
22952,erratic,Per period 56d,F&O,295.2087702641856,0.010687732342007435,0.968421052631579,1.0,31.904410586965785,3.427230046948357,6,959647.283149343,639
22952,erratic,Per period 84d,F&O,435.64348184187844,0.011617100371747211,0.9900990099009901,1.0,47.506949560115984,2.856025039123631,5,1428953.371566233,639
22952,erratic,Per period 112d,F&O,548.4161801100993,0.011152416356877323,1.0,1.0,59.8372881411516,3.427230046948357,6,1799835.5067289658,639
22952,erratic,Per requirement,F&O,253.33754507201513,0.2804368029739777,0.8705373241976199,1.0,4.118935837245696,123.38028169014085,216,123892.76319350472,639
22952,erratic,Min/Max,F&O,293.63821706489705,0.04437732342007435,1.0,0.7671029290476383,30.627991204347403,9.139280125195619,16,921254.0838971583,639
21238,erratic,EX,SAP,374.0,0.46026951672862454,0.7753424657534247,1.0,0.0,213.63067292644757,374,0.0,639
21238,erratic,FX,SAP,73.49065419763826,0.03903345724907063,0.721030042918455,1.0,13.074503404477994,13.137715179968701,23,108406.40460081154,639
21238,erratic,HB,SAP,81.83307994883866,0.04925650557620818,0.9976470588235294,0.9181133458027909,16.52951094360044,10.28169014084507,18,137053.3775372124,639
21238,erratic,TB,SAP,374.0,0.45771375464684017,0.7710371819960861,1.0,0.0,213.63067292644757,374,0.0,639
21238,erratic,WB,SAP,96.14972602739726,0.13406133828996283,0.9529314616019818,1.0,2.3693122221585736,49.694835680751176,87,19645.0,639
21238,erratic,MB,SAP,74.7197034401564,0.04263475836431227,0.9865591397849462,1.0,11.580121592144478,17.136150234741784,30,96015.83385680635,639
21238,erratic,SP,SAP,63.795495934117554,0.08085501858736059,0.997134670487106,1.0,7.456564301000138,19.992175273865413,35,61825.62362325239,639
21238,erratic,WI,SAP,70.48528521928893,0.07853159851301116,0.9897510980966325,1.0,9.447827392881294,19.420970266040687,34,78336.05355906149,639
21238,erratic,DY,SAP,79.03023677768084,0.03717472118959108,0.9937888198757764,1.0,15.544768583293994,10.852895148669797,19,128888.44955207943,639
21238,erratic,GR,SAP,65.12174534724045,0.09723513011152417,0.994061757719715,1.0,4.174709513636725,27.98904538341158,49,34614.33559848683,639
21238,erratic,Per period 3d,F&O,167.97057534246576,0.23849907063197026,0.915700267618198,1.0,0.7692274549721243,94.24882629107981,165,6378.0,639
21238,erratic,Per period 5d,F&O,113.64764004992,0.16322026022304834,0.9531886024423338,1.0,1.7213996103953972,61.118935837245694,107,14272.87422482822,639
21238,erratic,Per period 7d,F&O,93.9669164671882,0.13440985130111524,0.9506984387838948,1.0,2.5809228530157426,47.98122065727699,84,21399.555944257,639
21238,erratic,Per period 10d,F&O,80.95447725606746,0.10989776951672862,0.9803108808290155,1.0,4.390344592048635,36.557120500782474,64,36402.25999096838,639
21238,erratic,Per period 14d,F&O,70.38103557904032,0.08608271375464684,0.9840637450199203,1.0,6.831342254780123,25.13302034428795,44,56641.63521382183,639
21238,erratic,Per period 21d,F&O,71.02742748567434,0.06273234200743494,0.9872029250457038,1.0,10.365061519809437,17.70735524256651,31,85941.24136630078,639
21238,erratic,Per period 28d,F&O,71.90256946849702,0.047397769516728624,0.9975550122249389,1.0,13.181168443717104,11.995305164319248,21,109290.81091765536,639
21238,erratic,Per period 42d,F&O,90.56637314912516,0.03612918215613383,0.9967948717948718,1.0,19.308886269954808,9.139280125195619,16,160098.38940841577,639
21238,erratic,Per period 56d,F&O,117.26531706495184,0.026022304832713755,0.9911504424778761,1.0,27.258346484319183,6.854460093896714,12,226010.827815926,639
21238,erratic,Per period 84d,F&O,155.21069892285198,0.019400557620817844,1.0,1.0,37.861111352511514,5.140845070422535,9,313922.97121671156,639
21238,erratic,Per period 112d,F&O,199.8883910109566,0.01486988847583643,1.0,1.0,50.20720108792112,3.427230046948357,6,416289.780699995,639
21238,erratic,Per requirement,F&O,374.0,0.46015334572490707,0.7746919616663407,1.0,0.0,213.63067292644757,374,0.0,639
21238,erratic,Min/Max,F&O,81.83307994883866,0.04914033457249071,0.9976415094339622,0.9181133458027909,16.52951094360044,10.28169014084507,18,137053.3775372124,639
84510A,erratic,EX,SAP,296.0,0.26347583643122674,0.5640387963193235,1.0,0.0,169.07668231611893,296,0.0,639
84510A,erratic,FX,SAP,42.80770941850331,0.03473513011152416,0.6629711751662971,1.0,13.298195179470877,13.137715179968701,23,28919.255751014825,639
84510A,erratic,HB,SAP,41.34653734220624,0.04670074349442379,0.9975186104218362,0.9284677015678202,15.67403902096031,10.28169014084507,18,34085.94451962111,639
84510A,erratic,TB,SAP,296.0,0.25848048327137546,0.5540338645418327,1.0,0.0,169.07668231611893,296,0.0,639
84510A,erratic,WB,SAP,89.22123287671234,0.1158224907063197,0.8266998341625207,1.0,2.162621765494669,49.123630672926446,86,4703.0,639
84510A,erratic,MB,SAP,50.77799431716855,0.04112453531598513,0.9414893617021277,1.0,10.592787057663928,19.992175273865413,35,23035.87170306608,639
84510A,erratic,SP,SAP,39.10000596197087,0.046933085501858735,0.9782082324455206,1.0,12.15170350828292,11.995305164319248,21,26426.008704477474,639
84510A,erratic,WI,SAP,42.81449024397919,0.050766728624535316,0.9886877828054299,1.0,14.645476812887253,11.995305164319248,21,31849.15575620962,639
84510A,erratic,DY,SAP,63.431807127834794,0.017193308550185873,0.9932885906040269,1.0,36.54358915832459,5.140845070422535,9,79470.4384066388,639
84510A,erratic,GR,SAP,46.05552015359932,0.06714684014869889,0.9897260273972602,1.0,6.750920402171911,20.56338028169014,36,14681.059424255,639
84510A,erratic,Per period 3d,F&O,154.2123287671233,0.18134293680297398,0.7497598463016331,1.0,0.8139146342601667,87.3943661971831,153,1770.0,639
84510A,erratic,Per period 5d,F&O,101.69979558746614,0.12894981412639406,0.8320839580209896,1.0,1.8125472212986404,56.54929577464789,99,3941.701557700576,639
84510A,erratic,Per period 7d,F&O,85.07055919433185,0.11837825278810409,0.8946444249341527,1.0,2.7328294005185847,46.267605633802816,81,5943.016423724506,639
84510A,erratic,Per period 10d,F&O,69.4137180171647,0.09735130111524164,0.9447576099210823,1.0,4.305943318144141,35.985915492957744,63,9364.028305060458,639
84510A,erratic,Per period 14d,F&O,56.25523966883607,0.07736988847583644,0.9527896995708155,1.0,6.213640403770795,26.84663536776213,47,13512.64991650066,639
84510A,erratic,Per period 21d,F&O,46.06094346632627,0.05506505576208178,0.9614604462474645,0.999913162283792,10.111384490277782,17.70735524256651,31,21988.97746083636,639
84510A,erratic,Per period 28d,F&O,43.74587264050348,0.04368029739776952,0.9740932642487047,1.0,13.928044768475111,13.137715179968701,23,30288.974055135077,639
84510A,erratic,Per period 42d,F&O,46.19562354691516,0.032527881040892194,1.0,1.0,20.943637747666514,8.568075117370892,15,45545.61037849613,639
84510A,erratic,Per period 56d,F&O,54.64016168407984,0.026138475836431228,0.9911894273127754,1.0,28.627095671617308,6.854460093896714,12,62254.636058756565,639
84510A,erratic,Per period 84d,F&O,64.13918015131614,0.018935873605947954,0.9819277108433735,1.0,37.6898589884549,4.569640062597809,8,81963.20302092157,639
84510A,erratic,Per period 112d,F&O,78.47885332459634,0.014056691449814127,0.9918032786885246,1.0,47.98837274073243,3.998435054773083,7,104359.12585391066,639
84510A,erratic,Per requirement,F&O,296.0,0.26196561338289964,0.5612244897959183,1.0,0.0,169.07668231611893,296,0.0,639
84510A,erratic,Min/Max,F&O,41.34653734220624,0.04704925650557621,0.9926470588235294,0.9284677015678202,15.67403902096031,10.28169014084507,18,34085.94451962111,639
20975,erratic,EX,SAP,328.0,0.420771375464684,0.8000883587364701,1.0,0.0,187.35524256651019,328,0.0,639
20975,erratic,FX,SAP,120.30825795688364,0.03566449814126394,0.7041284403669725,1.0,17.035695082724626,12.566510172143975,22,276019.3396481733,639
20975,erratic,HB,SAP,159.2294411922813,0.03903345724907063,1.0,0.8304155291802449,24.820021610909752,9.139280125195619,16,402144.200270636,639
20975,erratic,TB,SAP,328.0,0.420771375464684,0.8000883587364701,1.0,0.0,187.35524256651019,328,0.0,639
20975,erratic,WB,SAP,88.79695890410959,0.11407992565055762,0.9469623915139826,1.0,2.7374320399693253,41.69796557120501,73,44353.0,639
20975,erratic,MB,SAP,102.06844771272398,0.0391496282527881,0.9683908045977011,1.0,11.968770879727362,18.849765258215964,33,193922.9493472635,639
20975,erratic,SP,SAP,65.40555537346191,0.07713754646840149,0.996996996996997,1.0,4.922357389447193,21.134585289514867,37,79754.05931779688,639
20975,erratic,WI,SAP,79.86756506692896,0.08027416356877323,0.992816091954023,1.0,7.775035113731138,19.992175273865413,35,125974.31730330056,639
20975,erratic,DY,SAP,79.35595215040973,0.036013011152416355,0.9935897435897436,1.0,10.285706645546048,11.424100156494523,20,166653.2502684581,639
20975,erratic,GR,SAP,67.95822361458463,0.09537639405204461,0.9987834549878345,0.9999860236788395,3.1119544592034636,28.560250391236305,50,50421.16630248759,639
20975,erratic,Per period 3d,F&O,137.87564383561644,0.19725836431226765,0.9203252032520325,1.0,1.018181777182467,75.39906103286386,132,16497.0,639
20975,erratic,Per period 5d,F&O,104.10508831264633,0.14986059479553904,0.9576837416481069,1.0,1.9243846070789312,53.12206572769953,93,31179.671031660848,639
20975,erratic,Per period 7d,F&O,86.86211939588526,0.11837825278810409,0.9695528068506185,1.0,2.9220121528629313,39.98435054773083,70,47343.6429192163,639
20975,erratic,Per period 10d,F&O,79.67930615838206,0.09526022304832714,0.9750297265160524,1.0,4.969795264936774,29.131455399061032,51,80522.66729084194,639
20975,erratic,Per period 14d,F&O,76.67316790722207,0.06981877323420074,0.9917491749174917,1.0,6.874905582495341,21.134585289514867,37,111390.04835489273,639
20975,erratic,Per period 21d,F&O,92.9985577323573,0.051231412639405206,0.984375,1.0,11.436794108600209,15.422535211267606,27,185303.64286392627,639
20975,erratic,Per period 28d,F&O,103.27546248064479,0.03938197026022305,0.9941348973607038,1.0,14.603972358105809,10.852895148669797,19,236619.56773411809,639
20975,erratic,Per period 42d,F&O,120.84678096484795,0.02741635687732342,0.9874476987447699,0.9999838716775438,18.68861186591593,7.42566510172144,13,302800.5773243808,639
20975,erratic,Per period 56d,F&O,165.42930867703717,0.021607806691449814,1.0,1.0,26.760830362916156,6.283255086071987,11,433589.98205475823,639
20975,erratic,Per period 84d,F&O,229.59493594915926,0.01475371747211896,0.9921875,1.0,38.39986425516189,4.569640062597809,8,622170.3970880241,639
20975,erratic,Per period 112d,F&O,316.6765244173896,0.011617100371747211,1.0,1.0,53.83668319762661,3.427230046948357,6,872284.0877872861,639
20975,erratic,Per requirement,F&O,328.0,0.4212360594795539,0.8009719461011707,1.0,0.0,187.35524256651019,328,0.0,639
20975,erratic,Min/Max,F&O,159.2294411922813,0.0383364312267658,1.0,0.8304155291802449,24.820021610909752,9.139280125195619,16,402144.200270636,639
22379,erratic,EX,SAP,457.0,0.5815520446096655,0.7943509996826404,1.0,0.0,261.0406885758998,457,0.0,639
22379,erratic,FX,SAP,244.78757098633844,0.04112453531598513,0.7108433734939759,1.0,13.929230694344048,12.566510172143975,22,193613.0081190798,639
22379,erratic,HB,SAP,295.97152101136305,0.042053903345724904,1.0,0.9618085939954891,17.37946791862285,10.28169014084507,18,241570.48849797025,639
22379,erratic,TB,SAP,457.0,0.5888708178438662,0.8051143583227446,1.0,0.0,261.0406885758998,457,0.0,639
22379,erratic,WB,SAP,129.14153424657536,0.1378949814126394,0.9697712418300654,1.0,2.6347930889292903,49.694835680751176,87,36623.0,639
22379,erratic,MB,SAP,201.25525221052925,0.04356412639405204,0.9920634920634921,1.0,10.45721259299524,19.420970266040687,34,145352.77870676946,639
22379,erratic,SP,SAP,107.1592455501709,0.13057620817843865,0.9938107869142352,1.0,2.8234678733017526,35.41471048513302,62,39245.534823362796,639
22379,erratic,WI,SAP,150.07342609255855,0.14068308550185873,0.9893790849673203,1.0,5.881703581798672,31.987480438184665,56,81754.28696139016,639
22379,erratic,DY,SAP,124.56912179869566,0.06679832713754646,0.9965337954939342,1.0,5.412515892166819,21.705790297339593,38,75232.6891821998,639
22379,erratic,GR,SAP,110.81163065380963,0.14265799256505576,0.9919224555735057,1.0,1.8638969800382474,46.267605633802816,81,25907.726639620265,639
22379,erratic,Per period 3d,F&O,188.464,0.2599907063197026,0.9459002535925612,1.0,1.029370054785252,98.24726134585289,172,14308.0,639
22379,erratic,Per period 5d,F&O,146.56388638876393,0.18947490706319703,0.9633786178381571,1.0,2.035974824831307,65.11737089201878,114,28299.567933092458,639
22379,erratic,Per period 7d,F&O,132.3922952062638,0.14660780669144982,0.9752704791344667,1.0,2.7755162383694643,50.2660406885759,88,38579.0184530626,639
22379,erratic,Per period 10d,F&O,138.73209269224253,0.11175650557620818,0.9866666666666667,1.0,4.922525423224685,34.27230046948357,60,68421.9376968298,639
22379,erratic,Per period 14d,F&O,153.85883620759802,0.09607342007434944,0.9963855421686747,1.0,6.743601563173511,26.275430359937403,46,93734.46479946017,639
22379,erratic,Per period 21d,F&O,193.57887066706772,0.06505576208178439,0.9946714031971581,1.0,10.164833637359324,17.70735524256651,31,141288.780460666,639
22379,erratic,Per period 28d,F&O,251.9213043279816,0.0504182156133829,0.9954128440366973,1.0,14.250204417080933,13.708920187793428,24,198074.46685646017,639
22379,erratic,Per period 42d,F&O,359.48511046594257,0.03566449814126394,1.0,1.0,21.47553978244932,9.139280125195619,16,298504.91742873576,639
22379,erratic,Per period 56d,F&O,454.9369716801194,0.027764869888475836,0.9958333333333333,1.0,27.693516448297995,6.854460093896714,12,384933.32062677044,639
22379,erratic,Per period 84d,F&O,647.5184035501607,0.018819702602230485,1.0,1.0,39.92175194629619,5.140845070422535,9,554902.8983233538,639
22379,erratic,Per period 112d,F&O,854.8542183866663,0.014986059479553903,1.0,1.0,53.072468008101,3.427230046948357,6,737694.7374074599,639
22379,erratic,Per requirement,F&O,457.0,0.5787639405204461,0.7912960609911055,1.0,0.0,261.0406885758998,457,0.0,639
22379,erratic,Min/Max,F&O,295.97152101136305,0.04217007434944238,1.0,0.9618085939954891,17.37946791862285,10.28169014084507,18,241570.48849797025,639
21259,erratic,EX,SAP,311.0,0.2653345724907063,0.5394426074633916,1.0,0.0,177.64475743348981,311,0.0,639
21259,erratic,FX,SAP,122.19775735444034,0.037058550185873604,0.7266514806378133,1.0,14.729573184374912,12.566510172143975,22,30732.925575101446,639
21259,erratic,HB,SAP,144.2192168609932,0.04449349442379182,0.9922279792746114,0.9110742422223432,18.701863341952528,9.710485133020343,17,39021.02029769959,639
21259,erratic,TB,SAP,311.0,0.2604553903345725,0.5293978748524203,1.0,0.0,177.64475743348981,311,0.0,639
21259,erratic,WB,SAP,101.21805479452055,0.11117565055762081,0.7935323383084577,1.0,2.0901254096388433,49.694835680751176,87,4361.0,639
21259,erratic,MB,SAP,100.13412265127371,0.040892193308550186,0.9411764705882353,0.9995506869129936,10.016057968194014,18.278560250391237,32,20898.28131740748,639
21259,erratic,SP,SAP,72.53090822568359,0.08561802973977695,0.9684625492772667,1.0,4.488196731837443,23.990610328638496,42,9364.522270902946,639
21259,erratic,WI,SAP,86.52675093933875,0.09142657992565056,0.968019680196802,1.0,6.9866709062179035,22.27699530516432,39,14577.532851141716,639
21259,erratic,DY,SAP,87.39945378879786,0.04356412639405204,0.9715025906735751,1.0,9.173032865354715,14.280125195618153,25,19139.3282629506,639
21259,erratic,GR,SAP,80.59231198014486,0.10246282527881041,0.9524838012958964,1.0,3.0271732058240746,34.27230046948357,60,6316.129304834345,639
21259,erratic,Per period 3d,F&O,158.05342465753424,0.16531133828996283,0.6805356288857006,1.0,0.7428787858152275,87.3943661971831,153,1550.0,639
21259,erratic,Per period 5d,F&O,117.35430227233326,0.12848513011152415,0.7905646890636169,1.0,2.845179565690277,55.97809076682316,98,5936.403638152636,639
21259,erratic,Per period 7d,F&O,98.92791019192289,0.10908457249070631,0.8229623137598597,1.0,2.635492771367169,46.267605633802816,81,5498.896823572986,639
21259,erratic,Per period 10d,F&O,98.05444143651417,0.09897769516728624,0.908315565031983,0.9999608910754698,4.859168778453641,37.1283255086072,65,10138.547163300565,639
21259,erratic,Per period 14d,F&O,84.8853571541036,0.07330390334572491,0.9348148148148148,1.0,6.0103526892359875,25.13302034428795,44,12540.466690124213,639
21259,erratic,Per period 21d,F&O,94.23967648029921,0.05796933085501859,0.9486692015209125,1.0,9.296549817753782,17.70735524256651,31,19397.043626310257,639
21259,erratic,Per period 28d,F&O,132.01725031508883,0.049837360594795536,0.9976744186046511,1.0,15.8790778925606,13.708920187793428,24,33131.34148319951,639
21259,erratic,Per period 42d,F&O,163.0280540718047,0.03519981412639405,0.9869706840390879,1.0,21.613861824731813,9.139280125195619,16,45096.8401144611,639
21259,erratic,Per period 56d,F&O,194.85115678795083,0.026370817843866173,0.9742489270386266,1.0,27.027042724725202,6.283255086071987,11,56391.32119966558,639
21259,erratic,Per period 84d,F&O,268.772882387769,0.018006505576208177,0.9872611464968153,1.0,38.481927446498254,3.998435054773083,7,80291.68241305518,639
21259,erratic,Per period 112d,F&O,416.73081746826045,0.013011152416356878,0.9824561403508771,1.0,60.52649648343145,2.856025039123631,5,126287.1835091723,639
21259,erratic,Per requirement,F&O,311.0,0.25720260223048325,0.5226628895184136,1.0,0.0,177.64475743348981,311,0.0,639
21259,erratic,Min/Max,F&O,144.2192168609932,0.04484200743494424,0.9948453608247423,0.9110742422223432,18.701863341952528,9.710485133020343,17,39021.02029769959,639
22902,erratic,EX,SAP,150.53245800507906,0.13138940520446096,0.6190476190476191,1.0,4.294209702660407,81.11111111111111,142,7415.112313937753,639
22902,erratic,FX,SAP,51.49399239994812,0.03427044609665428,0.6541019955654102,1.0,13.837157927815051,13.708920187793428,24,23893.588633288244,639
22902,erratic,HB,SAP,69.26384206721413,0.03856877323420074,0.996996996996997,0.8427505940914077,25.800031816112273,10.28169014084507,18,44550.719891745604,639
22902,erratic,TB,SAP,150.53245800507906,0.13197026022304834,0.6217843459222769,1.0,4.294209702660407,81.11111111111111,142,7415.112313937753,639
22902,erratic,WB,SAP,69.90511553932564,0.06993494423791821,0.799468791500664,1.0,5.991598508874422,33.129890453834115,58,10346.112313937752,639
22902,erratic,MB,SAP,53.75036461934124,0.027881040892193308,0.9411764705882353,0.9999458933500543,15.476022739299365,13.137715179968701,23,26723.531157284644,639
22902,erratic,SP,SAP,45.005980244133276,0.03612918215613383,0.9873015873015873,1.0,12.081713525559389,11.995305164319248,21,20862.339974068203,639
22902,erratic,WI,SAP,52.935955894836155,0.04414498141263941,0.9921671018276762,1.0,16.07270631577747,11.995305164319248,21,27753.866432417133,639
22902,erratic,DY,SAP,48.77961458248578,0.02184014869888476,0.9894736842105263,1.0,18.00714026439988,7.42566510172144,13,31094.188863350733,639
22902,erratic,GR,SAP,50.6880663597613,0.053322490706319704,0.9683544303797469,0.9999526798825357,7.392200118402161,20.56338028169014,36,12764.629098363985,639
22902,erratic,Per period 3d,F&O,92.8994717037092,0.09177509293680297,0.7417840375586855,1.0,4.982199433735893,47.41001564945227,83,8603.112313937752,639
22902,erratic,Per period 5d,F&O,76.02194162742613,0.07702137546468402,0.8105134474327629,1.0,6.0503946635986985,36.557120500782474,64,10447.639747644138,639
22902,erratic,Per period 7d,F&O,65.17781587752545,0.06284851301115242,0.8361669242658424,1.0,7.135401600284633,29.131455399061032,51,12321.19713165902,639
22902,erratic,Per period 10d,F&O,55.81462143109367,0.0554135687732342,0.9244186046511628,1.0,8.462451318598085,22.27699530516432,39,14612.706719879025,639
22902,erratic,Per period 14d,F&O,50.15282788300534,0.04670074349442379,0.95260663507109,1.0,9.639222282679635,17.70735524256651,31,16644.719469754637,639
22902,erratic,Per period 21d,F&O,55.9532399094562,0.03554832713754647,0.9776357827476039,1.0,16.081405002983214,13.708920187793428,24,27768.887064170267,639
22902,erratic,Per period 28d,F&O,55.52301801890889,0.02950743494423792,0.9844961240310077,1.0,19.387838493208903,9.710485133020343,17,33478.3370878613,639
22902,erratic,Per period 42d,F&O,60.54814096299944,0.020678438661710038,0.994413407821229,0.9998348560484397,24.93655492302962,6.283255086071987,11,43059.69393213046,639
22902,erratic,Per period 56d,F&O,63.92109207995246,0.01638011152416357,0.986013986013986,1.0,28.1439294573912,4.569640062597809,8,48598.09192662535,639
22902,erratic,Per period 84d,F&O,101.26503972414329,0.011965613382899629,1.0,1.0,47.94492485802216,3.427230046948357,6,82789.85595074357,639
22902,erratic,Per period 112d,F&O,127.58395267751803,0.011384758364312268,0.98989898989899,1.0,61.69396892020034,2.856025039123631,5,106531.29220784304,639
22902,erratic,Per requirement,F&O,150.53245800507906,0.12964684014869887,0.6108374384236454,1.0,4.294209702660407,81.11111111111111,142,7415.112313937753,639
22902,erratic,Min/Max,F&O,69.26384206721413,0.03810408921933085,0.9969604863221885,0.8427505940914077,25.800031816112273,10.28169014084507,18,44550.719891745604,639
82582,erratic,EX,SAP,353.0,0.3891728624535316,0.7003972402257997,1.0,0.0,201.63536776212834,353,0.0,639
82582,erratic,FX,SAP,139.56501729475252,0.036013011152416355,0.6888888888888889,1.0,15.336239308990368,13.137715179968701,23,101300.55074424922,639
82582,erratic,HB,SAP,149.2437929820009,0.04763011152416357,0.9879518072289156,0.8763324331659923,17.135930007471345,10.852895148669797,19,113188.05818673888,639
82582,erratic,TB,SAP,353.0,0.3851068773234201,0.6935146443514645,1.0,0.0,201.63536776212834,353,0.0,639
82582,erratic,WB,SAP,97.51802739726028,0.12116635687732343,0.9371069182389937,1.0,2.3048137993793074,45.69640062597809,80,15224.0,639
82582,erratic,MB,SAP,120.5964701382622,0.04007899628252788,0.9801136363636364,1.0,11.788038462746025,17.70735524256651,31,77863.59904872786,639
82582,erratic,SP,SAP,78.44156104811887,0.09049721189591078,0.9885786802030457,1.0,4.531411178651542,25.13302034428795,44,29931.356625150915,639
82582,erratic,WI,SAP,110.90721203400024,0.1008364312267658,0.992,1.0,8.80285559994491,25.13302034428795,44,58145.55331526211,639
82582,erratic,DY,SAP,92.05285206729809,0.04995353159851301,0.9930715935334873,1.0,8.558880959230505,15.422535211267606,27,56534.02620134238,639
82582,erratic,GR,SAP,79.97968246511633,0.10281133828996282,0.9800664451827242,0.9999777785325271,2.7602572227828888,33.701095461658845,59,18232.34309468443,639
82582,erratic,Per period 3d,F&O,160.25512328767124,0.21189591078066913,0.8727272727272727,1.0,0.8229747644131576,87.96557120500782,154,5436.0,639
82582,erratic,Per period 5d,F&O,112.13277719016767,0.15369423791821563,0.9463519313304721,1.0,2.5172633817917602,53.12206572769953,93,16627.294462883812,639
82582,erratic,Per period 7d,F&O,100.78483262509937,0.1274395910780669,0.9506065857885615,0.9999821390890825,2.8661893096108604,45.12519561815336,79,18932.0569241935,639
82582,erratic,Per period 10d,F&O,93.4929234883961,0.10327602230483271,0.9790748898678414,1.0,4.932873175471949,31.987480438184665,56,32583.13588872518,639
82582,erratic,Per period 14d,F&O,92.71333261841522,0.08073884758364312,0.9858156028368794,0.9999368422012096,6.409121226185359,25.13302034428795,44,42334.205727908455,639
82582,erratic,Per period 21d,F&O,105.18269818325808,0.05204460966542751,0.9955555555555555,1.0,10.286350030121683,15.422535211267606,27,67944.48770687904,639
82582,erratic,Per period 28d,F&O,124.85479262628074,0.04379646840148699,0.9716494845360825,1.0,13.663979039909695,11.995305164319248,21,90254.76025855349,639
82582,erratic,Per period 42d,F&O,167.18491130499086,0.03241171003717472,0.9964285714285714,1.0,20.022681531364398,8.568075117370892,15,132255.93482457538,639
82582,erratic,Per period 56d,F&O,207.84138919358526,0.02300185873605948,0.9949748743718593,1.0,26.029618150560797,5.712050078247262,10,171933.5882277586,639
82582,erratic,Per period 84d,F&O,327.97613265798805,0.01812267657992565,1.0,1.0,42.09865581883342,4.569640062597809,8,278074.4962384896,639
82582,erratic,Per period 112d,F&O,468.06949384011284,0.012430297397769517,1.0,1.0,60.793611148334065,3.427230046948357,6,401560.3934562885,639
82582,erratic,Per requirement,F&O,353.0,0.3820864312267658,0.6879313951056264,1.0,0.0,201.63536776212834,353,0.0,639
82582,erratic,Min/Max,F&O,149.2437929820009,0.04937267657992565,0.9929906542056075,0.8763324331659923,17.135930007471345,10.852895148669797,19,113188.05818673888,639
22070,erratic,EX,SAP,178.0,0.1600836431226766,0.5374414976599063,1.0,0.0,101.67449139280126,178,0.0,639
22070,erratic,FX,SAP,66.99898974919816,0.024512081784386616,0.5977337110481586,1.0,14.27539995625244,11.424100156494523,20,22872.841677943106,639
22070,erratic,HB,SAP,86.2401041763212,0.03183085501858736,0.9927536231884058,0.8354966445607152,21.63835830235958,8.568075117370892,15,34670.18403247632,639
22070,erratic,TB,SAP,178.0,0.16136152416356878,0.5415204678362573,1.0,0.0,101.67449139280126,178,0.0,639
22070,erratic,WB,SAP,74.97671232876712,0.08619888475836432,0.7494949494949495,1.0,1.5116188526493857,39.98435054773083,70,2422.0,639
22070,erratic,MB,SAP,64.50876787886637,0.03554832713754647,0.9216867469879518,0.9998180933989165,11.089116301477334,15.993740219092333,28,17767.60036771497,639
22070,erratic,SP,SAP,47.217450333379944,0.05390334572490706,0.9547325102880658,0.9997953273923452,6.14081688020947,15.422535211267606,27,9839.159162244907,639
22070,erratic,WI,SAP,60.68482668419814,0.05216078066914498,0.9676724137931034,1.0,11.446330571566405,13.137715179968701,23,18339.948986309766,639
22070,erratic,DY,SAP,58.204163083608556,0.029275092936802975,0.980544747081712,1.0,13.122765214420195,8.568075117370892,15,21026.026034022834,639
22070,erratic,GR,SAP,54.153687212913816,0.0779507434944238,0.9424157303370787,0.9999793483747761,2.780326699277782,25.704225352112676,45,4454.794443618059,639
22070,erratic,Per period 3d,F&O,106.91095890410959,0.11768122676579926,0.6839972991222147,1.0,0.5804316816531497,59.97652582159625,105,930.0,639
22070,erratic,Per period 5d,F&O,82.1720242539485,0.09107806691449814,0.7212511499540019,1.0,1.5709425926503582,43.98278560250391,77,2517.05180358827,639
22070,erratic,Per period 7d,F&O,70.28347825232066,0.08329460966542751,0.7966666666666666,1.0,2.212272342009603,35.985915492957744,63,3544.6260827960546,639
22070,erratic,Per period 10d,F&O,65.57007340062698,0.07330390334572491,0.8715469613259669,1.0,3.8180145196942625,30.273865414710485,53,6117.435721638465,639
22070,erratic,Per period 14d,F&O,63.128686613292565,0.06308085501858736,0.8975206611570248,1.0,6.721332811557084,23.419405320813773,41,10769.294151802384,639
22070,erratic,Per period 21d,F&O,62.511175090442414,0.04519052044609666,0.9328537170263789,1.0,10.482370578714985,15.993740219092333,28,16795.43854401531,639
22070,erratic,Per period 28d,F&O,62.79192093499104,0.03903345724907063,0.9438202247191011,1.0,12.69381298344301,11.995305164319248,21,20338.734855028975,639
22070,erratic,Per period 42d,F&O,76.9316451944606,0.029158921933085502,0.98046875,1.0,19.114759909732395,7.996870109546166,14,30626.733994637492,639
22070,erratic,Per period 56d,F&O,86.55708933299458,0.021956319702602232,0.9792746113989638,1.0,22.64585420840239,6.854460093896714,12,36284.450142057365,639
22070,erratic,Per period 84d,F&O,176.93161305430638,0.015683085501858735,0.9926470588235294,1.0,51.311025076794174,4.569640062597809,8,82213.38501976244,639
22070,erratic,Per period 112d,F&O,158.93054158651586,0.011617100371747211,0.9900990099009901,1.0,46.450884547173835,3.427230046948357,6,74426.19690543773,639
22070,erratic,Per requirement,F&O,178.0,0.1570631970260223,0.5270955165692007,1.0,0.0,101.67449139280126,178,0.0,639
22070,erratic,Min/Max,F&O,86.2401041763212,0.03066914498141264,0.9887640449438202,0.8354966445607152,21.63835830235958,8.568075117370892,15,34670.18403247632,639
20692,erratic,EX,SAP,43.65499786827812,0.03322490706319703,0.556420233463035,1.0,4.163818740604758,20.56338028169014,36,3287.146143437077,639
20692,erratic,FX,SAP,49.338420116039764,0.011384758364312268,0.7903225806451613,1.0,23.029334581175714,3.998435054773083,7,18180.61569688766,639
20692,erratic,HB,SAP,78.92383617253974,0.012081784386617101,0.9904761904761905,0.8262313108308904,39.66580277576375,3.427230046948357,6,31314.353179972943,639
20692,erratic,TB,SAP,43.65499786827812,0.03427044609665428,0.576171875,1.0,4.163818740604758,20.56338028169014,36,3287.146143437077,639
20692,erratic,WB,SAP,22.465408827182237,0.017309479553903346,0.7303921568627451,1.0,4.604629358235332,7.996870109546166,14,3635.146143437077,639
20692,erratic,MB,SAP,20.394631836192413,0.0060408921933085506,0.9811320754716981,1.0,9.461543330481646,1.7136150234741785,3,7469.459553188506,639
20692,erratic,SP,SAP,17.312177684775868,0.010106877323420074,0.9775280898876404,1.0,6.153085637829908,3.427230046948357,6,4857.582182286107,639
20692,erratic,WI,SAP,26.0947493768484,0.011617100371747211,0.8928571428571429,1.0,10.93023087436831,3.427230046948357,6,8628.921791234901,639
20692,erratic,DY,SAP,24.006449462240433,0.0055762081784386614,0.9795918367346939,1.0,11.426136159606509,1.7136150234741785,3,9020.416533785596,639
20692,erratic,GR,SAP,18.315628711528653,0.014405204460966542,0.8920863309352518,0.9999770043317625,5.067093430596036,5.140845070422535,9,4000.240564362303,639
20692,erratic,Per period 3d,F&O,30.148696498415113,0.024163568773234202,0.6479750778816199,1.0,4.43235854214982,12.566510172143975,22,3499.146143437077,639
20692,erratic,Per period 5d,F&O,24.408736256761607,0.018935873605947954,0.7309417040358744,1.0,4.573803182336117,9.139280125195619,16,3610.8102749623367,639
20692,erratic,Per period 7d,F&O,21.593645898815737,0.01533457249070632,0.676923076923077,1.0,4.67438194749738,7.42566510172144,13,3690.212650667934,639
20692,erratic,Per period 10d,F&O,20.802261528966298,0.014056691449814127,0.8461538461538461,0.9996763090006234,6.419659231973409,5.140845070422535,9,5068.029950673763,639
20692,erratic,Per period 14d,F&O,19.3100937485385,0.011965613382899629,0.8728813559322034,0.9992139963582255,6.695886782826178,3.998435054773083,7,5286.099080254766,639
20692,erratic,Per period 21d,F&O,22.337803332608804,0.008364312267657992,0.8470588235294118,1.0,8.886697666962666,3.427230046948357,6,7015.6449604731915,639
20692,erratic,Per period 28d,F&O,60.53230118273502,0.0060408921933085506,0.9629629629629629,1.0,31.293813267732933,1.7136150234741785,3,24705.046978468563,639
20692,erratic,Per period 42d,F&O,27.79486664537058,0.004763011152416357,0.803921568627451,0.9998220016149958,12.942852940398147,2.2848200312989047,4,10217.795677129718,639
20692,erratic,Per period 56d,F&O,31.964368090438303,0.004298327137546468,1.0,1.0,16.2986586740109,1.1424100156494523,2,12867.05218001174,639
20692,erratic,Per period 84d,F&O,106.32072602987411,0.0030204460966542753,1.0,1.0,57.28759437472334,0.5712050078247262,1,45225.95882459299,639
20692,erratic,Per period 112d,F&O,39.385471139553424,0.002904275092936803,1.0,1.0,20.879188583466835,0.5712050078247262,1,16483.17290110235,639
20692,erratic,Per requirement,F&O,43.65499786827812,0.034502788104089216,0.5916334661354582,1.0,4.163818740604758,20.56338028169014,36,3287.146143437077,639
20692,erratic,Min/Max,F&O,78.92383617253974,0.011733271375464684,1.0,0.8262313108308904,39.66580277576375,3.427230046948357,6,31314.353179972943,639
21889,erratic,EX,SAP,377.0,0.4697955390334573,0.793252255786583,1.0,0.0,215.34428794992175,377,0.0,639
21889,erratic,FX,SAP,143.31935603462654,0.03856877323420074,0.720173535791757,1.0,15.353466391523934,13.137715179968701,23,175666.25981055474,639
21889,erratic,HB,SAP,162.75113073942944,0.04809479553903346,1.0,0.9041979661227675,18.343500391709384,10.852895148669797,19,209876.65087956697,639
21889,erratic,TB,SAP,377.0,0.4679368029739777,0.7907341970946211,1.0,0.0,215.34428794992175,377,0.0,639
21889,erratic,WB,SAP,109.82054794520548,0.1345260223048327,0.9578163771712159,1.0,2.9120378255019843,49.694835680751176,87,33318.0,639
21889,erratic,MB,SAP,127.2928468354573,0.04368029739776952,0.9920844327176781,1.0,12.542752638911159,16.564945226917057,29,143507.55637976766,639
21889,erratic,SP,SAP,80.76121652828675,0.09607342007434944,0.9904191616766467,1.0,4.435738249313291,26.275430359937403,46,50751.376131298646,639
21889,erratic,WI,SAP,101.34298887992254,0.09909386617100371,0.9964953271028038,1.0,7.189700931552052,25.704225352112676,45,82260.76376468691,639
21889,erratic,DY,SAP,96.29124617813736,0.045887546468401486,0.9974747474747475,1.0,8.969581631601997,14.85133020344288,26,102625.21942008054,639
21889,erratic,GR,SAP,83.12183496989991,0.10943308550185873,0.9853556485355649,1.0,2.9504838441668184,34.27230046948357,60,33757.87905605386,639
21889,erratic,Per period 3d,F&O,166.42260273972602,0.22595260223048327,0.9008800370541917,1.0,0.947168314873792,90.82159624413146,159,10837.0,639
21889,erratic,Per period 5d,F&O,125.29940020944574,0.16600836431226765,0.957774798927614,1.0,2.079900537746424,62.26134585289515,109,23797.12430579077,639
21889,erratic,Per period 7d,F&O,99.50274780878827,0.12836895910780668,0.9642233856893543,1.0,2.6162727244445128,45.12519561815336,79,29934.01180083088,639
21889,erratic,Per period 10d,F&O,101.35818310041134,0.10420539033457249,0.9760609357997824,1.0,5.022338561134791,35.41471048513302,62,57462.947326600566,639
21889,erratic,Per period 14d,F&O,102.05275896132294,0.08201672862453531,0.9860335195530726,1.0,7.28027182097199,25.704225352112676,45,83297.02808353149,639
21889,erratic,Per period 21d,F&O,109.2122892746148,0.060757434944237916,0.9961904761904762,1.0,10.235565815450109,16.564945226917057,29,117109.94234093762,639
21889,erratic,Per period 28d,F&O,133.41023187444654,0.04914033457249071,1.0,1.0,14.08900313493056,13.137715179968701,23,161198.93853669195,639
21889,erratic,Per period 42d,F&O,172.12266477925675,0.03229553903345725,0.9893238434163701,1.0,20.177393724812244,7.996870109546166,14,230859.09057771484,639
21889,erratic,Per period 56d,F&O,245.03768222278026,0.028345724907063198,1.0,1.0,29.736996106731176,6.854460093896714,12,340235.0160452592,639
21889,erratic,Per period 84d,F&O,384.5896219404066,0.0191682156133829,1.0,1.0,48.05507853777704,4.569640062597809,8,549820.8480329936,639
21889,erratic,Per period 112d,F&O,524.8680256497967,0.01150092936802974,1.0,1.0,66.33825614512924,2.856025039123631,5,759007.3174487031,639
21889,erratic,Per requirement,F&O,377.0,0.4724674721189591,0.7983902630545741,1.0,0.0,215.34428794992175,377,0.0,639
21889,erratic,Min/Max,F&O,162.75113073942944,0.046933085501858735,0.9975308641975309,0.9041979661227675,18.343500391709384,10.852895148669797,19,209876.65087956697,639
21115,erratic,EX,SAP,231.0,0.15822490706319703,0.4244312870052976,1.0,0.0,131.94835680751174,231,0.0,639
21115,erratic,FX,SAP,73.28468441247885,0.0341542750929368,0.7331670822942643,1.0,13.449949033875715,10.852895148669797,19,14676.970230040577,639
21115,erratic,HB,SAP,100.89079874691829,0.035896840148698886,0.9935691318327974,0.952390970666992,21.033131700929296,9.139280125195619,16,22951.95669824087,639
21115,erratic,TB,SAP,231.0,0.15950278810408922,0.42785914615144904,1.0,0.0,131.94835680751174,231,0.0,639
21115,erratic,WB,SAP,93.32191780821918,0.08178438661710037,0.5945945945945946,1.0,2.061895939822772,48.55242566510172,85,2250.0,639
21115,erratic,MB,SAP,76.14804819691597,0.03717472118959108,0.8888888888888888,0.9996679082988235,11.433959743508744,17.136150234741784,30,12477.064882869869,639
21115,erratic,SP,SAP,55.00842262032501,0.06319702602230483,0.9379310344827586,1.0,6.196259834637147,17.136150234741784,30,6761.53648623602,639
21115,erratic,WI,SAP,75.31361023158829,0.05866635687732342,0.9369202226345084,1.0,11.970514377864198,15.422535211267606,27,13062.568692244236,639
21115,erratic,DY,SAP,71.43477640162426,0.027067843866171004,0.9628099173553719,1.0,13.73490378318837,9.139280125195619,16,14987.921027105818,639
21115,erratic,GR,SAP,61.686554616293115,0.07551115241635688,0.8916323731138546,1.0,3.3910754760910446,27.417840375586856,48,3700.438840701472,639
21115,erratic,Per period 3d,F&O,129.52616438356165,0.10978159851301116,0.54,1.0,0.6258999675106459,72.54303599374022,127,683.0,639
21115,erratic,Per period 5d,F&O,95.89251311930786,0.09398234200743494,0.6425734710087371,1.0,1.9555036628247187,50.2660406885759,88,2133.901695220276,639
21115,erratic,Per period 7d,F&O,86.34649812172741,0.08224907063197026,0.6685552407932012,1.0,2.5635199674170828,43.41158059467919,76,2797.38652920778,639
21115,erratic,Per period 10d,F&O,76.20740998407797,0.06865706319702602,0.7786561264822134,0.9997573080549322,5.254494642705995,31.41627543035994,55,5733.855291991453,639
21115,erratic,Per period 14d,F&O,75.7988494355833,0.06505576208178439,0.8615384615384616,1.0,7.135402210311352,26.84663536776213,47,7786.3555881391885,639
21115,erratic,Per period 21d,F&O,70.81568154624912,0.05483271375464684,0.9059500959692899,1.0,9.617241845697986,18.278560250391237,32,10494.610195837726,639
21115,erratic,Per period 28d,F&O,72.35898402606334,0.038452602230483274,0.9168975069252078,1.0,12.477290342183716,12.566510172143975,22,13615.577162602309,639
21115,erratic,Per period 42d,F&O,91.64776317687819,0.03276022304832714,0.986013986013986,1.0,18.990780170264827,8.568075117370892,15,20723.28411819299,639
21115,erratic,Per period 56d,F&O,106.09232251386412,0.025557620817843865,0.9649122807017544,1.0,23.065197980017476,7.42566510172144,13,25169.405716711408,639
21115,erratic,Per period 84d,F&O,174.16787463433346,0.01858736059479554,0.9937888198757764,1.0,41.17090242096845,4.569640062597809,8,44926.869808542004,639
21115,erratic,Per period 112d,F&O,197.33593156268114,0.01533457249070632,0.9924812030075187,1.0,47.40671435635374,3.427230046948357,6,51731.566681761935,639
21115,erratic,Per requirement,F&O,231.0,0.1600836431226766,0.4292834890965732,1.0,0.0,131.94835680751174,231,0.0,639
21115,erratic,Min/Max,F&O,100.89079874691829,0.03392193308550186,0.9898305084745763,0.952390970666992,21.033131700929296,9.139280125195619,16,22951.95669824087,639
22365,erratic,EX,SAP,239.0,0.179135687732342,0.4502189781021898,1.0,0.0,136.51799687010956,239,0.0,639
22365,erratic,FX,SAP,128.09559445381632,0.029623605947955392,0.7522123893805309,1.0,12.717127367717115,8.568075117370892,15,25962.196211096198,639
22365,erratic,HB,SAP,211.94885865757135,0.022885687732342008,0.9949494949494949,0.903377770296081,22.146076799637296,8.568075117370892,15,45211.53044654939,639
22365,erratic,TB,SAP,239.0,0.17611524163568773,0.44262773722627735,1.0,0.0,136.51799687010956,239,0.0,639
22365,erratic,WB,SAP,101.62504109589041,0.09433085501858736,0.6823529411764706,1.0,1.9818622781917161,47.98122065727699,84,4046.0,639
22365,erratic,MB,SAP,127.34297819785628,0.040427509293680296,0.9329758713136729,0.9995058700771892,10.271136497391193,20.56338028169014,36,20968.671095734302,639
22365,erratic,SP,SAP,68.80726754569936,0.08201672862453531,0.9737931034482759,1.0,3.014365302251827,23.990610328638496,42,6153.869593824065,639
22365,erratic,WI,SAP,114.47219160297239,0.07272304832713755,0.9528158295281582,1.0,8.823870286533753,20.56338028169014,36,18014.05656294649,639
22365,erratic,DY,SAP,80.60188489852355,0.04158921933085502,0.9623655913978495,0.9997806331651845,6.252199792171571,14.280125195618153,25,12763.954709409492,639
22365,erratic,GR,SAP,70.41584558523036,0.09316914498141264,0.9207807118254879,0.9999640972349899,1.6210016429559568,31.987480438184665,56,3309.297885917659,639
22365,erratic,Per period 3d,F&O,140.36487671232877,0.13266728624535315,0.6010526315789474,1.0,0.4908121608373948,77.68388106416275,136,1002.0,639
22365,erratic,Per period 5d,F&O,114.4903641167417,0.10455390334572491,0.6844106463878327,1.0,1.9667184142277405,55.406885758998435,97,4015.0835865476233,639
22365,erratic,Per period 7d,F&O,106.43950306906686,0.09433085501858736,0.7546468401486989,0.999872855906183,3.647686669556673,42.26917057902973,74,7446.804163653711,639
22365,erratic,Per period 10d,F&O,90.63958240030288,0.08364312267657993,0.8450704225352113,1.0,3.445293105890449,34.27230046948357,60,7033.614827742485,639
22365,erratic,Per period 14d,F&O,88.64393238666166,0.0695864312267658,0.882179675994109,1.0,5.132469611463785,24.561815336463223,43,10478.009635931763,639
22365,erratic,Per period 21d,F&O,119.850027415782,0.051812267657992565,0.9214876033057852,1.0,10.328152064772077,15.993740219092333,28,21085.069186641776,639
22365,erratic,Per period 28d,F&O,135.84835150804957,0.04437732342007435,0.9526184538653366,0.9998088502027268,12.801771755342145,12.566510172143975,22,26134.99893109314,639
22365,erratic,Per period 42d,F&O,179.11628943744356,0.03020446096654275,0.9811320754716981,1.0,18.454191482634446,8.568075117370892,15,37674.4941161427,639
22365,erratic,Per period 56d,F&O,164.57101240220595,0.025673791821561338,0.9822222222222222,1.0,17.26841911163601,6.283255086071987,11,35253.722972833435,639
22365,erratic,Per period 84d,F&O,290.7947688736036,0.01858736059479554,1.0,1.0,31.799090955380578,4.569640062597809,8,64918.295999286354,639
22365,erratic,Per period 112d,F&O,473.77613585471136,0.015102230483271376,0.9701492537313433,1.0,52.48702746152712,3.998435054773083,7,107153.01231884882,639
22365,erratic,Per requirement,F&O,239.0,0.18378252788104088,0.4618978102189781,1.0,0.0,136.51799687010956,239,0.0,639
22365,erratic,Min/Max,F&O,211.94885865757135,0.023350371747211895,0.9852941176470589,0.903377770296081,22.146076799637296,8.568075117370892,15,45211.53044654939,639
21918,erratic,EX,SAP,357.0,0.43320167286245354,0.7630448127685697,1.0,0.0,203.92018779342723,357,0.0,639
21918,erratic,FX,SAP,67.03194735573805,0.03508364312267658,0.7023255813953488,1.0,15.334859783261933,12.566510172143975,22,195674.53315290943,639
21918,erratic,HB,SAP,67.16135571579514,0.04275092936802974,0.997289972899729,0.919452999705558,16.74105920184506,10.28169014084507,18,213617.7956698241,639
21918,erratic,TB,SAP,357.0,0.4329693308550186,0.7631040131040131,1.0,0.0,203.92018779342723,357,0.0,639
21918,erratic,WB,SAP,93.71309589041095,0.13801115241635686,0.9737704918032787,1.0,2.2860300350286007,49.694835680751176,87,29170.0,639
21918,erratic,MB,SAP,72.48923632992413,0.043912639405204464,0.9895287958115183,1.0,13.106851400886836,19.420970266040687,34,167244.8959574084,639
21918,erratic,SP,SAP,54.39146865388686,0.06505576208178439,0.9946714031971581,1.0,7.9655647378130725,17.70735524256651,31,101641.50069843694,639
21918,erratic,WI,SAP,61.26738670232598,0.06726301115241635,1.0,1.0,11.32863978556586,15.993740219092333,28,144554.71602796408,639
21918,erratic,DY,SAP,73.92885836353362,0.029623605947955392,1.0,1.0,20.748281045411183,7.42566510172144,13,264750.3964605925,639
21918,erratic,GR,SAP,55.58565868267199,0.07864776951672862,0.9955882352941177,1.0,4.966896700655152,23.419405320813773,41,63378.159752086605,639
21918,erratic,Per period 3d,F&O,160.1158794520548,0.22932156133828996,0.9138888888888889,1.0,0.7205265732620142,90.25039123630673,158,9194.0,639
21918,erratic,Per period 5d,F&O,115.66533256497448,0.1612453531598513,0.9474402730375426,1.0,1.9292321476379866,62.83255086071988,110,24617.21888352005,639
21918,erratic,Per period 7d,F&O,93.82552275880171,0.1404507434944238,0.9773645917542442,1.0,2.6648479864519614,49.123630672926446,86,34003.7596066979,639
21918,erratic,Per period 10d,F&O,74.55661493594617,0.1095492565055762,0.9843423799582464,1.0,5.297539252753083,33.701095461658845,59,67597.19585262322,639
21918,erratic,Per period 14d,F&O,69.96348115391847,0.0879414498141264,0.9908376963350786,1.0,7.8198209117875725,26.84663536776213,47,99781.79310928856,639
21918,erratic,Per period 21d,F&O,69.4785969529158,0.06331319702602231,0.9963436928702011,1.0,12.08162963244588,19.420970266040687,34,154162.9510454079,639
21918,erratic,Per period 28d,F&O,66.90577065902632,0.05006970260223048,0.9953810623556582,1.0,15.291892466376774,12.566510172143975,22,195126.26536362624,639
21918,erratic,Per period 42d,F&O,74.57834791802124,0.03171468401486989,1.0,1.0,20.288387802195174,8.568075117370892,15,258882.10702473513,639
21918,erratic,Per period 56d,F&O,96.6733245969414,0.0262546468401487,1.0,1.0,28.834053073906617,6.854460093896714,12,367925.7556890906,639
21918,erratic,Per period 84d,F&O,132.9583474507461,0.01928438661710037,1.0,1.0,42.89296177733378,3.998435054773083,7,547319.0097562182,639
21918,erratic,Per period 112d,F&O,176.59241666623498,0.014986059479553903,1.0,1.0,58.092330962257904,3.427230046948357,6,741264.6676568544,639
21918,erratic,Per requirement,F&O,357.0,0.4340148698884758,0.764946764946765,1.0,0.0,203.92018779342723,357,0.0,639
21918,erratic,Min/Max,F&O,67.16135571579514,0.041008364312267655,1.0,0.919452999705558,16.74105920184506,10.28169014084507,18,213617.7956698241,639
20977,erratic,EX,SAP,246.0,0.25394981412639406,0.6486646884272997,1.0,0.0,140.51643192488262,246,0.0,639
20977,erratic,FX,SAP,55.676184032476264,0.03473513011152416,0.6780045351473923,1.0,14.308389177851781,13.137715179968701,23,47707.22868741535,639
20977,erratic,HB,SAP,59.91904183735888,0.04519052044609666,0.989821882951654,0.8928297740291188,18.35569183890804,10.28169014084507,18,61201.80108254397,639
20977,erratic,TB,SAP,246.0,0.2580157992565056,0.65748963883955,1.0,0.0,140.51643192488262,246,0.0,639
20977,erratic,WB,SAP,82.53767123287672,0.11024628252788105,0.8627272727272727,1.0,1.9869751589296036,44.55399061032864,78,6625.0,639
20977,erratic,MB,SAP,59.192079053748,0.04031133828996283,0.9692737430167597,0.9999400451622307,10.1554481580444,20.56338028169014,36,33860.43541847209,639
20977,erratic,SP,SAP,49.109087205984736,0.05355483271375465,0.9935344827586207,1.0,9.24333865399498,15.993740219092333,28,30819.267320737712,639
20977,erratic,WI,SAP,54.547941349783756,0.05518122676579926,0.9875259875259875,1.0,13.814349378865966,13.137715179968701,23,46059.994370684275,639
20977,erratic,DY,SAP,64.42451655029524,0.02184014869888476,0.9791666666666666,1.0,22.955874667520384,6.854460093896714,12,76539.79416343104,639
20977,erratic,GR,SAP,53.67735076880858,0.07446561338289963,0.9771341463414634,1.0,5.1133289982801555,23.990610328638496,42,17048.93212246053,639
20977,erratic,Per period 3d,F&O,132.39931506849314,0.1737918215613383,0.8306496390893948,1.0,0.6127381508970838,74.82785602503913,131,2043.0,639
20977,erratic,Per period 5d,F&O,95.2270153118785,0.12302509293680297,0.8659035159443991,0.9998888387243365,1.8509437969557412,51.979655712050075,91,6171.442355342618,639
20977,erratic,Per period 7d,F&O,78.61446446500601,0.10676115241635688,0.9072063178677197,1.0,2.4584860493710954,41.69796557120501,73,8197.118118908782,639
20977,erratic,Per period 10d,F&O,70.81217711923047,0.09305297397769517,0.9423529411764706,1.0,4.296598671510252,34.84350547730829,61,14325.778594076477,639
20977,erratic,Per period 14d,F&O,56.94586382041282,0.0724907063197026,0.9614791987673343,1.0,6.5445596685677385,23.990610328638496,42,21820.961177802717,639
20977,erratic,Per period 21d,F&O,52.88274849993364,0.052276951672862455,0.9846827133479212,1.0,10.457881490512277,16.564945226917057,29,34868.81280990311,639
20977,erratic,Per period 28d,F&O,53.83850305587884,0.04217007434944238,0.9864130434782609,1.0,14.379466135782504,11.995305164319248,21,47944.214461583106,639
20977,erratic,Per period 42d,F&O,62.494899765822666,0.03008828996282528,0.9810606060606061,1.0,20.797272690624904,8.568075117370892,15,69342.5536581011,639
20977,erratic,Per period 56d,F&O,69.49918329364792,0.023466542750929367,1.0,1.0,26.053760423301647,5.712050078247262,10,86868.80760872595,639
20977,erratic,Per period 84d,F&O,100.10717142086646,0.016031598513011152,0.9928057553956835,1.0,40.33228768239959,4.569640062597809,8,134476.47027446504,639
20977,erratic,Per period 112d,F&O,140.42331217130314,0.011965613382899629,1.0,1.0,59.299747252460165,2.856025039123631,5,197718.03577010258,639
20977,erratic,Per requirement,F&O,246.0,0.26231412639405205,0.6670605612998523,1.0,0.0,140.51643192488262,246,0.0,639
20977,erratic,Min/Max,F&O,59.91904183735888,0.042983271375464684,0.9973045822102425,0.8928297740291188,18.35569183890804,10.28169014084507,18,61201.80108254397,639
20718,erratic,EX,SAP,428.0,0.5432156133828996,0.7818090620297609,1.0,0.0,244.47574334898277,428,0.0,639
20718,erratic,FX,SAP,128.18565999962954,0.04065985130111524,0.7430997876857749,1.0,13.416936607826663,11.995305164319248,21,156491.06359945913,639
20718,erratic,HB,SAP,145.48267188166187,0.05111524163568773,1.0,0.9202726725012341,16.082784430738297,9.710485133020343,17,187584.70094722632,639
20718,erratic,TB,SAP,428.0,0.5476301115241635,0.7881625146296606,1.0,0.0,244.47574334898277,428,0.0,639
20718,erratic,WB,SAP,106.63698630136986,0.13894052044609664,0.9668552950687146,1.0,2.45805456042488,49.694835680751176,87,28670.0,639
20718,erratic,MB,SAP,117.37497063055221,0.04379646840148699,0.9921052631578947,0.9999728449439214,10.561614606294054,18.849765258215964,33,123187.45712060624,639
20718,erratic,SP,SAP,82.98403821351754,0.10362453531598513,0.9944258639910813,1.0,4.754641925251865,25.704225352112676,45,55456.695791735605,639
20718,erratic,WI,SAP,96.44552404435849,0.10943308550185873,1.0,1.0,6.439679849542989,25.704225352112676,45,75110.4651047634,639
20718,erratic,DY,SAP,103.60783245848859,0.047978624535315983,0.9951807228915662,1.0,10.21523881834067,12.566510172143975,22,119147.43538939333,639
20718,erratic,GR,SAP,83.91076944940944,0.1150092936802974,0.9860557768924303,1.0,2.8678494990871046,34.84350547730829,61,33449.723396137786,639
20718,erratic,Per period 3d,F&O,179.18561643835616,0.2601068773234201,0.9356456330965316,1.0,0.8994576349291042,98.24726134585289,172,10491.0,639
20718,erratic,Per period 5d,F&O,127.99496046023356,0.18320167286245354,0.9651162790697675,1.0,1.8769902049632046,64.54616588419405,113,21892.642271941,639
20718,erratic,Per period 7d,F&O,109.80739999994594,0.14927973977695166,0.9705438066465257,1.0,2.9800849908238782,49.123630672926446,86,34758.80399992109,639
20718,erratic,Per period 10d,F&O,101.87775159691365,0.12488382899628253,0.9898710865561694,1.0,4.741337526163035,36.557120500782474,64,55301.51733149393,639
20718,erratic,Per period 14d,F&O,99.44578956137454,0.08991635687732343,0.9923076923076923,1.0,6.815237291168963,25.704225352112676,45,79490.85275960682,639
20718,erratic,Per period 21d,F&O,110.15261803516927,0.06296468401486989,0.998158379373849,1.0,9.907908003039344,17.70735524256651,31,115562.82233134712,639
20718,erratic,Per period 28d,F&O,122.8585572035567,0.052741635687732345,0.9978021978021978,1.0,12.499768455535783,13.137715179968701,23,145793.49351719278,639
20718,erratic,Per period 42d,F&O,164.8354565515354,0.03345724907063197,0.9965397923875432,1.0,18.630438862398123,9.139280125195619,16,217299.76656524168,639
20718,erratic,Per period 56d,F&O,224.16668825236536,0.028345724907063198,1.0,1.0,26.683083755720865,6.283255086071987,11,311223.36484845344,639
20718,erratic,Per period 84d,F&O,308.1756593668119,0.019052044609665426,1.0,1.0,37.5744086751064,4.569640062597809,8,438256.46267554536,639
20718,erratic,Per period 112d,F&O,411.8755777302621,0.01591542750929368,1.0,1.0,50.68019323184554,3.998435054773083,7,591118.3434861826,639
20718,erratic,Per requirement,F&O,428.0,0.5475139405204461,0.7879953185086106,1.0,0.0,244.47574334898277,428,0.0,639
20718,erratic,Min/Max,F&O,145.48267188166187,0.04925650557620818,1.0,0.9202726725012341,16.082784430738297,9.710485133020343,17,187584.70094722632,639
22349,erratic,EX,SAP,196.0,0.1804135687732342,0.5720073664825046,1.0,0.0,111.95618153364632,196,0.0,639
22349,erratic,FX,SAP,80.5843846738464,0.019865241635687734,0.6428571428571429,1.0,14.45814496029673,7.996870109546166,14,32404.40054127192,639
22349,erratic,HB,SAP,120.43697239883585,0.02184014869888476,0.9842931937172775,0.9613956261483297,23.328883020344282,7.42566510172144,13,52285.99323410012,639
22349,erratic,TB,SAP,196.0,0.17530204460966542,0.5562108367121268,1.0,0.0,111.95618153364632,196,0.0,639
22349,erratic,WB,SAP,82.91506849315068,0.09711895910780668,0.7690892364305428,1.0,1.0672588342124074,44.55399061032864,78,2392.0,639
22349,erratic,MB,SAP,70.28052426100695,0.03926579925650558,0.9184782608695652,0.9994236313946088,8.095099573297002,18.849765258215964,33,18143.188473690047,639
22349,erratic,SP,SAP,52.12677762420378,0.057736988847583645,0.9688109161793372,0.9999358756775851,4.587472196835821,17.70735524256651,31,10281.698443779174,639
22349,erratic,WI,SAP,57.34980658682314,0.057736988847583645,0.9726027397260274,1.0,6.5901623225725166,15.422535211267606,27,14770.239205587264,639
22349,erratic,DY,SAP,57.28288374734069,0.031947026022304835,0.9892086330935251,1.0,8.52989226317238,10.28169014084507,18,19117.67009037247,639
22349,erratic,GR,SAP,56.49537715777795,0.07504646840148699,0.9375907111756169,0.9999529246224815,2.4961082111752186,25.704225352112676,45,5594.416883451936,639
22349,erratic,Per period 3d,F&O,121.55342465753425,0.12976301115241637,0.6732971669680531,1.0,0.33731090245174755,68.54460093896714,120,756.0,639
22349,erratic,Per period 5d,F&O,86.57137768105935,0.1016496282527881,0.7446808510638298,1.0,0.9926297510260249,46.838810641627546,82,2224.7371381155517,639
22349,erratic,Per period 7d,F&O,78.37676419268709,0.09375,0.8450261780104712,1.0,1.3846516946444518,41.12676056338028,72,3103.358573774384,639
22349,erratic,Per period 10d,F&O,80.45324957981632,0.0803903345724907,0.8726355611601513,1.0,4.875502549807565,33.129890453834115,58,10927.24812884394,639
22349,erratic,Per period 14d,F&O,62.964018154854,0.0683085501858736,0.930379746835443,1.0,4.117850226530286,25.13302034428795,44,9229.155502028949,639
22349,erratic,Per period 21d,F&O,82.05944579768325,0.047862453531598514,0.9537037037037037,1.0,11.087057011210687,17.70735524256651,31,24848.930288205855,639
22349,erratic,Per period 28d,F&O,65.69372272623852,0.039962825278810406,0.958217270194986,1.0,9.92194296286793,11.424100156494523,20,22237.611726769414,639
22349,erratic,Per period 42d,F&O,76.57498512076964,0.028810408921933085,0.9763779527559056,1.0,13.587543238495398,7.996870109546166,14,30453.159425441227,639
22349,erratic,Per period 56d,F&O,176.3156741705165,0.022885687732342008,0.9899497487437185,1.0,36.113814644461414,5.712050078247262,10,80940.2947629847,639
22349,erratic,Per period 84d,F&O,124.15648434221379,0.01486988847583643,0.9696969696969697,1.0,25.43937954755617,3.998435054773083,7,57016.15571321071,639
22349,erratic,Per period 112d,F&O,324.7154483072985,0.011849442379182156,0.9902912621359223,1.0,69.42306849144526,2.856025039123631,5,155594.85150955195,639
22349,erratic,Per requirement,F&O,196.0,0.17994888475836432,0.5699043414275202,1.0,0.0,111.95618153364632,196,0.0,639
22349,erratic,Min/Max,F&O,120.43697239883585,0.021723977695167287,1.0,0.9613956261483297,23.328883020344282,7.42566510172144,13,52285.99323410012,639
22107,erratic,EX,SAP,176.36654864960053,0.12163104089219332,0.5155096011816839,0.9997497637034971,9.395060641627538,88.53677621283255,155,10398.387009472255,639
22107,erratic,FX,SAP,84.48992344337957,0.02695167286245353,0.7073170731707317,1.0,29.675916960093875,9.710485133020343,17,32845.096075778056,639
22107,erratic,HB,SAP,73.50571394146107,0.03264405204460966,0.9929328621908127,0.8666118141451506,25.725480487089204,8.568075117370892,15,28472.780784844388,639
22107,erratic,TB,SAP,176.36654864960053,0.12860130111524162,0.5461272816970892,0.9997497637034971,9.395060641627538,88.53677621283255,155,10398.387009472255,639
22107,erratic,WB,SAP,77.29278273119913,0.05692379182156134,0.7,1.0,11.121460534037555,29.70266040688576,52,12309.15426251691,639
22107,erratic,MB,SAP,66.1023010410694,0.027881040892193308,0.8695652173913043,0.9995997937460049,17.633336872901758,14.85133020344288,26,19516.453173320442,639
22107,erratic,SP,SAP,57.048521486413236,0.03345724907063197,0.9696969696969697,1.0,16.730271816538988,10.852895148669797,19,18516.947123387778,639
22107,erratic,WI,SAP,59.34127940016594,0.035896840148698886,0.9596273291925466,1.0,18.617835483508998,9.710485133020343,17,20606.08930808076,639
22107,erratic,DY,SAP,77.30024404078662,0.0170771375464684,0.9932432432432432,1.0,30.471930957129604,4.569640062597809,8,33726.11876651616,639
22107,erratic,GR,SAP,61.93925752893604,0.05018587360594796,0.9133192389006343,1.0,13.164556647051976,18.278560250391237,32,14570.438664082209,639
22107,erratic,Per period 3d,F&O,102.76175412905258,0.0779507434944238,0.6324222431668237,0.9997497637034971,10.008544845461655,45.69640062597809,80,11077.387009472255,639
22107,erratic,Per period 5d,F&O,83.02650851910343,0.06447490706319703,0.7312252964426877,0.9997497637034971,10.564668550144047,33.701095461658845,59,11692.900812630338,639
22107,erratic,Per period 7d,F&O,74.82905988247826,0.05448420074349442,0.7149390243902439,1.0,11.357266346179372,27.98904538341158,49,12570.142476139423,639
22107,erratic,Per period 10d,F&O,69.41928459058164,0.04507434944237918,0.744721689059501,1.0,12.93591994170667,22.848200312989047,40,14317.3851674164,639
22107,erratic,Per period 14d,F&O,63.49855043599056,0.03671003717472119,0.8144329896907216,0.9998814199236019,14.289900400775812,17.70735524256651,31,15815.961212182074,639
22107,erratic,Per period 21d,F&O,63.655936622064324,0.03717472118959108,0.9090909090909091,1.0,16.997357630334704,14.280125195618153,25,18812.555822737973,639
22107,erratic,Per period 28d,F&O,61.969874229722556,0.029972118959107806,0.9084507042253521,1.0,19.773651906224266,9.710485133020343,17,21885.338791798313,639
22107,erratic,Per period 42d,F&O,68.02866594242448,0.01974907063197026,0.9714285714285714,1.0,24.636300547698017,6.854460093896714,12,27267.28409197992,639
22107,erratic,Per period 56d,F&O,97.38107407456874,0.017774163568773236,0.9444444444444444,1.0,38.422232028403435,5.712050078247262,10,42525.45604962346,639
22107,erratic,Per period 84d,F&O,121.58090011557354,0.011849442379182156,0.9902912621359223,1.0,50.38223639259623,3.998435054773083,7,55762.704722912466,639
22107,erratic,Per period 112d,F&O,143.99876728224382,0.010455390334572491,0.967741935483871,1.0,61.1189888055491,2.856025039123631,5,67646.06674402533,639
22107,erratic,Per requirement,F&O,176.36654864960053,0.12418680297397769,0.5276406712734452,0.9997497637034971,9.395060641627538,88.53677621283255,155,10398.387009472255,639
22107,erratic,Min/Max,F&O,73.50571394146107,0.031133828996282528,0.9675090252707581,0.8666118141451506,25.725480487089204,8.568075117370892,15,28472.780784844388,639
22274,erratic,EX,SAP,296.0,0.2919377323420074,0.6159313725490196,1.0,0.0,169.07668231611893,296,0.0,639
22274,erratic,FX,SAP,98.67166114890536,0.037058550185873604,0.7200902934537246,1.0,14.86744007778193,10.852895148669797,19,49288.40054127195,639
22274,erratic,HB,SAP,123.35199792388826,0.04007899628252788,0.9913793103448276,0.9026227226132779,20.406054713489304,7.996870109546166,14,67649.9648173207,639
22274,erratic,TB,SAP,296.0,0.28856877323420077,0.6085252327290543,1.0,0.0,169.07668231611893,296,0.0,639
22274,erratic,WB,SAP,94.9895890410959,0.11895910780669144,0.8576214405360134,1.0,1.8641461007393694,48.55242566510172,85,6180.0,639
22274,erratic,MB,SAP,76.7068462238302,0.04077602230483272,0.9642857142857143,0.9999173706765074,9.089130403056544,15.993740219092333,28,30132.20147745427,639
22274,erratic,SP,SAP,65.75733028993055,0.0782992565055762,0.9825072886297376,0.999882024052565,5.552982309901118,20.56338028169014,36,18409.195857329913,639
22274,erratic,WI,SAP,75.83257860340007,0.0824814126394052,0.9874826147426982,1.0,7.992939855650096,18.849765258215964,33,26498.120661425462,639
22274,erratic,DY,SAP,85.88011160667324,0.034967472118959106,0.9933993399339934,1.0,13.226858795490156,8.568075117370892,15,43849.56057023005,639
22274,erratic,GR,SAP,67.50230591583848,0.0974674721189591,0.9688221709006929,1.0,3.0794769534226747,29.131455399061032,51,10209.053659798376,639
22274,erratic,Per period 3d,F&O,149.84550684931506,0.1779739776951673,0.7569169960474308,1.0,0.7176057562554952,83.39593114241002,146,2379.0,639
22274,erratic,Per period 5d,F&O,111.67132703937008,0.1390566914498141,0.8423645320197044,0.9998484643688985,1.4315378069215765,59.40532081377152,104,4745.820965034032,639
22274,erratic,Per period 7d,F&O,91.90488001267865,0.12395446096654275,0.8989048020219039,0.999931546566116,2.4081653066185833,45.12519561815336,79,7983.527465470689,639
22274,erratic,Per period 10d,F&O,80.38739091046847,0.09502788104089219,0.9191011235955057,1.0,4.177686118997695,33.129890453834115,58,13849.82658020507,639
22274,erratic,Per period 14d,F&O,75.57827371602392,0.07946096654275094,0.9566433566433566,0.9999861478686346,6.079395425247996,24.561815336463223,43,20154.355773472424,639
22274,erratic,Per period 21d,F&O,72.93472529252958,0.05552973977695167,0.9835390946502057,1.0,8.012001335703065,17.136150234741784,30,26561.313104700494,639
22274,erratic,Per period 28d,F&O,86.2698546376703,0.046468401486988845,0.9950248756218906,1.0,12.179934982119208,11.995305164319248,21,40378.80837754179,639
22274,erratic,Per period 42d,F&O,96.35819495940115,0.030436802973977696,0.9849624060150376,1.0,15.182162276429647,8.568075117370892,15,50331.76467827358,639
22274,erratic,Per period 56d,F&O,138.5805876560898,0.02520910780669145,0.9819004524886877,1.0,23.807671569945434,6.283255086071987,11,78926.97371944538,639
22274,erratic,Per period 84d,F&O,189.32704646663515,0.016844795539033456,0.9863945578231292,1.0,33.83723847285337,4.569640062597809,8,112176.9016276641,639
22274,erratic,Per period 112d,F&O,249.1560129479238,0.012778810408921933,0.990990990990991,1.0,45.5616820308168,2.856025039123631,5,151045.66902710538,639
22274,erratic,Per requirement,F&O,296.0,0.2894981412639405,0.6106346483704974,1.0,0.0,169.07668231611893,296,0.0,639
22274,erratic,Min/Max,F&O,123.35199792388826,0.03961431226765799,0.9970760233918129,0.9026227226132779,20.406054713489304,7.996870109546166,14,67649.9648173207,639
47590B,erratic,EX,SAP,366.0,0.3819702602230483,0.6420620972466315,1.0,0.0,209.06103286384976,366,0.0,639
47590B,erratic,FX,SAP,224.81455124474056,0.03566449814126394,0.6645021645021645,1.0,13.629865456867554,11.995305164319248,21,68249.82679296358,639
47590B,erratic,HB,SAP,281.5764885906538,0.04356412639405204,0.9973404255319149,0.8953245377908554,17.760124514619715,9.139280125195619,16,88931.57645466848,639
47590B,erratic,TB,SAP,366.0,0.3849907063197026,0.647265625,1.0,0.0,209.06103286384976,366,0.0,639
47590B,erratic,WB,SAP,129.32227397260274,0.12778810408921934,0.9016393442622951,1.0,2.897127618837606,49.123630672926446,86,14507.0,639
47590B,erratic,MB,SAP,225.4374878271297,0.042867100371747215,0.9659685863874345,0.9999762403230898,12.668415752466505,20.56338028169014,36,63435.489043029665,639
47590B,erratic,SP,SAP,105.45990465999978,0.12209572490706319,0.9868544600938968,1.0,2.9063315139496146,35.41471048513302,62,14553.087340275153,639
47590B,erratic,WI,SAP,140.35503876009713,0.1288336431226766,0.9814159292035398,1.0,5.574273065949316,32.55868544600939,57,27912.467107738947,639
47590B,erratic,DY,SAP,107.58479504902532,0.06981877323420074,0.9884868421052632,1.0,4.586529878244764,22.27699530516432,39,22966.46806687545,639
47590B,erratic,GR,SAP,99.25870930245677,0.12860130111524162,0.9770520741394528,0.9999147764951357,1.8897689268256128,40.55555555555556,71,9462.778803116254,639
47590B,erratic,Per period 3d,F&O,176.67087671232878,0.21538104089219332,0.8160211267605634,1.0,0.8473504161251783,93.67762128325509,164,4243.0,639
47590B,erratic,Per period 5d,F&O,138.29971747431537,0.16147769516728624,0.896774193548387,1.0,1.8925113015071628,62.83255086071988,110,9476.510897362488,639
47590B,erratic,Per period 7d,F&O,130.1564894028476,0.12941449814126393,0.9267886855241264,0.9999895806254968,3.0866625404322297,47.98122065727699,84,15456.072139485663,639
47590B,erratic,Per period 10d,F&O,132.12308252207217,0.11721654275092937,0.9720616570327553,0.9999734536614615,4.555653380057129,36.557120500782474,64,22811.857908767284,639
47590B,erratic,Per period 14d,F&O,157.57377530561155,0.0858503717472119,0.9634941329856584,0.9998781542327145,7.4613688602839625,26.275430359937403,46,37361.86053811763,639
47590B,erratic,Per period 21d,F&O,183.3773858594199,0.06145446096654275,0.9796296296296296,1.0,10.32381145505242,16.564945226917057,29,51695.17966852134,639
47590B,erratic,Per period 28d,F&O,243.46077260037126,0.046468401486988845,0.9925558312655087,1.0,14.743062508092997,13.137715179968701,23,73824.02018269313,639
47590B,erratic,Per period 42d,F&O,329.52657340256775,0.03125,0.9962962962962963,1.0,21.10047941758241,7.996870109546166,14,105657.98100177727,639
47590B,erratic,Per period 56d,F&O,386.66633940707715,0.028810408921933085,1.0,1.0,25.122257618613148,6.283255086071987,11,125796.52649870014,639
47590B,erratic,Per period 84d,F&O,620.7938670915235,0.019516728624535316,1.0,1.0,40.979890347581716,4.569640062597809,8,205201.61604440922,639
47590B,erratic,Per period 112d,F&O,727.6870659441586,0.014056691449814127,0.9918032786885246,1.0,48.261998717494485,3.427230046948357,6,241665.85235744758,639
47590B,erratic,Per requirement,F&O,366.0,0.38847583643122674,0.6529974614333138,1.0,0.0,209.06103286384976,366,0.0,639
47590B,erratic,Min/Max,F&O,281.5764885906538,0.04321561338289963,0.9946524064171123,0.8953245377908554,17.760124514619715,9.139280125195619,16,88931.57645466848,639
23184,erratic,EX,SAP,168.17703712903406,0.12151486988847583,0.5361353152229625,1.0,7.892031313228979,86.82316118935837,152,5964.261163734776,639
23184,erratic,FX,SAP,51.69283633937013,0.037987918215613384,0.6770186335403726,1.0,13.510059338998651,13.708920187793428,24,10209.9851150203,639
23184,erratic,HB,SAP,84.26024731681095,0.04019516728624535,0.969187675070028,0.7755826879666071,33.78888459155645,8.568075117370892,15,25535.343707713124,639
23184,erratic,TB,SAP,168.17703712903406,0.1200046468401487,0.5294720656073808,1.0,7.892031313228979,86.82316118935837,152,5964.261163734776,639
23184,erratic,WB,SAP,61.327749457801175,0.04937267657992565,0.8173076923076923,1.0,10.404826620541964,22.848200312989047,40,7863.261163734776,639
23184,erratic,MB,SAP,63.267035885329435,0.019516728624535316,0.9333333333333333,1.0,22.083701843207148,10.28169014084507,18,16689.361715298222,639
23184,erratic,SP,SAP,49.94449302585996,0.03763940520446097,0.9700598802395209,0.9994822406230923,15.096392867503106,10.852895148669797,19,11408.828236806954,639
23184,erratic,WI,SAP,51.1119388356086,0.03554832713754647,0.9683544303797469,1.0,16.641643787934466,9.710485133020343,17,12576.623914138521,639
23184,erratic,DY,SAP,57.375359968232026,0.01974907063197026,0.9941520467836257,1.0,23.11225605545155,5.712050078247262,10,17466.673119600695,639
23184,erratic,GR,SAP,51.781529014705896,0.046236059479553906,0.9521531100478469,1.0,12.089766587896154,15.422535211267606,27,9136.624333704698,639
23184,erratic,Per period 3d,F&O,92.0810919235546,0.0774860594795539,0.702845100105374,1.0,8.820931948159846,42.26917057902973,74,6666.261163734776,639
23184,erratic,Per period 5d,F&O,68.07690874760445,0.058317843866171004,0.8352745424292846,1.0,10.282452991569317,26.84663536776213,47,7770.779487753156,639
23184,erratic,Per period 7d,F&O,59.83708154284663,0.04995353159851301,0.8757637474541752,1.0,10.65330628538718,21.705790297339593,38,8051.045215291941,639
23184,erratic,Per period 10d,F&O,56.09731010611647,0.04217007434944238,0.9166666666666666,1.0,13.219529519279565,16.564945226917057,29,9990.42241286112,639
23184,erratic,Per period 14d,F&O,51.796853316499224,0.03008828996282528,0.9350180505415162,1.0,15.512220194239273,11.424100156494523,20,11723.082283355772,639
23184,erratic,Per period 21d,F&O,52.23458371056363,0.024860594795539034,0.981651376146789,1.0,18.652892336537562,7.996870109546166,14,14096.588943793662,639
23184,erratic,Per period 28d,F&O,59.177932284854876,0.018935873605947954,0.9819277108433735,1.0,23.015940182100778,6.854460093896714,12,17393.88412522427,639
23184,erratic,Per period 42d,F&O,74.9136343002626,0.014172862453531599,0.9838709677419355,1.0,32.64408018399334,4.569640062597809,8,24670.178302622066,639
23184,erratic,Per period 56d,F&O,79.59393008601137,0.011849442379182156,1.0,1.0,36.39094274927752,2.856025039123631,5,27501.802506458735,639
23184,erratic,Per period 84d,F&O,112.9197941607378,0.008364312267657992,0.972972972972973,1.0,53.13695080814376,2.2848200312989047,4,40157.2978471407,639
23184,erratic,Per period 112d,F&O,135.88867850512236,0.008248141263940521,1.0,1.0,64.34241155042504,2.2848200312989047,4,48625.623893302676,639
23184,erratic,Per requirement,F&O,168.17703712903406,0.12209572490706319,0.5386981035366478,1.0,7.892031313228979,86.82316118935837,152,5964.261163734776,639
23184,erratic,Min/Max,F&O,84.26024731681095,0.03822026022304833,0.9762611275964391,0.7755826879666071,33.78888459155645,8.568075117370892,15,25535.343707713124,639
23174,erratic,EX,SAP,196.03508209909728,0.14846654275092938,0.706858407079646,1.0,9.322296809242033,79.96870109546165,140,24641.933694181327,639
23174,erratic,FX,SAP,99.40622544349078,0.03008828996282528,0.7378917378917379,1.0,13.709541660971526,9.710485133020343,17,36238.88227334233,639
23174,erratic,HB,SAP,241.37051836061323,0.028694237918215612,1.0,0.8246784260972069,38.658405783079246,5.140845070422535,9,102187.0351826793,639
23174,erratic,TB,SAP,196.03508209909728,0.1428903345724907,0.6818181818181818,1.0,9.322296809242033,79.96870109546165,140,24641.933694181327,639
23174,erratic,WB,SAP,101.34291771553562,0.04379646840148699,0.921760391198044,1.0,11.702625084275143,17.70735524256651,31,30933.933694181327,639
23174,erratic,MB,SAP,140.46527808729684,0.01591542750929368,0.9856115107913669,0.9999527108340628,21.372172702338048,6.854460093896714,12,56493.76686971488,639
23174,erratic,SP,SAP,91.21967694775822,0.037987918215613384,0.961764705882353,1.0,11.682122089130278,11.995305164319248,21,30879.737452929818,639
23174,erratic,WI,SAP,116.1895068167036,0.0412407063197026,0.9861111111111112,1.0,15.669871551336273,12.566510172143975,22,41420.68673264676,639
23174,erratic,DY,SAP,100.57148176919851,0.022304832713754646,0.9896907216494846,1.0,14.568861407820583,7.42566510172144,13,38510.350416575246,639
23174,erratic,GR,SAP,92.94966573241906,0.042867100371747215,0.9710526315789474,0.9999067029888891,10.971740120602295,15.422535211267606,27,29001.96143654573,639
23174,erratic,Per period 3d,F&O,122.8052464826589,0.07922862453531598,0.8788659793814433,1.0,10.614983032348858,33.701095461658845,59,28058.933694181327,639
23174,erratic,Per period 5d,F&O,109.85959368796804,0.05413568773234201,0.932,1.0,12.12131279755826,21.134585289514867,37,32040.664694106425,639
23174,erratic,Per period 7d,F&O,99.11767271772058,0.04890799256505576,0.9546485260770975,1.0,11.665152118308653,16.564945226917057,29,30834.880171045796,639
23174,erratic,Per period 10d,F&O,105.49354362806795,0.040427509293680296,0.9830508474576272,1.0,13.72406838249989,13.137715179968701,23,36277.281234029884,639
23174,erratic,Per period 14d,F&O,112.28870851244399,0.029855947955390334,0.9884615384615385,1.0,15.852740641146696,9.710485133020343,17,41904.07061089404,639
23174,erratic,Per period 21d,F&O,126.0601973104433,0.022188661710037173,0.9896373056994818,0.999872111940461,19.142031564457806,6.283255086071987,11,50598.76146784554,639
23174,erratic,Per period 28d,F&O,147.76584704090038,0.017890334572490705,0.9871794871794872,1.0,23.252195965487598,4.569640062597809,8,61463.29418063691,639
23174,erratic,Per period 42d,F&O,177.50944277259117,0.01150092936802974,1.0,1.0,28.69959617582065,2.856025039123631,5,75862.58627951298,639
23174,erratic,Per period 56d,F&O,254.97158787148524,0.010803903345724907,1.0,0.9998828659145461,41.75297947609228,2.2848200312989047,4,110367.02358203869,639
23174,erratic,Per period 84d,F&O,370.73686798304243,0.007551115241635688,0.9848484848484849,1.0,61.17867776077021,1.7136150234741785,3,161715.61061904876,639
23174,erratic,Per period 112d,F&O,434.1801152328717,0.006389405204460966,1.0,1.0,71.73343665911696,1.7136150234741785,3,189615.35187951586,639
23174,erratic,Per requirement,F&O,196.03508209909728,0.14811802973977695,0.7067627494456763,1.0,9.322296809242033,79.96870109546165,140,24641.933694181327,639
23174,erratic,Min/Max,F&O,241.37051836061323,0.02648698884758364,0.9827586206896551,0.8246784260972069,38.658405783079246,5.140845070422535,9,102187.0351826793,639
22894,erratic,EX,SAP,148.53113848777502,0.09479553903345725,0.46788990825688076,1.0,4.294209702660407,77.68388106416275,136,2298.424898511502,639
22894,erratic,FX,SAP,65.13948482770128,0.03485130111524164,0.6928406466512702,1.0,14.440490366358993,13.137715179968701,23,7729.101488497973,639
22894,erratic,HB,SAP,100.8701950062098,0.03763940520446097,0.9759036144578314,0.7922639203744308,29.426266809256184,8.568075117370892,15,15750.060893098782,639
22894,erratic,TB,SAP,148.53113848777502,0.0974674721189591,0.48107798165137616,1.0,4.294209702660407,77.68388106416275,136,2298.424898511502,639
22894,erratic,WB,SAP,71.09996040558326,0.051928438661710034,0.6394849785407726,1.0,5.859867877160648,30.845070422535212,54,3136.424898511502,639
22894,erratic,MB,SAP,67.21246848753148,0.024163568773234202,0.8387096774193549,0.9988689154183905,14.808183760485472,13.708920187793428,24,7925.905024094971,639
22894,erratic,SP,SAP,56.01051265361729,0.0433317843866171,0.9164619164619164,1.0,10.284096273032093,14.85133020344288,26,5504.440763100659,639
22894,erratic,WI,SAP,62.07958243753166,0.046816914498141265,0.9527186761229315,1.0,13.391913451669321,13.137715179968701,23,7167.863110401536,639
22894,erratic,DY,SAP,63.88461802816512,0.022769516728624536,0.9468599033816425,0.9999907673788215,17.094616818658253,7.996870109546166,14,9149.691246371995,639
22894,erratic,GR,SAP,58.37892035433606,0.05146375464684015,0.8842315369261478,0.9988991602541681,7.326195246150735,21.134585289514867,37,3921.2592609711874,639
22894,erratic,Per period 3d,F&O,94.85916588503531,0.06528810408921933,0.5509803921568628,1.0,5.09198540732819,45.69640062597809,80,2725.424898511502,639
22894,erratic,Per period 5d,F&O,71.31367275018965,0.05204460966542751,0.6345609065155807,0.9997720026951706,5.933103491361417,30.845070422535212,54,3175.623393879007,639
22894,erratic,Per period 7d,F&O,70.03165425081335,0.052857806691449814,0.7120500782472613,1.0,6.864509886958762,28.560250391236305,50,3674.1476389682757,639
22894,erratic,Per period 10d,F&O,66.12338279994104,0.04879182156133829,0.7706422018348624,1.0,8.609359340207396,23.419405320813773,41,4608.057649235418,639
22894,erratic,Per period 14d,F&O,58.73196444886672,0.03775557620817844,0.8354755784061697,0.9991990615019932,10.188642503634727,16.564945226917057,29,5453.350263234348,639
22894,erratic,Per period 21d,F&O,63.82512438121302,0.03125,0.8790849673202614,0.9996614663533149,15.018130596968518,11.424100156494523,20,8038.276582483795,639
22894,erratic,Per period 28d,F&O,65.37157373757458,0.023466542750929367,0.8898678414096917,0.9995205897184342,17.261488323123068,8.568075117370892,15,9239.00724332398,639
22894,erratic,Per period 42d,F&O,78.66520391220186,0.0191682156133829,0.9428571428571428,1.0,22.84504043658056,6.854460093896714,12,12227.53740098175,639
22894,erratic,Per period 56d,F&O,95.69064387330766,0.01754182156133829,0.9805194805194806,1.0,30.05010391678757,4.569640062597809,8,16083.962318471004,639
22894,erratic,Per period 84d,F&O,116.55868697798064,0.011617100371747211,0.970873786407767,1.0,37.543913275761156,3.998435054773083,7,20094.935048725092,639
22894,erratic,Per period 112d,F&O,128.27869025003127,0.00929368029739777,0.963855421686747,1.0,41.90284375298791,3.427230046948357,6,22428.000975508246,639
22894,erratic,Per requirement,F&O,148.53113848777502,0.09398234200743494,0.4638761467889908,1.0,4.294209702660407,77.68388106416275,136,2298.424898511502,639
22894,erratic,Min/Max,F&O,100.8701950062098,0.04031133828996283,0.9747191011235955,0.7922639203744308,29.426266809256184,8.568075117370892,15,15750.060893098782,639
22972,erratic,EX,SAP,163.84242667803585,0.16322026022304834,0.7070961248112733,1.0,5.652582159624415,88.53677621283255,155,9780.259810554806,639
22972,erratic,FX,SAP,47.46663243553862,0.037987918215613384,0.6500994035785288,1.0,13.722692644288207,14.85133020344288,26,23743.39648173211,639
22972,erratic,HB,SAP,63.41363560531634,0.04158921933085502,0.988950276243094,0.766610605387428,30.309493140753574,9.139280125195619,16,52442.35453315292,639
22972,erratic,TB,SAP,163.84242667803585,0.16112918215613384,0.6973353443941679,1.0,5.652582159624415,88.53677621283255,155,9780.259810554806,639
22972,erratic,WB,SAP,62.72467325337832,0.06703066914498142,0.889060092449923,1.0,8.134335023411614,28.560250391236305,50,14074.259810554806,639
22972,erratic,MB,SAP,44.86000488967029,0.024395910780669144,0.963302752293578,0.9998259845576164,15.891929358778706,11.424100156494523,20,27496.672074938357,639
22972,erratic,SP,SAP,41.12203402631726,0.03682620817843866,0.9937304075235109,1.0,14.141662625529571,10.852895148669797,19,24468.310362441818,639
22972,erratic,WI,SAP,45.790413921352624,0.03961431226765799,0.9827089337175793,1.0,17.125956628732744,10.852895148669797,19,29631.821458465776,639
22972,erratic,DY,SAP,50.41882304284795,0.015566914498141264,0.9925925925925926,1.0,25.19875414278111,6.283255086071987,11,43599.60730496819,639
22972,erratic,GR,SAP,46.17247578732248,0.04867565055762082,0.9812646370023419,1.0,10.338366541330817,17.136150234741784,30,17887.73837082638,639
22972,erratic,Per period 3d,F&O,88.05483763693996,0.09642193308550186,0.83,1.0,6.427624216060985,44.55399061032864,78,11121.259810554806,639
22972,erratic,Per period 5d,F&O,67.68873032097478,0.06970260223048327,0.8836524300441826,1.0,7.472101368408441,31.987480438184665,56,12928.444142896347,639
22972,erratic,Per period 7d,F&O,58.914622436425084,0.06389405204460967,0.9417808219178082,0.9999358704911242,8.895018234917067,25.704225352112676,45,15390.415725136838,639
22972,erratic,Per period 10d,F&O,52.72199955971487,0.05065055762081784,0.9217758985200846,1.0,11.328910285786803,19.992175273865413,35,19601.60557362402,639
22972,erratic,Per period 14d,F&O,46.198312997121846,0.03880111524163569,0.9597701149425287,1.0,13.551167595124664,14.280125195618153,25,23446.618921059006,639
22972,erratic,Per period 21d,F&O,47.218522803367165,0.031947026022304835,0.9717314487632509,1.0,16.76037129243564,11.995305164319248,21,28999.275221906108,639
22972,erratic,Per period 28d,F&O,47.343502333234774,0.024976765799256506,0.9772727272727273,1.0,20.675806645107954,8.568075117370892,15,35773.87379282028,639
22972,erratic,Per period 42d,F&O,53.84588775860383,0.01812267657992565,0.9811320754716981,1.0,27.389528867583575,6.283255086071987,11,47390.14858148605,639
22972,erratic,Per period 56d,F&O,60.12228639297165,0.013940520446096654,0.9836065573770492,1.0,33.958787477338795,3.998435054773083,7,58756.46828313531,639
22972,erratic,Per period 84d,F&O,78.08702170242378,0.010803903345724907,1.0,1.0,46.082125150976175,3.427230046948357,6,79732.6149132869,639
22972,erratic,Per period 112d,F&O,90.39853910411334,0.010106877323420074,1.0,0.9998064474624024,55.23086122620867,2.2848200312989047,4,95562.02052424657,639
22972,erratic,Per requirement,F&O,163.84242667803585,0.16322026022304834,0.7063851181498241,1.0,5.652582159624415,88.53677621283255,155,9780.259810554806,639
22972,erratic,Min/Max,F&O,63.41363560531634,0.041356877323420076,0.994413407821229,0.766610605387428,30.309493140753574,9.139280125195619,16,52442.35453315292,639
22694,erratic,EX,SAP,279.3712009194209,0.2822955390334573,0.7191476768274637,1.0,3.203632403629113,150.22691705790297,263,14227.353179972937,639
22694,erratic,FX,SAP,96.41743963519755,0.04031133828996283,0.6884920634920635,1.0,13.779782711499186,14.85133020344288,26,61196.10825439786,639
22694,erratic,HB,SAP,156.45367119580325,0.04484200743494424,0.9974160206718347,0.7486747478068789,27.289280856478427,9.710485133020343,17,121191.88092016234,639
22694,erratic,TB,SAP,279.3712009194209,0.2847351301115242,0.7249334516415262,1.0,3.203632403629113,150.22691705790297,263,14227.353179972937,639
22694,erratic,WB,SAP,97.63383105640722,0.07946096654275094,0.807556080283353,1.0,6.3860189085360215,37.1283255086072,65,28360.35317997294,639
22694,erratic,MB,SAP,112.95800624047074,0.028694237918215612,0.9080882352941176,1.0,17.407931938342713,13.708920187793428,24,77308.74351850433,639
22694,erratic,SP,SAP,73.06149111089302,0.06761152416356878,0.9881154499151104,1.0,8.035203044153874,18.278560250391237,32,35684.391084466544,639
22694,erratic,WI,SAP,81.66704030583661,0.06424256505576208,0.9875,1.0,9.914884859008989,17.70735524256651,31,44032.07074197705,639
22694,erratic,DY,SAP,92.6641468150691,0.029275092936802975,0.9921259842519685,1.0,15.393556708575746,7.996870109546166,14,68362.88949404814,639
22694,erratic,GR,SAP,75.87727345526034,0.07318773234200744,0.9797822706065319,1.0,6.433657439223031,24.561815336463223,43,28571.916217071477,639
22694,erratic,Per period 3d,F&O,135.90599543996885,0.13824349442379183,0.8018867924528302,1.0,4.2867201478166335,65.11737089201878,114,19037.353179972935,639
22694,erratic,Per period 5d,F&O,109.91547189376044,0.11454460966542751,0.8596338273757629,0.999926746263574,5.267009936670523,47.41001564945227,83,23390.82676481561,639
22694,erratic,Per period 7d,F&O,97.19977598670309,0.08434014869888476,0.8551236749116607,1.0,7.083828237520597,34.84350547730829,61,31459.329131301485,639
22694,erratic,Per period 10d,F&O,88.08532852642864,0.06854089219330856,0.9350237717908082,1.0,8.039867718248622,26.84663536776213,47,35705.10693368204,639
22694,erratic,Per period 14d,F&O,90.11842452670398,0.05599442379182156,0.9488188976377953,0.9999937332444664,10.785963211853398,19.992175273865413,35,47900.53560058797,639
22694,erratic,Per period 21d,F&O,98.65760503927511,0.041821561338289966,0.9625668449197861,1.0,14.41384119827195,14.280125195618153,25,64011.96628413194,639
22694,erratic,Per period 28d,F&O,112.07529607468362,0.03264405204460966,0.9756944444444444,1.0,18.017945264398776,11.424100156494523,20,80017.81682680838,639
22694,erratic,Per period 42d,F&O,155.60487681321567,0.02532527881040892,0.990909090909091,1.0,27.905931062906753,7.42566510172144,13,123930.42865910409,639
22694,erratic,Per period 56d,F&O,177.39300748824326,0.01858736059479554,0.9937888198757764,1.0,32.75664782136433,5.712050078247262,10,145472.49460287805,639
22694,erratic,Per period 84d,F&O,260.18174263310596,0.014521375464684015,0.9920634920634921,1.0,49.54439437271258,3.998435054773083,7,220026.99062162774,639
22694,erratic,Per period 112d,F&O,386.5278531366903,0.011965613382899629,1.0,1.0,74.4643821056496,3.427230046948357,6,330696.8247497427,639
22694,erratic,Per requirement,F&O,279.3712009194209,0.28357342007434944,0.7215489210759681,1.0,3.203632403629113,150.22691705790297,263,14227.353179972937,639
22694,erratic,Min/Max,F&O,156.45367119580325,0.041356877323420076,0.994413407821229,0.7486747478068789,27.289280856478427,9.710485133020343,17,121191.88092016234,639
85199S,erratic,EX,SAP,225.41020359982946,0.1895910780669145,0.7272727272727273,1.0,42.78331126750394,98.81846635367762,173,227734.8132611637,639
85199S,erratic,FX,SAP,88.52200160898663,0.02695167286245353,0.760655737704918,1.0,60.83353568817426,7.996870109546166,14,323815.8403247633,639
85199S,erratic,HB,SAP,47.15954488664801,0.032527881040892194,0.99644128113879,0.8789530053963401,26.252365467078697,8.568075117370892,15,139740.87956698242,639
85199S,erratic,TB,SAP,225.41020359982946,0.1887778810408922,0.7231864708500223,1.0,42.78331126750394,98.81846635367762,173,227734.8132611637,639
85199S,erratic,WB,SAP,110.30814332585686,0.07423327137546469,0.8588709677419355,1.0,44.332630684111884,31.987480438184665,56,235981.8132611637,639
85199S,erratic,MB,SAP,84.19127900485782,0.02753252788104089,0.9634146341463414,1.0,49.13513110760719,13.708920187793428,24,261545.43853301313,639
85199S,erratic,SP,SAP,78.3675208868788,0.024395910780669144,1.0,1.0,54.176898945783606,6.854460093896714,12,288382.6800441757,639
85199S,erratic,WI,SAP,84.46701523063915,0.028113382899628253,0.9958847736625515,1.0,59.15601650609638,6.854460093896714,12,314886.43522837246,639
85199S,erratic,DY,SAP,99.94302707757535,0.012430297397769517,1.0,1.0,76.6872382248203,3.427230046948357,6,408204.8200394643,639
85199S,erratic,GR,SAP,77.98978514370651,0.037058550185873604,0.9906832298136646,1.0,47.338015457488986,11.424100156494523,20,251979.4235411057,639
85199S,erratic,Per period 3d,F&O,142.9519460655829,0.11256970260223048,0.8267918088737202,1.0,43.225544553146605,51.40845070422535,90,230088.8132611637,639
85199S,erratic,Per period 5d,F&O,116.90599329247395,0.08399163568773234,0.8566350710900474,1.0,44.004348997098674,35.985915492957744,63,234234.37561610705,639
85199S,erratic,Per period 7d,F&O,106.46364622348435,0.06923791821561338,0.9044006069802731,0.9999542988371334,44.459570257233814,29.70266040688576,52,236657.51037585462,639
85199S,erratic,Per period 10d,F&O,99.84907734624744,0.06342936802973978,0.9301533219761499,1.0,45.59052047100198,25.13302034428795,44,242677.53846881323,639
85199S,erratic,Per period 14d,F&O,87.28515929720632,0.050302044609665426,0.9752252252252253,1.0,46.76281778895628,17.136150234741784,30,248917.65647000368,639
85199S,erratic,Per period 21d,F&O,81.126943501709,0.036477695167286245,0.98125,1.0,49.08261297816461,11.995305164319248,21,261265.88545385454,639
85199S,erratic,Per period 28d,F&O,79.61791464456033,0.029275092936802975,0.980544747081712,1.0,51.11603369480014,9.710485133020343,17,272089.74815791094,639
85199S,erratic,Per period 42d,F&O,80.92849313243434,0.021143122676579924,0.994535519125683,1.0,57.08377916246418,6.283255086071987,11,303855.9523016492,639
85199S,erratic,Per period 56d,F&O,82.7690467358963,0.01742565055762082,0.9933774834437086,1.0,61.03520268879111,4.569640062597809,8,324889.3102214541,639
85199S,erratic,Per period 84d,F&O,91.36072676772575,0.011617100371747211,1.0,1.0,69.68136531596778,3.427230046948357,6,370912.6817883321,639
85199S,erratic,Per period 112d,F&O,103.44073929926031,0.00987453531598513,0.9883720930232558,1.0,81.17511114047282,2.2848200312989047,4,432093.68862178584,639
85199S,erratic,Per requirement,F&O,225.41020359982946,0.18471189591078066,0.706980880391285,1.0,42.78331126750394,98.81846635367762,173,227734.8132611637,639
85199S,erratic,Min/Max,F&O,47.15954488664801,0.03217936802973978,1.0,0.8789530053963401,26.252365467078697,8.568075117370892,15,139740.87956698242,639
22361,erratic,EX,SAP,291.0,0.214567843866171,0.4709331973482917,1.0,0.0,166.2206572769953,291,0.0,639
22361,erratic,FX,SAP,62.13170878825512,0.0341542750929368,0.6837209302325581,1.0,14.589721140756,12.566510172143975,22,24827.243572395113,639
22361,erratic,HB,SAP,73.75155378426975,0.037058550185873604,0.9937694704049844,0.8875953001749233,19.90470692265608,10.852895148669797,19,33871.723951285516,639
22361,erratic,TB,SAP,291.0,0.21875,0.4801121876593575,1.0,0.0,166.2206572769953,291,0.0,639
22361,erratic,WB,SAP,93.15920547945205,0.1074581784386617,0.792630676949443,1.0,2.6027003257121772,49.123630672926446,86,4429.0,639
22361,erratic,MB,SAP,67.66861494379555,0.03856877323420074,0.9352112676056338,0.9995392607449208,14.057819264709575,16.564945226917057,29,23922.109244890467,639
22361,erratic,SP,SAP,49.07976076918728,0.0546003717472119,0.975103734439834,1.0,8.02700812409271,15.422535211267606,27,13659.513018226029,639
22361,erratic,WI,SAP,62.76405656638342,0.061222118959107806,0.975925925925926,1.0,13.365424735252958,14.85133020344288,26,22743.86550293211,639
22361,erratic,DY,SAP,66.40033848473354,0.02509293680297398,0.968609865470852,0.9998547180620404,19.049932067612986,7.996870109546166,14,32417.15855411481,639
22361,erratic,GR,SAP,55.21295065111453,0.07678903345724906,0.9497126436781609,1.0,4.43996903410508,24.561815336463223,43,7555.469470604752,639
22361,erratic,Per period 3d,F&O,153.74794520547945,0.14486524163568773,0.6219451371571072,1.0,0.9990044149267784,86.25195618153364,151,1700.0,639
22361,erratic,Per period 5d,F&O,105.7459357496626,0.120817843866171,0.7872823618470856,0.9996719849283963,2.0889118059386536,57.12050078247261,100,3554.6890654692365,639
22361,erratic,Per period 7d,F&O,91.23558262338469,0.10629646840148699,0.8184257602862254,1.0,2.630466928858429,47.98122065727699,84,4476.250267009168,639
22361,erratic,Per period 10d,F&O,79.65240078514982,0.09375,0.9233409610983981,1.0,5.690367281482887,36.557120500782474,64,9683.264892507941,639
22361,erratic,Per period 14d,F&O,64.45843458705151,0.07016728624535316,0.9278033794162827,1.0,7.801127492329918,24.561815336463223,43,13275.13326148102,639
22361,erratic,Per period 21d,F&O,57.390948335026295,0.052741635687732345,0.9322381930184805,1.0,9.59432300477613,17.70735524256651,31,16326.603630990841,639
22361,erratic,Per period 28d,F&O,65.7577018590704,0.04379646840148699,0.9869109947643979,1.0,15.9079363216902,12.566510172143975,22,27070.442675526596,639
22361,erratic,Per period 42d,F&O,74.05839905114621,0.029972118959107806,0.9885057471264368,0.9998769628096922,22.197535125091193,7.42566510172144,13,37773.41636214977,639
22361,erratic,Per period 56d,F&O,100.83757244646442,0.026370817843866173,0.9912663755458515,1.0,32.29654176088668,6.854460093896714,12,54958.8371914568,639
22361,erratic,Per period 84d,F&O,117.40571218410446,0.018238847583643122,0.98125,1.0,39.410460171932925,5.140845070422535,9,67064.55075796292,639
22361,erratic,Per period 112d,F&O,172.52571844637436,0.01428903345724907,0.9919354838709677,1.0,60.90330040351302,2.856025039123631,5,103638.79192021463,639
22361,erratic,Per requirement,F&O,291.0,0.21201208178438663,0.46532381438041814,1.0,0.0,166.2206572769953,291,0.0,639
22361,erratic,Min/Max,F&O,73.75155378426975,0.0362453531598513,0.9904761904761905,0.8875953001749233,19.90470692265608,10.852895148669797,19,33871.723951285516,639
23177,erratic,EX,SAP,170.24843494540937,0.13348048327137546,0.6,1.0,7.862721893491124,85.1095461658842,149,17234.841677943165,639
23177,erratic,FX,SAP,56.369498952675755,0.026138475836431228,0.7352941176470589,1.0,14.198160957857592,10.28169014084507,18,31121.926928281446,639
23177,erratic,HB,SAP,108.74732533783157,0.022304832713754646,0.9948186528497409,0.8607217493654467,36.54023267371046,5.712050078247262,10,80095.05277401894,639
23177,erratic,TB,SAP,170.24843494540937,0.1354553903345725,0.6101517530088959,1.0,7.862721893491124,85.1095461658842,149,17234.841677943165,639
23177,erratic,WB,SAP,67.30528426047788,0.050766728624535316,0.872255489021956,1.0,10.844059844493213,21.705790297339593,38,23769.841677943165,639
23177,erratic,MB,SAP,64.74623175867426,0.019052044609665426,0.9761904761904762,0.9998139230629955,19.888131724867332,6.283255086071987,11,43594.165759813564,639
23177,erratic,SP,SAP,49.51920980433657,0.03055297397769517,0.9887218045112782,1.0,12.0333334452394,9.710485133020343,17,26376.692396850773,639
23177,erratic,WI,SAP,63.19658703979275,0.0341542750929368,0.9767441860465116,1.0,16.724440898440438,10.28169014084507,18,36659.453932276345,639
23177,erratic,DY,SAP,56.807669595555886,0.017193308550185873,0.9932885906040269,1.0,16.950564478942884,6.283255086071987,11,37155.109783062,639
23177,erratic,GR,SAP,51.05064275838996,0.03671003717472119,0.978328173374613,1.0,10.379795194776955,13.137715179968701,23,22752.188015138527,639
23177,erratic,Per period 3d,F&O,91.68829795910801,0.0787639405204461,0.7722095671981777,1.0,8.765563179647685,38.841940532081374,68,19213.841677943165,639
23177,erratic,Per period 5d,F&O,70.98535029469204,0.06110594795539034,0.8870151770657673,1.0,9.615559131626894,25.704225352112676,45,21077.006350139105,639
23177,erratic,Per period 7d,F&O,65.39909162593239,0.05157992565055762,0.8844621513944223,1.0,11.248809800982553,19.992175273865413,35,24657.04098547849,639
23177,erratic,Per period 10d,F&O,64.00050059668482,0.04309944237918216,0.9636363636363636,1.0,14.06161765667959,14.85133020344288,26,30822.62826175546,639
23177,erratic,Per period 14d,F&O,57.77542812912708,0.03345724907063197,0.972972972972973,1.0,13.97833235953489,11.424100156494523,20,30640.069482514187,639
23177,erratic,Per period 21d,F&O,63.5254044434716,0.025906133828996283,0.9695652173913043,1.0,18.696304208560335,7.42566510172144,13,40981.716937482524,639
23177,erratic,Per period 28d,F&O,63.096474230524805,0.020562267657992565,1.0,1.0,18.53758386116622,7.42566510172144,13,40633.80687587012,639
23177,erratic,Per period 42d,F&O,91.15452544546694,0.01475371747211896,1.0,1.0,30.770308940056427,4.569640062597809,8,67447.55952798986,639
23177,erratic,Per period 56d,F&O,109.77512817062447,0.01254646840148699,0.9908256880733946,1.0,38.400709245802574,3.427230046948357,6,84173.15951617318,639
23177,erratic,Per period 84d,F&O,144.63101108880153,0.009061338289962825,0.9873417721518988,1.0,51.66873751967381,2.856025039123631,5,113256.2645498057,639
23177,erratic,Per period 112d,F&O,181.22578624087728,0.009061338289962825,1.0,1.0,65.58022146795228,2.2848200312989047,4,143749.80439537825,639
23177,erratic,Per requirement,F&O,170.24843494540937,0.13080855018587362,0.5895287958115183,1.0,7.862721893491124,85.1095461658842,149,17234.841677943165,639
23177,erratic,Min/Max,F&O,108.74732533783157,0.022304832713754646,0.9948186528497409,0.8607217493654467,36.54023267371046,5.712050078247262,10,80095.05277401894,639
21910,erratic,EX,SAP,67.0,0.05506505576208178,0.4669950738916256,1.0,0.0,38.27073552425665,67,0.0,639
21910,erratic,FX,SAP,20.828594212838553,0.01638011152416357,0.6844660194174758,1.0,14.18048937171926,5.140845070422535,9,13083.14208389719,639
21910,erratic,HB,SAP,31.768021984540383,0.016496282527881042,0.9861111111111112,0.9161517939250261,28.493849486589433,4.569640062597809,8,26288.872801082543,639
21910,erratic,TB,SAP,67.0,0.052741635687732345,0.44729064039408867,1.0,0.0,38.27073552425665,67,0.0,639
21910,erratic,WB,SAP,36.438493150684934,0.03926579925650558,0.6213235294117647,1.0,0.5256793284962299,20.56338028169014,36,485.0,639
21910,erratic,MB,SAP,18.232702174791804,0.01812267657992565,0.8863636363636364,0.9996284879056159,3.8754646584979255,8.568075117370892,15,3575.564526663662,639
21910,erratic,SP,SAP,12.187339284057492,0.014172862453531599,0.9606299212598425,1.0,7.417576203735804,3.427230046948357,6,6843.572238427226,639
21910,erratic,WI,SAP,16.252783569574536,0.01370817843866171,0.9752066115702479,1.0,12.291358197163131,3.427230046948357,6,11340.200008771835,639
21910,erratic,DY,SAP,16.795120613454408,0.008248141263940521,0.9726027397260274,1.0,16.538022838618573,1.7136150234741785,3,15258.239466396544,639
21910,erratic,GR,SAP,18.47217062820853,0.028229553903345726,0.9274809160305344,1.0,2.963715610460095,9.139280125195619,16,2734.3705433215546,639
21910,erratic,Per period 3d,F&O,42.15460273972603,0.04565520446096654,0.6046153846153847,1.0,0.18534260860382537,23.990610328638496,42,171.0,639
21910,erratic,Per period 5d,F&O,37.36350759420232,0.04228624535315985,0.6654478976234004,1.0,0.43578429383691314,21.134585289514867,37,402.06142995105176,639
21910,erratic,Per period 7d,F&O,29.809296788874107,0.03671003717472119,0.7470449172576832,0.9997242242053143,0.9702103484740148,16.564945226917057,29,895.1312967849979,639
21910,erratic,Per period 10d,F&O,22.238825081241572,0.032063197026022304,0.8023255813953488,0.9994622809466132,1.4851423239203068,11.995305164319248,21,1370.2156201611315,639
21910,erratic,Per period 14d,F&O,21.067452809205662,0.028345724907063198,0.8215488215488216,1.0,2.4785272078782885,10.852895148669797,19,2286.728107151718,639
21910,erratic,Per period 21d,F&O,18.160495263383204,0.019865241635687734,0.8104265402843602,0.9996803673912206,3.788900750617563,8.568075117370892,15,3495.6993064693,639
21910,erratic,Per period 28d,F&O,15.13335395311768,0.020562267657992565,0.921875,1.0,6.154025564124052,5.712050078247262,10,5677.800584508948,639
21910,erratic,Per period 42d,F&O,14.230372979434094,0.01266263940520446,0.9316239316239316,1.0,8.667997679483053,3.998435054773083,7,7997.230719677103,639
21910,erratic,Per period 56d,F&O,15.142044738428588,0.012197955390334572,0.9375,1.0,8.562107016546816,4.569640062597809,8,7899.534331898288,639
21910,erratic,Per period 84d,F&O,17.044522764441425,0.00766728624535316,0.9166666666666666,0.9998705721333899,15.638182618483931,2.2848200312989047,4,14428.032754609452,639
21910,erratic,Per period 112d,F&O,18.68356696630672,0.007434944237918215,1.0,1.0,18.80195149775024,1.7136150234741785,3,17346.97558394531,639
21910,erratic,Per requirement,F&O,67.0,0.05506505576208178,0.4669950738916256,1.0,0.0,38.27073552425665,67,0.0,639
21910,erratic,Min/Max,F&O,31.768021984540383,0.01533457249070632,0.9924812030075187,0.9161517939250261,28.493849486589433,4.569640062597809,8,26288.872801082543,639
85015,erratic,EX,SAP,158.0,0.15625,0.6025985663082437,1.0,0.0,90.25039123630673,158,0.0,639
85015,erratic,FX,SAP,72.05600139396074,0.035896840148698886,0.7136258660508084,1.0,14.965032435830558,11.424100156494523,20,37849.48308525034,639
85015,erratic,HB,SAP,99.11648997719983,0.037987918215613384,0.993920972644377,0.849726929458605,23.89428567606971,9.139280125195619,16,60433.3044654939,639
85015,erratic,TB,SAP,158.0,0.15845724907063197,0.6111111111111112,1.0,0.0,90.25039123630673,158,0.0,639
85015,erratic,WB,SAP,77.15878356164383,0.08492100371747212,0.7180746561886051,1.0,1.7705239222610116,40.55555555555556,71,4478.0,639
85015,erratic,MB,SAP,70.6247079656857,0.03903345724907063,0.9464788732394366,0.9996571399813758,11.391290611798606,17.70735524256651,31,28810.793640389013,639
85015,erratic,SP,SAP,46.18972493650236,0.05053438661710037,0.9753363228699552,0.9998805282199633,5.516652228742655,15.422535211267606,27,13952.68844984733,639
85015,erratic,WI,SAP,73.04932401421303,0.05309014869888476,0.9744136460554371,1.0,14.100674373222574,13.708920187793428,24,35663.3531179039,639
85015,erratic,DY,SAP,53.884287214134886,0.03264405204460966,0.9756944444444444,0.9999616441080714,10.028516898743641,10.852895148669797,19,25364.07337282716,639
85015,erratic,GR,SAP,57.076108138458004,0.07469795539033457,0.9455882352941176,0.9998201261953847,2.896674371467457,26.84663536776213,47,7326.253925372851,639
85015,erratic,Per period 3d,F&O,95.59527123287671,0.10978159851301116,0.7169954476479514,1.0,0.7460872356647006,53.12206572769953,93,1887.0,639
85015,erratic,Per period 5d,F&O,79.95209740745193,0.08805762081784387,0.7225929456625357,0.9999158886899704,1.4236264089332866,42.840375586854464,75,3600.6285930676354,639
85015,erratic,Per period 7d,F&O,68.5437698910266,0.0795771375464684,0.806831566548881,1.0,2.168679078004488,34.84350547730829,61,5485.011972559185,639
85015,erratic,Per period 10d,F&O,60.950260970493545,0.06737918215613382,0.855457227138643,0.9997503657197174,4.010413829748302,26.84663536776213,47,10143.11803631503,639
85015,erratic,Per period 14d,F&O,63.81514120511642,0.056807620817843865,0.8842676311030742,1.0,6.271405543735551,23.990610328638496,42,15861.606653122497,639
85015,erratic,Per period 21d,F&O,64.83906316723304,0.042867100371747215,0.9318181818181818,0.9998860134139481,10.877954365983603,15.422535211267606,27,27512.46624709175,639
85015,erratic,Per period 28d,F&O,67.5460504243114,0.04065985130111524,0.9615384615384616,1.0,12.806075603903434,13.137715179968701,23,32389.060567477416,639
85015,erratic,Per period 42d,F&O,83.34575879376584,0.024512081784386616,0.9634703196347032,1.0,20.222962461230267,7.42566510172144,13,51147.812668773964,639
85015,erratic,Per period 56d,F&O,102.25648873237563,0.023815055762081785,0.9903381642512077,1.0,26.234368320468874,6.283255086071987,11,66351.82945680698,639
85015,erratic,Per period 84d,F&O,140.94750721954767,0.016031598513011152,0.9928057553956835,1.0,38.21968081540292,4.569640062597809,8,96665.02018951176,639
85015,erratic,Per period 112d,F&O,213.65464383883472,0.013011152416356878,0.9655172413793104,1.0,59.696449924782854,3.427230046948357,6,150983.9541856069,639
85015,erratic,Per requirement,F&O,158.0,0.15927044609665428,0.614247311827957,1.0,0.0,90.25039123630673,158,0.0,639
85015,erratic,Min/Max,F&O,99.11648997719983,0.03519981412639405,0.9901960784313726,0.849726929458605,23.89428567606971,9.139280125195619,16,60433.3044654939,639
23133,erratic,EX,SAP,132.1356442434241,0.08062267657992565,0.5084249084249084,0.9997629339433602,8.877401950778271,59.97652582159625,105,6002.733423545332,639
23133,erratic,FX,SAP,60.30787087326447,0.029972118959107806,0.7678571428571429,1.0,14.168131551457071,9.710485133020343,17,9580.225981055473,639
23133,erratic,HB,SAP,129.29800192781804,0.02427973977695167,0.9675925925925926,0.7431865138830728,39.35538465233,5.140845070422535,9,26611.376184032473,639
23133,erratic,TB,SAP,132.1356442434241,0.07644052044609666,0.4813460131675201,0.9997629339433602,8.877401950778271,59.97652582159625,105,6002.733423545332,639
23133,erratic,WB,SAP,69.63783602424601,0.03671003717472119,0.7198177676537585,0.9997629339433602,11.986035565481552,18.849765258215964,33,8104.733423545332,639
23133,erratic,MB,SAP,83.92728914621443,0.015102230483271376,0.935251798561151,0.9999654353988064,23.530948860207506,6.854460093896714,12,15911.188205071678,639
23133,erratic,SP,SAP,55.96434066614217,0.03217936802973978,0.9518900343642611,0.9994747336969844,12.420000382754651,10.28169014084507,18,8398.172329176905,639
23133,erratic,WI,SAP,66.8329679015294,0.03578066914498141,0.9808917197452229,1.0,16.629960371117534,9.139280125195619,16,11244.86865700499,639
23133,erratic,DY,SAP,58.61161189760955,0.016263940520446097,0.9655172413793104,1.0,15.576096611082441,6.283255086071987,11,10532.265662198475,639
23133,erratic,GR,SAP,59.95449708535901,0.03868494423791822,0.9275766016713092,1.0,11.435332724382876,14.280125195618153,25,7732.358446155174,639
23133,erratic,Per period 3d,F&O,83.05139766808163,0.05425185873605948,0.6729106628242075,0.9997629339433602,9.8312880980112,30.273865414710485,53,6647.733423545332,639
23133,erratic,Per period 5d,F&O,72.70498796070324,0.042518587360594794,0.732,0.9997629339433602,11.026556922296567,22.27699530516432,39,7455.95188221617,639
23133,erratic,Per period 7d,F&O,65.77350532766778,0.04065985130111524,0.819672131147541,0.9997628959388837,11.376121431354804,17.70735524256651,31,7692.320875514388,639
23133,erratic,Per period 10d,F&O,66.82474049558886,0.03763940520446097,0.9025069637883009,1.0,14.010075876832829,13.708920187793428,24,9473.351685387835,639
23133,erratic,Per period 14d,F&O,68.3461048878624,0.03055297397769517,0.9326241134751773,1.0,16.143534454722847,10.852895148669797,19,10915.956535799862,639
23133,erratic,Per period 21d,F&O,71.47346010055794,0.020097583643122675,0.9664804469273743,1.0,20.110987958210394,5.712050078247262,10,13598.674507093121,639
23133,erratic,Per period 28d,F&O,84.96604079382035,0.018355018587360595,0.9937106918238994,1.0,24.52507376700513,5.712050078247262,10,16583.39690287541,639
23133,erratic,Per period 42d,F&O,118.02572002486887,0.011733271375464684,0.9619047619047619,1.0,36.97626407672417,2.856025039123631,5,25002.65927822857,639
23133,erratic,Per period 56d,F&O,110.14941648263111,0.010687732342007435,1.0,1.0,34.072389244245954,3.427230046948357,6,23039.113343127487,639
23133,erratic,Per period 84d,F&O,184.63484313158125,0.00766728624535316,1.0,1.0,59.42167785960547,1.7136150234741785,3,40179.82893516797,639
23133,erratic,Per period 112d,F&O,226.11338617274154,0.006970260223048327,1.0,1.0,72.9913464330085,1.7136150234741785,3,49355.38542609131,639
23133,erratic,Per requirement,F&O,132.1356442434241,0.07992565055762081,0.5029239766081871,0.9997629339433602,8.877401950778271,59.97652582159625,105,6002.733423545332,639
23133,erratic,Min/Max,F&O,129.29800192781804,0.025557620817843865,0.9691629955947136,0.7431865138830728,39.35538465233,5.140845070422535,9,26611.376184032473,639
22745,erratic,EX,SAP,279.5943089328415,0.28276022304832715,0.7235434007134364,1.0,4.316118935837245,149.65571205007825,262,15290.292286874152,639
22745,erratic,FX,SAP,81.97424761339823,0.04031133828996283,0.7199170124481328,1.0,13.976543774348393,14.280125195618153,25,49513.334235453214,639
22745,erratic,HB,SAP,128.9989668378223,0.046236059479553906,0.9925187032418953,0.7803812354199564,27.720155554868004,9.139280125195619,16,98201.48308525034,639
22745,erratic,TB,SAP,279.5943089328415,0.2777648698884758,0.7107609988109393,1.0,4.316118935837245,149.65571205007825,262,15290.292286874152,639
22745,erratic,WB,SAP,93.00099386434835,0.08410780669144981,0.8850855745721271,1.0,7.359644428554349,35.985915492957744,63,26072.29228687415,639
22745,erratic,MB,SAP,89.76521162050184,0.028345724907063198,0.9682539682539683,0.9998514175835258,16.378397993940975,13.137715179968701,23,58022.14819400755,639
22745,erratic,SP,SAP,70.39241904868473,0.06261617100371747,0.9871794871794872,0.9999588038174287,9.908799793487852,17.136150234741784,30,35102.93560183316,639
22745,erratic,WI,SAP,79.52544451274383,0.059247211895910784,0.9845559845559846,1.0,12.63987961037631,15.993740219092333,28,44778.06487417023,639
22745,erratic,DY,SAP,80.82644589461721,0.02730018587360595,0.9957627118644068,1.0,15.902792871080859,9.139280125195619,16,56337.26845603638,639
22745,erratic,GR,SAP,72.42350714792181,0.06819237918215613,0.9767054908485857,1.0,8.199232641298108,22.27699530516432,39,29046.619307122524,639
22745,erratic,Per period 3d,F&O,133.5089390698278,0.13743029739776952,0.8226703755215578,1.0,5.2764299844575,63.97496087636933,112,18692.29228687415,639
22745,erratic,Per period 5d,F&O,101.88379495824523,0.09990706319702602,0.8722109533468559,1.0,6.3496405557639815,43.41158059467919,76,22494.250380379777,639
22745,erratic,Per period 7d,F&O,92.1101742979272,0.08015799256505576,0.8789808917197452,1.0,7.6317412009199765,34.84350547730829,61,27036.22290177007,639
22745,erratic,Per period 10d,F&O,81.6614403648056,0.06552044609665428,0.9447236180904522,1.0,9.238854252810398,25.13302034428795,44,32729.58507893819,639
22745,erratic,Per period 14d,F&O,80.16517171458065,0.05436802973977695,0.970954356846473,1.0,11.324933111840034,19.420970266040687,34,40119.7325614808,639
22745,erratic,Per period 21d,F&O,79.42661462268998,0.03949814126394052,0.9770114942528736,1.0,14.087515442642097,12.566510172143975,22,49906.46270781392,639
22745,erratic,Per period 28d,F&O,94.2204671078692,0.031947026022304835,0.975177304964539,1.0,18.9432117845986,9.710485133020343,17,67108.2630818387,639
22745,erratic,Per period 42d,F&O,113.50703093872661,0.023118029739776953,0.9851485148514851,1.0,25.146343569382758,6.283255086071987,11,89083.49117294098,639
22745,erratic,Per period 56d,F&O,139.46038387368603,0.017774163568773236,0.9807692307692307,1.0,32.00367433373662,5.140845070422535,9,113376.28598546522,639
22745,erratic,Per period 84d,F&O,195.40693014510265,0.014056691449814127,1.0,1.0,46.218735952984794,3.998435054773083,7,163734.59405467252,639
22745,erratic,Per period 112d,F&O,233.5576153641452,0.008131970260223048,1.0,1.0,56.31354856395689,2.2848200312989047,4,199496.49906645948,639
22745,erratic,Per requirement,F&O,279.5943089328415,0.27857806691449816,0.7128418549346016,1.0,4.316118935837245,149.65571205007825,262,15290.292286874152,639
22745,erratic,Min/Max,F&O,128.9989668378223,0.045422862453531596,0.9949109414758269,0.7803812354199564,27.720155554868004,9.139280125195619,16,98201.48308525034,639
22919,erratic,EX,SAP,151.19943526053348,0.15276486988847585,0.6928345626975764,1.0,5.667662152828468,84.53834115805947,148,8983.029769959401,639
22919,erratic,FX,SAP,32.79807266391085,0.04031133828996283,0.694,1.0,13.813950807957365,14.280125195618153,25,21894.588633288167,639
22919,erratic,HB,SAP,32.923346173095815,0.04019516728624535,0.9885714285714285,0.7927530679092594,28.20752386050558,9.710485133020343,17,44707.85656292287,639
22919,erratic,TB,SAP,151.19943526053348,0.1499767657992565,0.6776902887139108,1.0,5.667662152828468,84.53834115805947,148,8983.029769959401,639
22919,erratic,WB,SAP,56.544668137245814,0.06412639405204461,0.8141592920353983,1.0,8.050684418080282,29.70266040688576,52,12760.029769959401,639
22919,erratic,MB,SAP,31.93680149700854,0.02427973977695167,0.954337899543379,0.9998981724526139,19.374074131838267,11.995305164319248,21,30707.17343390859,639
22919,erratic,SP,SAP,22.550234645951615,0.022304832713754646,0.9846153846153847,1.0,20.46074460910723,6.283255086071987,11,32429.504967479537,639
22919,erratic,WI,SAP,24.9426854350049,0.023118029739776953,0.9900497512437811,1.0,24.698868429547005,6.283255086071987,11,39146.77064443684,639
22919,erratic,DY,SAP,29.11869951416419,0.010455390334572491,1.0,1.0,42.725240325405885,2.856025039123631,5,67717.887097461,639
22919,erratic,GR,SAP,25.76916861459037,0.030901486988847583,0.9851851851851852,1.0,13.762748525974054,10.28169014084507,18,21813.43495634989,639
22919,erratic,Per period 3d,F&O,82.76644895916363,0.09560873605947956,0.8068627450980392,1.0,6.672102567517609,45.12519561815336,79,10575.029769959401,639
22919,erratic,Per period 5d,F&O,58.40742472343644,0.06981877323420074,0.8278236914600551,1.0,7.807563604926944,30.845070422535212,54,12374.692492725393,639
22919,erratic,Per period 7d,F&O,49.995930999897425,0.06006040892193309,0.8792517006802721,0.9998406583196068,8.850077198167693,25.704225352112676,45,14027.037038173532,639
22919,erratic,Per period 10d,F&O,40.699110206829886,0.04774628252788104,0.9113082039911308,1.0,11.867186014117278,19.420970266040687,34,18809.0401960993,639
22919,erratic,Per period 14d,F&O,33.8269928894954,0.0383364312267658,0.9295774647887324,0.9998273560362909,12.093724694079393,15.422535211267606,27,19168.095420506317,639
22919,erratic,Per period 21d,F&O,28.51919487436369,0.03357342007434944,0.9665551839464883,1.0,16.862844884016738,10.852895148669797,19,26726.97022417498,639
22919,erratic,Per period 28d,F&O,26.441974031604623,0.022653345724907063,0.975,1.0,22.04042263184969,7.996870109546166,14,34933.23478104374,639
22919,erratic,Per period 42d,F&O,25.007741631172802,0.02079460966542751,0.9944444444444445,1.0,28.357026789823735,5.140845070422535,9,44944.81304136979,639
22919,erratic,Per period 56d,F&O,28.157095096584023,0.01370817843866171,0.9833333333333333,1.0,37.47888529637183,3.998435054773083,7,59402.6131557936,639
22919,erratic,Per period 84d,F&O,30.876776849509103,0.010803903345724907,0.9789473684210527,1.0,45.83959881804137,2.856025039123631,5,72654.0273082371,639
22919,erratic,Per period 112d,F&O,40.323406547086854,0.00871282527881041,1.0,1.0,64.34535465937157,2.2848200312989047,4,101984.94915143617,639
22919,erratic,Per requirement,F&O,151.19943526053348,0.15137081784386616,0.6865121180189674,1.0,5.667662152828468,84.53834115805947,148,8983.029769959401,639
22919,erratic,Min/Max,F&O,32.923346173095815,0.04275092936802974,0.9919137466307277,0.7927530679092594,28.20752386050558,9.710485133020343,17,44707.85656292287,639
84884A,erratic,EX,SAP,194.0,0.1575278810408922,0.4950711938663746,1.0,0.0,110.81377151799687,194,0.0,639
84884A,erratic,FX,SAP,66.79617176117308,0.029855947955390334,0.7178770949720671,1.0,14.964890832307956,9.710485133020343,17,23007.092016238195,639
84884A,erratic,HB,SAP,84.09215581960065,0.030436802973977696,0.9776119402985075,0.9231932382871907,21.06429918091222,7.996870109546166,14,32384.350473612954,639
84884A,erratic,TB,SAP,194.0,0.1559014869888476,0.4904970760233918,1.0,0.0,110.81377151799687,194,0.0,639
84884A,erratic,WB,SAP,83.06249315068493,0.0837592936802974,0.656648451730419,1.0,1.5213952129223283,44.55399061032864,78,2339.0,639
84884A,erratic,MB,SAP,61.00764686232373,0.03508364312267658,0.8603988603988604,0.9995817714250739,9.318508508785406,17.136150234741784,30,14326.317854111596,639
84884A,erratic,SP,SAP,47.98379519802655,0.05587825278810409,0.9736842105263158,1.0,6.3061113591631965,15.422535211267606,27,9695.044616809733,639
84884A,erratic,WI,SAP,60.86532111896046,0.0575046468401487,0.9782608695652174,1.0,11.078873867837745,13.708920187793428,24,17032.711656228566,639
84884A,erratic,DY,SAP,52.161127907887135,0.027881040892193308,0.9795918367346939,1.0,10.86724766935994,9.139280125195619,16,16707.356565036458,639
84884A,erratic,GR,SAP,50.90196424856251,0.06482342007434944,0.9253731343283582,0.9997092640629732,3.2762901055914178,22.848200312989047,40,5036.983481930778,639
84884A,erratic,Per period 3d,F&O,117.12975342465754,0.11593866171003718,0.628463476070529,1.0,0.6400397133456909,65.6885758998435,115,984.0,639
84884A,erratic,Per period 5d,F&O,87.74419225078596,0.09421468401486989,0.7145374449339207,1.0,1.4257384977503489,47.41001564945227,83,2191.9369259960445,639
84884A,erratic,Per period 7d,F&O,76.1615827585345,0.07992565055762081,0.7265047518479408,0.9999706087576783,1.8516968287830373,39.98435054773083,70,2846.8072238798613,639
84884A,erratic,Per period 10d,F&O,60.54753197504658,0.06575278810408922,0.7785419532324622,0.9999641033812892,3.4702980023837613,27.98904538341158,49,5335.252115053168,639
84884A,erratic,Per period 14d,F&O,59.949038113866436,0.0595957249070632,0.8423645320197044,0.9996726872895626,5.694620223242911,23.419405320813773,41,8754.935331090186,639
84884A,erratic,Per period 21d,F&O,66.39396419263844,0.046816914498141265,0.8779956427015251,1.0,11.23774322680752,16.564945226917057,29,17276.95813963674,639
84884A,erratic,Per period 28d,F&O,65.73028563012633,0.042402416356877325,0.9455958549222798,1.0,13.442475951027294,11.995305164319248,21,20666.524373412794,639
84884A,erratic,Per period 42d,F&O,85.18502667594538,0.031017657992565055,0.9434628975265018,1.0,20.19064024827629,10.28169014084507,18,31041.183211038053,639
84884A,erratic,Per period 56d,F&O,79.35348280005685,0.023350371747211895,0.9804878048780488,1.0,20.541788092000772,6.283255086071987,11,31581.03952154525,639
84884A,erratic,Per period 84d,F&O,130.92815208475895,0.01754182156133829,0.9869281045751634,1.0,36.942726942719304,4.569640062597809,8,56795.918368274695,639
84884A,erratic,Per period 112d,F&O,161.89879440247944,0.01324349442379182,0.991304347826087,1.0,46.85116057336386,3.427230046948357,6,72029.18981886707,639
84884A,erratic,Per requirement,F&O,194.0,0.1621747211895911,0.5089318264673715,1.0,0.0,110.81377151799687,194,0.0,639
84884A,erratic,Min/Max,F&O,84.09215581960065,0.030436802973977696,0.9961977186311787,0.9231932382871907,21.06429918091222,7.996870109546166,14,32384.350473612954,639
21529,erratic,EX,SAP,47.0,0.047513940520446094,0.4668949771689498,1.0,0.0,26.84663536776213,47,0.0,639
21529,erratic,FX,SAP,25.629860789293254,0.021607806691449814,0.6642857142857143,1.0,19.79305578390366,5.140845070422535,9,8796.955345060924,639
21529,erratic,HB,SAP,25.244230077668817,0.022885687732342008,0.9609756097560975,0.7729958084425228,22.90470884102713,3.427230046948357,6,10179.91880920162,639
21529,erratic,TB,SAP,47.0,0.047281598513011155,0.4640820980615735,1.0,0.0,26.84663536776213,47,0.0,639
21529,erratic,WB,SAP,20.005698630136987,0.02427973977695167,0.6450617283950617,1.0,1.1969943308793531,10.852895148669797,19,532.0,639
21529,erratic,MB,SAP,12.212391645326402,0.009642193308550186,0.7410714285714286,1.0,6.2038498043183825,3.998435054773083,7,2757.279638469764,639
21529,erratic,SP,SAP,9.948325427358428,0.01324349442379182,0.9661016949152542,0.9996887010589548,5.8895550877775396,2.856025039123631,5,2617.5924362113424,639
21529,erratic,WI,SAP,9.933104491499806,0.012778810408921933,0.8527131782945736,0.9980225206964122,7.061650705313922,2.2848200312989047,4,3138.5262889817814,639
21529,erratic,DY,SAP,12.471737961501203,0.00662174721189591,1.0,0.9995923515110605,13.653797364107003,0.5712050078247262,1,6068.3831245622305,639
21529,erratic,GR,SAP,10.273374570681058,0.017774163568773236,0.9,1.0,2.7057971359669177,4.569640062597809,8,1202.5822004327338,639
21529,erratic,Per period 3d,F&O,28.398876712328768,0.03392193308550186,0.5770750988142292,1.0,0.4747477515329765,15.993740219092333,28,211.0,639
21529,erratic,Per period 5d,F&O,21.939159602965777,0.029391263940520447,0.6503856041131105,1.0,1.117798798620034,11.995305164319248,21,496.80181896015654,639
21529,erratic,Per period 7d,F&O,17.629141875484724,0.025906133828996283,0.7508417508417509,1.0,1.9390238096354502,9.139280125195619,16,861.7924413796009,639
21529,erratic,Per period 10d,F&O,14.811468130608699,0.022188661710037173,0.7609561752988048,1.0,2.156030661602755,7.42566510172144,13,958.240387930688,639
21529,erratic,Per period 14d,F&O,12.020557609766122,0.017657992565055763,0.7794871794871795,1.0,3.5951031717046864,5.140845070422535,9,1597.8311993690359,639
21529,erratic,Per period 21d,F&O,11.647947337232505,0.013011152416356878,0.8175182481751825,0.998758973177669,5.532041554173419,3.998435054773083,7,2458.6967798403825,639
21529,erratic,Per period 28d,F&O,11.662860092626094,0.010339219330855019,0.7672413793103449,1.0,6.740002645238836,3.427230046948357,6,2995.5709185630785,639
21529,erratic,Per period 42d,F&O,12.596668540534104,0.008828996282527882,0.8444444444444444,0.9989620706472321,10.231855944823728,2.2848200312989047,4,4547.513068543402,639
21529,erratic,Per period 56d,F&O,13.513394876501318,0.007318773234200744,0.9,1.0,12.513166159681436,1.7136150234741785,3,5561.4335216275085,639
21529,erratic,Per period 84d,F&O,18.688659833686113,0.003949814126394052,0.9714285714285714,1.0,21.053250851988924,0.5712050078247262,1,9357.04469463106,639
21529,erratic,Per period 112d,F&O,15.244922698048073,0.004065985130111524,0.875,1.0,15.764262680102608,1.1424100156494523,2,7006.3721518660095,639
21529,erratic,Per requirement,F&O,47.0,0.04867565055762082,0.4772209567198178,1.0,0.0,26.84663536776213,47,0.0,639
21529,erratic,Min/Max,F&O,25.244230077668817,0.023466542750929367,0.9711538461538461,0.7729958084425228,22.90470884102713,3.427230046948357,6,10179.91880920162,639
20727,erratic,EX,SAP,490.0,0.7027184014869888,0.8876008804108584,1.0,0.0,279.8904538341158,490,0.0,639
20727,erratic,FX,SAP,338.8180919791637,0.041008364312267655,0.7809734513274337,1.0,14.939866665235863,12.566510172143975,22,350420.0108254386,639
20727,erratic,HB,SAP,352.4788414555025,0.050766728624535316,1.0,0.9340160412120784,15.772676561717374,10.28169014084507,18,369953.8700947225,639
20727,erratic,TB,SAP,490.0,0.7002788104089219,0.8845194424064563,1.0,0.0,279.8904538341158,490,0.0,639
20727,erratic,WB,SAP,149.00383561643835,0.1412639405204461,0.9830234438156831,1.0,2.923851447548374,49.694835680751176,87,68580.0,639
20727,erratic,MB,SAP,336.3649592072843,0.04437732342007435,0.9973890339425587,1.0,14.541250930488873,15.993740219092333,28,341070.33366866293,639
20727,erratic,SP,SAP,137.70801197864046,0.16682156133828996,0.9972222222222222,1.0,2.7684336638188016,45.12519561815336,79,64934.619309708374,639
20727,erratic,WI,SAP,181.64276815595528,0.17657992565055763,0.9967213114754099,1.0,5.21746783271231,40.55555555555556,71,122377.60720279902,639
20727,erratic,DY,SAP,165.77108967260392,0.08770910780669144,0.996042216358839,1.0,5.742234706434725,25.13302034428795,44,134686.2052439407,639
20727,erratic,GR,SAP,131.3445443513064,0.17599907063197026,0.9940944881889764,1.0,1.9967983603988433,50.83724569640063,89,46835.63238856616,639
20727,erratic,Per period 3d,F&O,196.5014794520548,0.2736988847583643,0.965969659696597,1.0,1.0610792479816846,99.38967136150235,174,24888.0,639
20727,erratic,Per period 5d,F&O,169.15218669672726,0.21770446096654275,0.9910100475938657,1.0,2.36497536342842,67.9733959311424,119,55471.358013046825,639
20727,erratic,Per period 7d,F&O,151.3378693944797,0.14602695167286245,0.9874312647289867,1.0,3.0810710677732374,49.123630672926446,86,72267.64342116693,639
20727,erratic,Per period 10d,F&O,170.43268771169028,0.12314126394052044,0.9906542056074766,0.9999875420849857,5.0189373760255975,36.557120500782474,64,117721.00307505135,639
20727,erratic,Per period 14d,F&O,204.04053385283964,0.09735130111524164,0.995249406175772,1.0,7.358243828723537,27.417840375586856,48,172590.28744329233,639
20727,erratic,Per period 21d,F&O,238.04868953420745,0.06633364312267657,0.9965095986038395,1.0,9.85789519996462,16.564945226917057,29,231220.52024238097,639
20727,erratic,Per period 28d,F&O,340.92063287086506,0.05018587360594796,0.9976905311778291,1.0,14.991858058189749,13.137715179968701,23,351639.48787232046,639
20727,erratic,Per period 42d,F&O,527.8514419370791,0.034967472118959106,0.9966887417218543,1.0,24.231166788240238,7.996870109546166,14,568350.8372940421,639
20727,erratic,Per period 56d,F&O,647.9942116149423,0.027184014869888477,0.9957446808510638,1.0,30.038084405483257,6.283255086071987,11,704554.203755921,639
20727,erratic,Per period 84d,F&O,922.0605038683425,0.019400557620817844,1.0,1.0,43.05626013928284,5.140845070422535,9,1009900.2542786212,639
20727,erratic,Per period 112d,F&O,1080.5399887354297,0.01486988847583643,1.0,1.0,50.623827040032,3.998435054773083,7,1187400.2905710055,639
20727,erratic,Per requirement,F&O,490.0,0.7037639405204461,0.8889214966984593,1.0,0.0,279.8904538341158,490,0.0,639
20727,erratic,Min/Max,F&O,352.4788414555025,0.050302044609665426,1.0,0.9340160412120784,15.772676561717374,10.28169014084507,18,369953.8700947225,639
22028,erratic,EX,SAP,269.0,0.33945167286245354,0.7931596091205212,1.0,0.0,153.65414710485132,269,0.0,639
22028,erratic,FX,SAP,42.24706806309901,0.03949814126394052,0.7311827956989247,1.0,15.09382247151939,13.137715179968701,23,83633.09336941829,639
22028,erratic,HB,SAP,41.32015078502975,0.047978624535315983,0.9856801909307876,0.8788178348678458,18.287991438714126,10.28169014084507,18,101331.60757780785,639
22028,erratic,TB,SAP,269.0,0.34072955390334575,0.7942052531816951,1.0,0.0,153.65414710485132,269,0.0,639
22028,erratic,WB,SAP,81.59502465753425,0.12105018587360594,0.9362084456424079,1.0,2.035054968456878,45.12519561815336,79,11276.0,639
22028,erratic,MB,SAP,43.37827308567794,0.04077602230483272,0.975,1.0,10.491430604844851,17.136150234741784,30,58131.78186038629,639
22028,erratic,SP,SAP,36.89197333972557,0.04495817843866171,0.9974226804123711,1.0,13.246923944342514,11.424100156494523,20,73399.64605952182,639
22028,erratic,WI,SAP,44.27249285893717,0.04379646840148699,0.9921052631578947,1.0,19.03483153657175,11.424100156494523,20,105469.76063704843,639
22028,erratic,DY,SAP,53.62927960581849,0.01742565055762082,0.9868421052631579,1.0,35.78312518123098,4.569640062597809,8,198270.08400147318,639
22028,erratic,GR,SAP,42.314258385337155,0.06273234200743494,0.994475138121547,1.0,7.304372908187432,18.849765258215964,33,40472.670364857884,639
22028,erratic,Per period 3d,F&O,133.05034520547946,0.19156598513011153,0.9010928961748634,1.0,0.8236955370731812,75.39906103286386,132,4564.0,639
22028,erratic,Per period 5d,F&O,89.1501579638809,0.12848513011152415,0.9286314021830394,1.0,1.6861842274441692,49.694835680751176,87,9342.94829543487,639
22028,erratic,Per period 7d,F&O,75.43152188835256,0.11036245353159851,0.9378084896347483,1.0,2.6910479050691847,41.12676056338028,72,14910.779633912927,639
22028,erratic,Per period 10d,F&O,62.00398816113277,0.0916589219330855,0.9704797047970479,1.0,4.708412269762131,31.987480438184665,56,26088.758081112635,639
22028,erratic,Per period 14d,F&O,50.49256168253352,0.07016728624535316,0.9853181076672104,1.0,5.875772638321545,24.561815336463223,43,32556.964453865894,639
22028,erratic,Per period 21d,F&O,45.176629364632966,0.0554135687732342,0.9896265560165975,1.0,10.333298752348071,18.278560250391237,32,57255.5918820361,639
22028,erratic,Per period 28d,F&O,38.93642259859154,0.041356877323420076,0.9834254143646409,1.0,12.49756756435143,13.137715179968701,23,69247.55057721323,639
22028,erratic,Per period 42d,F&O,39.265135398703144,0.03241171003717472,0.9928825622775801,1.0,18.244847596145817,9.139280125195619,16,101092.55262531723,639
22028,erratic,Per period 56d,F&O,45.67629270852815,0.024976765799256506,1.0,1.0,27.97785235751809,5.712050078247262,10,155021.9861739616,639
22028,erratic,Per period 84d,F&O,59.4424907379563,0.016147769516728624,1.0,1.0,39.557713295548254,5.140845070422535,9,219184.6323732625,639
22028,erratic,Per period 112d,F&O,74.3331993428713,0.01324349442379182,1.0,1.0,53.587859533249656,3.427230046948357,6,296924.02095414314,639
22028,erratic,Per requirement,F&O,269.0,0.34049721189591076,0.7940937415334598,1.0,0.0,153.65414710485132,269,0.0,639
22028,erratic,Min/Max,F&O,41.32015078502975,0.04914033457249071,0.9929577464788732,0.8788178348678458,18.287991438714126,10.28169014084507,18,101331.60757780785,639
22371,erratic,EX,SAP,339.0,0.2646375464684015,0.4919023968905204,1.0,0.0,193.63849765258215,339,0.0,639
22371,erratic,FX,SAP,77.25938624946718,0.04402881040892193,0.7316602316602316,1.0,13.964767249513772,13.708920187793428,24,22870.207036535903,639
22371,erratic,HB,SAP,89.12053311583591,0.047978624535315983,0.9833333333333333,0.873234961739394,18.38580940057805,10.852895148669797,19,30110.58186738836,639
22371,erratic,TB,SAP,339.0,0.26347583643122674,0.48974303606132585,1.0,0.0,193.63849765258215,339,0.0,639
22371,erratic,WB,SAP,96.77849315068494,0.10827137546468402,0.7728026533996684,1.0,2.5639495780266484,49.694835680751176,87,4199.0,639
22371,erratic,MB,SAP,81.27454632780154,0.04031133828996283,0.9353099730458221,0.9999452174990225,12.919930537126987,18.278560250391237,32,21159.069893703017,639
22371,erratic,SP,SAP,66.56018808994295,0.08155204460966543,0.9790794979079498,1.0,7.750767997857508,21.134585289514867,37,12693.49253274021,639
22371,erratic,WI,SAP,68.95377498030828,0.07353624535315985,0.9708588957055214,1.0,9.427185228714869,18.849765258215964,33,15438.97396213238,639
22371,erratic,DY,SAP,76.07863560673314,0.0333410780669145,0.9862542955326461,1.0,14.966185630346272,10.852895148669797,19,24510.23764289129,639
22371,erratic,GR,SAP,65.97305997229437,0.08724442379182157,0.9530456852791879,1.0,4.712589027950998,27.417840375586856,48,7717.843399867581,639
22371,erratic,Per period 3d,F&O,155.2253424657534,0.16182620817843865,0.6671455938697318,1.0,0.8456942523379158,86.82316118935837,152,1385.0,639
22371,erratic,Per period 5d,F&O,110.2036981360756,0.12697490706319703,0.7790449037776194,1.0,1.8888307750083841,58.834115805946794,103,3093.3527290207,639
22371,erratic,Per period 7d,F&O,95.22523248715177,0.10966542750929369,0.8309859154929577,1.0,3.4676947390776647,46.838810641627546,82,5679.070420953408,639
22371,erratic,Per period 10d,F&O,79.68474156762002,0.09026486988847583,0.8890160183066361,0.999750066062227,4.636991096796304,35.41471048513302,62,7594.036084919183,639
22371,erratic,Per period 14d,F&O,76.2817978373138,0.07841542750929369,0.9259259259259259,1.0,7.153367392591516,27.98904538341158,49,11715.124953670045,639
22371,erratic,Per period 21d,F&O,69.62497403744186,0.053787174721189594,0.9487704918032787,1.0,10.651987319063238,16.564945226917057,29,17444.841792548563,639
22371,erratic,Per period 28d,F&O,76.22025316025326,0.046816914498141265,0.9641148325358851,1.0,13.954506438770158,13.137715179968701,23,22853.402827638165,639
22371,erratic,Per period 42d,F&O,99.90729319076887,0.03229553903345725,0.972027972027972,1.0,22.000738319764647,9.139280125195619,16,36030.77884074192,639
22371,erratic,Per period 56d,F&O,116.56387883233495,0.025441449814126393,0.9776785714285714,1.0,27.416955647222196,6.854460093896714,12,44900.959733885,639
22371,erratic,Per period 84d,F&O,175.6909087700722,0.01812267657992565,0.9936305732484076,1.0,43.96904800713759,4.569640062597809,8,72008.44906008983,639
22371,erratic,Per period 112d,F&O,231.19154304356383,0.01533457249070632,0.9850746268656716,1.0,59.04588292535367,3.427230046948357,6,96699.89789517739,639
22371,erratic,Per requirement,F&O,339.0,0.2674256505576208,0.49708486288058734,1.0,0.0,193.63849765258215,339,0.0,639
22371,erratic,Min/Max,F&O,89.12053311583591,0.04879182156133829,0.9929078014184397,0.873234961739394,18.38580940057805,10.852895148669797,19,30110.58186738836,639
22297,erratic,EX,SAP,363.0,0.45271840148698883,0.7683359621451105,1.0,0.0,207.34741784037558,363,0.0,639
22297,erratic,FX,SAP,143.76261330565185,0.03787174721189591,0.7180616740088106,1.0,14.946781004714763,11.424100156494523,20,180693.4154262517,639
22297,erratic,HB,SAP,174.38382208463864,0.046352230483271376,1.0,0.8844440005835967,19.007206292376004,9.710485133020343,17,229780.3802435724,639
22297,erratic,TB,SAP,363.0,0.45469330855018586,0.7719921104536489,1.0,0.0,207.34741784037558,363,0.0,639
22297,erratic,WB,SAP,105.7972602739726,0.13568773234200743,0.948051948051948,1.0,2.1493708373951277,50.2660406885759,88,25984.0,639
22297,erratic,MB,SAP,125.16563913287435,0.04495817843866171,0.989769820971867,0.9999677269378018,11.251591802156655,18.278560250391237,32,136021.83313399655,639
22297,erratic,SP,SAP,81.79918666140824,0.10861988847583644,0.9946808510638298,1.0,4.202689392843541,26.84663536776213,47,50806.81252565602,639
22297,erratic,WI,SAP,91.2621394442386,0.1095492565055762,0.9926315789473684,1.0,5.587067439945805,25.704225352112676,45,67542.72358858836,639
22297,erratic,DY,SAP,110.23660350382781,0.05204460966542751,0.9955555555555555,1.0,10.294004078687605,14.280125195618153,25,124445.4411155886,639
22297,erratic,GR,SAP,86.28190888065988,0.11512546468401487,0.991,1.0,2.6909807696426786,36.557120500782474,64,32531.586965763425,639
22297,erratic,Per period 3d,F&O,172.23561643835617,0.23617565055762083,0.8816131830008673,1.0,0.753073895614426,94.82003129890454,166,9104.0,639
22297,erratic,Per period 5d,F&O,122.51987925915302,0.17716078066914498,0.9603274559193955,1.0,1.7535623214862197,61.690140845070424,108,21199.023718363405,639
22297,erratic,Per period 7d,F&O,109.24069474506427,0.1420771375464684,0.9607227022780833,1.0,2.6860033484118846,49.694835680751176,87,32471.414327793842,639
22297,erratic,Per period 10d,F&O,101.19316968183696,0.11617100371747212,0.9813542688910697,1.0,4.854119423254965,34.84350547730829,61,58682.02773548197,639
22297,erratic,Per period 14d,F&O,95.65858497731611,0.08341078066914498,0.9862637362637363,1.0,6.118025108234352,25.704225352112676,45,73961.53406688152,639
22297,erratic,Per period 21d,F&O,104.40541412515864,0.057736988847583645,0.9900398406374502,1.0,9.10669370494863,16.564945226917057,29,110091.90462273161,639
22297,erratic,Per period 28d,F&O,124.40497514183389,0.04948884758364312,0.9953271028037384,1.0,12.488193946146929,11.995305164319248,21,150971.26370707748,639
22297,erratic,Per period 42d,F&O,173.71535678553573,0.03612918215613383,1.0,1.0,19.047245658363977,9.139280125195619,16,230264.42090688218,639
22297,erratic,Per period 56d,F&O,212.8514574660727,0.02799721189591078,1.0,1.0,24.377551908804975,6.283255086071987,11,294703.12790046615,639
22297,erratic,Per period 84d,F&O,310.33089113007196,0.019052044609665426,1.0,1.0,36.51242891519553,4.569640062597809,8,441403.10104990506,639
22297,erratic,Per period 112d,F&O,403.4522405344277,0.014056691449814127,1.0,1.0,48.00021137586965,3.427230046948357,6,580280.2711802644,639
22297,erratic,Per requirement,F&O,363.0,0.45085966542750927,0.7650305539128721,1.0,0.0,207.34741784037558,363,0.0,639
22297,erratic,Min/Max,F&O,174.38382208463864,0.047397769516728624,0.9975550122249389,0.8844440005835967,19.007206292376004,9.710485133020343,17,229780.3802435724,639
20671,erratic,EX,SAP,86.0,0.08445631970260223,0.5549618320610687,1.0,0.0,49.123630672926446,86,0.0,639
20671,erratic,FX,SAP,25.172830741283086,0.03020446096654275,0.6467661691542289,1.0,13.0774323902427,10.852895148669797,19,9012.332882273306,639
20671,erratic,HB,SAP,22.89153428364878,0.03973048327137547,0.991304347826087,0.8612690265911871,18.83713377434553,7.996870109546166,14,12981.64005412722,639
20671,erratic,TB,SAP,86.0,0.08561802973977695,0.5621662852784134,1.0,0.0,49.123630672926446,86,0.0,639
20671,erratic,WB,SAP,35.8472602739726,0.05111524163568773,0.8014571948998178,1.0,1.7949607585566376,19.992175273865413,35,1237.0,639
20671,erratic,MB,SAP,18.758176482071697,0.018819702602230485,0.9473684210526315,0.9994675067460923,7.961873719653781,8.568075117370892,15,5486.937663824677,639
20671,erratic,SP,SAP,14.309493171122984,0.01533457249070632,0.9705882352941176,1.0,13.366958178559727,4.569640062597809,8,9211.860029839558,639
20671,erratic,WI,SAP,15.01123458794487,0.014405204460966542,0.96875,1.0,16.972177446168903,3.998435054773083,7,11696.40249839951,639
20671,erratic,DY,SAP,20.44875970085518,0.006273234200743495,0.9642857142857143,1.0,34.847471428735474,2.2848200312989047,4,24015.189163248564,639
20671,erratic,GR,SAP,17.484553869499823,0.0262546468401487,0.9699570815450643,1.0,5.263644284136991,8.568075117370892,15,3627.448649469741,639
20671,erratic,Per period 3d,F&O,52.27739726027397,0.06157063197026022,0.6658291457286433,1.0,0.5876791489211304,29.70266040688576,52,405.0,639
20671,erratic,Per period 5d,F&O,36.821350197040935,0.049837360594795536,0.7886029411764706,0.9994664384032104,1.7400690413686402,20.56338028169014,36,1199.1712876797633,639
20671,erratic,Per period 7d,F&O,30.039457577593552,0.04263475836431227,0.8398169336384439,1.0,2.2021397901928554,16.564945226917057,29,1517.6080632865874,639
20671,erratic,Per period 10d,F&O,26.952623742203677,0.04077602230483272,0.904639175257732,0.9999153737843443,4.1367252792911495,14.280125195618153,25,2850.8306636173675,639
20671,erratic,Per period 14d,F&O,21.812703885460206,0.03241171003717472,0.9331103678929766,1.0,5.958845534169478,10.852895148669797,19,4106.5476727719,639
20671,erratic,Per period 21d,F&O,16.75609037957254,0.02474442379182156,0.9551569506726457,1.0,10.076001268716992,6.854460093896714,12,6943.891954175908,639
20671,erratic,Per period 28d,F&O,17.388533472740587,0.020213754646840148,0.9886363636363636,1.0,13.534408776807258,6.283255086071987,11,9327.258870201258,639
20671,erratic,Per period 42d,F&O,16.58299128472533,0.014637546468401487,0.9692307692307692,1.0,22.420565023261236,3.427230046948357,6,15451.167275698986,639
20671,erratic,Per period 56d,F&O,17.129494344056063,0.011268587360594795,0.9897959183673469,1.0,25.696904525727053,2.856025039123631,5,17709.061742321854,639
20671,erratic,Per period 84d,F&O,20.63498066107333,0.008828996282527882,1.0,1.0,37.36053635102381,1.7136150234741785,3,25747.071765167064,639
20671,erratic,Per period 112d,F&O,28.559672571606896,0.0045306691449814125,1.0,1.0,56.26791611816917,1.1424100156494523,2,38777.12195454607,639
20671,erratic,Per requirement,F&O,86.0,0.08538568773234201,0.5614973262032086,1.0,0.0,49.123630672926446,86,0.0,639
20671,erratic,Min/Max,F&O,22.89153428364878,0.037407063197026025,0.9787234042553191,0.8612690265911871,18.83713377434553,7.996870109546166,14,12981.64005412722,639
22846,erratic,EX,SAP,223.82077008916158,0.13568773234200743,0.4763458401305057,1.0,4.768751495097903,109.1001564945227,191,3533.799729364004,639
22846,erratic,FX,SAP,119.69245641092171,0.03926579925650558,0.6653543307086615,1.0,13.61321018291779,14.85133020344288,26,10087.830852503368,639
22846,erratic,HB,SAP,213.55445652214212,0.04553903345724907,0.9775561097256857,0.8245476636724074,28.413428581341545,10.28169014084507,18,21055.273342354532,639
22846,erratic,TB,SAP,223.82077008916158,0.13394516728624536,0.4708044099632503,1.0,4.768751495097903,109.1001564945227,191,3533.799729364004,639
22846,erratic,WB,SAP,103.79249611655884,0.06296468401486989,0.7445054945054945,1.0,6.94409475131614,31.987480438184665,56,5145.799729364004,639
22846,erratic,MB,SAP,126.96972510798501,0.025557620817843865,0.8979591836734694,0.9998290505069668,14.815870491229163,14.280125195618153,25,10979.041198942337,639
22846,erratic,SP,SAP,99.84154388003432,0.06854089219330856,0.9500805152979066,0.9994271277884976,8.694782330568112,22.848200312989047,40,6443.116081478622,639
22846,erratic,WI,SAP,113.26814402455292,0.06331319702602231,0.9396551724137931,1.0,11.517404354127365,19.420970266040687,34,8534.77066931027,639
22846,erratic,DY,SAP,104.95002405286779,0.04263475836431227,0.9683377308707124,1.0,11.616479311712766,14.280125195618153,25,8608.188430471015,639
22846,erratic,GR,SAP,96.3818626546947,0.06865706319702602,0.8742603550295858,1.0,6.884431040504904,27.98904538341158,49,5101.586981995151,639
22846,erratic,Per period 3d,F&O,133.3190714590246,0.09200743494423792,0.6470588235294118,1.0,5.567636859664401,54.26447574334898,95,4125.799729364004,639
22846,erratic,Per period 5d,F&O,112.4093059732188,0.0758596654275093,0.7610722610722611,1.0,7.17901198209076,35.985915492957744,63,5319.881026615004,639
22846,erratic,Per period 7d,F&O,102.71135874342299,0.06157063197026022,0.7946026986506747,1.0,7.513492786772753,29.131455399061032,51,5567.742165589791,639
22846,erratic,Per period 10d,F&O,109.96996060219593,0.05425185873605948,0.8728971962616823,1.0,10.457001962217712,21.705790297339593,38,7748.978058938498,639
22846,erratic,Per period 14d,F&O,108.25948138071276,0.040892193308550186,0.88,1.0,11.370848941874844,17.136150234741784,30,8426.168349250782,639
22846,erratic,Per period 21d,F&O,127.91851829739443,0.03241171003717472,0.9269102990033222,0.9995094402721464,15.53491409857949,11.995305164319248,21,11511.87586387875,639
22846,erratic,Per period 28d,F&O,145.04884823468245,0.02950743494423792,0.9338235294117647,1.0,18.750379296036957,9.139280125195619,16,13894.640001669348,639
22846,erratic,Per period 42d,F&O,190.64941908131456,0.02032992565055762,0.9776536312849162,1.0,25.957181444189377,6.854460093896714,12,19235.11444385835,639
22846,erratic,Per period 56d,F&O,247.57134906286913,0.014405204460966542,0.9763779527559056,1.0,34.95423713108199,3.998435054773083,7,25902.224899099474,639
22846,erratic,Per period 84d,F&O,330.01686250009186,0.013940520446096654,0.9836065573770492,1.0,47.07859971861241,3.427230046948357,6,34886.77133113083,639
22846,erratic,Per period 112d,F&O,417.00601070299086,0.011733271375464684,0.9619047619047619,1.0,59.717840949788055,3.427230046948357,6,44252.85955946656,639
22846,erratic,Per requirement,F&O,223.82077008916158,0.13615241635687733,0.47836734693877553,1.0,4.768751495097903,109.1001564945227,191,3533.799729364004,639
22846,erratic,Min/Max,F&O,213.55445652214212,0.04530669144981413,0.9582309582309583,0.8245476636724074,28.413428581341545,10.28169014084507,18,21055.273342354532,639
22227,erratic,EX,SAP,321.0,0.3545539033457249,0.6759689922480621,1.0,0.0,183.3568075117371,321,0.0,639
22227,erratic,FX,SAP,47.06080193523283,0.03717472118959108,0.7048458149779736,1.0,13.757361234187451,11.995305164319248,21,73170.71312584601,639
22227,erratic,HB,SAP,50.16171420097503,0.04855947955390334,0.9976133651551312,0.9073103873310202,16.978000956115128,10.28169014084507,18,90300.19756427604,639
22227,erratic,TB,SAP,321.0,0.35641263940520446,0.6795127353266888,1.0,0.0,183.3568075117371,321,0.0,639
22227,erratic,WB,SAP,91.03249315068493,0.1316217472118959,0.9181523500810372,1.0,2.1287320737953976,49.694835680751176,87,11322.0,639
22227,erratic,MB,SAP,50.7829260492601,0.041937732342007435,0.978319783197832,0.9999229358847007,9.915408564053152,18.278560250391237,32,52736.67698446104,639
22227,erratic,SP,SAP,43.22957926144481,0.05494888475836431,0.9978902953586498,1.0,11.206984016660552,12.566510172143975,22,59606.12638790273,639
22227,erratic,WI,SAP,50.1037961673821,0.05587825278810409,0.9958592132505176,1.0,15.36374199673141,11.995305164319248,21,81714.50462380359,639
22227,erratic,DY,SAP,67.75132593222455,0.021607806691449814,1.0,1.0,31.014518119811527,5.140845070422535,9,164955.64588663046,639
22227,erratic,GR,SAP,49.19418628218536,0.07469795539033457,0.9922839506172839,1.0,5.90935247462998,21.705790297339593,38,31429.8307153666,639
22227,erratic,Per period 3d,F&O,159.34131506849315,0.21154739776951673,0.8284804367606915,1.0,0.7080732193882237,90.25039123630673,158,3766.0,639
22227,erratic,Per period 5d,F&O,107.09183472837005,0.15625,0.9032907991940899,1.0,1.6321634054202592,59.40532081377152,104,8680.9205835005,639
22227,erratic,Per period 7d,F&O,88.35542636183563,0.13406133828996283,0.9366883116883117,1.0,2.827101606695231,47.41001564945227,83,15036.389400538474,639
22227,erratic,Per period 10d,F&O,68.80817678167843,0.1087360594795539,0.9719626168224299,1.0,4.12189574338153,34.84350547730829,61,21922.957887020202,639
22227,erratic,Per period 14d,F&O,60.288422737640765,0.08770910780669144,0.9767141009055628,1.0,6.4869941846099355,27.417840375586856,48,34502.10999414523,639
22227,erratic,Per period 21d,F&O,45.92610577580518,0.057853159851301114,0.9841897233201581,1.0,8.407308061975556,17.136150234741784,30,44715.604678222255,639
22227,erratic,Per period 28d,F&O,47.468565562902455,0.04867565055762082,0.9905437352245863,1.0,12.916827968987091,13.137715179968701,23,68700.20331122613,639
22227,erratic,Per period 42d,F&O,52.7888030552541,0.0333410780669145,0.9965277777777778,1.0,18.89272221913778,9.710485133020343,17,100483.94703975189,639
22227,erratic,Per period 56d,F&O,60.31020418246068,0.02648698884758364,0.987012987012987,1.0,25.502704478826214,6.854460093896714,12,135640.1886661396,639
22227,erratic,Per period 84d,F&O,83.5566807072798,0.01963289962825279,1.0,1.0,39.35808235913592,5.140845070422535,9,209332.21890890095,639
22227,erratic,Per period 112d,F&O,93.66278206688955,0.016728624535315983,1.0,1.0,45.74883004049085,3.998435054773083,7,243322.42657242066,639
22227,erratic,Per requirement,F&O,321.0,0.3554832713754647,0.6777408637873754,1.0,0.0,183.3568075117371,321,0.0,639
22227,erratic,Min/Max,F&O,50.16171420097503,0.05065055762081784,0.9954337899543378,0.9073103873310202,16.978000956115128,10.28169014084507,18,90300.19756427604,639
21651,erratic,EX,SAP,78.0,0.09363382899628253,0.7045454545454546,1.0,0.0,44.55399061032864,78,0.0,639
21651,erratic,FX,SAP,37.12548530965573,0.02741635687732342,0.6629213483146067,1.0,15.523110745692394,10.28169014084507,18,21153.945872801036,639
21651,erratic,HB,SAP,58.91154036369028,0.03322490706319703,0.9965156794425087,0.8366437973650057,38.075532438851944,6.854460093896714,12,51887.00676589985,639
21651,erratic,TB,SAP,78.0,0.09630576208178439,0.7246503496503497,1.0,0.0,44.55399061032864,78,0.0,639
21651,erratic,WB,SAP,40.14816438356164,0.0525092936802974,0.7943760984182777,1.0,1.7435475798956173,21.705790297339593,38,2376.0,639
21651,erratic,MB,SAP,28.140596971944184,0.020678438661710038,0.9368421052631579,1.0,9.853858778640307,9.139280125195619,16,13428.236044726145,639
21651,erratic,SP,SAP,22.14250348673591,0.02648698884758364,0.991304347826087,1.0,7.4204702165560406,7.42566510172144,13,10112.162947450328,639
21651,erratic,WI,SAP,30.70799126176217,0.02730018587360595,0.975103734439834,1.0,15.995898978679516,6.283255086071987,11,21798.232759221795,639
21651,erratic,DY,SAP,25.169010581281125,0.013824349442379182,0.9834710743801653,0.9998689533458455,14.746792503638734,3.998435054773083,7,20096.026855053366,639
21651,erratic,GR,SAP,25.795960389737584,0.03973048327137547,0.95,1.0,3.892618830658612,11.995305164319248,21,5304.622855315811,639
21651,erratic,Per period 3d,F&O,54.81912328767123,0.07132899628252788,0.7871794871794872,1.0,0.6648375872834299,30.845070422535212,54,906.0,639
21651,erratic,Per period 5d,F&O,41.4027653695048,0.0575046468401487,0.8638743455497382,0.9999638465071058,1.9501932799533714,22.27699530516432,39,2657.604120815916,639
21651,erratic,Per period 7d,F&O,37.45723597725572,0.04879182156133829,0.8677685950413223,1.0,2.8060494194015626,19.420970266040687,34,3823.912520297991,639
21651,erratic,Per period 10d,F&O,34.67778485339186,0.04809479553903346,0.9139072847682119,1.0,3.7967022090186866,17.136150234741784,30,5173.913549963727,639
21651,erratic,Per period 14d,F&O,30.861779942760535,0.03276022304832714,0.9368770764119602,1.0,10.439203565589983,10.28169014084507,18,14225.908118507861,639
21651,erratic,Per period 21d,F&O,25.380560989659436,0.02520910780669145,0.9559471365638766,1.0,9.236979126558442,7.996870109546166,14,12587.590185532408,639
21651,erratic,Per period 28d,F&O,25.73982428831143,0.020213754646840148,0.9354838709677419,1.0,11.151864154063222,6.854460093896714,12,15197.078379495973,639
21651,erratic,Per period 42d,F&O,29.593731125699254,0.015566914498141264,0.9925925925925926,1.0,16.71480559867667,5.140845070422535,9,22777.914729940083,639
21651,erratic,Per period 56d,F&O,45.35324853960093,0.00987453531598513,0.9883720930232558,1.0,33.56417086317182,2.2848200312989047,4,45739.19914228588,639
21651,erratic,Per period 84d,F&O,44.85757194063625,0.009409851301115242,1.0,1.0,33.97350259406196,1.7136150234741785,3,46297.01138888555,639
21651,erratic,Per period 112d,F&O,52.31855754496318,0.007202602230483271,1.0,1.0,40.02917668195095,1.7136150234741785,3,54549.31364821685,639
21651,erratic,Per requirement,F&O,78.0,0.09467936802973978,0.7130358705161854,1.0,0.0,44.55399061032864,78,0.0,639
21651,erratic,Min/Max,F&O,58.91154036369028,0.032527881040892194,0.9859154929577465,0.8366437973650057,38.075532438851944,6.854460093896714,12,51887.00676589985,639
37413,erratic,EX,SAP,68.20020403729586,0.05889869888475836,0.6584415584415585,1.0,7.076682316118934,34.27230046948357,60,38372.74966170499,639
37413,erratic,FX,SAP,20.326526183105514,0.005808550185873606,0.78125,1.0,14.089605404713295,2.2848200312989047,4,76399.769959404,639
37413,erratic,HB,SAP,49.56579816486552,0.0017425650557620818,1.0,0.9837346515707224,39.32276277841039,2.2848200312989047,4,213224.5683355886,639
37413,erratic,TB,SAP,68.20020403729586,0.05971189591078067,0.6675324675324675,1.0,7.076682316118934,34.27230046948357,60,38372.74966170499,639
37413,erratic,WB,SAP,43.37073554414518,0.03949814126394052,0.7522123893805309,1.0,7.223849056528435,19.992175273865413,35,39170.74966170499,639
37413,erratic,MB,SAP,27.973752559311727,0.019400557620817844,0.9277777777777778,1.0,8.60723441036504,10.28169014084507,18,46672.047232676676,639
37413,erratic,SP,SAP,17.871563604836613,0.009642193308550186,0.9880952380952381,1.0,10.245023641476653,3.427230046948357,6,55552.82968929953,639
37413,erratic,WI,SAP,19.772060807382623,0.011152416356877323,1.0,1.0,11.885130995381703,3.427230046948357,6,64446.18198326482,639
37413,erratic,DY,SAP,17.71611993422691,0.007551115241635688,0.9848484848484849,1.0,11.836854661523576,2.2848200312989047,4,64184.40738452336,639
37413,erratic,GR,SAP,22.236603118313177,0.017890334572490705,0.9625,1.0,7.971082871973361,7.42566510172144,13,43222.56587415781,639
37413,erratic,Per period 3d,F&O,55.26751910578901,0.047397769516728624,0.6766169154228856,1.0,7.134774450491105,26.84663536776213,47,38687.74966170499,639
37413,erratic,Per period 5d,F&O,45.36895721904356,0.03961431226765799,0.7478070175438597,1.0,7.222314382300609,21.134585289514867,37,39162.428012191,639
37413,erratic,Per period 7d,F&O,37.44460996145449,0.03578066914498141,0.8,1.0,7.287601833923809,16.564945226917057,29,39516.444050395985,639
37413,erratic,Per period 10d,F&O,35.77342076156499,0.03241171003717472,0.8558282208588958,1.0,7.571361794518435,15.422535211267606,27,41055.10997399004,639
37413,erratic,Per period 14d,F&O,28.876931473809975,0.02509293680297398,0.935064935064935,0.9999611918817551,7.660690355556837,11.424100156494523,20,41539.487024880014,639
37413,erratic,Per period 21d,F&O,27.063924980904787,0.022769516728624536,0.9751243781094527,1.0,8.685052179092125,9.710485133020343,17,47094.0079234647,639
37413,erratic,Per period 28d,F&O,23.845251336677457,0.020562267657992565,0.9672131147540983,1.0,9.359327889777664,7.42566510172144,13,50750.21458829834,639
37413,erratic,Per period 42d,F&O,20.064419963215904,0.013359665427509293,0.9829059829059829,1.0,9.548467908320934,5.140845070422535,9,51775.81136633083,639
37413,erratic,Per period 56d,F&O,18.096599814945485,0.011036245353159852,0.9895833333333334,1.0,10.439227317546282,3.427230046948357,6,56605.88374942437,639
37413,erratic,Per period 84d,F&O,17.310710412828076,0.007783457249070632,0.9852941176470589,1.0,10.624002315197322,2.856025039123631,5,57607.81154720829,639
37413,erratic,Per period 112d,F&O,20.95641983574166,0.006737918215613383,0.9666666666666667,1.0,15.496184989355955,1.7136150234741785,3,84026.83641084237,639
37413,erratic,Per requirement,F&O,68.20020403729586,0.058782527881040894,0.6571428571428571,1.0,7.076682316118934,34.27230046948357,60,38372.74966170499,639
37413,erratic,Min/Max,F&O,49.56579816486552,0.0017425650557620818,1.0,0.9837346515707224,39.32276277841039,2.2848200312989047,4,213224.5683355886,639
85135C,lumpy,EX,SAP,74.08964643075612,0.03357342007434944,0.3155021834061135,0.999638258819116,3.815132656403537,40.55555555555556,71,709.2584573748309,639
85135C,lumpy,FX,SAP,41.9963214636588,0.022885687732342008,0.5863095238095238,1.0,28.39613494923029,10.852895148669797,19,5279.02976995941,639
85135C,lumpy,HB,SAP,32.529578882977745,0.026022304832713755,0.9068825910931174,0.8412358150564718,22.880547366888678,7.996870109546166,14,4253.645466847092,639
85135C,lumpy,TB,SAP,74.08964643075612,0.031133828996282528,0.29193899782135074,0.999638258819116,3.815132656403537,40.55555555555556,71,709.2584573748309,639
85135C,lumpy,WB,SAP,41.24838615678351,0.021491635687732342,0.38381742738589214,0.999638258819116,5.245958437966299,21.134585289514867,37,975.2584573748309,639
85135C,lumpy,MB,SAP,30.87399858461821,0.015799256505576207,0.5461847389558233,0.9931187748514686,10.957720422647334,12.566510172143975,22,2037.1128826324818,639
85135C,lumpy,SP,SAP,25.799722214100225,0.019400557620817844,0.8835978835978836,1.0,18.27487539112906,6.283255086071987,11,3397.42050826829,639
85135C,lumpy,WI,SAP,30.23595961964023,0.016844795539033456,0.8100558659217877,0.9987111357952115,23.752794815486187,6.283255086071987,11,4415.802051049486,639
85135C,lumpy,DY,SAP,31.815728515053863,0.010455390334572491,0.9574468085106383,1.0,31.877572762436426,3.427230046948357,6,5926.252143392867,639
85135C,lumpy,GR,SAP,27.285643491889314,0.025441449814126393,0.7227722772277227,0.9957705620411782,7.761588353185334,11.995305164319248,21,1442.9307387041504,639
85135C,lumpy,Per period 3d,F&O,48.50783821157803,0.02578996282527881,0.38144329896907214,0.999638258819116,4.331520908396112,25.704225352112676,45,805.2584573748309,639
85135C,lumpy,Per period 5d,F&O,39.156727569825975,0.023466542750929367,0.4344086021505376,0.999638258819116,5.1327773099056655,19.992175273865413,35,954.2173352116237,639
85135C,lumpy,Per period 7d,F&O,36.6990568391841,0.022653345724907063,0.4744525547445255,0.9980490849718803,5.8024520291405475,18.278560250391237,32,1078.7143058504387,639
85135C,lumpy,Per period 10d,F&O,30.3974793657625,0.018006505576208177,0.5065359477124183,0.9983699005741475,7.899684638353666,13.708920187793428,24,1468.6037537756677,639
85135C,lumpy,Per period 14d,F&O,30.289334263649458,0.0191682156133829,0.5612244897959183,0.997204327438406,9.000957817003203,13.137715179968701,23,1673.3377397685858,639
85135C,lumpy,Per period 21d,F&O,30.72158458948881,0.01812267657992565,0.6419753086419753,0.9985220544448793,15.708766001642829,10.28169014084507,18,2920.363757964412,639
85135C,lumpy,Per period 28d,F&O,29.955602259090636,0.015450743494423791,0.6519607843137255,0.9991201990353291,18.467357949717176,8.568075117370892,15,3433.2042921811835,639
85135C,lumpy,Per period 42d,F&O,35.699185134187275,0.013359665427509293,0.7876712328767124,0.998107411974207,31.733663590886668,5.712050078247262,10,5899.498474200223,639
85135C,lumpy,Per period 56d,F&O,31.187657699044223,0.011384758364312268,0.7967479674796748,0.9995090482700737,27.39758718476124,5.140845070422535,9,5093.393119591912,639
85135C,lumpy,Per period 84d,F&O,45.04356479881816,0.011384758364312268,0.9423076923076923,1.0,46.97665240435152,3.998435054773083,7,8733.271164508571,639
85135C,lumpy,Per period 112d,F&O,53.617436172465595,0.009758364312267658,0.9438202247191011,1.0,60.03339623776824,2.856025039123631,5,11160.606416949648,639
85135C,lumpy,Per requirement,F&O,74.08964643075612,0.02973977695167286,0.2797814207650273,0.999638258819116,3.815132656403537,40.55555555555556,71,709.2584573748309,639
85135C,lumpy,Min/Max,F&O,32.529578882977745,0.02578996282527881,0.888,0.8412358150564718,22.880547366888678,7.996870109546166,14,4253.645466847092,639
20700,lumpy,EX,SAP,53.59647975976421,0.016844795539033456,0.23015873015873015,1.0,8.007308034005028,26.84663536776213,47,2914.909336941812,639
20700,lumpy,FX,SAP,38.341579861716134,0.005924721189591078,0.7285714285714285,1.0,42.90029328783469,1.7136150234741785,3,15617.04194857916,639
20700,lumpy,HB,SAP,60.832432795150794,0.004065985130111524,0.9722222222222222,1.0,70.20139841423838,1.7136150234741785,3,25555.49391069012,639
20700,lumpy,TB,SAP,53.59647975976421,0.014405204460966542,0.19776714513556617,1.0,8.007308034005028,26.84663536776213,47,2914.909336941812,639
20700,lumpy,WB,SAP,33.827307157024485,0.012778810408921933,0.3021978021978022,1.0,8.28750385660492,15.422535211267606,27,3016.909336941812,639
20700,lumpy,MB,SAP,20.20335134358642,0.008945167286245352,0.5384615384615384,0.9936612137344284,9.95785077973368,6.854460093896714,12,3624.9676034007784,639
20700,lumpy,SP,SAP,16.609696172888725,0.009177509293680297,0.8144329896907216,1.0,12.878854858573991,3.427230046948357,6,4688.30399891572,639
20700,lumpy,WI,SAP,16.446079814040168,0.008131970260223048,0.8045977011494253,0.9982088943010149,13.894120832730746,2.856025039123631,5,5057.892411773197,639
20700,lumpy,DY,SAP,17.723918384568233,0.0060408921933085506,0.8387096774193549,1.0,16.65913425658879,2.2848200312989047,4,6064.443353955696,639
20700,lumpy,GR,SAP,20.77272760765123,0.014056691449814127,0.7202380952380952,1.0,9.435126989778423,7.42566510172144,13,3434.6798750516937,639
20700,lumpy,Per period 3d,F&O,40.64626606113407,0.01370817843866171,0.26339285714285715,1.0,8.06774242711481,19.420970266040687,34,2936.909336941812,639
20700,lumpy,Per period 5d,F&O,33.718682499490235,0.013011152416356878,0.3154929577464789,1.0,8.155646998910854,15.422535211267606,27,2968.909336941812,639
20700,lumpy,Per period 7d,F&O,29.957999055921174,0.012314126394052044,0.34415584415584416,0.9964642191090807,8.44614760753371,13.137715179968701,23,3074.6605997714632,639
20700,lumpy,Per period 10d,F&O,25.211904300242317,0.013592007434944238,0.5043103448275862,0.9975321836503585,8.754357073305096,10.28169014084507,18,3186.8584377584084,639
20700,lumpy,Per period 14d,F&O,24.590011475630007,0.01486988847583643,0.5765765765765766,0.9979606992085499,9.213332274239391,9.710485133020343,17,3353.9396956476417,639
20700,lumpy,Per period 21d,F&O,21.388404698131282,0.010803903345724907,0.5636363636363636,1.0,10.182482593448157,7.42566510172144,13,3706.7405748400943,639
20700,lumpy,Per period 28d,F&O,181.50098716719518,0.00023234200743494423,1.0,1.0,220.3196804435696,0.0,0,80203.2207215814,639
20700,lumpy,Per period 42d,F&O,244.06806776632888,0.00011617100371747211,1.0,1.0,296.26835388626523,0.0,0,107850.90161587171,639
20700,lumpy,Per period 56d,F&O,223.14665653637584,0.00011617100371747211,1.0,1.0,270.8723562746067,0.0,0,98605.9680820547,639
20700,lumpy,Per period 84d,F&O,272.8622151988662,0.00011617100371747211,1.0,1.0,331.220876514353,0.0,0,120574.707684729,639
20700,lumpy,Per period 112d,F&O,250.58894644267954,0.0,0.0,1.0,304.1838915844786,0.0,0,110732.40369440439,639
20700,lumpy,Per requirement,F&O,53.59647975976421,0.016612453531598514,0.22698412698412698,1.0,8.007308034005028,26.84663536776213,47,2914.909336941812,639
20700,lumpy,Min/Max,F&O,60.832432795150794,0.004065985130111524,0.9722222222222222,1.0,70.20139841423838,1.7136150234741785,3,25555.49391069012,639
21824,lumpy,EX,SAP,109.54303201290155,0.12732342007434944,0.7930535455861071,1.0,0.8012910379388949,61.690140845070424,108,1942.0920162381592,639
21824,lumpy,FX,SAP,48.573778041411,0.031017657992565055,0.5754310344827587,1.0,11.72248267421949,14.85133020344288,26,28411.824086603505,639
21824,lumpy,HB,SAP,68.22750718297588,0.03949814126394052,0.9970674486803519,0.7497512644769457,27.121558781475475,9.139280125195619,16,65734.62110960759,639
21824,lumpy,TB,SAP,109.54303201290155,0.1253485130111524,0.7807525325615051,1.0,0.8012910379388949,61.690140845070424,108,1942.0920162381592,639
21824,lumpy,WB,SAP,42.54453886221662,0.04600371747211896,0.8497854077253219,1.0,3.398555761572248,20.56338028169014,36,8237.092016238159,639
21824,lumpy,MB,SAP,42.703488009737114,0.01963289962825279,0.9184782608695652,0.9999331450604279,13.867026377291552,9.139280125195619,16,33609.56249501395,639
21824,lumpy,SP,SAP,30.176816084465777,0.03055297397769517,0.9850187265917603,0.9997379167896069,7.361970185977718,9.139280125195619,16,17843.23403734486,639
21824,lumpy,WI,SAP,40.9863089067467,0.03183085501858736,0.9750889679715302,0.9999270695294393,12.975301374661967,9.139280125195619,16,31448.28534814671,639
21824,lumpy,DY,SAP,38.655612732950814,0.01638011152416357,1.0,0.9998390176696148,14.880757805137105,5.712050078247262,10,36066.5470604381,639
21824,lumpy,GR,SAP,32.257928679789124,0.03554832713754647,0.9652996845425867,0.9999538313584323,4.288313001757389,13.708920187793428,24,10393.599890079418,639
21824,lumpy,Per period 3d,F&O,60.17736078002484,0.07121282527881041,0.837431693989071,1.0,1.6499921557329864,32.55868544600939,57,3999.092016238159,639
21824,lumpy,Per period 5d,F&O,46.910966152387125,0.05448420074349442,0.8832391713747646,1.0,2.5502472616426086,23.990610328638496,42,6181.043605590696,639
21824,lumpy,Per period 7d,F&O,43.07679541883786,0.046468401486988845,0.89086859688196,1.0,4.194251143377684,19.992175273865413,35,10165.621820261444,639
21824,lumpy,Per period 10d,F&O,39.05384460574289,0.038452602230483274,0.9220055710306406,1.0,6.7788150898824755,14.85133020344288,26,16429.838900331568,639
21824,lumpy,Per period 14d,F&O,33.96597585841776,0.02846189591078067,0.8941605839416058,1.0,7.2524816062485105,11.424100156494523,20,17577.866166629246,639
21824,lumpy,Per period 21d,F&O,39.91621778507067,0.022885687732342008,0.933649289099526,0.9998823356804444,12.41960685996126,9.139280125195619,16,30101.446522588943,639
21824,lumpy,Per period 28d,F&O,41.36737589771295,0.019052044609665426,0.9213483146067416,1.0,15.25037388587315,6.854460093896714,12,36962.38690574216,639
21824,lumpy,Per period 42d,F&O,53.85518659518389,0.013940520446096654,0.9523809523809523,1.0,23.81243535747752,4.569640062597809,8,57714.28657669696,639
21824,lumpy,Per period 56d,F&O,68.171030512062,0.011268587360594795,0.9603960396039604,1.0,32.28519509136024,3.427230046948357,6,78249.74529966424,639
21824,lumpy,Per period 84d,F&O,82.04942391891592,0.008131970260223048,0.9859154929577465,1.0,40.53078833077404,2.2848200312989047,4,98234.61976001487,639
21824,lumpy,Per period 112d,F&O,124.18187295104977,0.007899628252788104,1.0,0.9999966794054288,61.37142641936311,3.427230046948357,6,148746.15043839024,639
21824,lumpy,Per requirement,F&O,109.54303201290155,0.12592936802973978,0.784370477568741,1.0,0.8012910379388949,61.690140845070424,108,1942.0920162381592,639
21824,lumpy,Min/Max,F&O,68.22750718297588,0.03961431226765799,0.9941690962099126,0.7497512644769457,27.121558781475475,9.139280125195619,16,65734.62110960759,639
21768,lumpy,EX,SAP,65.0,0.04321561338289963,0.3701492537313433,1.0,0.0,37.1283255086072,65,0.0,639
21768,lumpy,FX,SAP,47.721169258717005,0.01486988847583643,0.7529411764705882,1.0,6.175916733883494,4.569640062597809,8,4848.905277401908,639
21768,lumpy,HB,SAP,309.59645366748845,0.010223048327137546,0.9361702127659575,0.9404309252217997,47.203706576216966,3.427230046948357,6,37061.105548037885,639
21768,lumpy,TB,SAP,65.0,0.040892193308550186,0.3502487562189055,1.0,0.0,37.1283255086072,65,0.0,639
21768,lumpy,WB,SAP,24.315863013698632,0.02300185873605948,0.6851211072664359,1.0,0.9820014063824948,10.28169014084507,18,771.0,639
21768,lumpy,MB,SAP,91.6235270838084,0.012197955390334572,0.963302752293578,0.999790212109179,12.846450219170872,5.140845070422535,9,10086.149627287647,639
21768,lumpy,SP,SAP,19.065948448296094,0.02532527881040892,0.9519650655021834,0.999605169106799,1.0986259991078495,6.854460093896714,12,862.5656132535366,639
21768,lumpy,WI,SAP,26.83421580706518,0.025673791821561338,0.8983739837398373,1.0,2.4619315139952915,6.283255086071987,11,1932.9393878189935,639
21768,lumpy,DY,SAP,23.77719113415453,0.01092007434944238,0.9494949494949495,1.0,2.9195104551285174,2.856025039123631,5,2292.198917714516,639
21768,lumpy,GR,SAP,16.745919883930714,0.026603159851301114,0.9346938775510204,0.9999452609748888,0.7379039080629733,6.854460093896714,12,579.3514239580973,639
21768,lumpy,Per period 3d,F&O,37.30128767123288,0.03508364312267658,0.5741444866920152,1.0,0.5132899698730808,19.420970266040687,34,403.0,639
21768,lumpy,Per period 5d,F&O,27.34100694400829,0.025673791821561338,0.655786350148368,1.0,0.6749473373451039,13.137715179968701,23,529.9222523622158,639
21768,lumpy,Per period 7d,F&O,23.631665117678263,0.026370817843866173,0.7937062937062938,1.0,1.0311028687755086,9.710485133020343,17,809.5510929607245,639
21768,lumpy,Per period 10d,F&O,54.585732945970975,0.023118029739776953,0.8614718614718615,0.9996703051279473,6.46582235077256,7.42566510172144,13,5076.519239223881,639
21768,lumpy,Per period 14d,F&O,21.553382003881286,0.0170771375464684,0.8352272727272727,0.9995514504669178,1.7963400016242008,5.712050078247262,10,1410.3626860925315,639
21768,lumpy,Per period 21d,F&O,101.44873893009783,0.01370817843866171,0.9076923076923077,1.0,14.68505479920068,3.998435054773083,7,11529.695555011942,639
21768,lumpy,Per period 28d,F&O,131.3360402414524,0.011617100371747211,0.970873786407767,1.0,19.642948069776086,2.856025039123631,5,15422.29253783616,639
21768,lumpy,Per period 42d,F&O,135.3466086983206,0.00662174721189591,0.9344262295081968,1.0,20.421999999931696,2.2848200312989047,4,16033.95056016288,639
21768,lumpy,Per period 56d,F&O,217.5843508427766,0.0055762081784386614,1.0,1.0,33.36394944890996,1.7136150234741785,3,26195.079617930918,639
21768,lumpy,Per period 84d,F&O,280.9535947198065,0.0037174721189591076,1.0,1.0,43.37219185029232,1.1424100156494523,2,34052.863569474706,639
21768,lumpy,Per period 112d,F&O,218.93841278354196,0.004065985130111524,0.9722222222222222,1.0,33.7299631087264,1.1424100156494523,2,26482.448383275187,639
21768,lumpy,Per requirement,F&O,65.0,0.04507434944237918,0.38606965174129354,1.0,0.0,37.1283255086072,65,0.0,639
21768,lumpy,Min/Max,F&O,309.59645366748845,0.011152416356877323,0.9696969696969697,0.9404309252217997,47.203706576216966,3.427230046948357,6,37061.105548037885,639
90000D,lumpy,EX,SAP,24.438605379353813,0.004879182156133829,0.23333333333333334,1.0,65.48881353967425,7.996870109546166,14,3057.857916102842,639
90000D,lumpy,FX,SAP,23.18368222143956,0.005924721189591078,0.38345864661654133,1.0,88.9843505477308,5.140845070422535,9,4154.930987821379,639
90000D,lumpy,HB,SAP,18.126830474354463,0.007318773234200744,0.7241379310344828,0.9490996148641615,57.25911435692344,5.140845070422535,9,2673.5899864682006,639
90000D,lumpy,TB,SAP,24.438605379353813,0.004879182156133829,0.23204419889502761,1.0,65.48881353967425,7.996870109546166,14,3057.857916102842,639
90000D,lumpy,WB,SAP,22.469328667025046,0.005343866171003717,0.2948717948717949,1.0,65.68156262678954,6.854460093896714,12,3066.857916102842,639
90000D,lumpy,MB,SAP,19.712398483689988,0.004646840148698885,0.33613445378151263,0.9966896736205307,67.20651287849438,5.140845070422535,9,3138.062156137114,639
90000D,lumpy,SP,SAP,18.493777834445527,0.006505576208178439,0.7567567567567568,1.0,90.92980140458424,2.2848200312989047,4,4245.769590347204,639
90000D,lumpy,WI,SAP,17.677301787418145,0.004763011152416357,0.7192982456140351,1.0,85.80746507130898,2.2848200312989047,4,4006.593220230836,639
90000D,lumpy,DY,SAP,19.172610709450165,0.005227695167286246,0.8333333333333334,0.9904592768228547,101.46231691981872,1.7136150234741785,3,4737.562527246637,639
90000D,lumpy,GR,SAP,20.62959310889087,0.003949814126394052,0.265625,0.9920402346522216,66.68701572794325,5.712050078247262,10,3113.8053649640183,639
90000D,lumpy,Per period 3d,F&O,22.469328667025046,0.005227695167286246,0.2903225806451613,1.0,65.68156262678954,6.854460093896714,12,3066.857916102842,639
90000D,lumpy,Per period 5d,F&O,21.523947845107237,0.003949814126394052,0.23943661971830985,1.0,66.02422767055006,6.283255086071987,11,3082.857916102842,639
90000D,lumpy,Per period 7d,F&O,21.523947845107237,0.004298327137546468,0.2569444444444444,1.0,66.02422767055006,6.283255086071987,11,3082.857916102842,639
90000D,lumpy,Per period 10d,F&O,21.523947845107237,0.0033689591078066915,0.20422535211267606,1.0,66.02422767055006,6.283255086071987,11,3082.857916102842,639
90000D,lumpy,Per period 14d,F&O,21.523947845107237,0.004414498141263941,0.2676056338028169,1.0,66.02422767055006,6.283255086071987,11,3082.857916102842,639
90000D,lumpy,Per period 21d,F&O,20.566640516654687,0.004065985130111524,0.26515151515151514,0.9972642494294105,66.29206923605375,5.712050078247262,10,3095.3641962913002,639
90000D,lumpy,Per period 28d,F&O,19.73035919714923,0.005343866171003717,0.3709677419354839,1.0,67.31919323875576,5.140845070422535,9,3143.323520834244,639
90000D,lumpy,Per period 42d,F&O,19.766423018146455,0.004414498141263941,0.4222222222222222,1.0,73.81916022885669,4.569640062597809,8,3446.825362458632,639
90000D,lumpy,Per period 56d,F&O,19.47353144015686,0.005111524163568773,0.5432098765432098,0.9899680871687403,78.255355478939,3.998435054773083,7,3653.9638648934624,639
90000D,lumpy,Per period 84d,F&O,17.888292469282845,0.00662174721189591,0.7808219178082192,0.9962509097416172,80.85744711022893,2.856025039123631,5,3775.4628822538016,639
90000D,lumpy,Per period 112d,F&O,17.404907286000814,0.004182156133828996,0.6545454545454545,0.9893379301933035,90.37225309571001,1.7136150234741785,3,4219.736082977766,639
90000D,lumpy,Per requirement,F&O,24.438605379353813,0.0060408921933085506,0.28415300546448086,1.0,65.48881353967425,7.996870109546166,14,3057.857916102842,639
90000D,lumpy,Min/Max,F&O,18.126830474354463,0.007551115241635688,0.7558139534883721,0.9490996148641615,57.25911435692344,5.140845070422535,9,2673.5899864682006,639
62096A,lumpy,EX,SAP,71.0,0.051696096654275096,0.4729011689691817,1.0,0.0,40.55555555555556,71,0.0,639
62096A,lumpy,FX,SAP,24.667141824383194,0.028810408921933085,0.6391752577319587,1.0,11.40106574750897,12.566510172143975,22,3894.0270635994602,639
62096A,lumpy,HB,SAP,23.01869334717408,0.0341542750929368,0.9767441860465116,0.795624368428598,30.00237317010361,9.139280125195619,16,10247.292286874155,639
62096A,lumpy,TB,SAP,71.0,0.051928438661710034,0.47502656748140276,1.0,0.0,40.55555555555556,71,0.0,639
62096A,lumpy,WB,SAP,34.31780821917808,0.03763940520446097,0.6893617021276596,1.0,1.3585150848834215,19.420970266040687,34,464.0,639
62096A,lumpy,MB,SAP,16.768867806520248,0.019516728624535316,0.9281767955801105,0.9994097640142604,11.835907494570064,7.996870109546166,14,4042.546997519563,639
62096A,lumpy,SP,SAP,11.808436791294092,0.01428903345724907,0.9534883720930233,1.0,20.55432654503218,3.998435054773083,7,7020.317715289373,639
62096A,lumpy,WI,SAP,14.555109371714135,0.010571561338289962,0.9285714285714286,1.0,36.56999546568906,3.427230046948357,6,12490.459682702636,639
62096A,lumpy,DY,SAP,13.438353535095612,0.008480483271375464,0.9605263157894737,1.0,40.34554451439575,2.2848200312989047,4,13779.996161239593,639
62096A,lumpy,GR,SAP,17.052337049184786,0.022188661710037173,0.8761467889908257,1.0,8.772997903557513,8.568075117370892,15,2996.412091809789,639
62096A,lumpy,Per period 3d,F&O,45.08150684931507,0.04379646840148699,0.6200657894736842,1.0,0.34841227392484303,25.704225352112676,45,119.0,639
62096A,lumpy,Per period 5d,F&O,36.30515223610158,0.04112453531598513,0.7209775967413442,1.0,1.304415338917361,20.56338028169014,36,445.52226470830374,639
62096A,lumpy,Per period 7d,F&O,27.59905496209981,0.032992565055762084,0.7244897959183674,1.0,2.560743094661235,15.422535211267606,27,874.6202446657225,639
62096A,lumpy,Per period 10d,F&O,27.07716280928775,0.031598513011152414,0.8047337278106509,1.0,4.604481058033411,14.85133020344288,26,1572.6577015601122,639
62096A,lumpy,Per period 14d,F&O,20.774962849169697,0.027648698884758363,0.8981132075471698,1.0,16.136599577992317,9.710485133020343,17,5511.4457597877545,639
62096A,lumpy,Per period 21d,F&O,18.115992264031313,0.022188661710037173,0.8842592592592593,1.0,9.045100902731495,9.139280125195619,16,3089.348705485714,639
62096A,lumpy,Per period 28d,F&O,14.151206683372118,0.018471189591078067,0.9352941176470588,1.0,13.47026777978849,6.283255086071987,11,4600.761757723293,639
62096A,lumpy,Per period 42d,F&O,14.701830050868022,0.016031598513011152,0.9857142857142858,1.0,28.64789728841958,4.569640062597809,8,9784.671874267313,639
62096A,lumpy,Per period 56d,F&O,14.661544930965489,0.011965613382899629,0.9626168224299065,1.0,32.750330967357634,3.998435054773083,7,11185.855599209614,639
62096A,lumpy,Per period 84d,F&O,19.67440691161901,0.008945167286245352,0.9625,1.0,67.00241513924927,2.2848200312989047,4,22884.63409096375,639
62096A,lumpy,Per period 112d,F&O,16.47349144689605,0.008131970260223048,1.0,1.0,57.59429829723666,1.7136150234741785,3,19671.297512468227,639
62096A,lumpy,Per requirement,F&O,71.0,0.05006970260223048,0.4580233793836344,1.0,0.0,40.55555555555556,71,0.0,639
62096A,lumpy,Min/Max,F&O,23.01869334717408,0.03578066914498141,0.9808917197452229,0.795624368428598,30.00237317010361,9.139280125195619,16,10247.292286874155,639
17090D,lumpy,EX,SAP,24.02590227445456,0.01370817843866171,0.3746031746031746,1.0,0.46037393954369504,13.708920187793428,24,37.81732070365359,639
17090D,lumpy,FX,SAP,12.852346747733886,0.010223048327137546,0.4782608695652174,1.0,15.1491804628943,6.854460093896714,12,1244.4262516914728,639
17090D,lumpy,HB,SAP,13.721303316217769,0.012081784386617101,0.859504132231405,0.889789197384939,30.593575488015823,6.854460093896714,12,2513.1028416779436,639
17090D,lumpy,TB,SAP,24.02590227445456,0.01428903345724907,0.38557993730407525,1.0,0.46037393954369504,13.708920187793428,24,37.81732070365359,639
17090D,lumpy,WB,SAP,20.060148849797024,0.012197955390334572,0.3888888888888889,1.0,1.069055267276172,11.424100156494523,20,87.81732070365359,639
17090D,lumpy,MB,SAP,14.185204654995506,0.010687732342007435,0.5111111111111111,0.997992557994372,3.291733966903079,7.996870109546166,14,270.398796293439,639
17090D,lumpy,SP,SAP,6.531777819192808,0.007434944237918215,0.9411764705882353,1.0,44.99853982768944,2.2848200312989047,4,3696.3956160214984,639
17090D,lumpy,WI,SAP,8.680546874676153,0.0030204460966542753,0.9629629629629629,1.0,118.73666493638233,1.1424100156494523,2,9753.598437027184,639
17090D,lumpy,DY,SAP,6.463162741021941,0.00546003717472119,0.9215686274509803,1.0,61.55250486447927,1.7136150234741785,3,5056.2176018920345,639
17090D,lumpy,GR,SAP,11.445363806560549,0.013011152416356878,0.7567567567567568,1.0,7.91567128655693,6.283255086071987,11,650.231157578401,639
17090D,lumpy,Per period 3d,F&O,24.02590227445456,0.016612453531598514,0.44,1.0,0.46037393954369504,13.708920187793428,24,37.81732070365359,639
17090D,lumpy,Per period 5d,F&O,19.101341184961093,0.01312732342007435,0.4200743494423792,0.9979081379318955,1.8011870208701641,10.852895148669797,19,147.95813004319797,639
17090D,lumpy,Per period 7d,F&O,17.136468050742028,0.01254646840148699,0.46956521739130436,1.0,2.425514186106638,9.710485133020343,17,199.24335408336054,639
17090D,lumpy,Per period 10d,F&O,16.14453320548825,0.012430297397769517,0.5095238095238095,1.0,2.5688601718061577,9.139280125195619,16,211.01848001284546,639
17090D,lumpy,Per period 14d,F&O,13.387331596578143,0.012081784386617101,0.5621621621621622,0.9979953749469983,6.884236105955385,7.42566510172144,13,565.5041310040888,639
17090D,lumpy,Per period 21d,F&O,10.708770319389144,0.011384758364312268,0.7205882352941176,0.9962358145992823,12.597325564644143,5.712050078247262,10,1034.8046663081498,639
17090D,lumpy,Per period 28d,F&O,12.66898704648866,0.009177509293680297,0.5374149659863946,0.9951474861568907,11.890237771822324,6.854460093896714,12,976.7210878734427,639
17090D,lumpy,Per period 42d,F&O,10.324604482584347,0.010339219330855019,0.8165137614678899,0.9945157385945899,23.54285084325106,5.140845070422535,9,1933.9225445731468,639
17090D,lumpy,Per period 56d,F&O,11.742358376200468,0.012314126394052044,0.8412698412698413,1.0,30.967797486495893,5.712050078247262,10,2543.8432292526836,639
17090D,lumpy,Per period 84d,F&O,7.905358811561106,0.00929368029739777,0.9090909090909091,1.0,33.8648848718514,3.427230046948357,6,2781.8238648792144,639
17090D,lumpy,Per period 112d,F&O,6.895364521247078,0.008131970260223048,0.958904109589041,1.0,51.460746175015615,2.2848200312989047,4,4227.2322010207345,639
17090D,lumpy,Per requirement,F&O,24.02590227445456,0.013592007434944238,0.36908517350157727,1.0,0.46037393954369504,13.708920187793428,24,37.81732070365359,639
17090D,lumpy,Min/Max,F&O,13.721303316217769,0.011965613382899629,0.8442622950819673,0.889789197384939,30.593575488015823,6.854460093896714,12,2513.1028416779436,639
21062,lumpy,EX,SAP,105.0,0.1095492565055762,0.6622191011235955,1.0,0.0,59.97652582159625,105,0.0,639
21062,lumpy,FX,SAP,28.253352327284183,0.029972118959107806,0.602803738317757,1.0,14.403951849625885,12.566510172143975,22,13426.315290933686,639
21062,lumpy,HB,SAP,25.37052495968265,0.03973048327137547,0.9855907780979827,0.9098998887652948,19.280640553276367,9.710485133020343,17,17972.009472259808,639
21062,lumpy,TB,SAP,105.0,0.1058317843866171,0.6388499298737728,1.0,0.0,59.97652582159625,105,0.0,639
21062,lumpy,WB,SAP,62.56635616438356,0.07132899628252788,0.7283511269276394,1.0,1.304542986635542,35.41471048513302,62,1216.0,639
21062,lumpy,MB,SAP,30.988780047031707,0.036477695167286245,0.9262536873156342,0.9994446951994584,9.187743266201895,15.422535211267606,27,8564.14539509749,639
21062,lumpy,SP,SAP,23.794193720461113,0.02137546468401487,0.9484536082474226,1.0,22.559914646085307,7.996870109546166,14,21028.710046872387,639
21062,lumpy,WI,SAP,23.40147247941947,0.022304832713754646,0.9746192893401016,1.0,28.56551224191094,6.283255086071987,11,26626.690911694743,639
21062,lumpy,DY,SAP,30.922869336478254,0.008248141263940521,0.9861111111111112,1.0,62.0140515487028,2.2848200312989047,4,57804.98416361507,639
21062,lumpy,GR,SAP,29.239005632693,0.04414498141263941,0.9547738693467337,0.9996178794371129,7.460715266340824,14.85133020344288,26,6954.3356231349735,639
21062,lumpy,Per period 3d,F&O,80.136,0.08898698884758365,0.7192488262910798,1.0,0.31326196718550847,45.69640062597809,80,292.0,639
21062,lumpy,Per period 5d,F&O,61.495928168094,0.06854089219330856,0.7412060301507538,1.0,1.1423193641163956,34.84350547730829,61,1064.7869491429851,639
21062,lumpy,Per period 7d,F&O,54.59841333705003,0.06505576208178439,0.7876230661040787,0.9997654634180896,1.3783833761348412,30.845070422535212,54,1284.8286354309557,639
21062,lumpy,Per period 10d,F&O,44.55572068459413,0.05367100371747212,0.8415300546448088,0.9995281083216339,3.5834420738760397,24.561815336463223,43,3340.2238228050323,639
21062,lumpy,Per period 14d,F&O,40.15663549724462,0.04902416356877323,0.8629856850715747,1.0,4.967587340948151,21.705790297339593,38,4630.423273495812,639
21062,lumpy,Per period 21d,F&O,29.322701241242857,0.03822026022304833,0.9164345403899722,1.0,9.95689628225718,14.280125195618153,25,9281.093841492017,639
21062,lumpy,Per period 28d,F&O,26.23819171883741,0.03519981412639405,0.9528301886792453,1.0,12.065634134837106,11.995305164319248,21,11246.705749268553,639
21062,lumpy,Per period 42d,F&O,23.517794158366968,0.0262546468401487,0.9658119658119658,1.0,17.316463139307054,9.139280125195619,16,16141.14628119966,639
21062,lumpy,Per period 56d,F&O,23.510560152232827,0.022188661710037173,0.9896373056994818,1.0,28.81678444030213,6.283255086071987,11,26860.908562146953,639
21062,lumpy,Per period 84d,F&O,24.568338498400255,0.01370817843866171,0.9752066115702479,1.0,40.46685498668945,3.998435054773083,7,37720.25618774172,639
21062,lumpy,Per period 112d,F&O,27.910456329757974,0.011036245353159852,0.9895833333333334,1.0,52.771872198365195,2.856025039123631,5,49190.097413892116,639
21062,lumpy,Per requirement,F&O,105.0,0.10490241635687732,0.6354679802955665,1.0,0.0,59.97652582159625,105,0.0,639
21062,lumpy,Min/Max,F&O,25.37052495968265,0.04019516728624535,0.9829545454545454,0.9098998887652948,19.280640553276367,9.710485133020343,17,17972.009472259808,639
84564,lumpy,EX,SAP,68.61985166923093,0.00034851301115241634,1.0,1.0,828.0687864561104,0.0,0,15752.355886332884,639
84564,lumpy,FX,SAP,70.94013698630138,0.00034851301115241634,1.0,1.0,856.0687864561104,0.0,0,16285.0,639
84564,lumpy,HB,SAP,11.358524737242112,0.00034851301115241634,1.0,1.0,137.06878645611044,0.0,0,2607.460081190799,639
84564,lumpy,TB,SAP,68.61985166923093,0.00034851301115241634,1.0,1.0,828.0687864561104,0.0,0,15752.355886332884,639
84564,lumpy,WB,SAP,68.61985166923093,0.00034851301115241634,1.0,1.0,828.0687864561104,0.0,0,15752.355886332884,639
84564,lumpy,MB,SAP,68.61985166923093,0.00034851301115241634,1.0,1.0,828.0687864561104,0.0,0,15752.355886332884,639
84564,lumpy,SP,SAP,70.68777944240063,0.00011617100371747211,1.0,1.0,853.0234664787629,0.0,0,16227.06886570832,639
84564,lumpy,WI,SAP,68.61985166923093,0.00011617100371747211,1.0,1.0,828.0687864561104,0.0,0,15752.355886332884,639
84564,lumpy,DY,SAP,90.49985482715162,0.0,0.0,1.0,1092.1053184785108,0.0,0,20775.12390686185,639
84564,lumpy,GR,SAP,68.61985166923093,0.00034851301115241634,1.0,1.0,828.0687864561104,0.0,0,15752.355886332884,639
84564,lumpy,Per period 3d,F&O,68.61985166923093,0.00034851301115241634,1.0,1.0,828.0687864561104,0.0,0,15752.355886332884,639
84564,lumpy,Per period 5d,F&O,68.61985166923093,0.00034851301115241634,1.0,1.0,828.0687864561104,0.0,0,15752.355886332884,639
84564,lumpy,Per period 7d,F&O,68.61985166923093,0.00034851301115241634,1.0,1.0,828.0687864561104,0.0,0,15752.355886332884,639
84564,lumpy,Per period 10d,F&O,68.61985166923093,0.00034851301115241634,1.0,1.0,828.0687864561104,0.0,0,15752.355886332884,639
84564,lumpy,Per period 14d,F&O,68.61985166923093,0.00034851301115241634,1.0,1.0,828.0687864561104,0.0,0,15752.355886332884,639
84564,lumpy,Per period 21d,F&O,68.61985166923093,0.00023234200743494423,1.0,1.0,828.0687864561104,0.0,0,15752.355886332884,639
84564,lumpy,Per period 28d,F&O,68.61985166923093,0.00023234200743494423,1.0,1.0,828.0687864561104,0.0,0,15752.355886332884,639
84564,lumpy,Per period 42d,F&O,68.61985166923093,0.00023234200743494423,1.0,1.0,828.0687864561104,0.0,0,15752.355886332884,639
84564,lumpy,Per period 56d,F&O,71.58330635728251,0.00011617100371747211,1.0,1.0,863.8302209034089,0.0,0,16432.645798998812,639
84564,lumpy,Per period 84d,F&O,76.05252551298518,0.00011617100371747211,1.0,1.0,917.7624401175837,0.0,0,17458.598624050057,639
84564,lumpy,Per period 112d,F&O,79.32069286659748,0.0,0.0,1.0,957.2009890011672,0.0,0,18208.838299564828,639
84564,lumpy,Per requirement,F&O,68.61985166923093,0.00034851301115241634,1.0,1.0,828.0687864561104,0.0,0,15752.355886332884,639
84564,lumpy,Min/Max,F&O,11.358524737242112,0.00023234200743494423,1.0,1.0,137.06878645611044,0.0,0,2607.460081190799,639
77101A,lumpy,EX,SAP,61.0,0.05483271375464684,0.532130777903044,1.0,0.0,34.84350547730829,61,0.0,639
77101A,lumpy,FX,SAP,22.22467792462976,0.015566914498141264,0.5,1.0,9.624777152946212,9.139280125195619,16,9088.029769959448,639
77101A,lumpy,HB,SAP,27.017405045692996,0.018935873605947954,0.9878787878787879,0.8904983787372023,21.674117353694825,7.42566510172144,13,20465.411366711778,639
77101A,lumpy,TB,SAP,61.0,0.05483271375464684,0.532130777903044,1.0,0.0,34.84350547730829,61,0.0,639
77101A,lumpy,WB,SAP,34.43904109589041,0.03973048327137547,0.7008196721311475,1.0,0.6788580485763585,19.420970266040687,34,641.0,639
77101A,lumpy,MB,SAP,23.360557192667528,0.019981412639405203,0.8349514563106796,0.9994830555522944,6.7424197284228224,10.852895148669797,19,6366.4135012945935,639
77101A,lumpy,SP,SAP,18.30500559639698,0.01858736059479554,0.975609756097561,1.0,12.841440004953595,5.712050078247262,10,12125.308170739594,639
77101A,lumpy,WI,SAP,27.094201864646084,0.017657992565055763,0.987012987012987,1.0,26.43154963949114,5.712050078247262,10,24957.534722383283,639
77101A,lumpy,DY,SAP,17.122900010974853,0.013592007434944238,1.0,1.0,15.652320959720157,3.998435054773083,7,14779.434016023288,639
77101A,lumpy,GR,SAP,18.618725675839215,0.024512081784386616,0.9419642857142857,0.9996473977946813,2.5029204868670156,9.710485133020343,17,2363.339486725252,639
77101A,lumpy,Per period 3d,F&O,42.1972602739726,0.046468401486988845,0.6462035541195477,1.0,0.3050095444461642,23.990610328638496,42,288.0,639
77101A,lumpy,Per period 5d,F&O,35.63261591410941,0.037987918215613384,0.6869747899159664,0.9998640985820566,0.9781690346770123,19.992175273865413,35,923.6192345997335,639
77101A,lumpy,Per period 7d,F&O,30.074477348970625,0.032063197026022304,0.6882793017456359,0.9999552730132252,3.20761691358746,15.993740219092333,28,3028.736929497113,639
77101A,lumpy,Per period 10d,F&O,26.272540949268727,0.029623605947955392,0.8095238095238095,0.9996651614354876,3.513868584446853,13.708920187793428,24,3317.909785932342,639
77101A,lumpy,Per period 14d,F&O,23.199447978769662,0.027184014869888477,0.8571428571428571,1.0,6.4933079992974045,10.852895148669797,19,6131.194049003705,639
77101A,lumpy,Per period 21d,F&O,21.53771711897695,0.02137546468401487,0.8558139534883721,1.0,10.108807414786424,8.568075117370892,15,9545.066993706347,639
77101A,lumpy,Per period 28d,F&O,22.87665241458364,0.020213754646840148,0.9109947643979057,1.0,12.179107918437795,8.568075117370892,15,11499.912525292115,639
77101A,lumpy,Per period 42d,F&O,18.221416780013552,0.016031598513011152,0.971830985915493,1.0,17.350879379736856,3.998435054773083,7,16383.268498819787,639
77101A,lumpy,Per period 56d,F&O,37.515888356411416,0.010455390334572491,0.9782608695652174,1.0,50.2770076058438,2.856025039123631,5,47473.19700036067,639
77101A,lumpy,Per period 84d,F&O,22.913644325323116,0.00987453531598513,0.9659090909090909,1.0,29.2448242279376,2.2848200312989047,4,27613.920714971748,639
77101A,lumpy,Per period 112d,F&O,50.77426881266825,0.00662174721189591,1.0,1.0,73.86995705391935,1.7136150234741785,3,69750.43246649564,639
77101A,lumpy,Per requirement,F&O,61.0,0.05216078066914498,0.5056306306306306,1.0,0.0,34.84350547730829,61,0.0,639
77101A,lumpy,Min/Max,F&O,27.017405045692996,0.018355018587360595,0.9937106918238994,0.8904983787372023,21.674117353694825,7.42566510172144,13,20465.411366711778,639
85125,lumpy,EX,SAP,43.0,0.03856877323420074,0.5743944636678201,1.0,0.0,24.561815336463223,43,0.0,639
85125,lumpy,FX,SAP,25.190979628153535,0.018471189591078067,0.5638297872340425,1.0,10.914079616588388,9.710485133020343,17,3019.9066305818587,639
85125,lumpy,HB,SAP,33.53573258939329,0.017657992565055763,0.95,0.7839034634617157,28.695310054773085,6.854460093896714,12,7939.941813261164,639
85125,lumpy,TB,SAP,43.0,0.037987918215613384,0.5647668393782384,1.0,0.0,24.561815336463223,43,0.0,639
85125,lumpy,WB,SAP,36.200712328767125,0.03287639405204461,0.5787321063394683,1.0,0.26743935837245697,20.56338028169014,36,74.0,639
85125,lumpy,MB,SAP,23.657163124140055,0.019516728624535316,0.6942148760330579,0.9971765102365917,6.205442014481265,10.852895148669797,19,1717.0348892031516,639
85125,lumpy,SP,SAP,24.463372346029185,0.021259293680297397,0.915,1.0,11.277029586535257,9.139280125195619,16,3120.3342487885375,639
85125,lumpy,WI,SAP,38.80910519266473,0.018471189591078067,0.8784530386740331,0.99985576615326,37.054272128283124,6.283255086071987,11,10252.851914467297,639
85125,lumpy,DY,SAP,22.252788660155915,0.014405204460966542,0.9393939393939394,1.0,18.991143581981568,4.569640062597809,8,5254.8160211685945,639
85125,lumpy,GR,SAP,26.597236721272793,0.029391263940520447,0.7808641975308642,1.0,2.128239787411065,14.280125195618153,25,588.8802053177465,639
85125,lumpy,Per period 3d,F&O,37.10849315068493,0.03217936802973978,0.5562248995983936,1.0,0.14456181533646323,21.134585289514867,37,40.0,639
85125,lumpy,Per period 5d,F&O,32.24468735442303,0.032527881040892194,0.6436781609195402,0.9983987585210575,0.326033928611701,18.278560250391237,32,90.21301450950017,639
85125,lumpy,Per period 7d,F&O,30.694871390706712,0.02950743494423792,0.6381909547738693,1.0,0.9258821320218776,17.136150234741784,30,256.1899571797477,639
85125,lumpy,Per period 10d,F&O,27.461250595791846,0.026603159851301114,0.6308539944903582,0.9989103886836959,1.947044928233396,14.85133020344288,26,538.7439065293164,639
85125,lumpy,Per period 14d,F&O,27.229773558224643,0.027764869888475836,0.7515723270440252,0.9996624295692214,4.303515251931107,13.708920187793428,24,1190.7750997494895,639
85125,lumpy,Per period 21d,F&O,22.358053837363943,0.021956319702602232,0.8217391304347826,0.9982436646593869,7.139344599266149,9.710485133020343,17,1975.4440915533723,639
85125,lumpy,Per period 28d,F&O,24.549134008423383,0.02253717472118959,0.8398268398268398,1.0,11.39130280584642,9.139280125195619,16,3151.953447550035,639
85125,lumpy,Per period 42d,F&O,23.8897822518216,0.017657992565055763,0.8837209302325582,0.9988174383238754,14.510102075602957,7.42566510172144,13,4014.919719105944,639
85125,lumpy,Per period 56d,F&O,35.481809941885416,0.014405204460966542,0.9117647058823529,1.0,33.95326506790549,5.712050078247262,10,9394.808715947653,639
85125,lumpy,Per period 84d,F&O,35.148214838254844,0.011849442379182156,0.9532710280373832,1.0,37.50611914033069,3.998435054773083,7,10377.877187841432,639
85125,lumpy,Per period 112d,F&O,45.41950198854275,0.011965613382899629,0.944954128440367,1.0,51.19210675257849,3.998435054773083,7,14164.76588466475,639
85125,lumpy,Per requirement,F&O,43.0,0.03717472118959108,0.5565217391304348,1.0,0.0,24.561815336463223,43,0.0,639
85125,lumpy,Min/Max,F&O,33.53573258939329,0.017890334572490705,0.9390243902439024,0.7839034634617157,28.695310054773085,6.854460093896714,12,7939.941813261164,639
85064,lumpy,EX,SAP,148.93620101210448,0.12383828996282528,0.5676251331203408,1.0,0.634538131567181,83.39593114241002,146,983.2232746955347,639
85064,lumpy,FX,SAP,50.891094147960224,0.024512081784386616,0.7644927536231884,1.0,7.9724807176392085,7.996870109546166,14,12353.439783491267,639
85064,lumpy,HB,SAP,152.4579790535155,0.021956319702602232,1.0,0.9573356137626856,30.786386723116472,5.712050078247262,10,47703.81867388362,639
85064,lumpy,TB,SAP,148.93620101210448,0.11837825278810409,0.5417331206804891,1.0,0.634538131567181,83.39593114241002,146,983.2232746955347,639
85064,lumpy,WB,SAP,48.24666676552913,0.047513940520446094,0.8067061143984221,1.0,2.214392256315672,21.705790297339593,38,3431.2232746955347,639
85064,lumpy,MB,SAP,55.08307686342913,0.017774163568773236,0.8742857142857143,0.9997484855486898,9.094512553273464,7.42566510172144,13,14092.039500139112,639
85064,lumpy,SP,SAP,35.640857183166986,0.04007899628252788,0.9885386819484241,1.0,3.596231450487413,10.852895148669797,19,5572.397130143073,639
85064,lumpy,WI,SAP,49.36801759840798,0.03310873605947955,0.9405940594059405,0.9999227299465467,6.778896674922894,10.28169014084507,18,10503.969195797168,639
85064,lumpy,DY,SAP,40.73527523195799,0.022072490706319704,0.979381443298969,0.999808020656752,6.209938550047248,6.854460093896714,12,9622.362807031805,639
85064,lumpy,GR,SAP,37.53841446155457,0.04228624535315985,0.9503916449086162,0.9998428748637382,2.493549972736698,14.85133020344288,26,3863.7809894196484,639
85064,lumpy,Per period 3d,F&O,75.54406402580311,0.07260687732342007,0.7054176072234764,1.0,1.630336707746479,38.841940532081374,68,2526.2232746955347,639
85064,lumpy,Per period 5d,F&O,61.54535942605934,0.06424256505576208,0.8328313253012049,1.0,3.3594850230236837,26.275430359937403,46,5205.556138084092,639
85064,lumpy,Per period 7d,F&O,53.741663719953166,0.052741635687732345,0.8549905838041432,1.0,3.8341251506086462,20.56338028169014,36,5941.015832828354,639
85064,lumpy,Per period 10d,F&O,79.27914775368845,0.03438661710037175,0.8835820895522388,1.0,12.37851333868171,12.566510172143975,22,19180.632045959894,639
85064,lumpy,Per period 14d,F&O,53.92225953952687,0.03403810408921933,0.9331210191082803,0.9998254163755209,7.330890187017781,11.424100156494523,20,11359.288744887439,639
85064,lumpy,Per period 21d,F&O,63.80373080308488,0.023931226765799257,0.9363636363636364,1.0,10.97912039657198,7.42566510172144,13,17012.258479932094,639
85064,lumpy,Per period 28d,F&O,190.9742134531334,0.018355018587360595,0.9575757575757575,1.0,39.54229122968325,4.569640062597809,8,61271.18156916852,639
85064,lumpy,Per period 42d,F&O,131.01115016453102,0.015799256505576207,0.9855072463768116,1.0,26.799869353120005,3.998435054773083,7,41526.66955050809,639
85064,lumpy,Per period 56d,F&O,258.6434951192301,0.00987453531598513,0.9883720930232558,1.0,55.0306354853009,2.2848200312989047,4,85270.52818212751,639
85064,lumpy,Per period 84d,F&O,238.99311060448812,0.007551115241635688,0.9285714285714286,0.999984130727466,50.78401945896005,2.2848200312989047,4,78690.35355104419,639
85064,lumpy,Per period 112d,F&O,362.42758661220466,0.006157063197026022,0.9814814814814815,1.0,77.6753731445463,1.7136150234741785,3,120358.77900316946,639
85064,lumpy,Per requirement,F&O,148.93620101210448,0.11849442379182157,0.5434203516249334,1.0,0.634538131567181,83.39593114241002,146,983.2232746955347,639
85064,lumpy,Min/Max,F&O,152.4579790535155,0.02184014869888476,0.9894736842105263,0.9573356137626856,30.786386723116472,5.712050078247262,10,47703.81867388362,639
21282,lumpy,EX,SAP,64.60590468422711,0.007783457249070632,0.8375,1.0,78.87375684398471,3.427230046948357,6,25166.0649526387,639
21282,lumpy,FX,SAP,81.35533634863847,0.0018587360594795538,0.47058823529411764,1.0,106.79902540809444,1.1424100156494523,2,34076.11502029769,639
21282,lumpy,HB,SAP,38.367648618088126,0.01092007434944238,0.9690721649484536,0.8614259133964817,42.215614675708565,3.998435054773083,7,13469.637347767251,639
21282,lumpy,TB,SAP,64.60590468422711,0.008596654275092937,0.8505747126436781,1.0,78.87375684398471,3.427230046948357,6,25166.0649526387,639
21282,lumpy,WB,SAP,62.67576769792574,0.0070864312267657995,0.9682539682539683,1.0,78.967780788919,2.2848200312989047,4,25196.0649526387,639
21282,lumpy,MB,SAP,62.64779121335371,0.0036013011152416356,0.9393939393939394,1.0,81.62179498910157,1.1424100156494523,2,26042.87505044012,639
21282,lumpy,SP,SAP,62.472922865134755,0.004182156133828996,1.0,1.0,80.04061846908351,1.7136150234741785,3,25538.37275973433,639
21282,lumpy,WI,SAP,75.8628345513948,0.0024395910780669145,0.9130434782608695,0.9987103041160665,100.75286851850841,0.5712050078247262,1,32146.98189559894,639
21282,lumpy,DY,SAP,64.17633444974754,0.0033689591078066915,1.0,1.0,83.67895882271938,1.1424100156494523,2,26699.24949900924,639
21282,lumpy,GR,SAP,61.7274933213295,0.005692379182156134,0.98,1.0,79.03739483659785,1.7136150234741785,3,25218.276543865017,639
21282,lumpy,Per period 3d,F&O,64.60590468422711,0.007551115241635688,0.8125,1.0,78.87375684398471,3.427230046948357,6,25166.0649526387,639
21282,lumpy,Per period 5d,F&O,62.67576769792574,0.0060408921933085506,0.8253968253968254,1.0,78.967780788919,2.2848200312989047,4,25196.0649526387,639
21282,lumpy,Per period 7d,F&O,62.67576769792574,0.006273234200743495,0.9152542372881356,1.0,78.967780788919,2.2848200312989047,4,25196.0649526387,639
21282,lumpy,Per period 10d,F&O,63.7146247780638,0.004298327137546468,1.0,1.0,83.0575747390999,1.1424100156494523,2,26500.985934109747,639
21282,lumpy,Per period 14d,F&O,62.47851430244589,0.004414498141263941,1.0,1.0,80.04814360958366,1.7136150234741785,3,25540.77378869735,639
21282,lumpy,Per period 21d,F&O,61.90685002865133,0.0036013011152416356,0.96875,1.0,79.27877900083631,1.7136150234741785,3,25295.29442406792,639
21282,lumpy,Per period 28d,F&O,62.05193765030441,0.0037174721189591076,0.9142857142857143,1.0,80.81987563814545,1.1424100156494523,2,25787.00852042483,639
21282,lumpy,Per period 42d,F&O,77.74030328524542,0.0022072490706319704,1.0,1.0,103.27962777926548,0.5712050078247262,1,32953.18905778185,639
21282,lumpy,Per period 56d,F&O,70.41884467622396,0.0024395910780669145,0.9545454545454546,1.0,92.08033469691013,1.1424100156494523,2,29379.85683155499,639
21282,lumpy,Per period 84d,F&O,83.59215055406304,0.0017425650557620818,1.0,1.0,111.15523657765809,0.5712050078247262,1,35466.04112027412,639
21282,lumpy,Per period 112d,F&O,87.5396707196493,0.0009293680297397769,0.8888888888888888,1.0,116.46793923713896,0.5712050078247262,1,37161.152720790575,639
21282,lumpy,Per requirement,F&O,64.60590468422711,0.008596654275092937,0.8809523809523809,1.0,78.87375684398471,3.427230046948357,6,25166.0649526387,639
21282,lumpy,Min/Max,F&O,38.367648618088126,0.010455390334572491,0.9574468085106383,0.8614259133964817,42.215614675708565,3.998435054773083,7,13469.637347767251,639
20762,lumpy,EX,SAP,121.35575842956972,0.008248141263940521,0.21646341463414634,1.0,117.58472532860488,13.708920187793428,24,47379.802435723934,639
20762,lumpy,FX,SAP,128.47430255621262,0.0018587360594795538,0.7619047619047619,1.0,153.96142040607987,0.5712050078247262,1,62037.49391069015,639
20762,lumpy,HB,SAP,44.36917159434258,0.012197955390334572,0.9545454545454546,0.9437707237963412,45.13388677319039,3.998435054773083,7,18186.33017591339,639
20762,lumpy,TB,SAP,121.35575842956972,0.01150092936802974,0.3018292682926829,1.0,117.58472532860488,13.708920187793428,24,47379.802435723934,639
20762,lumpy,WB,SAP,112.42356664874787,0.010455390334572491,0.4411764705882353,1.0,117.66662300939642,8.568075117370892,15,47412.80243572396,639
20762,lumpy,MB,SAP,104.88476752073205,0.00766728624535316,0.7096774193548387,0.999087457652058,118.2236540338407,3.998435054773083,7,47637.25352675627,639
20762,lumpy,SP,SAP,114.71517593657542,0.00546003717472119,0.8103448275862069,1.0,133.72001576700083,2.2848200312989047,4,53881.38562246671,639
20762,lumpy,WI,SAP,145.42581935021556,0.0017425650557620818,0.7894736842105263,0.9996479450831344,174.435190815542,0.5712050078247262,1,70287.23208377158,639
20762,lumpy,DY,SAP,176.01397573776111,0.0,0.0,1.0,212.58686003759004,0.0,0,85660.13485904376,639
20762,lumpy,GR,SAP,105.07998850527254,0.011268587360594795,0.9065420560747663,1.0,118.45943881140145,3.998435054773083,7,47732.261072565976,639
20762,lumpy,Per period 3d,F&O,117.37836116929574,0.008364312267657992,0.26765799256505574,1.0,117.61202455553537,11.424100156494523,20,47390.802435723934,639
20762,lumpy,Per period 5d,F&O,112.44650704729774,0.008248141263940521,0.35323383084577115,1.0,117.69433005524485,8.568075117370892,15,47423.96676301824,639
20762,lumpy,Per period 7d,F&O,109.48455617889192,0.009758364312267658,0.5185185185185185,1.0,117.74028518681244,6.854460093896714,12,47442.48400706074,639
20762,lumpy,Per period 10d,F&O,110.53365019172251,0.009990706319702601,0.5443037974683544,1.0,117.79958014899118,7.42566510172144,13,47466.37642663829,639
20762,lumpy,Per period 14d,F&O,106.74163683078272,0.008131970260223048,0.5833333333333334,1.0,118.05078307956674,5.140845070422535,9,47567.59659098093,639
20762,lumpy,Per period 21d,F&O,106.22121380935683,0.007202602230483271,0.6078431372549019,1.0,118.63000847115313,4.569640062597809,8,47800.99072055366,639
20762,lumpy,Per period 28d,F&O,103.40660834728946,0.006389405204460966,0.7534246575342466,0.9999124722918875,118.85392502392699,2.856025039123631,5,47891.21606234754,639
20762,lumpy,Per period 42d,F&O,122.45110066614134,0.004646840148698885,0.7407407407407407,0.9983271491908312,144.2711257001692,1.7136150234741785,3,58132.86899085546,639
20762,lumpy,Per period 56d,F&O,136.4985502486701,0.0026719330855018587,1.0,1.0,163.6529782153581,0.5712050078247262,1,65942.62778768613,639
20762,lumpy,Per period 84d,F&O,147.37224999046737,0.00034851301115241634,1.0,1.0,177.9938425391011,0.0,0,71721.16166202746,639
20762,lumpy,Per period 112d,F&O,171.68757024235478,0.0,0.0,1.0,207.3614967920708,0.0,0,83554.617517946,639
20762,lumpy,Per requirement,F&O,121.35575842956972,0.012430297397769517,0.327217125382263,1.0,117.58472532860488,13.708920187793428,24,47379.802435723934,639
20762,lumpy,Min/Max,F&O,44.36917159434258,0.01254646840148699,0.9473684210526315,0.9437707237963412,45.13388677319039,3.998435054773083,7,18186.33017591339,639
20894,lumpy,EX,SAP,53.0,0.04449349442379182,0.491025641025641,1.0,0.0,30.273865414710485,53,0.0,639
20894,lumpy,FX,SAP,26.07771853856564,0.023815055762081785,0.5774647887323944,1.0,15.41969944172524,11.424100156494523,20,3759.9445196211163,639
20894,lumpy,HB,SAP,24.376882495782898,0.027764869888475836,0.9446640316205533,0.801241741622224,28.864138336718494,7.42566510172144,13,7038.240866035181,639
20894,lumpy,TB,SAP,53.0,0.042053903345724904,0.46350832266325226,1.0,0.0,30.273865414710485,53,0.0,639
20894,lumpy,WB,SAP,33.450986301369866,0.03066914498141264,0.5365853658536586,1.0,1.1441913894715812,18.849765258215964,33,279.0,639
20894,lumpy,MB,SAP,24.15593173542347,0.019865241635687734,0.6240875912408759,0.9991267254099279,8.006872728646783,11.995305164319248,21,1952.398446490789,639
20894,lumpy,SP,SAP,17.746340400495654,0.015683085501858735,0.9,0.9991973024516031,19.653137931774996,5.712050078247262,10,4792.227535899852,639
20894,lumpy,WI,SAP,18.91099990747584,0.014986059479553903,0.9555555555555556,1.0,27.68215377437921,4.569640062597809,8,6750.02536648929,639
20894,lumpy,DY,SAP,18.955652724249227,0.00929368029739777,0.975609756097561,1.0,35.40670222807044,2.856025039123631,5,8633.581770086384,639
20894,lumpy,GR,SAP,21.078029949825574,0.025673791821561338,0.7491525423728813,1.0,5.272142343198382,10.852895148669797,19,1285.5609011632775,639
20894,lumpy,Per period 3d,F&O,38.168109589041094,0.03241171003717472,0.5017985611510791,1.0,0.42650861829765035,21.705790297339593,38,104.0,639
20894,lumpy,Per period 5d,F&O,33.27314996158035,0.03392193308550186,0.6008230452674898,1.0,0.6930051603017809,18.849765258215964,33,168.98260335055522,639
20894,lumpy,Per period 7d,F&O,29.595919913353633,0.02846189591078067,0.5847255369928401,1.0,1.5119005424394976,16.564945226917057,29,368.66231927809554,639
20894,lumpy,Per period 10d,F&O,26.32666841379935,0.023698884758364312,0.5895953757225434,0.9999010171790947,3.3658729126413625,14.280125195618153,25,820.7355441301058,639
20894,lumpy,Per period 14d,F&O,23.95811856086602,0.021026951672862452,0.6053511705685619,1.0,4.9679167418212415,12.566510172143975,22,1211.3784317221975,639
20894,lumpy,Per period 21d,F&O,21.260417871390885,0.021026951672862452,0.7182539682539683,0.9992050418225529,8.271963124363765,10.28169014084507,18,2017.038174674021,639
20894,lumpy,Per period 28d,F&O,15.613196836259498,0.016147769516728624,0.6984924623115578,0.994728973663159,11.704080771306508,6.283255086071987,11,2853.926856330027,639
20894,lumpy,Per period 42d,F&O,18.587882518066955,0.01475371747211896,0.8698630136986302,0.9996855890531827,21.78820332484352,5.712050078247262,10,5312.842574736336,639
20894,lumpy,Per period 56d,F&O,21.905401511012194,0.014056691449814127,0.7806451612903226,1.0,30.205036950624308,5.712050078247262,10,7365.206019524492,639
20894,lumpy,Per period 84d,F&O,22.343128911140287,0.008596654275092937,0.9367088607594937,0.9982048852809122,46.538110120735595,2.2848200312989047,4,11347.86788570543,639
20894,lumpy,Per period 112d,F&O,29.954029019092616,0.010571561338289962,0.8921568627450981,1.0,60.77345068696511,3.427230046948357,6,14819.017952489497,639
20894,lumpy,Per requirement,F&O,53.0,0.04437732342007435,0.4897435897435897,1.0,0.0,30.273865414710485,53,0.0,639
20894,lumpy,Min/Max,F&O,24.376882495782898,0.028810408921933085,0.9501915708812261,0.801241741622224,28.864138336718494,7.42566510172144,13,7038.240866035181,639
90182C,lumpy,EX,SAP,9.195948764528149,0.0030204460966542753,0.2184873949579832,1.0,7.505806770447246,5.140845070422535,9,123.31258457374834,639
90182C,lumpy,FX,SAP,8.54027397260274,0.00662174721189591,0.5,1.0,20.69516514290421,4.569640062597809,8,340.0,639
90182C,lumpy,HB,SAP,10.96058071811222,0.0037174721189591076,0.4266666666666667,1.0,36.79499217527386,5.712050078247262,10,604.5033829499323,639
90182C,lumpy,TB,SAP,9.195948764528149,0.002091078066914498,0.15126050420168066,1.0,7.505806770447246,5.140845070422535,9,123.31258457374834,639
90182C,lumpy,WB,SAP,8.197537805624039,0.0025557620817843866,0.20754716981132076,1.0,7.566674903220495,4.569640062597809,8,124.31258457374834,639
90182C,lumpy,MB,SAP,7.2164084649446325,0.0025557620817843866,0.24175824175824176,0.9988142964206392,8.28951448239515,3.998435054773083,7,136.18808569791545,639
90182C,lumpy,SP,SAP,4.58845496020467,0.0015102230483271376,0.7222222222222222,0.9925209316043537,137.45557212676437,0.5712050078247262,1,2258.2518284046632,639
90182C,lumpy,WI,SAP,5.089895150526543,0.0017425650557620818,0.5555555555555556,1.0,118.35826572646077,1.1424100156494523,2,1944.502982658945,639
90182C,lumpy,DY,SAP,6.395699641030677,0.0011617100371747212,0.6666666666666666,0.9889269687181982,206.68198135605053,0.5712050078247262,1,3395.5696016830984,639
90182C,lumpy,GR,SAP,5.735622890993344,0.005111524163568773,0.5641025641025641,0.9695000139230008,28.177994839669772,2.856025039123631,5,462.9350951940876,639
90182C,lumpy,Per period 3d,F&O,8.197537805624039,0.0026719330855018587,0.21904761904761905,1.0,7.566674903220495,4.569640062597809,8,124.31258457374834,639
90182C,lumpy,Per period 5d,F&O,8.197537805624039,0.0016263940520446097,0.13333333333333333,1.0,7.566674903220495,4.569640062597809,8,124.31258457374834,639
90182C,lumpy,Per period 7d,F&O,8.20968189273325,0.001974907063197026,0.16346153846153846,1.0,8.031853499598622,4.569640062597809,8,131.9549842200634,639
90182C,lumpy,Per period 10d,F&O,7.227341577274237,0.0023234200743494425,0.2222222222222222,1.0,8.708306755687683,3.998435054773083,7,143.06840638809766,639
90182C,lumpy,Per period 14d,F&O,7.222164304212745,0.0022072490706319704,0.2087912087912088,1.0,8.509991592583795,3.998435054773083,7,139.81029489250318,639
90182C,lumpy,Per period 21d,F&O,7.217667694392808,0.002091078066914498,0.1978021978021978,1.0,8.337749197936303,3.998435054773083,7,136.98053181616325,639
90182C,lumpy,Per period 28d,F&O,7.218042367424015,0.0026719330855018587,0.25274725274725274,1.0,8.352101028023698,3.998435054773083,7,137.2163174306302,639
90182C,lumpy,Per period 42d,F&O,4.719706007368772,0.0022072490706319704,0.4418604651162791,0.9734165218691702,65.87324510246212,1.7136150234741785,3,1082.2287804993134,639
90182C,lumpy,Per period 56d,F&O,4.755419781433709,0.0033689591078066915,0.6744186046511628,0.989309651745536,67.24125927606677,1.7136150234741785,3,1104.7038279712133,639
90182C,lumpy,Per period 84d,F&O,5.767705375024819,0.004646840148698885,0.9090909090909091,1.0,106.01680389508329,1.7136150234741785,3,1741.7456239380326,639
90182C,lumpy,Per period 112d,F&O,4.567921810709466,0.0025557620817843866,0.7333333333333333,1.0,98.36410532730613,1.1424100156494523,2,1616.0197601878535,639
90182C,lumpy,Per requirement,F&O,9.195948764528149,0.0017425650557620818,0.1271186440677966,1.0,7.505806770447246,5.140845070422535,9,123.31258457374834,639
90182C,lumpy,Min/Max,F&O,10.96058071811222,0.00546003717472119,0.6438356164383562,1.0,36.79499217527386,5.712050078247262,10,604.5033829499323,639
44234,lumpy,EX,SAP,48.0,0.045771375464684017,0.6080246913580247,1.0,0.0,27.417840375586856,48,0.0,639
44234,lumpy,FX,SAP,13.671469827793949,0.012778810408921933,0.5583756345177665,1.0,13.482413833814396,6.854460093896714,12,14525.868741542652,639
44234,lumpy,HB,SAP,12.212880805234768,0.012314126394052044,1.0,0.97106287404266,25.915746664757584,5.140845070422535,9,27921.464140730717,639
44234,lumpy,TB,SAP,48.0,0.047281598513011155,0.6280864197530864,1.0,0.0,27.417840375586856,48,0.0,639
44234,lumpy,WB,SAP,37.031068493150684,0.03903345724907063,0.6601178781925344,1.0,0.2506047521081545,21.134585289514867,37,270.0,639
44234,lumpy,MB,SAP,23.268563846537532,0.027067843866171004,0.7845117845117845,0.9997900597382177,2.1662903269985856,13.137715179968701,23,2333.9477139571204,639
44234,lumpy,SP,SAP,7.63123784002522,0.008015799256505576,0.9324324324324325,0.9999512312963185,29.290299157144958,2.2848200312989047,4,31557.18599069536,639
44234,lumpy,WI,SAP,9.17558588584169,0.012197955390334572,0.9722222222222222,1.0,33.681120637310215,2.856025039123631,5,36287.82972219563,639
44234,lumpy,DY,SAP,11.744428801344132,0.006157063197026022,0.9814814814814815,1.0,70.5343320469323,1.7136150234741785,3,75993.25029739543,639
44234,lumpy,GR,SAP,17.548176961327485,0.022188661710037173,0.9646464646464646,0.9997291287663275,4.421706287414445,9.710485133020343,17,4763.918830584109,639
44234,lumpy,Per period 3d,F&O,39.005753424657534,0.043447955390334574,0.7030075187969925,1.0,0.04640828742743603,22.27699530516432,39,50.0,639
44234,lumpy,Per period 5d,F&O,34.019765293298995,0.04019516728624535,0.7473002159827213,1.0,0.15943085503105686,19.420970266040687,34,171.76981081271623,639
44234,lumpy,Per period 7d,F&O,30.06072282672341,0.03729089219330855,0.7886977886977887,1.0,0.4898026069214332,17.136150234741784,30,527.7102798581916,639
44234,lumpy,Per period 10d,F&O,27.14133761978924,0.03508364312267658,0.8365650969529086,0.9991909963271678,1.1400578392730352,15.422535211267606,27,1228.291219596962,639
44234,lumpy,Per period 14d,F&O,23.294070076792234,0.032063197026022304,0.8189910979228486,0.9996916974437133,2.3720287411273837,13.137715179968701,23,2555.6090006944196,639
44234,lumpy,Per period 21d,F&O,20.113494438650555,0.027881040892193308,0.8759124087591241,0.9997328287316375,8.98167144503688,10.852895148669797,19,9676.796907320291,639
44234,lumpy,Per period 28d,F&O,16.484308132840045,0.024395910780669144,0.9251101321585903,1.0,11.972729732284963,8.568075117370892,15,12899.344487776581,639
44234,lumpy,Per period 42d,F&O,19.79599441013018,0.021259293680297397,0.9631578947368421,1.0,14.486854311065386,10.28169014084507,18,15608.046659464675,639
44234,lumpy,Per period 56d,F&O,13.130890769192689,0.018819702602230485,0.9818181818181818,1.0,17.188196105716703,6.283255086071987,11,18518.455494174566,639
44234,lumpy,Per period 84d,F&O,12.353333050679417,0.013940520446096654,0.9836065573770492,1.0,43.181067572578094,3.998435054773083,7,46523.013416618734,639
44234,lumpy,Per period 112d,F&O,8.78211398655789,0.009758364312267658,0.9655172413793104,1.0,30.507296683142442,2.856025039123631,5,32868.37154984833,639
44234,lumpy,Per requirement,F&O,48.0,0.04879182156133829,0.6481481481481481,1.0,0.0,27.417840375586856,48,0.0,639
44234,lumpy,Min/Max,F&O,12.212880805234768,0.01150092936802974,0.9611650485436893,0.97106287404266,25.915746664757584,5.140845070422535,9,27921.464140730717,639
85165,lumpy,EX,SAP,39.0,0.016728624535315983,0.25668449197860965,1.0,0.0,22.27699530516432,39,0.0,639
85165,lumpy,FX,SAP,23.08211932452224,0.02578996282527881,0.658753709198813,1.0,14.0710137367415,10.28169014084507,18,1095.025710419491,639
85165,lumpy,HB,SAP,31.05401267169628,0.026138475836431228,0.8035714285714286,0.6842105263157896,63.830325160841554,4.569640062597809,8,4967.364005412717,639
85165,lumpy,TB,SAP,39.0,0.015566914498141264,0.23885918003565063,1.0,0.0,22.27699530516432,39,0.0,639
85165,lumpy,WB,SAP,12.900372602739726,0.011152416356877323,0.4507042253521127,1.0,2.4928881933576768,6.854460093896714,12,194.0,639
85165,lumpy,MB,SAP,9.274612223783478,0.005343866171003717,0.6133333333333333,1.0,11.835244999044736,2.856025039123631,5,921.035101346499,639
85165,lumpy,SP,SAP,8.080884296867245,0.008828996282527882,0.9047619047619048,1.0,11.298864771277252,2.2848200312989047,4,879.2932516862718,639
85165,lumpy,WI,SAP,8.286171044113619,0.007783457249070632,0.9305555555555556,0.9988208112663252,14.635977753922646,1.7136150234741785,3,1138.9919900244809,639
85165,lumpy,DY,SAP,7.8458781845199,0.0034851301115241635,0.8571428571428571,1.0,13.416925921424632,1.7136150234741785,3,1044.1236938310292,639
85165,lumpy,GR,SAP,6.417212968382161,0.008596654275092937,0.7254901960784313,0.9951116853506705,6.692608872565688,2.2848200312989047,4,520.8280598934408,639
85165,lumpy,Per period 3d,F&O,21.162438356164383,0.012894981412639405,0.34049079754601225,1.0,0.44974786993566335,11.995305164319248,21,35.0,639
85165,lumpy,Per period 5d,F&O,14.413057534246576,0.011965613382899629,0.4364406779661017,1.0,1.1436445835506868,7.996870109546166,14,89.0,639
85165,lumpy,Per period 7d,F&O,11.77042191780822,0.011965613382899629,0.5228426395939086,1.0,2.133089897409146,6.283255086071987,11,166.0,639
85165,lumpy,Per period 10d,F&O,11.793681104096299,0.014637546468401487,0.7411764705882353,1.0,4.9662178007686455,5.712050078247262,10,386.4779238460147,639
85165,lumpy,Per period 14d,F&O,8.946901809334168,0.009758364312267658,0.6461538461538462,1.0,8.159173996542789,3.427230046948357,6,634.9581820584247,639
85165,lumpy,Per period 21d,F&O,6.274871532664367,0.00766728624535316,0.8148148148148148,1.0,9.067233447242202,1.7136150234741785,3,705.6246218550732,639
85165,lumpy,Per period 28d,F&O,7.972541236036519,0.00662174721189591,0.7702702702702703,1.0,13.767621649726031,1.7136150234741785,3,1071.415319452969,639
85165,lumpy,Per period 42d,F&O,15.271782951589863,0.004995353159851301,0.7962962962962963,1.0,39.514706589163495,0.5712050078247262,1,3075.0890066884886,639
85165,lumpy,Per period 56d,F&O,12.282120860666625,0.0045306691449814125,0.8478260869565217,1.0,28.468411431263966,1.1424100156494523,2,2215.451070922856,639
85165,lumpy,Per period 84d,F&O,16.928882622911885,0.0036013011152416356,0.9393939393939394,1.0,41.33403783881883,1.1424100156494523,2,3216.6718756569294,639
85165,lumpy,Per period 112d,F&O,13.223519459585669,0.0023234200743494425,0.9523809523809523,1.0,33.8436190187892,0.5712050078247262,1,2633.7571444797927,639
85165,lumpy,Per requirement,F&O,39.0,0.014056691449814127,0.21568627450980393,1.0,0.0,22.27699530516432,39,0.0,639
85165,lumpy,Min/Max,F&O,31.05401267169628,0.023698884758364312,0.7816091954022989,0.6842105263157896,63.830325160841554,4.569640062597809,8,4967.364005412717,639
21586,lumpy,EX,SAP,133.0,0.15357806691449813,0.7130528586839266,1.0,0.0,75.97026604068857,133,0.0,639
21586,lumpy,FX,SAP,62.1415602350456,0.029158921933085502,0.6933701657458563,1.0,13.237466262956188,10.28169014084507,18,31591.50879566989,639
21586,lumpy,HB,SAP,86.90575498174137,0.02683550185873606,0.9829787234042553,0.8798812083997569,21.86346533306118,7.996870109546166,14,52177.64817320705,639
21586,lumpy,TB,SAP,133.0,0.15160315985130113,0.7038834951456311,1.0,0.0,75.97026604068857,133,0.0,639
21586,lumpy,WB,SAP,69.10183561643835,0.08131970260223048,0.8101851851851852,1.0,1.8298592683314054,35.985915492957744,63,4367.0,639
21586,lumpy,MB,SAP,61.49270052728862,0.03438661710037175,0.8996960486322189,0.9999801953955223,9.444241629419942,17.136150234741784,30,22538.89351462813,639
21586,lumpy,SP,SAP,42.64188883036961,0.04914033457249071,0.9724137931034482,1.0,5.290567595783126,14.280125195618153,25,12626.057692323346,639
21586,lumpy,WI,SAP,55.15445643908167,0.04937267657992565,0.9792626728110599,1.0,9.34280673037147,13.708920187793428,24,22296.81686326433,639
21586,lumpy,DY,SAP,48.38103286573849,0.03171468401486989,0.9715302491103203,1.0,9.11086729722527,10.28169014084507,18,21743.288227440287,639
21586,lumpy,GR,SAP,50.85001754296423,0.06656598513011153,0.9581939799331104,1.0,2.354115754750821,24.561815336463223,43,5618.149810160675,639
21586,lumpy,Per period 3d,F&O,84.4182191780822,0.10559944237918216,0.7795883361921098,1.0,0.4253050509174208,47.41001564945227,83,1015.0,639
21586,lumpy,Per period 5d,F&O,67.95443446993468,0.08445631970260223,0.8327605956471936,0.9999144936155387,1.1858822526003847,36.557120500782474,64,2830.134473580707,639
21586,lumpy,Per period 7d,F&O,64.49482488864602,0.0782992565055762,0.8903566710700133,0.9999611471460745,2.8473715805890474,31.41627543035994,55,6795.315851678034,639
21586,lumpy,Per period 10d,F&O,55.37371060262572,0.057272304832713755,0.8756660746003553,0.9998130535636797,4.010597767050464,23.990610328638496,42,9571.381117565466,639
21586,lumpy,Per period 14d,F&O,54.39708156123177,0.05425185873605948,0.8980769230769231,0.9999661968913421,4.917266467745241,21.705790297339593,38,11735.166215391364,639
21586,lumpy,Per period 21d,F&O,54.38554123461986,0.043447955390334574,0.9326683291770573,1.0,7.912672548575103,15.993740219092333,28,18883.769707129897,639
21586,lumpy,Per period 28d,F&O,56.99931554561805,0.03566449814126394,0.9684542586750788,1.0,11.09560216448211,11.424100156494523,20,26479.902302256058,639
21586,lumpy,Per period 42d,F&O,75.78767954250104,0.027881040892193308,0.9917355371900827,1.0,17.929529148268347,9.139280125195619,16,42789.22163335858,639
21586,lumpy,Per period 56d,F&O,95.65932832526711,0.020213754646840148,0.9720670391061452,1.0,25.98797887903841,5.140845070422535,9,62020.89184063234,639
21586,lumpy,Per period 84d,F&O,133.2753790923519,0.01638011152416357,1.0,1.0,37.56841841302763,4.569640062597809,8,89657.86935040871,639
21586,lumpy,Per period 112d,F&O,240.96731528758744,0.008945167286245352,1.0,1.0,71.06334313602905,2.2848200312989047,4,169594.25505876355,639
21586,lumpy,Per requirement,F&O,133.0,0.15044144981412638,0.7034220532319392,1.0,0.0,75.97026604068857,133,0.0,639
21586,lumpy,Min/Max,F&O,86.90575498174137,0.026138475836431228,0.982532751091703,0.8798812083997569,21.86346533306118,7.996870109546166,14,52177.64817320705,639
84595E,lumpy,EX,SAP,35.0,0.020678438661710038,0.3670103092783505,1.0,0.0,19.992175273865413,35,0.0,639
84595E,lumpy,FX,SAP,18.372688320017804,0.009061338289962825,0.4508670520231214,1.0,12.545705117827524,6.283255086071987,11,4089.713125845743,639
84595E,lumpy,HB,SAP,25.00274341854042,0.011849442379182156,0.9622641509433962,0.8703412533624058,28.9326492405657,4.569640062597809,8,9431.61299052774,639
84595E,lumpy,TB,SAP,35.0,0.02137546468401487,0.37938144329896906,1.0,0.0,19.992175273865413,35,0.0,639
84595E,lumpy,WB,SAP,26.21272328767123,0.018819702602230485,0.43548387096774194,1.0,0.3619797179777753,14.85133020344288,26,118.0,639
84595E,lumpy,MB,SAP,17.12093130576119,0.014405204460966542,0.5662100456621004,0.9971074077593933,3.609074137177754,8.568075117370892,15,1176.504447724672,639
84595E,lumpy,SP,SAP,12.531551754403282,0.013940520446096654,0.9448818897637795,0.998523386763901,7.711096627068625,4.569640062597809,8,2513.7027209075954,639
84595E,lumpy,WI,SAP,20.676944355683407,0.01266263940520446,0.9819819819819819,1.0,21.571670844906674,4.569640062597809,8,7032.043601556905,639
84595E,lumpy,DY,SAP,15.175837246996064,0.009061338289962825,0.9285714285714286,0.9988425441445211,17.31567209767931,2.856025039123631,5,5644.65136041575,639
84595E,lumpy,GR,SAP,13.91332943105068,0.018355018587360595,0.7596153846153846,0.9982152124103713,1.5541633146601477,7.42566510172144,13,506.63410688981537,639
84595E,lumpy,Per period 3d,F&O,27.122586301369864,0.01754182156133829,0.3963254593175853,1.0,0.20859848154651456,15.422535211267606,27,68.0,639
84595E,lumpy,Per period 5d,F&O,26.218791472956372,0.017774163568773236,0.4157608695652174,1.0,0.372305620807681,14.85133020344288,26,121.36609062169524,639
84595E,lumpy,Per period 7d,F&O,24.2721000498971,0.016496282527881042,0.4139941690962099,1.0,0.46301794411769576,13.708920187793428,24,150.93695776966882,639
84595E,lumpy,Per period 10d,F&O,20.743508821167552,0.016496282527881042,0.5,1.0,1.2651887639879402,11.424100156494523,20,412.432704750997,639
84595E,lumpy,Per period 14d,F&O,15.354492112930785,0.014521375464684015,0.5530973451327433,0.9986068683483986,2.304865999436652,7.996870109546166,14,751.3520079327305,639
84595E,lumpy,Per period 21d,F&O,23.72132966295831,0.014405204460966542,0.6595744680851063,0.9985476947739935,18.2439070504702,7.42566510172144,13,5947.242138267148,639
84595E,lumpy,Per period 28d,F&O,20.353701313594577,0.015102230483271376,0.7738095238095238,0.9988804727450107,12.513395955508894,7.42566510172144,13,4079.180819851095,639
84595E,lumpy,Per period 42d,F&O,15.171656717695559,0.012778810408921933,0.8208955223880597,0.9980710061979916,8.800328636526926,5.712050078247262,10,2868.7761427946493,639
84595E,lumpy,Per period 56d,F&O,16.381150835851848,0.012894981412639405,0.8473282442748091,1.0,12.560105323505635,5.140845070422535,9,4094.4073785500377,639
84595E,lumpy,Per period 84d,F&O,26.106436132039338,0.009409851301115242,0.9101123595505618,1.0,34.21403533336792,3.427230046948357,6,11153.266243456472,639
84595E,lumpy,Per period 112d,F&O,28.96818466040627,0.00929368029739777,0.9302325581395349,1.0,40.78536402287082,2.856025039123631,5,13295.421582140256,639
84595E,lumpy,Per requirement,F&O,35.0,0.021026951672862452,0.3731958762886598,1.0,0.0,19.992175273865413,35,0.0,639
84595E,lumpy,Min/Max,F&O,25.00274341854042,0.011733271375464684,0.9805825242718447,0.8703412533624058,28.9326492405657,4.569640062597809,8,9431.61299052774,639
51008,lumpy,EX,SAP,83.27395458505572,0.05006970260223048,0.768270944741533,1.0,7.421189924015313,24.561815336463223,43,21304.338294993242,639
51008,lumpy,FX,SAP,154.60006054090138,0.015102230483271376,0.6565656565656566,1.0,26.276588513679147,6.854460093896714,12,75433.36535859275,639
51008,lumpy,HB,SAP,276.1202332289099,0.014172862453531599,0.991869918699187,0.8327334139414992,49.221637253238306,5.140845070422535,9,141302.73207036537,639
51008,lumpy,TB,SAP,83.27395458505572,0.051812267657992565,0.7838312829525483,1.0,7.421189924015313,24.561815336463223,43,21304.338294993242,639
51008,lumpy,WB,SAP,73.92442033848039,0.03055297397769517,0.7450424929178471,1.0,8.646656108000078,15.422535211267606,27,24822.338294993242,639
51008,lumpy,MB,SAP,87.4496994059745,0.016496282527881042,0.8711656441717791,0.9999642738820741,13.350141171114704,8.568075117370892,15,38324.84099011694,639
51008,lumpy,SP,SAP,72.22053681442347,0.021956319702602232,0.9593908629441624,0.9997282265027541,10.359630327555383,9.139280125195619,16,29739.8491844414,639
51008,lumpy,WI,SAP,94.48607511948931,0.026138475836431228,0.9698275862068966,0.9998427565260819,14.830985828293406,7.996870109546166,14,42575.96727335304,639
51008,lumpy,DY,SAP,72.80906424746313,0.0170771375464684,0.9671052631578947,1.0,11.389415554843355,6.283255086071987,11,32696.099203368172,639
51008,lumpy,GR,SAP,65.50037120002328,0.02741635687732342,0.8740740740740741,0.9998723519378275,8.015714368420323,12.566510172143975,22,23011.065924649996,639
51008,lumpy,Per period 3d,F&O,75.63316006450778,0.03984665427509294,0.7831050228310502,1.0,7.6716476233572815,19.420970266040687,34,22023.338294993242,639
51008,lumpy,Per period 5d,F&O,77.37334358227844,0.03554832713754647,0.8225806451612904,1.0,9.097913618935069,15.993740219092333,28,26117.783199321206,639
51008,lumpy,Per period 7d,F&O,78.94131535537703,0.028926579925650557,0.8327759197324415,1.0,10.676714271785803,11.995305164319248,21,30650.116093786397,639
51008,lumpy,Per period 10d,F&O,79.98710768085087,0.026719330855018587,0.8156028368794326,1.0,10.685152319350417,12.566510172143975,22,30674.339570305172,639
51008,lumpy,Per period 14d,F&O,87.52381557377215,0.023466542750929367,0.8416666666666667,1.0,12.626727494991487,10.852895148669797,19,36248.10533974904,639
51008,lumpy,Per period 21d,F&O,125.44217662705952,0.019400557620817844,0.8608247422680413,1.0,20.719463902080317,7.42566510172144,13,59480.28183895177,639
51008,lumpy,Per period 28d,F&O,120.09600322567269,0.015799256505576207,0.8607594936708861,0.9998087600180204,20.102872147279204,6.283255086071987,11,57710.20460488483,639
51008,lumpy,Per period 42d,F&O,136.68710960265736,0.010455390334572491,0.8181818181818182,1.0,23.528612994997463,5.140845070422535,9,67544.63044198541,639
51008,lumpy,Per period 56d,F&O,158.21292220503005,0.005111524163568773,0.9166666666666666,1.0,28.60073181818502,1.7136150234741785,3,82105.38638382024,639
51008,lumpy,Per period 84d,F&O,225.41418648631466,0.006970260223048327,0.9090909090909091,1.0,40.799488074012096,2.2848200312989047,4,117124.89575000702,639
51008,lumpy,Per period 112d,F&O,267.3404080537862,0.007899628252788104,0.8831168831168831,0.9999395426592363,48.34086974993121,2.856025039123631,5,138774.27382555354,639
51008,lumpy,Per requirement,F&O,83.27395458505572,0.05111524163568773,0.7885304659498208,1.0,7.421189924015313,24.561815336463223,43,21304.338294993242,639
51008,lumpy,Min/Max,F&O,276.1202332289099,0.01486988847583643,0.9922480620155039,0.8327334139414992,49.221637253238306,5.140845070422535,9,141302.73207036537,639
21292,lumpy,EX,SAP,52.89661326857842,0.061686802973977696,0.8578352180936996,1.0,6.9134908134493065,26.275430359937403,46,14807.434370771316,639
21292,lumpy,FX,SAP,37.827982093536264,0.013359665427509293,0.5180180180180181,1.0,24.8887416816875,7.42566510172144,13,53307.138024357264,639
21292,lumpy,HB,SAP,39.36757762248133,0.018819702602230485,0.9759036144578314,0.9072116364922267,26.432104942939834,7.42566510172144,13,56612.7401894452,639
21292,lumpy,TB,SAP,52.89661326857842,0.06110594795539034,0.8594771241830066,1.0,6.9134908134493065,26.275430359937403,46,14807.434370771316,639
21292,lumpy,WB,SAP,39.479736556249655,0.04368029739776952,0.8764568764568764,1.0,7.498041133356459,18.278560250391237,32,16059.434370771316,639
21292,lumpy,MB,SAP,34.77280476013263,0.023118029739776953,0.9567307692307693,0.9999203187826141,12.804062651081558,12.566510172143975,22,27423.963161461226,639
21292,lumpy,SP,SAP,24.850229372837617,0.01974907063197026,0.9883720930232558,1.0,14.886571183349872,5.712050078247262,10,31884.31600638664,639
21292,lumpy,WI,SAP,31.947057018011318,0.020213754646840148,0.9886363636363636,1.0,22.000766342455094,5.712050078247262,10,47121.622421024294,639
21292,lumpy,DY,SAP,51.62546033021986,0.012894981412639405,0.9823008849557522,1.0,43.73222152380322,4.569640062597809,8,93666.42953253086,639
21292,lumpy,GR,SAP,31.42804613922064,0.03508364312267658,0.9710610932475884,0.9999237644148107,8.448671440560451,13.137715179968701,23,18095.510828326664,639
21292,lumpy,Per period 3d,F&O,47.03401052885239,0.05390334572490706,0.8689138576779026,1.0,7.051224315344362,22.848200312989047,40,15102.434370771316,639
21292,lumpy,Per period 5d,F&O,40.50600572322354,0.040892193308550186,0.8543689320388349,1.0,7.52437458681808,18.849765258215964,33,16115.835817509362,639
21292,lumpy,Per period 7d,F&O,38.830228299468494,0.037523234200743494,0.8613333333333333,1.0,7.849390607738793,17.70735524256651,31,16811.960760623526,639
21292,lumpy,Per period 10d,F&O,39.06106803312498,0.031947026022304835,0.9649122807017544,1.0,15.097925812680444,13.708920187793428,24,32336.99901229776,639
21292,lumpy,Per period 14d,F&O,33.23698880233322,0.029158921933085502,0.9728682170542635,0.9998325145961245,15.27427709909479,10.28169014084507,18,32714.71125206838,639
21292,lumpy,Per period 21d,F&O,32.1143185406638,0.02578996282527881,0.9527896995708155,1.0,14.14885941387433,10.28169014084507,18,30304.272160836983,639
21292,lumpy,Per period 28d,F&O,31.523793366553917,0.022885687732342008,0.9704433497536946,1.0,15.561783537802766,9.139280125195619,16,33330.49752230694,639
21292,lumpy,Per period 42d,F&O,39.72709841042176,0.016496282527881042,0.9726027397260274,1.0,25.790058335954754,7.996870109546166,14,55237.59364590554,639
21292,lumpy,Per period 56d,F&O,50.30268175592733,0.01092007434944238,0.9791666666666666,1.0,44.41110026079592,3.427230046948357,6,95120.46377007925,639
21292,lumpy,Per period 84d,F&O,51.30367339061051,0.009409851301115242,0.9529411764705882,1.0,44.412094322229485,3.998435054773083,7,95122.5928680755,639
21292,lumpy,Per period 112d,F&O,74.79359093670558,0.006970260223048327,1.0,1.0,71.96928580392348,1.7136150234741785,3,154145.0628935149,639
21292,lumpy,Per requirement,F&O,52.89661326857842,0.06064126394052045,0.8585526315789473,1.0,6.9134908134493065,26.275430359937403,46,14807.434370771316,639
21292,lumpy,Min/Max,F&O,39.36757762248133,0.020213754646840148,0.9886363636363636,0.9072116364922267,26.432104942939834,7.42566510172144,13,56612.7401894452,639
84251F,lumpy,EX,SAP,31.0,0.034502788104089216,0.6239495798319328,1.0,0.0,17.70735524256651,31,0.0,639
84251F,lumpy,FX,SAP,16.479670632287245,0.009642193308550186,0.30855018587360594,1.0,14.133659605733447,9.139280125195619,16,4607.362652232753,639
84251F,lumpy,HB,SAP,9.287931273286745,0.028113382899628253,0.9603174603174603,0.7397206965781351,37.949336454921685,4.569640062597809,8,12370.918809201623,639
84251F,lumpy,TB,SAP,31.0,0.032992565055762084,0.5966386554621849,1.0,0.0,17.70735524256651,31,0.0,639
84251F,lumpy,WB,SAP,19.044142465753424,0.022072490706319704,0.662020905923345,1.0,1.300672884937091,10.852895148669797,19,424.0,639
84251F,lumpy,MB,SAP,8.300210252455148,0.010687732342007435,0.8214285714285714,0.9990804107838316,8.845797997096176,4.569640062597809,8,2883.598477529716,639
84251F,lumpy,SP,SAP,3.2524012554287545,0.0033689591078066915,0.9354838709677419,1.0,36.90243229946832,1.1424100156494523,2,12029.643637670932,639
84251F,lumpy,WI,SAP,3.960743694906017,0.0025557620817843866,0.9166666666666666,1.0,57.77398509003235,1.1424100156494523,2,18833.45917475516,639
84251F,lumpy,DY,SAP,6.488786554944032,0.0,0.0,1.0,191.19432012030921,0.0,0,62326.50243564662,639
84251F,lumpy,GR,SAP,5.515619935059127,0.009409851301115242,0.9759036144578314,1.0,15.192918134900513,2.856025039123631,5,4952.665165699511,639
84251F,lumpy,Per period 3d,F&O,24.014471232876712,0.026370817843866173,0.6305555555555555,1.0,0.4263998372789048,13.708920187793428,24,139.0,639
84251F,lumpy,Per period 5d,F&O,17.043683880449983,0.023118029739776953,0.77734375,1.0,1.2871605117736102,9.710485133020343,17,419.5951674801056,639
84251F,lumpy,Per period 7d,F&O,16.04945205479452,0.02242100371747212,0.7782258064516129,1.0,1.4571217460969768,9.139280125195619,16,475.0,639
84251F,lumpy,Per period 10d,F&O,14.129942208235947,0.01858736059479554,0.8205128205128205,1.0,3.828791708316253,7.996870109546166,14,1248.1291054242358,639
84251F,lumpy,Per period 14d,F&O,11.128401297058243,0.016612453531598514,0.8719512195121951,1.0,3.7833882322591688,6.283255086071987,11,1233.328248059446,639
84251F,lumpy,Per period 21d,F&O,9.337990225959496,0.014172862453531599,0.9104477611940298,1.0,9.958997866927534,5.140845070422535,9,3246.4850651372717,639
84251F,lumpy,Per period 28d,F&O,5.473281596445654,0.009990706319702601,0.9347826086956522,1.0,13.945404474575424,2.856025039123631,5,4545.994281649044,639
84251F,lumpy,Per period 42d,F&O,4.618077458718932,0.008596654275092937,0.9367088607594937,1.0,18.2118641907576,2.2848200312989047,4,5936.7966429581575,639
84251F,lumpy,Per period 56d,F&O,4.793115109398487,0.008015799256505576,0.9583333333333334,1.0,23.369408568856276,2.2848200312989047,4,7618.079340274943,639
84251F,lumpy,Per period 84d,F&O,4.0942156772787754,0.0055762081784386614,0.9795918367346939,1.0,32.24144001514372,1.7136150234741785,3,10510.229531756657,639
84251F,lumpy,Per period 112d,F&O,3.5632820002449925,0.004646840148698885,1.0,1.0,46.062640011701916,1.1424100156494523,2,15015.735002353218,639
84251F,lumpy,Per requirement,F&O,31.0,0.03287639405204461,0.5883575883575883,1.0,0.0,17.70735524256651,31,0.0,639
84251F,lumpy,Min/Max,F&O,9.287931273286745,0.027067843866171004,0.966804979253112,0.7397206965781351,37.949336454921685,4.569640062597809,8,12370.918809201623,639
21801,lumpy,EX,SAP,143.19168822733423,0.16019981412639406,0.7494565217391305,1.0,0.25389565766885047,81.68231611893583,143,832.9309878213807,639
21801,lumpy,FX,SAP,43.870690433202945,0.031598513011152414,0.6585956416464891,1.0,28.968254380732926,12.566510172143975,22,95033.3572395128,639
21801,lumpy,HB,SAP,36.63157153502512,0.03880111524163569,0.9881656804733728,0.7460102786042737,26.002487660691493,9.710485133020343,17,85303.85250338294,639
21801,lumpy,TB,SAP,143.19168822733423,0.16031598513011153,0.75,1.0,0.25389565766885047,81.68231611893583,143,832.9309878213807,639
21801,lumpy,WB,SAP,54.436674528704096,0.0645910780669145,0.8188512518409425,1.0,3.227433894057251,29.70266040688576,52,10587.93098782138,639
21801,lumpy,MB,SAP,36.75110721729214,0.027184014869888477,0.8796992481203008,0.9999132176958919,11.591051538031437,15.993740219092333,28,38025.64445609083,639
21801,lumpy,SP,SAP,24.05688401425082,0.02520910780669145,0.9819004524886877,1.0,13.320584244567867,7.996870109546166,14,43699.55553811369,639
21801,lumpy,WI,SAP,36.29178037998415,0.021491635687732342,0.9946236559139785,0.9998692199487744,34.82409412249195,5.712050078247262,10,114244.04569874062,639
21801,lumpy,DY,SAP,31.19396390382322,0.011268587360594795,0.9897959183673469,0.9998668933331765,34.694533852197296,2.856025039123631,5,113819.00982018423,639
21801,lumpy,GR,SAP,25.71206821219858,0.03241171003717472,0.9755244755244755,1.0,6.241247437854366,11.995305164319248,21,20475.058303005735,639
21801,lumpy,Per period 3d,F&O,76.80339233692328,0.09340148698884758,0.8246153846153846,1.0,1.0641124318687856,43.41158059467919,76,3490.9309878213808,639
21801,lumpy,Per period 5d,F&O,54.8459835354312,0.06772769516728624,0.8153846153846154,1.0,2.4450494967380183,30.273865414710485,53,8021.237981337974,639
21801,lumpy,Per period 7d,F&O,47.9083634227588,0.06006040892193309,0.8807495741056218,0.9999257605169773,3.8521971548823046,25.704225352112676,45,12637.531539368598,639
21801,lumpy,Per period 10d,F&O,43.23856442688579,0.050302044609665426,0.8591269841269841,1.0,5.614080310000136,22.27699530516432,39,18417.571616825157,639
21801,lumpy,Per period 14d,F&O,37.38766204787314,0.042053903345724904,0.8765133171912833,1.0,7.1360876876237285,18.278560250391237,32,23410.674374686856,639
21801,lumpy,Per period 21d,F&O,28.796047717292932,0.029623605947955392,0.9042553191489362,1.0,10.326052308619326,11.995305164319248,21,33875.68353347524,639
21801,lumpy,Per period 28d,F&O,30.226072798176652,0.02753252788104089,0.9404761904761905,1.0,14.869202849696329,10.852895148669797,19,48779.9591825533,639
21801,lumpy,Per period 42d,F&O,30.29491218134404,0.019865241635687734,0.95,1.0,21.58300226609483,7.996870109546166,14,70805.2731689354,639
21801,lumpy,Per period 56d,F&O,37.2309138652072,0.01928438661710037,0.9764705882352941,1.0,36.06799896310477,5.712050078247262,10,118324.80429524554,639
21801,lumpy,Per period 84d,F&O,40.72386589440776,0.014172862453531599,0.991869918699187,1.0,44.66806975822838,3.998435054773083,7,146538.2268030813,639
21801,lumpy,Per period 112d,F&O,56.37131282082039,0.011384758364312268,0.98989898989899,1.0,65.39348875484103,3.998435054773083,7,214530.10928094573,639
21801,lumpy,Per requirement,F&O,143.19168822733423,0.16229089219330856,0.7592391304347826,1.0,0.25389565766885047,81.68231611893583,143,832.9309878213807,639
21801,lumpy,Min/Max,F&O,36.63157153502512,0.03949814126394052,0.9883720930232558,0.7460102786042737,26.002487660691493,9.710485133020343,17,85303.85250338294,639
84510F,lumpy,EX,SAP,20.0,0.013011152416356878,0.35,1.0,0.0,11.424100156494523,20,0.0,639
84510F,lumpy,FX,SAP,4.869668378222986,0.0027881040892193307,0.7272727272727273,1.0,5.934482665495317,0.5712050078247262,1,5649.71583220556,639
84510F,lumpy,HB,SAP,25.39572914156487,0.002091078066914498,1.0,1.0,35.87944378350028,1.1424100156494523,2,34157.76454668471,639
84510F,lumpy,TB,SAP,20.0,0.013940520446096654,0.375,1.0,0.0,11.424100156494523,20,0.0,639
84510F,lumpy,WB,SAP,17.132876712328766,0.011617100371747211,0.4444444444444444,1.0,6.338136194297687,7.42566510172144,13,6034.0,639
84510F,lumpy,MB,SAP,12.416490824396806,0.008131970260223048,0.6422018348623854,0.9996520249264279,6.773083809248228,4.569640062597809,8,6448.076603619336,639
84510F,lumpy,SP,SAP,3.8757367926726984,0.004995353159851301,0.7818181818181819,1.0,1.3430207210776959,1.7136150234741785,3,1278.5757173021395,639
84510F,lumpy,WI,SAP,37.469563163903544,0.005692379182156134,0.8305084745762712,0.9996073057452982,52.86215899909187,1.7136150234741785,3,50325.56221929917,639
84510F,lumpy,DY,SAP,2.329566526173644,0.001974907063197026,0.7083333333333334,0.9997497812051336,2.039009220170867,0.5712050078247262,1,1941.1671282135203,639
84510F,lumpy,GR,SAP,4.542039611332816,0.008480483271375464,0.8690476190476191,0.9997069121518379,0.8312662386185113,2.2848200312989047,4,791.3778325459118,639
84510F,lumpy,Per period 3d,F&O,16.004109589041096,0.01370817843866171,0.4521072796934866,1.0,0.006302422466984773,9.139280125195619,16,6.0,639
84510F,lumpy,Per period 5d,F&O,14.077397260273973,0.010455390334572491,0.4265402843601896,1.0,3.185874557060803,6.854460093896714,12,3033.0,639
84510F,lumpy,Per period 7d,F&O,13.09613673189755,0.012197955390334572,0.5645161290322581,1.0,3.2146132133592356,6.283255086071987,11,3060.359628570424,639
84510F,lumpy,Per period 10d,F&O,10.068097190509055,0.01266263940520446,0.6606060606060606,1.0,0.1044331340946841,5.712050078247262,10,99.42189814322052,639
84510F,lumpy,Per period 14d,F&O,45.50992603589861,0.00871282527881041,0.646551724137931,1.0,63.659185343204065,2.2848200312989047,4,60604.49201241197,639
84510F,lumpy,Per period 21d,F&O,9.324850357883395,0.009990706319702601,0.6935483870967742,1.0,3.565366021122795,3.998435054773083,7,3394.2815225097565,639
84510F,lumpy,Per period 28d,F&O,21.000036059543604,0.006970260223048327,0.9090909090909091,1.0,29.138255172895853,1.1424100156494523,2,27740.052646933662,639
84510F,lumpy,Per period 42d,F&O,4.565319629853051,0.006970260223048327,0.8571428571428571,0.9995646706211255,0.8669682298119233,2.2848200312989047,4,825.3666595854543,639
84510F,lumpy,Per period 56d,F&O,135.45290792700138,0.004298327137546468,0.9487179487179487,1.0,206.19556339983833,0.5712050078247262,1,196301.245573422,639
84510F,lumpy,Per period 84d,F&O,31.90920764940208,0.0031366171003717473,1.0,1.0,47.40203528339705,0.5712050078247262,1,45127.443168127036,639
84510F,lumpy,Per period 112d,F&O,7.509455800009868,0.0034851301115241635,0.9375,1.0,8.449243383611496,1.1424100156494523,2,8043.805468014408,639
84510F,lumpy,Per requirement,F&O,20.0,0.012894981412639405,0.346875,1.0,0.0,11.424100156494523,20,0.0,639
84510F,lumpy,Min/Max,F&O,25.39572914156487,0.001974907063197026,1.0,1.0,35.87944378350028,1.1424100156494523,2,34157.76454668471,639
21655,lumpy,EX,SAP,43.0,0.06552044609665428,0.7663043478260869,1.0,0.0,24.561815336463223,43,0.0,639
21655,lumpy,FX,SAP,32.91967839546216,0.021259293680297397,0.5846645367412141,1.0,14.87023289160244,9.139280125195619,16,18271.250338294933,639
21655,lumpy,HB,SAP,55.314422073516596,0.028345724907063198,0.991869918699187,0.728293015680445,38.9467081635957,6.283255086071987,11,47854.33152909337,639
21655,lumpy,TB,SAP,43.0,0.06563661710037175,0.7687074829931972,1.0,0.0,24.561815336463223,43,0.0,639
21655,lumpy,WB,SAP,18.402115068493153,0.027184014869888477,0.850909090909091,1.0,2.1111518591571325,9.139280125195619,16,2594.0,639
21655,lumpy,MB,SAP,19.381937718478955,0.012197955390334572,0.9545454545454546,0.9997129217384169,10.003267241585954,4.569640062597809,8,12291.145761079344,639
21655,lumpy,SP,SAP,15.77920770984954,0.019981412639405203,1.0,1.0,5.9580563595727805,5.140845070422535,9,7320.742053535745,639
21655,lumpy,WI,SAP,26.40882717722855,0.01696096654275093,0.9798657718120806,1.0,17.057876251102815,3.998435054773083,7,20959.236448782307,639
21655,lumpy,DY,SAP,14.978484483499972,0.012197955390334572,0.9813084112149533,1.0,7.0120672283877825,3.998435054773083,7,8615.819042832809,639
21655,lumpy,GR,SAP,15.114308519191301,0.023815055762081785,0.9808612440191388,1.0,2.737078796314274,6.854460093896714,12,3363.0846435054,639
21655,lumpy,Per period 3d,F&O,23.11030684931507,0.037987918215613384,0.8320610687022901,1.0,0.9758176866343106,12.566510172143975,22,1199.0,639
21655,lumpy,Per period 5d,F&O,17.191477524855628,0.03020446096654275,0.9154929577464789,0.9997792285139289,1.0471563268285924,9.139280125195619,16,1286.6547235867006,639
21655,lumpy,Per period 7d,F&O,17.16360002667801,0.024512081784386616,0.8940677966101694,1.0,3.6592718027542053,7.42566510172144,13,4496.1952950812865,639
21655,lumpy,Per period 10d,F&O,16.071558345245677,0.01928438661710037,0.907103825136612,1.0,3.578378939034018,6.854460093896714,12,4396.801171641042,639
21655,lumpy,Per period 14d,F&O,16.060663006081207,0.018355018587360595,0.9693251533742331,1.0,6.205419560321461,5.140845070422535,9,7624.680465146865,639
21655,lumpy,Per period 21d,F&O,16.13114133101599,0.013592007434944238,0.9285714285714286,1.0,8.903977222779348,3.427230046948357,6,10940.433685860462,639
21655,lumpy,Per period 28d,F&O,19.376229184417838,0.01254646840148699,0.9642857142857143,1.0,11.755994324164545,3.427230046948357,6,14444.744533468967,639
21655,lumpy,Per period 42d,F&O,22.0738878809354,0.007783457249070632,0.9305555555555556,1.0,15.884635379257697,2.2848200312989047,4,19517.659989767515,639
21655,lumpy,Per period 56d,F&O,29.712865143254007,0.006970260223048327,1.0,1.0,22.598319191049235,2.2848200312989047,4,27766.851412093823,639
21655,lumpy,Per period 84d,F&O,43.84761862444721,0.006157063197026022,0.9636363636363636,1.0,35.02095933928652,2.2848200312989047,4,43030.71241989121,639
21655,lumpy,Per period 112d,F&O,39.17882277781687,0.00546003717472119,0.9791666666666666,1.0,30.917685037018497,2.2848200312989047,4,37988.96542574898,639
21655,lumpy,Per requirement,F&O,43.0,0.06470724907063197,0.7588555858310627,1.0,0.0,24.561815336463223,43,0.0,639
21655,lumpy,Min/Max,F&O,55.314422073516596,0.02950743494423792,0.996078431372549,0.728293015680445,38.9467081635957,6.283255086071987,11,47854.33152909337,639
20770,lumpy,EX,SAP,124.53513922924351,0.04960501858736059,0.41256038647342996,1.0,35.69020308721012,45.12519561815336,79,32588.87415426251,639
20770,lumpy,FX,SAP,81.72067347581887,0.011733271375464684,0.6688741721854304,1.0,57.7818768672642,4.569640062597809,8,52760.87415426252,639
20770,lumpy,HB,SAP,43.40546636513615,0.015218401486988848,1.0,0.8966079096449343,25.399234421681605,6.283255086071987,11,23192.147496617046,639
20770,lumpy,TB,SAP,124.53513922924351,0.04867565055762082,0.4064015518913676,1.0,35.69020308721012,45.12519561815336,79,32588.87415426251,639
20770,lumpy,WB,SAP,84.34974196896954,0.031598513011152414,0.5386138613861386,1.0,36.3286844382795,21.705790297339593,38,33171.87415426251,639
20770,lumpy,MB,SAP,66.16907772195847,0.017193308550185873,0.7254901960784313,0.9988993475445263,38.53846500112416,9.710485133020343,17,35189.634055911454,639
20770,lumpy,SP,SAP,61.59476713915435,0.015683085501858735,0.9183673469387755,1.0,41.22350238286796,5.140845070422535,9,37641.352952532034,639
20770,lumpy,WI,SAP,68.40453734710928,0.016844795539033456,0.90625,1.0,45.777169772969394,5.712050078247262,10,41799.32574842135,639
20770,lumpy,DY,SAP,96.9294189573636,0.007202602230483271,0.96875,0.9995280844438628,72.83759073772008,2.2848200312989047,4,66508.3096459563,639
20770,lumpy,GR,SAP,63.204065730667274,0.023118029739776953,0.8963963963963963,0.9999456914812758,37.78209366826444,8.568075117370892,15,34498.98821900697,639
20770,lumpy,Per period 3d,F&O,96.99623511965447,0.03763940520446097,0.48575712143928035,1.0,36.05160762555128,29.131455399061032,51,32918.87415426251,639
20770,lumpy,Per period 5d,F&O,88.24032716965488,0.03473513011152416,0.542649727767695,1.0,36.24292569295916,23.990610328638496,42,33093.567484164756,639
20770,lumpy,Per period 7d,F&O,82.56822256812086,0.027881040892193308,0.5063291139240507,0.9998858176475824,36.49992838496142,20.56338028169014,36,33328.23772032179,639
20770,lumpy,Per period 10d,F&O,75.40376003394172,0.02904275092936803,0.6510416666666666,0.9995762996203856,37.15481826444526,15.993740219092333,28,33926.22041644849,639
20770,lumpy,Per period 14d,F&O,71.68024687844463,0.021956319702602232,0.6136363636363636,1.0,37.37152720172492,13.708920187793428,24,34124.09825614175,639
20770,lumpy,Per period 21d,F&O,65.76671335622339,0.01858736059479554,0.6837606837606838,0.9992981854554127,38.22309392350772,9.710485133020343,17,34901.66740200302,639
20770,lumpy,Per period 28d,F&O,68.61264222021694,0.02079460966542751,0.8564593301435407,0.9999185213453217,41.23751277756802,9.139280125195619,16,37654.14590270427,639
20770,lumpy,Per period 42d,F&O,68.62879962058025,0.01486988847583643,0.8767123287671232,1.0,45.95294536563165,5.712050078247262,10,41959.82717943489,639
20770,lumpy,Per period 56d,F&O,78.55610433174853,0.011268587360594795,0.8738738738738738,1.0,55.30150418482262,4.569640062597809,8,50496.035453114135,639
20770,lumpy,Per period 84d,F&O,95.4219146747379,0.009990706319702601,0.9555555555555556,1.0,70.87222204435973,2.856025039123631,5,64713.72324760654,639
20770,lumpy,Per period 112d,F&O,111.91760216151283,0.00766728624535316,0.9705882352941176,0.9996215125522269,84.58525005136187,2.2848200312989047,4,77235.14664500428,639
20770,lumpy,Per requirement,F&O,124.53513922924351,0.04774628252788104,0.40019474196689386,1.0,35.69020308721012,45.12519561815336,79,32588.87415426251,639
20770,lumpy,Min/Max,F&O,43.40546636513615,0.014637546468401487,0.984375,0.8966079096449343,25.399234421681605,6.283255086071987,11,23192.147496617046,639
85162C,lumpy,EX,SAP,12.0,0.021259293680297397,0.8591549295774648,1.0,0.0,6.854460093896714,12,0.0,639
85162C,lumpy,FX,SAP,21.82095630896993,0.011733271375464684,0.6352201257861635,1.0,15.350545999695337,5.140845070422535,9,11999.10013531801,639
85162C,lumpy,HB,SAP,42.34827556675996,0.011617100371747211,0.970873786407767,0.7029141269594166,45.914435234811016,2.2848200312989047,4,35890.052774018935,639
85162C,lumpy,TB,SAP,12.0,0.021491635687732342,0.8726415094339622,1.0,0.0,6.854460093896714,12,0.0,639
85162C,lumpy,WB,SAP,8.16027397260274,0.014056691449814127,0.8705035971223022,1.0,0.19189621504840249,4.569640062597809,8,150.0,639
85162C,lumpy,MB,SAP,8.810374493003685,0.006273234200743495,0.9642857142857143,0.9997886646567705,5.759467012531053,2.2848200312989047,4,4502.017153708577,639
85162C,lumpy,SP,SAP,8.24679591889614,0.010455390334572491,1.0,1.0,5.084693725905943,2.2848200312989047,4,3974.5654112745924,639
85162C,lumpy,WI,SAP,7.419476573978744,0.00662174721189591,0.95,1.0,4.094143305598596,2.2848200312989047,4,3200.2793576980553,639
85162C,lumpy,DY,SAP,7.453608772359284,0.006157063197026022,1.0,1.0,5.33231099749692,1.7136150234741785,3,4168.1210305413815,639
85162C,lumpy,GR,SAP,7.556395883394509,0.011384758364312268,0.9607843137254902,1.0,0.6661734426247905,3.998435054773083,7,520.7294806128092,639
85162C,lumpy,Per period 3d,F&O,7.279945205479452,0.012778810408921933,0.8461538461538461,1.0,0.335178722284543,3.998435054773083,7,262.0,639
85162C,lumpy,Per period 5d,F&O,7.279945205479452,0.01266263940520446,0.8449612403100775,1.0,0.335178722284543,3.998435054773083,7,262.0,639
85162C,lumpy,Per period 7d,F&O,6.625483607361784,0.011036245353159852,0.8482142857142857,1.0,0.7488922554197407,3.427230046948357,6,585.3885043257724,639
85162C,lumpy,Per period 10d,F&O,8.196062844033603,0.009990706319702601,0.9052631578947369,1.0,2.6293486143443547,3.427230046948357,6,2055.28958480068,639
85162C,lumpy,Per period 14d,F&O,8.406578160163932,0.00929368029739777,0.898876404494382,1.0,4.078700019636466,2.856025039123631,5,3188.2077652816274,639
85162C,lumpy,Per period 21d,F&O,9.429895259770639,0.006389405204460966,0.9482758620689655,1.0,6.501219951925222,2.2848200312989047,4,5081.825050810983,639
85162C,lumpy,Per period 28d,F&O,12.049921376144995,0.005343866171003717,0.9583333333333334,1.0,10.83548145944046,1.7136150234741785,3,8469.798211007495,639
85162C,lumpy,Per period 42d,F&O,13.775144662875025,0.0036013011152416356,1.0,1.0,15.295695662188951,0.5712050078247262,1,11956.225133203548,639
85162C,lumpy,Per period 56d,F&O,9.978026533697326,0.0030204460966542753,0.9285714285714286,1.0,8.35479933877268,1.7136150234741785,3,6530.7171405116,639
85162C,lumpy,Per period 84d,F&O,13.671528388440429,0.0018587360594795538,1.0,1.0,15.171635775492941,0.5712050078247262,1,11859.250927642965,639
85162C,lumpy,Per period 112d,F&O,12.1944512187173,0.0031366171003717473,0.9642857142857143,1.0,12.20582837998478,1.1424100156494523,2,9540.960755979011,639
85162C,lumpy,Per requirement,F&O,12.0,0.021607806691449814,0.8773584905660378,1.0,0.0,6.854460093896714,12,0.0,639
85162C,lumpy,Min/Max,F&O,42.34827556675996,0.011849442379182156,0.9807692307692307,0.7029141269594166,45.914435234811016,2.2848200312989047,4,35890.052774018935,639
84856L,lumpy,EX,SAP,50.0,0.03508364312267658,0.4021304926764314,1.0,0.0,28.560250391236305,50,0.0,639
84856L,lumpy,FX,SAP,23.23442471314437,0.022304832713754646,0.6114649681528662,1.0,9.253115157705867,9.710485133020343,17,1912.2395128552064,639
84856L,lumpy,HB,SAP,31.9491884998239,0.027648698884758363,0.918918918918919,0.699784721367942,29.608527969303495,6.854460093896714,12,6118.868741542624,639
84856L,lumpy,TB,SAP,50.0,0.036477695167286245,0.4186666666666667,1.0,0.0,28.560250391236305,50,0.0,639
84856L,lumpy,WB,SAP,28.574712328767124,0.02300185873605948,0.46588235294117647,1.0,2.3371834914648284,15.422535211267606,27,483.0,639
84856L,lumpy,MB,SAP,21.016372929759363,0.012778810408921933,0.6470588235294118,0.9994223898314748,11.897877555532787,7.42566510172144,13,2458.8034616488803,639
84856L,lumpy,SP,SAP,15.121137991931274,0.017193308550185873,0.9135802469135802,1.0,10.569172445747762,4.569640062597809,8,2184.214594163794,639
84856L,lumpy,WI,SAP,17.00744415250312,0.012894981412639405,0.8671875,0.9995829565011701,16.337216827782836,3.427230046948357,6,3376.232870305578,639
84856L,lumpy,DY,SAP,18.355394768123666,0.008248141263940521,0.9102564102564102,0.9992102004879687,21.306235464471882,2.2848200312989047,4,4403.125286021123,639
84856L,lumpy,GR,SAP,17.630805782278294,0.021026951672862452,0.7182539682539683,1.0,3.9046343457569654,8.568075117370892,15,806.9278239761156,639
84856L,lumpy,Per period 3d,F&O,36.43687671232877,0.02950743494423792,0.45276292335115864,1.0,0.6484111549819606,20.56338028169014,36,134.0,639
84856L,lumpy,Per period 5d,F&O,26.910463263833375,0.02300185873605948,0.4888888888888889,1.0,1.3513069472711552,14.85133020344288,26,279.25974058754815,639
84856L,lumpy,Per period 7d,F&O,25.872143605365103,0.0191682156133829,0.44715447154471544,1.0,2.778630133375837,13.708920187793428,24,574.2289209733304,639
84856L,lumpy,Per period 10d,F&O,23.232999660703197,0.021607806691449814,0.6283783783783784,0.999773448221791,4.798408761314992,11.424100156494523,20,991.6343497114842,639
84856L,lumpy,Per period 14d,F&O,18.94253724492905,0.01638011152416357,0.6351351351351351,0.9995231482802017,5.851502395074012,8.568075117370892,15,1209.2656255454642,639
84856L,lumpy,Per period 21d,F&O,19.863373416090035,0.01638011152416357,0.7268041237113402,1.0,11.670796119122066,6.854460093896714,12,2411.8750393889595,639
84856L,lumpy,Per period 28d,F&O,16.273712366174607,0.012430297397769517,0.8045112781954887,1.0,15.248214229122413,3.427230046948357,6,3151.1806837426307,639
84856L,lumpy,Per period 42d,F&O,23.203753623513563,0.010106877323420074,0.7767857142857143,1.0,24.049564340611614,3.998435054773083,7,4970.058884523067,639
84856L,lumpy,Per period 56d,F&O,25.62917847893826,0.011036245353159852,0.811965811965812,1.0,27.649372907758096,3.998435054773083,7,5713.991718329802,639
84856L,lumpy,Per period 84d,F&O,28.335637332928865,0.006389405204460966,0.7534246575342466,1.0,36.118882661779004,2.2848200312989047,4,7464.2921231252385,639
84856L,lumpy,Per period 112d,F&O,47.78840094093268,0.005111524163568773,0.9777777777777777,1.0,67.95901246515643,1.1424100156494523,2,14044.341465075988,639
84856L,lumpy,Per requirement,F&O,50.0,0.03485130111524164,0.39893617021276595,1.0,0.0,28.560250391236305,50,0.0,639
84856L,lumpy,Min/Max,F&O,31.9491884998239,0.029623605947955392,0.9340659340659341,0.699784721367942,29.608527969303495,6.854460093896714,12,6118.868741542624,639
47422,lumpy,EX,SAP,59.0,0.059247211895910784,0.6538461538461539,1.0,0.0,33.701095461658845,59,0.0,639
47422,lumpy,FX,SAP,22.788794097910916,0.01928438661710037,0.5442622950819672,1.0,15.631867835364691,10.852895148669797,19,16463.212449255763,639
47422,lumpy,HB,SAP,21.142761629006248,0.022653345724907063,0.975,0.8877738828843761,25.343905065128958,8.568075117370892,15,26691.76184032476,639
47422,lumpy,TB,SAP,59.0,0.06052509293680297,0.6679487179487179,1.0,0.0,33.701095461658845,59,0.0,639
47422,lumpy,WB,SAP,46.14314520547945,0.05065055762081784,0.7194719471947195,1.0,0.5905907989443686,26.275430359937403,46,622.0,639
47422,lumpy,MB,SAP,27.79287713788527,0.027067843866171004,0.8321428571428572,0.9998689828206152,11.522897568887808,14.280125195618153,25,12135.71613485862,639
47422,lumpy,SP,SAP,15.733250253445037,0.014521375464684015,1.0,1.0,27.78015256155612,5.140845070422535,9,29257.575506040936,639
47422,lumpy,WI,SAP,13.946412274652879,0.015102230483271376,0.9848484848484849,1.0,24.533803730114894,4.569640062597809,8,25838.577145813102,639
47422,lumpy,DY,SAP,15.028039613344216,0.011384758364312268,0.98989898989899,1.0,37.24803153754067,3.427230046948357,6,39228.98165322189,639
47422,lumpy,GR,SAP,22.59160767021774,0.027881040892193308,0.9523809523809523,0.9997290754880428,6.566680612259916,11.995305164319248,21,6915.91428130327,639
47422,lumpy,Per period 3d,F&O,50.063057534246575,0.053322490706319704,0.6923076923076923,1.0,0.26016379246102417,28.560250391236305,50,274.0,639
47422,lumpy,Per period 5d,F&O,45.12497278998984,0.047978624535315983,0.7011884550084889,1.0,0.515614753838193,25.704225352112676,45,543.0365279320342,639
47422,lumpy,Per period 7d,F&O,43.20626250822619,0.04763011152416357,0.7414104882459313,1.0,0.8510011852479362,24.561815336463223,43,896.2597083637879,639
47422,lumpy,Per period 10d,F&O,32.12942839811401,0.03729089219330855,0.823076923076923,0.9999226475002029,4.6598139124426385,17.70735524256651,31,4907.635301328728,639
47422,lumpy,Per period 14d,F&O,28.021779096841165,0.0341542750929368,0.8258426966292135,0.9994651702567668,4.21567268793157,15.422535211267606,27,4439.873456512201,639
47422,lumpy,Per period 21d,F&O,21.68895194596052,0.028694237918215612,0.9080882352941176,1.0,6.968305196129338,11.424100156494523,20,7338.898336614148,639
47422,lumpy,Per period 28d,F&O,22.553982197448597,0.022885687732342008,0.9120370370370371,0.9998585839930647,14.663077106878903,10.852895148669797,19,15442.898834151643,639
47422,lumpy,Per period 42d,F&O,19.69965957176783,0.021259293680297397,0.9432989690721649,1.0,19.389931307586366,8.568075117370892,15,20421.139805895917,639
47422,lumpy,Per period 56d,F&O,18.60821356297014,0.017890334572490705,0.9506172839506173,1.0,23.138458027367363,7.42566510172144,13,24369.023220048814,639
47422,lumpy,Per period 84d,F&O,18.035749814513903,0.012894981412639405,0.9736842105263158,1.0,41.4056585486572,4.569640062597809,8,43607.72240830446,639
47422,lumpy,Per period 112d,F&O,17.094851483024648,0.010223048327137546,0.9777777777777777,1.0,49.90113344381887,2.856025039123631,5,52555.00942028567,639
47422,lumpy,Per requirement,F&O,59.0,0.061222118959107806,0.6756410256410257,1.0,0.0,33.701095461658845,59,0.0,639
47422,lumpy,Min/Max,F&O,21.142761629006248,0.022653345724907063,0.9898477157360406,0.8877738828843761,25.343905065128958,8.568075117370892,15,26691.76184032476,639
72134,lumpy,EX,SAP,23.02683470813947,0.020562267657992565,0.6,1.0,0.19597717021080738,13.137715179968701,23,57.61569688768608,639
72134,lumpy,FX,SAP,11.641925779005327,0.010455390334572491,0.6206896551724138,1.0,11.991185676148442,5.712050078247262,10,3525.311231393789,639
72134,lumpy,HB,SAP,12.650927984874045,0.008828996282527882,0.9156626506024096,0.9373134328358209,33.96629844426034,4.569640062597809,8,9985.815967523682,639
72134,lumpy,TB,SAP,23.02683470813947,0.01963289962825279,0.5728813559322034,1.0,0.19597717021080738,13.137715179968701,23,57.61569688768608,639
72134,lumpy,WB,SAP,19.086451146495634,0.016147769516728624,0.5673469387755102,1.0,0.6313633434594496,10.852895148669797,19,185.61569688768608,639
72134,lumpy,MB,SAP,15.296635880961096,0.011617100371747211,0.6410256410256411,1.0,16.772613982461817,7.42566510172144,13,4931.012332651764,639
72134,lumpy,SP,SAP,10.520220895457518,0.011036245353159852,0.9595959595959596,1.0,18.405482810951195,4.569640062597809,8,5411.062510835259,639
72134,lumpy,WI,SAP,11.97991334272279,0.007434944237918215,0.9552238805970149,1.0,50.97516463059526,2.856025039123631,5,14986.284529963636,639
72134,lumpy,DY,SAP,11.460733900920186,0.008480483271375464,0.9733333333333334,0.9997081516240869,32.577287683629436,3.998435054773083,7,9577.458081387458,639
72134,lumpy,GR,SAP,13.331418490843056,0.012778810408921933,0.7189542483660131,0.9987371848041242,2.4203899536893156,7.42566510172144,13,711.5749950453866,639
72134,lumpy,Per period 3d,F&O,21.040807310879195,0.01742565055762082,0.5555555555555556,1.0,0.2980208045659579,11.995305164319248,21,87.61569688768608,639
72134,lumpy,Per period 5d,F&O,19.086451146495634,0.016263940520446097,0.5714285714285714,1.0,0.6313633434594496,10.852895148669797,19,185.61569688768608,639
72134,lumpy,Per period 7d,F&O,18.15351963964632,0.013940520446096654,0.5172413793103449,1.0,1.121172788364172,10.28169014084507,18,329.6156968876861,639
72134,lumpy,Per period 10d,F&O,16.167867661232833,0.01591542750929368,0.6650485436893204,0.999554544104621,1.2259581526779546,9.139280125195619,16,360.4217432351995,639
72134,lumpy,Per period 14d,F&O,15.177198550538959,0.01092007434944238,0.48704663212435234,0.999133126178936,1.2941027835888181,8.568075117370892,15,380.4557114512945,639
72134,lumpy,Per period 21d,F&O,14.209925819267395,0.013011152416356878,0.6222222222222222,0.99995499490277,1.5331140476872585,7.996870109546166,14,450.7230825447006,639
72134,lumpy,Per period 28d,F&O,14.240098534439978,0.01266263940520446,0.6411764705882353,0.9993093901413126,1.753469093338081,7.996870109546166,14,515.5056768858342,639
72134,lumpy,Per period 42d,F&O,12.479810168721688,0.011036245353159852,0.8482142857142857,1.0,25.413481160012797,5.140845070422535,9,7471.357126961272,639
72134,lumpy,Per period 56d,F&O,12.096420664817048,0.011384758364312268,0.8909090909090909,1.0,22.613540513248594,5.140845070422535,9,6648.197309754249,639
72134,lumpy,Per period 84d,F&O,13.3145293332434,0.010223048327137546,0.9166666666666666,1.0,46.115783466337646,3.998435054773083,7,13557.66592137553,639
72134,lumpy,Per period 112d,F&O,14.382987174028642,0.009642193308550186,0.9651162790697675,1.0,53.918862338607994,3.998435054773083,7,15851.70775600267,639
72134,lumpy,Per requirement,F&O,23.02683470813947,0.02032992565055762,0.5932203389830508,1.0,0.19597717021080738,13.137715179968701,23,57.61569688768608,639
72134,lumpy,Min/Max,F&O,12.650927984874045,0.009061338289962825,0.9512195121951219,0.9373134328358209,33.96629844426034,4.569640062597809,8,9985.815967523682,639
90108,lumpy,EX,SAP,20.0,0.011733271375464684,0.38846153846153847,1.0,0.0,11.424100156494523,20,0.0,639
90108,lumpy,FX,SAP,12.721840695497432,0.009177509293680297,0.45664739884393063,1.0,13.311653816887032,6.854460093896714,12,1254.6278755074409,639
90108,lumpy,HB,SAP,13.92599432776614,0.011733271375464684,0.8278688524590164,0.9056603773584906,35.51776715337898,6.854460093896714,12,3347.561569688768,639
90108,lumpy,TB,SAP,20.0,0.012894981412639405,0.4269230769230769,1.0,0.0,11.424100156494523,20,0.0,639
90108,lumpy,WB,SAP,18.018986301369864,0.011965613382899629,0.44017094017094016,1.0,0.3501313692552871,10.28169014084507,18,33.0,639
90108,lumpy,MB,SAP,13.10856512463416,0.010223048327137546,0.5176470588235295,0.9950755473197733,2.002077971956427,7.42566510172144,13,188.69652614984722,639
90108,lumpy,SP,SAP,8.014398282564539,0.008364312267657992,0.9113924050632911,1.0,37.148047698186815,3.427230046948357,6,3501.216062552652,639
90108,lumpy,WI,SAP,9.987744765875862,0.006737918215613383,0.9830508474576272,1.0,128.86283616914022,1.7136150234741785,3,12145.365902593758,639
90108,lumpy,DY,SAP,7.614399052742469,0.004182156133828996,0.7058823529411765,1.0,85.09534464630048,1.7136150234741785,3,8020.265020242861,639
90108,lumpy,GR,SAP,11.239545223215261,0.011036245353159852,0.7251908396946565,0.9985475236886465,4.417516364511807,6.283255086071987,11,416.35241177890657,639
90108,lumpy,Per period 3d,F&O,18.00172602739726,0.013011152416356878,0.47863247863247865,1.0,0.031830124477753366,10.28169014084507,18,3.0,639
90108,lumpy,Per period 5d,F&O,16.066438663450832,0.010106877323420074,0.44387755102040816,0.9956701162983688,1.2252128391080837,9.139280125195619,16,115.47672456930601,639
90108,lumpy,Per period 7d,F&O,15.104590842461622,0.009990706319702601,0.441025641025641,1.0,1.928787190789016,8.568075117370892,15,181.78884523091443,639
90108,lumpy,Per period 10d,F&O,14.110884520895725,0.01092007434944238,0.5164835164835165,0.9983422318266529,2.0448505674760935,7.996870109546166,14,192.72785774733075,639
90108,lumpy,Per period 14d,F&O,15.070593351044822,0.009758364312267658,0.45901639344262296,1.0,1.3018305240259294,8.568075117370892,15,122.69796729219217,639
90108,lumpy,Per period 21d,F&O,14.119597202803032,0.008828996282527882,0.475,1.0,2.205523422428962,7.996870109546166,14,207.87132868146094,639
90108,lumpy,Per period 28d,F&O,10.716788458761062,0.010339219330855019,0.6544117647058824,0.9956195272058272,13.218484192543304,5.712050078247262,10,1245.846606894227,639
90108,lumpy,Per period 42d,F&O,9.933541081431905,0.009990706319702601,0.7543859649122807,1.0,17.21567622520955,5.140845070422535,9,1622.583308203072,639
90108,lumpy,Per period 56d,F&O,9.145024473776232,0.009409851301115242,0.7641509433962265,1.0,21.115696997754902,4.569640062597809,8,1990.1615853729727,639
90108,lumpy,Per period 84d,F&O,8.493911391598663,0.008131970260223048,0.875,0.9982068131170454,27.549612265018265,3.998435054773083,7,2596.5602758738664,639
90108,lumpy,Per period 112d,F&O,6.853581885898882,0.008364312267657992,0.8571428571428571,0.9998237441952139,34.182390297813726,2.856025039123631,5,3221.701849300438,639
90108,lumpy,Per requirement,F&O,20.0,0.012778810408921933,0.4230769230769231,1.0,0.0,11.424100156494523,20,0.0,639
90108,lumpy,Min/Max,F&O,13.92599432776614,0.012430297397769517,0.9067796610169492,0.9056603773584906,35.51776715337898,6.854460093896714,12,3347.561569688768,639
22597,lumpy,EX,SAP,160.5912646115632,0.1821561338289963,0.7879396984924623,1.0,2.9812015029119676,88.53677621283255,155,12004.774018944521,639
22597,lumpy,FX,SAP,52.74046271340394,0.036013011152416355,0.6365503080082136,1.0,14.25772399769747,14.85133020344288,26,57413.346414073174,639
22597,lumpy,HB,SAP,65.40277049696925,0.041821561338289966,0.994475138121547,0.7401627128454467,26.874209252364803,8.568075117370892,15,108217.71312584574,639
22597,lumpy,TB,SAP,160.5912646115632,0.18192379182156135,0.7869346733668342,1.0,2.9812015029119676,88.53677621283255,155,12004.774018944521,639
22597,lumpy,WB,SAP,63.23110022800156,0.07063197026022305,0.8798842257597684,1.0,5.455111409515957,30.273865414710485,53,21966.77401894452,639
22597,lumpy,MB,SAP,53.965280198326354,0.029391263940520447,0.9166666666666666,0.9999477178442571,15.97716162058966,13.708920187793428,24,64337.21924934775,639
22597,lumpy,SP,SAP,41.10523959264188,0.03822026022304833,0.9939577039274925,1.0,10.719895167549907,11.995305164319248,21,43167.13206655462,639
22597,lumpy,WI,SAP,43.979779505216996,0.04054368029739777,1.0,1.0,13.852135981205286,10.28169014084507,18,55780.11482002471,639
22597,lumpy,DY,SAP,48.1833080994265,0.01963289962825279,0.9657142857142857,1.0,19.825735623386528,6.283255086071987,11,79834.7497428863,639
22597,lumpy,GR,SAP,45.949980293729055,0.05111524163568773,0.975609756097561,1.0,6.904788701021942,18.849765258215964,33,27804.369454182975,639
22597,lumpy,Per period 3d,F&O,90.5073742006043,0.10432156133828996,0.8353488372093023,1.0,4.0028503039327274,47.41001564945227,83,16118.774018944521,639
22597,lumpy,Per period 5d,F&O,68.27369838944311,0.0758596654275093,0.8706666666666667,1.0,4.944635158025663,33.701095461658845,59,19911.175953804333,639
22597,lumpy,Per period 7d,F&O,58.801405583812794,0.06319702602230483,0.8932676518883416,1.0,5.759192024900722,27.417840375586856,48,23191.253165245114,639
22597,lumpy,Per period 10d,F&O,55.13988388903031,0.05401951672862453,0.9189723320158103,1.0,8.072421489504682,22.848200312989047,40,32506.22129115331,639
22597,lumpy,Per period 14d,F&O,47.43358282441338,0.04507434944237918,0.9463414634146341,1.0,10.36177508095218,15.993740219092333,28,41725.04547594636,639
22597,lumpy,Per period 21d,F&O,51.61947353710488,0.03345724907063197,0.9381107491856677,1.0,14.72640301232927,13.708920187793428,24,59300.63435907811,639
22597,lumpy,Per period 28d,F&O,48.601358183553046,0.02857806691449814,0.9609375,1.0,16.31631148690172,10.28169014084507,18,65702.91609998152,639
22597,lumpy,Per period 42d,F&O,59.22355641598656,0.022653345724907063,0.9948979591836735,1.0,23.579519484518148,8.568075117370892,15,94950.57701079466,639
22597,lumpy,Per period 56d,F&O,68.02509654609355,0.018819702602230485,0.9938650306748467,1.0,30.40516150413149,6.283255086071987,11,122436.23670190675,639
22597,lumpy,Per period 84d,F&O,86.00476947110046,0.01428903345724907,1.0,1.0,42.12448414574482,3.998435054773083,7,169627.8873938333,639
22597,lumpy,Per period 112d,F&O,131.48113690809765,0.00987453531598513,1.0,1.0,67.97155623029865,2.2848200312989047,4,273709.499832092,639
22597,lumpy,Per requirement,F&O,160.5912646115632,0.18238847583643122,0.7877571500250878,1.0,2.9812015029119676,88.53677621283255,155,12004.774018944521,639
22597,lumpy,Min/Max,F&O,65.40277049696925,0.04077602230483272,1.0,0.7401627128454467,26.874209252364803,8.568075117370892,15,108217.71312584574,639
85230F,lumpy,EX,SAP,35.0,0.056691449814126396,0.9172932330827067,1.0,0.0,19.992175273865413,35,0.0,639
85230F,lumpy,FX,SAP,16.909341079207408,0.016496282527881042,0.5916666666666667,1.0,14.480750119873838,6.283255086071987,11,37188.09472259833,639
85230F,lumpy,HB,SAP,20.927135062190672,0.017890334572490705,0.9808917197452229,0.8857947989262248,26.77677768820179,5.712050078247262,10,68765.59133964818,639
85230F,lumpy,TB,SAP,35.0,0.057853159851301114,0.9360902255639098,1.0,0.0,19.992175273865413,35,0.0,639
85230F,lumpy,WB,SAP,27.10106301369863,0.04414498141263941,0.9382716049382716,1.0,0.24765337253600164,15.422535211267606,27,636.0,639
85230F,lumpy,MB,SAP,20.235198013127587,0.023350371747211895,0.9392523364485982,0.9999418020999031,5.477318615171278,10.28169014084507,18,14066.332323992567,639
85230F,lumpy,SP,SAP,14.519776947938745,0.01858736059479554,0.9876543209876543,1.0,13.52612916214705,5.140845070422535,9,34736.527344786926,639
85230F,lumpy,WI,SAP,14.712803676556964,0.012314126394052044,0.9906542056074766,1.0,21.35059242521534,3.427230046948357,6,54830.57486109124,639
85230F,lumpy,DY,SAP,17.85568557840174,0.00987453531598513,0.9770114942528736,1.0,29.05217655563962,3.427230046948357,6,74609.0557951144,639
85230F,lumpy,GR,SAP,18.321395547561462,0.026719330855018587,0.9913793103448276,1.0,3.23805962073827,9.710485133020343,17,8315.678876895414,639
85230F,lumpy,Per period 3d,F&O,30.030509589041095,0.04867565055762082,0.9229074889867841,1.0,0.07476328227501935,17.136150234741784,30,192.0,639
85230F,lumpy,Per period 5d,F&O,25.133479452054793,0.03984665427509294,0.9195710455764075,1.0,0.3270893599532097,14.280125195618153,25,840.0,639
85230F,lumpy,Per period 7d,F&O,22.287926315966782,0.03519981412639405,0.9209726443768997,1.0,0.7055590426352648,12.566510172143975,22,1811.9500918599251,639
85230F,lumpy,Per period 10d,F&O,22.307743182795463,0.03310873605947955,0.9253246753246753,1.0,0.7541199723325942,12.566510172143975,22,1936.6596848335148,639
85230F,lumpy,Per period 14d,F&O,21.790655238783568,0.030320631970260224,0.925531914893617,1.0,1.9374885948078777,11.995305164319248,21,4975.675209586245,639
85230F,lumpy,Per period 21d,F&O,16.838394305626483,0.02404739776951673,0.9324324324324325,1.0,4.5049571863851,8.568075117370892,15,11569.205544028737,639
85230F,lumpy,Per period 28d,F&O,16.30314423472053,0.020097583643122675,0.9351351351351351,1.0,5.643819794116419,7.996870109546166,14,14493.924925396435,639
85230F,lumpy,Per period 42d,F&O,14.059279469800575,0.017890334572490705,0.9935483870967742,1.0,9.947202383653943,5.712050078247262,10,25545.46562891741,639
85230F,lumpy,Per period 56d,F&O,14.663285562065212,0.014056691449814127,0.9166666666666666,1.0,11.427310093757354,5.712050078247262,10,29346.538450927634,639
85230F,lumpy,Per period 84d,F&O,15.0572877212545,0.008248141263940521,1.0,1.0,27.09571479270774,2.2848200312989047,4,69584.65548720505,639
85230F,lumpy,Per period 112d,F&O,15.59094395017508,0.00871282527881041,0.9868421052631579,1.0,25.952946499518184,2.856025039123631,5,66649.90589334317,639
85230F,lumpy,Per requirement,F&O,35.0,0.05762081784386617,0.9340866290018832,1.0,0.0,19.992175273865413,35,0.0,639
85230F,lumpy,Min/Max,F&O,20.927135062190672,0.018238847583643122,0.9874213836477987,0.8857947989262248,26.77677768820179,5.712050078247262,10,68765.59133964818,639
22647,lumpy,EX,SAP,74.31915676497303,0.06703066914498142,0.6164529914529915,1.0,1.797892012918125,41.69796557120501,73,1660.3179972936405,639
22647,lumpy,FX,SAP,30.738940107883707,0.0170771375464684,0.40607734806629836,1.0,11.910389302104821,12.566510172143975,22,10999.010825439838,639
22647,lumpy,HB,SAP,36.46870350529223,0.02695167286245353,0.9626556016597511,0.7965719440685611,30.622821824831643,7.996870109546166,14,28279.575101488503,639
22647,lumpy,TB,SAP,74.31915676497303,0.066682156133829,0.6132478632478633,1.0,1.797892012918125,41.69796557120501,73,1660.3179972936405,639
22647,lumpy,WB,SAP,45.32343073757577,0.04112453531598513,0.6366906474820144,1.0,3.166627103444638,24.561815336463223,43,2924.3179972936405,639
22647,lumpy,MB,SAP,28.485198156704786,0.024976765799256506,0.8811475409836066,0.9995243598453858,8.83874174603446,12.566510172143975,22,8162.404576542232,639
22647,lumpy,SP,SAP,22.495177214084272,0.020097583643122675,0.9611111111111111,1.0,12.941072454564049,7.42566510172144,13,11950.82649358883,639
22647,lumpy,WI,SAP,28.133812367153887,0.02079460966542751,0.9835164835164835,1.0,23.351845075345217,6.283255086071987,11,21564.970737969546,639
22647,lumpy,DY,SAP,25.736401453402134,0.014986059479553903,0.9772727272727273,1.0,21.447299696578,5.712050078247262,10,19806.160449971652,639
22647,lumpy,GR,SAP,24.79678067264681,0.03055297397769517,0.9293286219081273,0.9996627932860936,5.1746705375787325,11.995305164319248,21,4778.706708676159,639
22647,lumpy,Per period 3d,F&O,51.750581422507274,0.04995353159851301,0.672926447574335,1.0,2.3858850146237396,28.560250391236305,50,2203.3179972936405,639
22647,lumpy,Per period 5d,F&O,46.19031502575092,0.04309944237918216,0.6757741347905283,1.0,2.9852023619441876,25.13302034428795,44,2756.7758082727128,639
22647,lumpy,Per period 7d,F&O,43.766002720603794,0.03938197026022305,0.6862348178137652,1.0,3.7698129070998165,23.419405320813773,41,3481.348251794431,639
22647,lumpy,Per period 10d,F&O,36.990178104678236,0.032527881040892194,0.7017543859649122,1.0,5.438253841398794,18.849765258215964,33,5022.12071795709,639
22647,lumpy,Per period 14d,F&O,33.278416627086116,0.032527881040892194,0.8484848484848485,0.9998749740774606,5.831097020475427,16.564945226917057,29,5384.903685815287,639
22647,lumpy,Per period 21d,F&O,32.78464981798487,0.031482342007434945,0.9093959731543624,0.9998988912315222,10.609777475087045,14.280125195618153,25,9797.921322636135,639
22647,lumpy,Per period 28d,F&O,28.597177725424487,0.024512081784386616,0.9504504504504504,1.0,17.168820127540982,9.139280125195619,16,15855.068516482545,639
22647,lumpy,Per period 42d,F&O,29.076661775686706,0.017890334572490705,0.9506172839506173,1.0,21.911043909541867,7.42566510172144,13,20234.419131467752,639
22647,lumpy,Per period 56d,F&O,34.95194499148789,0.016031598513011152,0.9452054794520548,1.0,32.64434655340664,6.283255086071987,11,30146.41352376924,639
22647,lumpy,Per period 84d,F&O,43.19268220566977,0.013359665427509293,0.9829059829059829,1.0,45.238640174902464,5.712050078247262,10,41776.996569205054,639
22647,lumpy,Per period 112d,F&O,45.346873511327246,0.010106877323420074,0.9560439560439561,1.0,53.626249356922585,3.427230046948357,6,49522.78907460153,639
22647,lumpy,Per requirement,F&O,74.31915676497303,0.06784386617100371,0.6239316239316239,1.0,1.797892012918125,41.69796557120501,73,1660.3179972936405,639
22647,lumpy,Min/Max,F&O,36.46870350529223,0.028694237918215612,0.9919678714859438,0.7965719440685611,30.622821824831643,7.996870109546166,14,28279.575101488503,639
22573,lumpy,EX,SAP,174.3130601516303,0.19783921933085502,0.7913568773234201,1.0,3.0574835790636152,95.96244131455398,168,13554.51150202977,639
22573,lumpy,FX,SAP,50.98562422377525,0.036477695167286245,0.6738197424892703,1.0,13.069430823285751,13.708920187793428,24,57939.72259810566,639
22573,lumpy,HB,SAP,90.07396985930639,0.041937732342007435,0.9972375690607734,0.7503389548235311,36.8434496191112,7.996870109546166,14,163335.28822733427,639
22573,lumpy,TB,SAP,174.3130601516303,0.19946561338289961,0.7978624535315985,1.0,3.0574835790636152,95.96244131455398,168,13554.51150202977,639
22573,lumpy,WB,SAP,58.756786179027564,0.0604089219330855,0.85667215815486,1.0,5.693939202473144,26.84663536776213,47,25242.51150202977,639
22573,lumpy,MB,SAP,47.32643912874039,0.020910780669144983,0.9424083769633508,1.0,14.687423756551892,9.710485133020343,17,65112.64871758965,639
22573,lumpy,SP,SAP,39.900078339320594,0.03787174721189591,0.9908814589665653,1.0,9.63782401611359,11.424100156494523,20,42726.6387873648,639
22573,lumpy,WI,SAP,42.28096578294966,0.042053903345724904,0.9972451790633609,1.0,11.759535373031804,10.28169014084507,18,52132.661828097785,639
22573,lumpy,DY,SAP,50.37545947261649,0.01486988847583643,0.9846153846153847,1.0,20.522895138159274,4.569640062597809,8,90982.60416179422,639
22573,lumpy,GR,SAP,44.636219475157084,0.04402881040892193,0.9717948717948718,0.9999819111539503,7.088480012867845,17.136150234741784,30,31424.824167249026,639
22573,lumpy,Per period 3d,F&O,84.50908754889058,0.09897769516728624,0.8756423432682425,1.0,4.121043492169017,43.41158059467919,76,18269.51150202977,639
22573,lumpy,Per period 5d,F&O,64.10682488574093,0.06970260223048327,0.8888888888888888,1.0,5.379155890811269,30.273865414710485,53,23847.006372326134,639
22573,lumpy,Per period 7d,F&O,55.6768512357161,0.05762081784386617,0.8701754385964913,1.0,6.623847557622114,23.990610328638496,42,29365.004123743387,639
22573,lumpy,Per period 10d,F&O,49.63562147074896,0.046236059479553906,0.9004524886877828,0.9999565307254996,8.05681210897349,18.849765258215964,33,35717.657863666886,639
22573,lumpy,Per period 14d,F&O,47.83152326026847,0.036361524163568776,0.8994252873563219,0.9999793600202276,11.05755462115352,14.280125195618153,25,49020.623470576415,639
22573,lumpy,Per period 21d,F&O,42.9486321163654,0.02648698884758364,0.9344262295081968,1.0,13.535826002071227,8.568075117370892,15,60007.35719101983,639
22573,lumpy,Per period 28d,F&O,51.55281381229997,0.021723977695167287,0.9894179894179894,1.0,19.155857196392752,6.854460093896714,12,84922.21789111463,639
22573,lumpy,Per period 42d,F&O,62.80330694387352,0.016263940520446097,0.9459459459459459,1.0,25.573214894753843,5.712050078247262,10,113371.80608537549,639
22573,lumpy,Per period 56d,F&O,80.95358086732105,0.014056691449814127,1.0,1.0,35.81652220696731,3.998435054773083,7,158782.68833277753,639
22573,lumpy,Per period 84d,F&O,91.82583338038262,0.010687732342007435,0.989247311827957,0.9999969963481705,41.082072150687466,3.998435054773083,7,182126.05402258618,639
22573,lumpy,Per period 112d,F&O,147.89849819892646,0.009526022304832713,1.0,1.0,68.72298342111729,3.427230046948357,6,304664.4226035774,639
22573,lumpy,Per requirement,F&O,174.3130601516303,0.19690985130111524,0.787639405204461,1.0,3.0574835790636152,95.96244131455398,168,13554.51150202977,639
22573,lumpy,Min/Max,F&O,90.07396985930639,0.04077602230483272,0.9915254237288136,0.7503389548235311,36.8434496191112,7.996870109546166,14,163335.28822733427,639
84874B,lumpy,EX,SAP,26.0,0.01266263940520446,0.2780612244897959,1.0,0.0,14.85133020344288,26,0.0,639
84874B,lumpy,FX,SAP,14.747899271507219,0.014986059479553903,0.5,1.0,10.996294497508666,7.996870109546166,14,827.2219215155606,639
84874B,lumpy,HB,SAP,13.967414907223759,0.016728624535315983,0.8044692737430168,0.8224042716600225,43.629629629629655,6.283255086071987,11,3282.140730717187,639
84874B,lumpy,TB,SAP,26.0,0.014637546468401487,0.32142857142857145,1.0,0.0,14.85133020344288,26,0.0,639
84874B,lumpy,WB,SAP,23.059671232876713,0.014172862453531599,0.3536231884057971,1.0,0.8773406723868113,13.137715179968701,23,66.0,639
84874B,lumpy,MB,SAP,15.851798643130945,0.011733271375464684,0.517948717948718,0.998618681555506,12.52391744354806,8.568075117370892,15,942.1409234630139,639
84874B,lumpy,SP,SAP,7.437631121510499,0.007551115241635688,0.9154929577464789,1.0,50.54317556661181,2.2848200312989047,4,3802.2283616707036,639
84874B,lumpy,WI,SAP,8.1103944344489,0.006737918215613383,0.8923076923076924,0.9935063183482387,75.1376613676604,1.7136150234741785,3,5652.405965375297,639
84874B,lumpy,DY,SAP,9.402561604480871,0.002091078066914498,0.9473684210526315,1.0,123.54209377704778,0.5712050078247262,1,9293.742380713691,639
84874B,lumpy,GR,SAP,11.199315917372395,0.01591542750929368,0.7611111111111111,0.9984961730578519,17.633432101624045,5.712050078247262,10,1326.516090427044,639
84874B,lumpy,Per period 3d,F&O,25.00180821917808,0.013359665427509293,0.3116531165311653,1.0,0.026586080981418524,14.280125195618153,25,2.0,639
84874B,lumpy,Per period 5d,F&O,21.031220783953533,0.014056691449814127,0.3805031446540881,1.0,0.4590363273175254,11.995305164319248,21,34.532079221330434,639
84874B,lumpy,Per period 7d,F&O,20.076591230931392,0.012430297397769517,0.36271186440677966,0.9977186121924193,1.126113854277454,11.424100156494523,20,84.7145433029046,639
84874B,lumpy,Per period 10d,F&O,17.29935454395123,0.01266263940520446,0.4560669456066946,1.0,4.401382445287433,9.710485133020343,17,331.1042683096945,639
84874B,lumpy,Per period 14d,F&O,16.227528225991392,0.010339219330855019,0.40825688073394495,0.9996990874226969,3.345326670067353,9.139280125195619,16,251.66000753593283,639
84874B,lumpy,Per period 21d,F&O,13.617578101523023,0.011617100371747211,0.5181347150259067,0.9928940570752721,9.080194269842806,7.42566510172144,13,683.0788092603127,639
84874B,lumpy,Per period 28d,F&O,11.916155751615872,0.01312732342007435,0.6890243902439024,0.9986440868444447,13.470154115877198,6.283255086071987,11,1013.3237858781612,639
84874B,lumpy,Per period 42d,F&O,10.659638214697189,0.009642193308550186,0.6384615384615384,1.0,24.401508683584336,5.140845070422535,9,1835.6604495893155,639
84874B,lumpy,Per period 56d,F&O,8.9800866713521,0.007434944237918215,0.6213592233009708,1.0,29.11303299560596,3.998435054773083,7,2190.09586376823,639
84874B,lumpy,Per period 84d,F&O,7.889824200710526,0.007434944237918215,0.735632183908046,0.9988108865262894,27.78591215586079,3.427230046948357,6,2090.260100785885,639
84874B,lumpy,Per period 112d,F&O,8.493032746360374,0.008131970260223048,0.8860759493670886,1.0,51.357740583184146,2.856025039123631,5,3863.5059164288987,639
84874B,lumpy,Per requirement,F&O,26.0,0.014056691449814127,0.3086734693877551,1.0,0.0,14.85133020344288,26,0.0,639
84874B,lumpy,Min/Max,F&O,13.967414907223759,0.01486988847583643,0.7619047619047619,0.8224042716600225,43.629629629629655,6.283255086071987,11,3282.140730717187,639
22286,lumpy,EX,SAP,91.0,0.1116403345724907,0.611323155216285,1.0,0.0,51.979655712050075,91,0.0,639
22286,lumpy,FX,SAP,41.0557520158675,0.029275092936802975,0.6923076923076923,1.0,16.970109068076756,8.568075117370892,15,28819.24086603526,639
22286,lumpy,HB,SAP,47.61576792036629,0.02857806691449814,0.9959514170040485,0.848848779594453,23.847846527000883,6.283255086071987,11,40499.25845737483,639
22286,lumpy,TB,SAP,91.0,0.11210501858736059,0.6138676844783715,1.0,0.0,51.979655712050075,91,0.0,639
22286,lumpy,WB,SAP,43.69430136986301,0.06098977695167286,0.8126934984520123,1.0,1.1034983378433079,23.990610328638496,42,1874.0,639
22286,lumpy,MB,SAP,31.873165013721767,0.025906133828996283,0.8884462151394422,0.9998719018242143,8.384291276688941,10.852895148669797,19,14238.500696995285,639
22286,lumpy,SP,SAP,23.81855146992152,0.032063197026022304,0.9857142857142858,1.0,7.046121650657636,7.42566510172144,13,11965.973595519257,639
22286,lumpy,WI,SAP,38.065376675052775,0.02950743494423792,0.9731800766283525,1.0,16.3250776929806,7.42566510172144,13,27723.825716346255,639
22286,lumpy,DY,SAP,32.23139516082553,0.019865241635687734,0.9941860465116279,1.0,13.17670594460249,6.854460093896714,12,22377.1491930343,639
22286,lumpy,GR,SAP,29.50475524468231,0.04309944237918216,0.9661458333333334,0.999966885842896,2.933946707072405,14.280125195618153,25,4982.532316088011,639
22286,lumpy,Per period 3d,F&O,60.54698630136986,0.08282992565055762,0.7585106382978724,1.0,0.3562521314808971,34.27230046948357,60,605.0,639
22286,lumpy,Per period 5d,F&O,41.640985307526115,0.06319702602230483,0.8607594936708861,1.0,1.0687735909856264,22.848200312989047,40,1815.0292037788868,639
22286,lumpy,Per period 7d,F&O,39.17680099220989,0.05343866171003717,0.8127208480565371,1.0,1.4177503007705725,21.134585289514867,37,2407.6738247170033,639
22286,lumpy,Per period 10d,F&O,31.74486305184911,0.04402881040892193,0.8459821428571429,0.9995290490532082,3.74162881622735,14.85133020344288,26,6354.166708863409,639
22286,lumpy,Per period 14d,F&O,35.350509205521824,0.0412407063197026,0.9491978609625669,0.9998115399816376,4.787386019319028,15.993740219092333,28,8130.108666713535,639
22286,lumpy,Per period 21d,F&O,27.92655899885959,0.029275092936802975,0.9368029739776952,0.9997535572652971,7.1164669450531415,9.710485133020343,17,12085.436468435606,639
22286,lumpy,Per period 28d,F&O,30.32204352395216,0.024163568773234202,0.9327354260089686,1.0,8.676645812159139,9.710485133020343,17,14734.987534068297,639
22286,lumpy,Per period 42d,F&O,35.19885258654874,0.018471189591078067,0.9754601226993865,1.0,15.109410713159157,6.854460093896714,12,25659.336951788755,639
22286,lumpy,Per period 56d,F&O,39.11360918285669,0.016147769516728624,0.9928571428571429,1.0,20.264291010025307,4.569640062597809,8,34413.537429523305,639
22286,lumpy,Per period 84d,F&O,46.1946285412987,0.010571561338289962,0.9891304347826086,1.0,26.178758144507917,3.427230046948357,6,44457.69520476977,639
22286,lumpy,Per period 112d,F&O,54.42978836093505,0.011733271375464684,0.9805825242718447,1.0,31.542317033430642,3.427230046948357,6,53566.28106588271,639
22286,lumpy,Per requirement,F&O,91.0,0.11280204460966543,0.6176844783715013,1.0,0.0,51.979655712050075,91,0.0,639
22286,lumpy,Min/Max,F&O,47.61576792036629,0.028810408921933085,0.992,0.848848779594453,23.847846527000883,6.283255086071987,11,40499.25845737483,639
21792,lumpy,EX,SAP,99.0,0.066682156133829,0.41745454545454547,1.0,0.0,56.54929577464789,99,0.0,639
21792,lumpy,FX,SAP,40.214662353791695,0.03136617100371747,0.6474820143884892,1.0,11.4365348718819,12.566510172143975,22,4924.705006765903,639
21792,lumpy,HB,SAP,55.99770849166775,0.03264405204460966,0.95578231292517,0.7813949319362039,25.741444651846823,8.568075117370892,15,11084.565629228688,639
21792,lumpy,TB,SAP,99.0,0.07342007434944238,0.4596363636363636,1.0,0.0,56.54929577464789,99,0.0,639
21792,lumpy,WB,SAP,56.415205479452055,0.04925650557620818,0.5593667546174143,1.0,1.5164476371841042,30.845070422535212,54,653.0,639
21792,lumpy,MB,SAP,43.61232679833555,0.026022304832713755,0.8145454545454546,0.9981368006086753,12.94196892816508,13.137715179968701,23,5572.962430661093,639
21792,lumpy,SP,SAP,32.61947438533127,0.03485130111524164,0.9523809523809523,1.0,9.807080692391846,9.710485133020343,17,4223.043074552528,639
21792,lumpy,WI,SAP,35.68241605639003,0.03066914498141264,0.9072164948453608,1.0,12.358101029796728,9.139280125195619,16,5321.5421189498975,639
21792,lumpy,DY,SAP,38.77381575044058,0.020213754646840148,0.9775280898876404,1.0,18.06636548266931,5.712050078247262,10,7779.587221415416,639
21792,lumpy,GR,SAP,37.13341947155415,0.04321561338289963,0.8248337028824834,0.9996643198151535,3.2231468065728603,18.278560250391237,32,1387.9245237905666,639
21792,lumpy,Per period 3d,F&O,66.40547945205479,0.05471654275092937,0.5221729490022173,1.0,0.88246570004588,37.1283255086072,65,380.0,639
21792,lumpy,Per period 5d,F&O,55.229783752355026,0.0504182156133829,0.5977961432506887,1.0,1.4000259321444672,30.273865414710485,53,602.8674589700631,639
21792,lumpy,Per period 7d,F&O,53.78986535387468,0.042402416356877325,0.5598159509202454,1.0,3.0074376942707066,27.98904538341158,49,1295.037669751303,639
21792,lumpy,Per period 10d,F&O,44.066374795737396,0.039962825278810406,0.6745098039215687,0.9997899692628065,3.80892632263995,21.705790297339593,38,1640.168000328999,639
21792,lumpy,Per period 14d,F&O,41.877177548784246,0.037407063197026025,0.7470997679814385,0.9998477865038259,8.085260502093737,16.564945226917057,29,3481.607263189815,639
21792,lumpy,Per period 21d,F&O,43.82408946330055,0.030436802973977696,0.8213166144200627,1.0,12.447054249300859,13.708920187793428,24,5359.846410447927,639
21792,lumpy,Per period 28d,F&O,43.40885091996303,0.025906133828996283,0.8643410852713178,1.0,16.581462703293848,9.710485133020343,17,7140.170804286299,639
21792,lumpy,Per period 42d,F&O,46.8099167169521,0.020213754646840148,0.9109947643979057,0.9999203015419369,22.484158824242833,6.283255086071987,11,9681.940445694456,639
21792,lumpy,Per period 56d,F&O,63.04415937071054,0.016844795539033456,0.9354838709677419,1.0,34.5608628866794,4.569640062597809,8,14882.3097557847,639
21792,lumpy,Per period 84d,F&O,87.7156000562936,0.013592007434944238,0.9590163934426229,1.0,51.30719919307288,3.427230046948357,6,22093.477052257156,639
21792,lumpy,Per period 112d,F&O,93.79448529349777,0.010223048327137546,0.967032967032967,0.9996949377841668,56.379730923093334,2.2848200312989047,4,24277.768246019765,639
21792,lumpy,Per requirement,F&O,99.0,0.07353624535315985,0.4596949891067538,1.0,0.0,56.54929577464789,99,0.0,639
21792,lumpy,Min/Max,F&O,55.99770849166775,0.03055297397769517,0.9633699633699634,0.7813949319362039,25.741444651846823,8.568075117370892,15,11084.565629228688,639
21085,lumpy,EX,SAP,16.0,0.029158921933085502,0.5919811320754716,1.0,0.0,9.139280125195619,16,0.0,639
21085,lumpy,FX,SAP,15.642508387864382,0.0033689591078066915,0.7837837837837838,1.0,3.698841265869357,0.0,0,43919.350473619226,639
21085,lumpy,HB,SAP,179.13699338239385,0.0015102230483271376,1.0,1.0,42.122429840720216,0.5712050078247262,1,500153.8660351827,639
21085,lumpy,TB,SAP,16.0,0.030320631970260224,0.6155660377358491,1.0,0.0,9.139280125195619,16,0.0,639
21085,lumpy,WB,SAP,14.56958904109589,0.018471189591078067,0.8112244897959183,1.0,1.0805290362754578,5.712050078247262,10,12830.0,639
21085,lumpy,MB,SAP,105.21905776543313,0.004298327137546468,0.9736842105263158,1.0,24.8801907704657,0.0,0,295422.7391106392,639
21085,lumpy,SP,SAP,3.2023717177555824,0.0060408921933085506,0.9811320754716981,1.0,0.28431387193622315,1.1424100156494523,2,3375.8898229291344,639
21085,lumpy,WI,SAP,28.959311848393707,0.007783457249070632,0.9710144927536232,1.0,6.37482254710771,1.1424100156494523,2,75693.4524974131,639
21085,lumpy,DY,SAP,3.164557854745769,0.005227695167286246,0.9782608695652174,1.0,0.5118332505870167,0.5712050078247262,1,6077.41243832466,639
21085,lumpy,GR,SAP,4.564607847432004,0.011268587360594795,0.941747572815534,1.0,0.13350766726999913,2.2848200312989047,4,1585.2451100975513,639
21085,lumpy,Per period 3d,F&O,23.09430136986301,0.022072490706319704,0.6484641638225256,1.0,2.150446485756628,7.996870109546166,14,25534.0,639
21085,lumpy,Per period 5d,F&O,17.119589041095892,0.015450743494423791,0.8159509202453987,1.0,2.1564260306962657,4.569640062597809,8,25605.0,639
21085,lumpy,Per period 7d,F&O,17.119589041095892,0.015218401486988848,0.8343949044585988,1.0,2.1564260306962657,4.569640062597809,8,25605.0,639
21085,lumpy,Per period 10d,F&O,26.635980801756308,0.013475836431226766,0.8467153284671532,1.0,4.643141258706441,3.998435054773083,7,55131.79225108502,639
21085,lumpy,Per period 14d,F&O,226.50736641900372,0.006854089219330855,0.9365079365079365,1.0,53.5601307130503,0.0,0,635962.9903302797,639
21085,lumpy,Per period 21d,F&O,10.095179671419338,0.009990706319702601,0.9052631578947369,1.0,1.2048106581349596,2.856025039123631,5,14305.696769754291,639
21085,lumpy,Per period 28d,F&O,730.4835356010066,0.0027881040892193307,0.96,1.0,172.73077811582604,0.0,0,2050973.0038028262,639
21085,lumpy,Per period 42d,F&O,20.555558602764922,0.006970260223048327,0.9836065573770492,1.0,4.151202799141351,1.7136150234741785,3,49290.60684622459,639
21085,lumpy,Per period 56d,F&O,639.9270824897053,0.0011617100371747212,1.0,1.0,151.31771971409904,0.0,0,1796718.3469903264,639
21085,lumpy,Per period 84d,F&O,675.4176224453872,0.0006970260223048327,0.8571428571428571,1.0,159.70984394897593,0.0,0,1896364.8630197411,639
21085,lumpy,Per period 112d,F&O,1116.8222730914856,0.0005808550185873606,1.0,1.0,264.08477514754827,0.0,0,3135693.305218402,639
21085,lumpy,Per requirement,F&O,16.0,0.031482342007434945,0.6391509433962265,1.0,0.0,9.139280125195619,16,0.0,639
21085,lumpy,Min/Max,F&O,179.13699338239385,0.0015102230483271376,1.0,1.0,42.122429840720216,0.5712050078247262,1,500153.8660351827,639
35637C,lumpy,EX,SAP,15.0,0.010106877323420074,0.4027777777777778,1.0,0.0,8.568075117370892,15,0.0,639
35637C,lumpy,FX,SAP,11.552317756316354,0.008131970260223048,0.5035971223021583,1.0,12.600892018779232,4.569640062597809,8,1089.5764546684613,639
35637C,lumpy,HB,SAP,16.113414276975554,0.006273234200743495,0.8181818181818182,0.9767441860465116,32.327386541471064,3.998435054773083,7,2795.290933694182,639
35637C,lumpy,TB,SAP,15.0,0.010571561338289962,0.4252336448598131,1.0,0.0,8.568075117370892,15,0.0,639
35637C,lumpy,WB,SAP,14.013041095890411,0.008828996282527882,0.3781094527363184,1.0,0.04625978090766823,7.996870109546166,14,4.0,639
35637C,lumpy,MB,SAP,12.030508186269168,0.007434944237918215,0.42953020134228187,1.0,3.6554506861208327,6.283255086071987,11,316.0802420069299,639
35637C,lumpy,SP,SAP,9.616154243036325,0.012197955390334572,0.8467741935483871,1.0,12.827334789724006,3.427230046948357,6,1109.1565535363518,639
35637C,lumpy,WI,SAP,25.143585907499826,0.006737918215613383,0.7073170731707317,1.0,67.90672327769842,3.427230046948357,6,5871.772148098686,639
35637C,lumpy,DY,SAP,9.537829424135271,0.008364312267657992,0.6990291262135923,1.0,12.549498556293672,3.427230046948357,6,1085.1325544616584,639
35637C,lumpy,GR,SAP,12.532714122099028,0.00929368029739777,0.4371584699453552,1.0,1.8896601007927485,6.854460093896714,12,163.39550803877756,639
35637C,lumpy,Per period 3d,F&O,14.013041095890411,0.009409851301115242,0.40298507462686567,1.0,0.04625978090766823,7.996870109546166,14,4.0,639
35637C,lumpy,Per period 5d,F&O,14.013041095890411,0.009526022304832713,0.4079601990049751,1.0,0.04625978090766823,7.996870109546166,14,4.0,639
35637C,lumpy,Per period 7d,F&O,14.013041095890411,0.00871282527881041,0.373134328358209,1.0,0.04625978090766823,7.996870109546166,14,4.0,639
35637C,lumpy,Per period 10d,F&O,12.523745456105031,0.008364312267657992,0.3956043956043956,0.9986858388102229,1.857846169862187,6.854460093896714,12,160.6446146876776,639
35637C,lumpy,Per period 14d,F&O,14.743314577673186,0.008945167286245352,0.463855421686747,1.0,6.183939685283949,7.42566510172144,13,534.7141351686662,639
35637C,lumpy,Per period 21d,F&O,13.269319889598572,0.007318773234200744,0.44366197183098594,1.0,8.049802085991384,6.283255086071987,11,696.0518989104863,639
35637C,lumpy,Per period 28d,F&O,12.932436619258262,0.009990706319702601,0.6142857142857143,0.9970600139222943,10.402030371715615,5.712050078247262,10,899.4448454027439,639
35637C,lumpy,Per period 42d,F&O,29.090908494233574,0.0055762081784386614,0.6857142857142857,0.9993280956758748,89.00325091321908,2.2848200312989047,4,7695.950924701893,639
35637C,lumpy,Per period 56d,F&O,17.15206204015974,0.006854089219330855,0.5619047619047619,0.9965305793453526,25.370016890920525,5.712050078247262,10,2193.699701393534,639
35637C,lumpy,Per period 84d,F&O,15.014498189212915,0.008015799256505576,0.7666666666666667,0.9949118152127526,31.976508318766786,3.427230046948357,6,2764.9511252627844,639
35637C,lumpy,Per period 112d,F&O,25.584664544208657,0.008945167286245352,0.8461538461538461,1.0,73.01856223395433,2.856025039123631,5,6313.783662719461,639
35637C,lumpy,Per requirement,F&O,15.0,0.009990706319702601,0.39814814814814814,1.0,0.0,8.568075117370892,15,0.0,639
35637C,lumpy,Min/Max,F&O,16.113414276975554,0.006737918215613383,0.8923076923076924,0.9767441860465116,32.327386541471064,3.998435054773083,7,2795.290933694182,639
23224,lumpy,EX,SAP,49.133800107512926,0.047978624535315983,0.6988155668358714,1.0,10.797999075452411,26.275430359937403,46,6890.584573748307,639
23224,lumpy,FX,SAP,22.993774697388176,0.021143122676579924,0.5652173913043478,1.0,13.761176211136126,10.852895148669797,19,8781.492557510144,639
23224,lumpy,HB,SAP,21.21879452796263,0.022304832713754646,0.96,0.7274662530116505,42.101770211755316,5.140845070422535,9,26866.626522327464,639
23224,lumpy,TB,SAP,49.133800107512926,0.047397769516728624,0.6926994906621392,1.0,10.797999075452411,26.275430359937403,46,6890.584573748307,639
23224,lumpy,WB,SAP,19.548572710252657,0.021143122676579924,0.875,1.0,12.227163038453542,9.139280125195619,16,7802.584573748307,639
23224,lumpy,MB,SAP,12.86682599079407,0.00929368029739777,1.0,0.999530685485556,20.215067793430784,3.998435054773083,7,12899.948714697803,639
23224,lumpy,SP,SAP,11.14693229491834,0.008828996282527882,1.0,1.0,21.180217933578895,2.856025039123631,5,13515.84510629635,639
23224,lumpy,WI,SAP,15.70479042317622,0.009990706319702601,1.0,1.0,36.88503195058741,2.856025039123631,5,23537.641593128435,639
23224,lumpy,DY,SAP,13.354253934447314,0.005808550185873606,0.9803921568627451,1.0,32.231546962282586,2.2848200312989047,4,20568.0884703209,639
23224,lumpy,GR,SAP,12.69204482100234,0.01428903345724907,0.9609375,1.0,16.167175282718798,4.569640062597809,8,10316.845540155746,639
23224,lumpy,Per period 3d,F&O,29.25068229929375,0.031482342007434945,0.8187311178247734,1.0,11.200734972920932,14.85133020344288,26,7147.584573748307,639
23224,lumpy,Per period 5d,F&O,18.670619014049883,0.022072490706319704,0.9178743961352657,1.0,12.647692692660092,8.568075117370892,15,8070.939398362696,639
23224,lumpy,Per period 7d,F&O,17.81897177853802,0.019981412639405203,0.8958333333333334,1.0,13.158865377204753,7.996870109546166,14,8397.136741966133,639
23224,lumpy,Per period 10d,F&O,15.359120732146394,0.01638011152416357,0.9591836734693877,1.0,15.020033193137543,6.283255086071987,11,9584.813658032732,639
23224,lumpy,Per period 14d,F&O,13.879973033475384,0.013824349442379182,0.9596774193548387,1.0,16.814711371466274,5.140845070422535,9,10730.06118806334,639
23224,lumpy,Per period 21d,F&O,14.899024656344533,0.011733271375464684,0.9711538461538461,1.0,23.771669954997062,4.569640062597809,8,15169.542166058762,639
23224,lumpy,Per period 28d,F&O,12.506358036799615,0.008945167286245352,0.9746835443037974,1.0,25.864332235824527,2.856025039123631,5,16504.943876095538,639
23224,lumpy,Per period 42d,F&O,13.548614956903247,0.0070864312267657995,1.0,1.0,29.45559168874305,2.856025039123631,5,18796.653369094485,639
23224,lumpy,Per period 56d,F&O,16.234513945015422,0.004879182156133829,1.0,1.0,45.60159054169953,1.7136150234741785,3,29099.985481509808,639
23224,lumpy,Per period 84d,F&O,20.700574593420676,0.005111524163568773,0.9777777777777777,1.0,57.544445348301934,2.2848200312989047,4,36721.14293131654,639
23224,lumpy,Per period 112d,F&O,22.176768029517536,0.005111524163568773,0.9777777777777777,0.9999429265759079,66.07655764529052,1.7136150234741785,3,42165.78512514398,639
23224,lumpy,Per requirement,F&O,49.133800107512926,0.049837360594795536,0.7283531409168081,1.0,10.797999075452411,26.275430359937403,46,6890.584573748307,639
23224,lumpy,Min/Max,F&O,21.21879452796263,0.022653345724907063,0.975,0.7274662530116505,42.101770211755316,5.140845070422535,9,26866.626522327464,639
21814,lumpy,EX,SAP,52.83560190557399,0.04879182156133829,0.6431852986217458,1.0,5.973180779483139,28.560250391236305,50,3568.9472259810555,639
21814,lumpy,FX,SAP,31.87260581682021,0.01696096654275093,0.4866666666666667,1.0,27.116077717308833,10.852895148669797,19,16201.728010825436,639
21814,lumpy,HB,SAP,32.121081617142764,0.02648698884758364,0.9785407725321889,0.7742740727215426,44.49144942010968,6.283255086071987,11,26583.43031123141,639
21814,lumpy,TB,SAP,52.83560190557399,0.048327137546468404,0.6370597243491577,1.0,5.973180779483139,28.560250391236305,50,3568.9472259810555,639
21814,lumpy,WB,SAP,28.790615604204127,0.03136617100371747,0.8083832335329342,1.0,7.984912206799245,14.280125195618153,25,4770.947225981055,639
21814,lumpy,MB,SAP,21.365335353067394,0.01428903345724907,0.7454545454545455,1.0,15.515040908566585,7.996870109546166,14,9270.163461619306,639
21814,lumpy,SP,SAP,16.951632079715935,0.016496282527881042,0.993006993006993,1.0,20.963061615313187,3.998435054773083,7,12525.330031366608,639
21814,lumpy,WI,SAP,17.641659150740665,0.01486988847583643,0.9696969696969697,1.0,20.3101052402044,4.569640062597809,8,12135.191689725321,639
21814,lumpy,DY,SAP,31.411993135861138,0.007783457249070632,0.9571428571428572,1.0,55.636727227770514,2.856025039123631,5,33242.68101582523,639
21814,lumpy,GR,SAP,19.972992118669985,0.020446096654275093,0.8380952380952381,1.0,10.475582232248435,8.568075117370892,15,6259.110770050154,639
21814,lumpy,Per period 3d,F&O,37.000067658998645,0.0383364312267658,0.7333333333333333,1.0,6.319627040260537,19.420970266040687,34,3775.9472259810555,639
21814,lumpy,Per period 5d,F&O,29.551285195431046,0.029158921933085502,0.7746913580246914,0.9991518322733323,7.480763935908646,14.85133020344288,26,4469.721021835625,639
21814,lumpy,Per period 7d,F&O,26.768643038909318,0.024512081784386616,0.7814814814814814,1.0,7.938627111406659,13.137715179968701,23,4743.29210069621,639
21814,lumpy,Per period 10d,F&O,22.2991629519069,0.02079460966542751,0.7991071428571429,0.9992084638595399,9.056164570110255,10.28169014084507,18,5411.015439469029,639
21814,lumpy,Per period 14d,F&O,18.16754302031473,0.020446096654275093,0.8979591836734694,0.99940356944112,10.885402702481294,7.42566510172144,13,6503.976560051303,639
21814,lumpy,Per period 21d,F&O,18.651215355942547,0.015799256505576207,0.8047337278106509,1.0,14.010750820213286,6.854460093896714,12,8371.357258341483,639
21814,lumpy,Per period 28d,F&O,16.246776236854252,0.012197955390334572,0.9051724137931034,1.0,17.37179158112636,4.569640062597809,8,10379.563194661385,639
21814,lumpy,Per period 42d,F&O,21.718355169255787,0.011152416356877323,0.8421052631578947,0.9997443123108699,28.897644363281973,4.569640062597809,8,17266.205644063317,639
21814,lumpy,Per period 56d,F&O,21.616100351292765,0.009177509293680297,0.9294117647058824,0.9994403643372541,32.89523479493513,3.427230046948357,6,19654.746993868484,639
21814,lumpy,Per period 84d,F&O,35.83809015509775,0.005808550185873606,0.8928571428571429,1.0,67.06677259457746,2.2848200312989047,4,40072.07898831269,639
21814,lumpy,Per period 112d,F&O,36.30744398212469,0.005343866171003717,0.8518518518518519,1.0,68.0554640088635,2.2848200312989047,4,40662.817425777626,639
21814,lumpy,Per requirement,F&O,52.83560190557399,0.047862453531598514,0.6309341500765697,1.0,5.973180779483139,28.560250391236305,50,3568.9472259810555,639
21814,lumpy,Min/Max,F&O,32.121081617142764,0.026138475836431228,0.974025974025974,0.7742740727215426,44.49144942010968,6.283255086071987,11,26583.43031123141,639
84637,lumpy,EX,SAP,81.0,0.03310873605947955,0.25355871886120995,1.0,0.0,46.267605633802816,81,0.0,639
84637,lumpy,FX,SAP,23.357258286837006,0.014986059479553903,0.6231884057971014,1.0,12.603996752605072,3.427230046948357,6,6386.491204330148,639
84637,lumpy,HB,SAP,60.73932281683875,0.013824349442379182,0.9916666666666667,0.6919041686288769,40.47518520298889,2.856025039123631,5,20508.924221921516,639
84637,lumpy,TB,SAP,81.0,0.036361524163568776,0.27846975088967973,1.0,0.0,46.267605633802816,81,0.0,639
84637,lumpy,WB,SAP,45.543561643835616,0.031133828996282528,0.4148606811145511,1.0,0.39470802822242523,25.704225352112676,45,200.0,639
84637,lumpy,MB,SAP,31.59225771189168,0.019400557620817844,0.5778546712802768,0.9979695125764461,6.965431006031616,12.566510172143975,22,3529.4093395569184,639
84637,lumpy,SP,SAP,18.84932486690292,0.01974907063197026,0.8762886597938144,1.0,6.425949308467482,5.712050078247262,10,3256.0519923584334,639
84637,lumpy,WI,SAP,25.287154770556384,0.019516728624535316,0.8842105263157894,1.0,11.100788263938174,5.712050078247262,10,5624.809971021251,639
84637,lumpy,DY,SAP,24.319418312283112,0.009642193308550186,0.9431818181818182,1.0,14.754973290744884,2.2848200312989047,4,7476.398874983201,639
84637,lumpy,GR,SAP,24.419677106747212,0.032992565055762084,0.8279883381924198,1.0,2.4832031900502494,11.995305164319248,21,1258.2481289946902,639
84637,lumpy,Per period 3d,F&O,59.206553424657535,0.03136617100371747,0.3312883435582822,1.0,0.14998905072452157,33.701095461658845,59,76.0,639
84637,lumpy,Per period 5d,F&O,43.44572054794521,0.025673791821561338,0.36894824707846413,1.0,0.32366058314238866,24.561815336463223,43,164.0,639
84637,lumpy,Per period 7d,F&O,40.79543789643257,0.028694237918215612,0.4616822429906542,1.0,1.3037596746083788,22.27699530516432,39,660.6197905220647,639
84637,lumpy,Per period 10d,F&O,37.34681523009669,0.02358271375464684,0.45617977528089887,0.9985704055005231,4.608748526268574,17.70735524256651,31,2335.2697167190427,639
84637,lumpy,Per period 14d,F&O,35.68100099085991,0.023350371747211895,0.5877192982456141,0.9992271288229921,7.756023421363864,14.280125195618153,25,3930.005404903091,639
84637,lumpy,Per period 21d,F&O,30.9458274453453,0.02184014869888476,0.6045016077170418,0.9987823954353827,6.496024787279027,12.566510172143975,22,3291.5594934990268,639
84637,lumpy,Per period 28d,F&O,29.87552473679279,0.023815055762081785,0.7620817843866171,0.9991451177639621,9.349579829303517,9.710485133020343,17,4737.466259001379,639
84637,lumpy,Per period 42d,F&O,40.33978070543602,0.009061338289962825,0.8478260869565217,1.0,24.935878543947045,3.427230046948357,6,12635.10076359289,639
84637,lumpy,Per period 56d,F&O,54.59610815300893,0.009758364312267658,0.9545454545454546,0.999387756129616,36.74043286770662,2.2848200312989047,4,18616.51156839542,639
84637,lumpy,Per period 84d,F&O,133.82068405554202,0.003949814126394052,0.9714285714285714,1.0,96.44792068251812,0.5712050078247262,1,48870.513790597615,639
84637,lumpy,Per period 112d,F&O,151.109982047362,0.0030204460966542753,0.896551724137931,1.0,109.00256797430711,0.5712050078247262,1,55231.999442829765,639
84637,lumpy,Per requirement,F&O,81.0,0.035896840148698886,0.2749110320284697,1.0,0.0,46.267605633802816,81,0.0,639
84637,lumpy,Min/Max,F&O,60.73932281683875,0.014056691449814127,0.952755905511811,0.6919041686288769,40.47518520298889,2.856025039123631,5,20508.924221921516,639
90042C,lumpy,EX,SAP,27.285866884164086,0.013940520446096654,0.3448275862068966,1.0,1.7089201877934277,15.422535211267606,27,205.3964817320704,639
90042C,lumpy,FX,SAP,14.403308684449568,0.01533457249070632,0.6534653465346535,1.0,8.38901836277466,7.42566510172144,13,1008.2828146143547,639
90042C,lumpy,HB,SAP,14.11925236250394,0.012081784386617101,0.896551724137931,0.8639226643042806,30.603033066504548,5.140845070422535,9,3678.202976995941,639
90042C,lumpy,TB,SAP,27.285866884164086,0.013359665427509293,0.33045977011494254,1.0,1.7089201877934277,15.422535211267606,27,205.3964817320704,639
90042C,lumpy,WB,SAP,20.3805079800545,0.012197955390334572,0.40384615384615385,1.0,2.2746872924195856,11.424100156494523,20,273.3964817320704,639
90042C,lumpy,MB,SAP,11.022698217592332,0.008248141263940521,0.6513761467889908,0.9979921754681714,6.1137184013966035,5.712050078247262,10,734.8126957110253,639
90042C,lumpy,SP,SAP,6.277430004879851,0.006737918215613383,0.9830508474576272,1.0,19.592567763827457,1.7136150234741785,3,2354.846361773909,639
90042C,lumpy,WI,SAP,8.094764868793698,0.007434944237918215,0.8421052631578947,1.0,18.500590497637784,2.856025039123631,5,2223.600742341929,639
90042C,lumpy,DY,SAP,9.004995490971886,0.004763011152416357,0.9318181818181818,1.0,35.898030134333304,1.7136150234741785,3,4314.612901977833,639
90042C,lumpy,GR,SAP,9.188828449426879,0.00987453531598513,0.8095238095238095,1.0,7.106849549885639,4.569640062597809,8,854.1779213401792,639
90042C,lumpy,Per period 3d,F&O,24.29143400745176,0.013475836431226766,0.37540453074433655,1.0,1.7422006057126131,13.708920187793428,24,209.3964817320704,639
90042C,lumpy,Per period 5d,F&O,19.3651983910134,0.012778810408921933,0.4489795918367347,1.0,2.183166143141825,10.852895148669797,19,262.3964817320704,639
90042C,lumpy,Per period 7d,F&O,15.495390065425786,0.013824349442379182,0.569377990430622,0.9966544669730584,2.961455595368985,8.568075117370892,15,355.93971236301576,639
90042C,lumpy,Per period 10d,F&O,14.458003700567506,0.011036245353159852,0.521978021978022,0.9996343681228432,2.7379588659686886,7.996870109546166,14,329.07746202192817,639
90042C,lumpy,Per period 14d,F&O,12.675668557589628,0.010339219330855019,0.6267605633802817,0.9990181091085112,4.039165437782597,6.854460093896714,12,485.4705187405793,639
90042C,lumpy,Per period 21d,F&O,12.466419847671785,0.01092007434944238,0.752,0.9995103322438996,8.76629865258839,6.283255086071987,11,1053.628433858665,639
90042C,lumpy,Per period 28d,F&O,10.711361572343433,0.009061338289962825,0.7358490566037735,1.0,10.23056709819138,5.140845070422535,9,1229.6200273727422,639
90042C,lumpy,Per period 42d,F&O,11.606161542093819,0.008131970260223048,0.8641975308641975,1.0,33.513789690365414,3.427230046948357,6,4028.0491394965443,639
90042C,lumpy,Per period 56d,F&O,10.952649326986045,0.006273234200743495,0.8709677419354839,1.0,41.563131134541855,2.2848200312989047,4,4995.505914074618,639
90042C,lumpy,Per period 84d,F&O,9.577994282303692,0.004414498141263941,0.95,1.0,39.32343285263519,1.7136150234741785,3,4726.314789450488,639
90042C,lumpy,Per period 112d,F&O,10.144323390372692,0.004414498141263941,1.0,1.0,48.68699184385835,1.1424100156494523,2,5851.728420248096,639
90042C,lumpy,Per requirement,F&O,27.285866884164086,0.01324349442379182,0.3275862068965517,1.0,1.7089201877934277,15.422535211267606,27,205.3964817320704,639
90042C,lumpy,Min/Max,F&O,14.11925236250394,0.012314126394052044,0.8760330578512396,0.8639226643042806,30.603033066504548,5.140845070422535,9,3678.202976995941,639
84199,lumpy,EX,SAP,53.0,0.046236059479553906,0.562942008486563,1.0,0.0,30.273865414710485,53,0.0,639
84199,lumpy,FX,SAP,11.868944037666601,0.009526022304832713,0.5578231292517006,1.0,18.994919598103944,5.140845070422535,9,24932.489851150232,639
84199,lumpy,HB,SAP,12.318869023300646,0.007318773234200744,1.0,0.9595854922279793,28.594691557336994,4.569640062597809,8,37533.02841677943,639
84199,lumpy,TB,SAP,53.0,0.048327137546468404,0.5909090909090909,1.0,0.0,30.273865414710485,53,0.0,639
84199,lumpy,WB,SAP,37.045452054794524,0.03729089219330855,0.6432865731462926,1.0,0.3009323692116099,21.134585289514867,37,395.0,639
84199,lumpy,MB,SAP,20.326095463230594,0.025673791821561338,0.8065693430656934,0.9992518923067736,2.1590372708731804,11.424100156494523,20,2833.9248590277766,639
84199,lumpy,SP,SAP,8.31743429166789,0.00987453531598513,0.9883720930232558,1.0,21.964317468344902,2.856025039123631,5,28830.083725209053,639
84199,lumpy,WI,SAP,12.12780181491048,0.0032527881040892194,1.0,1.0,67.05490893305173,1.1424100156494523,2,88015.42053434107,639
84199,lumpy,DY,SAP,9.155517775264979,0.004065985130111524,0.9722222222222222,1.0,47.37578810861311,1.1424100156494523,2,62184.856856469465,639
84199,lumpy,GR,SAP,11.792924288828864,0.01812267657992565,0.968944099378882,1.0,5.249852529691734,6.283255086071987,11,6890.889652917513,639
84199,lumpy,Per period 3d,F&O,44.01047123287671,0.041473048327137545,0.6071428571428571,1.0,0.06932872303356076,25.13302034428795,44,91.0,639
84199,lumpy,Per period 5d,F&O,35.04272993247802,0.03763940520446097,0.6864406779661016,0.9997732161730166,0.28290953786346074,19.992175273865413,35,371.34346082088314,639
84199,lumpy,Per period 7d,F&O,31.104463506110804,0.03473513011152416,0.7051886792452831,1.0,0.6916398066532723,17.70735524256651,31,907.8376126296176,639
84199,lumpy,Per period 10d,F&O,27.14628847186728,0.031598513011152414,0.7411444141689373,0.9998301522378874,0.9685576730553729,15.422535211267606,27,1271.3164817037318,639
84199,lumpy,Per period 14d,F&O,23.235726622640286,0.03008828996282528,0.8464052287581699,0.9998630467462616,1.5607164815339403,13.137715179968701,23,2048.576601516759,639
84199,lumpy,Per period 21d,F&O,18.57025020803141,0.02532527881040892,0.8384615384615385,0.999498483935216,3.7755552949609124,10.28169014084507,18,4955.7458555110625,639
84199,lumpy,Per period 28d,F&O,15.693317721548407,0.021956319702602232,0.883177570093458,0.999659960918796,4.590369907481277,8.568075117370892,15,6025.261151551628,639
84199,lumpy,Per period 42d,F&O,12.070146690405938,0.018355018587360595,0.9518072289156626,0.9999604823715376,7.085307372872513,6.283255086071987,11,9300.084333289693,639
84199,lumpy,Per period 56d,F&O,13.39310296241209,0.01638011152416357,0.9527027027027027,1.0,22.465310271972562,5.712050078247262,10,29487.680506676497,639
84199,lumpy,Per period 84d,F&O,8.826173899333554,0.011849442379182156,0.9622641509433962,1.0,12.090868951981935,3.998435054773083,7,15870.32079182731,639
84199,lumpy,Per period 112d,F&O,11.219329602617995,0.01092007434944238,0.94,1.0,21.314778594029526,4.569640062597809,8,27977.507260846858,639
84199,lumpy,Per requirement,F&O,53.0,0.046933085501858735,0.5714285714285714,1.0,0.0,30.273865414710485,53,0.0,639
84199,lumpy,Min/Max,F&O,12.318869023300646,0.007551115241635688,1.0,0.9595854922279793,28.594691557336994,4.569640062597809,8,37533.02841677943,639
21458,lumpy,EX,SAP,30.0,0.04460966542750929,0.5501432664756447,1.0,0.0,17.136150234741784,30,0.0,639
21458,lumpy,FX,SAP,16.21885276289687,0.018703531598513012,0.7123893805309734,1.0,20.268055963093268,3.998435054773083,7,13459.525033829428,639
21458,lumpy,HB,SAP,18.384925019000136,0.01533457249070632,0.9565217391304348,0.8179838157518777,29.427350270605128,2.856025039123631,5,19541.9905277402,639
21458,lumpy,TB,SAP,30.0,0.047281598513011155,0.5830945558739254,1.0,0.0,17.136150234741784,30,0.0,639
21458,lumpy,WB,SAP,17.20205479452055,0.02695167286245353,0.7412140575079872,1.0,0.4442264117110068,9.710485133020343,17,295.0,639
21458,lumpy,MB,SAP,9.882940419664818,0.013359665427509293,0.8846153846153846,1.0,4.139727879648292,4.569640062597809,8,2749.0930127106335,639
21458,lumpy,SP,SAP,7.428010799058562,0.010571561338289962,0.9381443298969072,0.9996602934672607,5.3380892416867285,2.856025039123631,5,3544.8957666255014,639
21458,lumpy,WI,SAP,9.863504314369365,0.009409851301115242,0.9759036144578314,1.0,10.692629566350588,2.856025039123631,5,7100.716298979274,639
21458,lumpy,DY,SAP,10.477899148968953,0.006273234200743495,0.9310344827586207,1.0,14.241948087401708,2.2848200312989047,4,9457.732757494672,639
21458,lumpy,GR,SAP,9.064058037591987,0.01591542750929368,0.8838709677419355,0.9988634161078902,2.339378706718462,4.569640062597809,8,1553.5247348843013,639
21458,lumpy,Per period 3d,F&O,21.07054794520548,0.03287639405204461,0.6706161137440758,1.0,0.15510278103808034,11.995305164319248,21,103.0,639
21458,lumpy,Per period 5d,F&O,17.167123287671235,0.026603159851301114,0.7003058103975535,1.0,0.3674279473135107,9.710485133020343,17,244.0,639
21458,lumpy,Per period 7d,F&O,15.387387773756934,0.02242100371747212,0.7366412213740458,1.0,0.8516891721629387,8.568075117370892,15,565.5861496851238,639
21458,lumpy,Per period 10d,F&O,12.889195066012586,0.021143122676579924,0.8053097345132744,1.0,1.9549347216590451,6.854460093896714,12,1298.2247963783757,639
21458,lumpy,Per period 14d,F&O,11.940751618998618,0.016612453531598514,0.807909604519774,0.9997948420672136,2.068284086060514,6.283255086071987,11,1373.497363737983,639
21458,lumpy,Per period 21d,F&O,10.172659434675476,0.013011152416356878,0.7516778523489933,0.9991041783345525,2.5781436865234517,5.140845070422535,9,1712.0827746261932,639
21458,lumpy,Per period 28d,F&O,10.588054929942817,0.012314126394052044,0.7851851851851852,1.0,5.689953349375046,4.569640062597809,8,3778.5601977165124,639
21458,lumpy,Per period 42d,F&O,9.860363540964883,0.010455390334572491,0.7627118644067796,0.9995175352041473,6.288635887145955,3.998435054773083,7,4176.13076980873,639
21458,lumpy,Per period 56d,F&O,9.658442492772348,0.008828996282527882,0.8636363636363636,0.999205929557578,10.24179207247611,2.856025039123631,5,6801.326039447627,639
21458,lumpy,Per period 84d,F&O,10.339444241805623,0.008596654275092937,0.8604651162790697,0.9992432819724753,11.73900456901604,2.856025039123631,5,7795.588593036209,639
21458,lumpy,Per period 112d,F&O,9.888784937953247,0.006505576208178439,0.9824561403508771,1.0,15.145298686414476,1.7136150234741785,3,10057.62600941174,639
21458,lumpy,Per requirement,F&O,30.0,0.046816914498141265,0.5773638968481375,1.0,0.0,17.136150234741784,30,0.0,639
21458,lumpy,Min/Max,F&O,18.384925019000136,0.016263940520446097,0.9790209790209791,0.8179838157518777,29.427350270605128,2.856025039123631,5,19541.9905277402,639
79323S,lumpy,EX,SAP,792.3750914786737,0.0016263940520446097,1.0,1.0,741.8003336050904,0.0,0,214234.7469553451,639
79323S,lumpy,FX,SAP,860.6905368231788,0.00034851301115241634,1.0,1.0,805.75542342545,0.0,0,232705.21921515572,639
79323S,lumpy,HB,SAP,358.37165013809846,0.00023234200743494423,1.0,1.0,335.4979383955094,0.0,0,96893.07577807846,639
79323S,lumpy,TB,SAP,792.3750914786737,0.0016263940520446097,1.0,1.0,741.8003336050904,0.0,0,214234.7469553451,639
79323S,lumpy,WB,SAP,792.3750914786737,0.0009293680297397769,1.0,1.0,741.8003336050904,0.0,0,214234.7469553451,639
79323S,lumpy,MB,SAP,792.3750914786737,0.00034851301115241634,1.0,1.0,741.8003336050904,0.0,0,214234.7469553451,639
79323S,lumpy,SP,SAP,792.3750914786737,0.00034851301115241634,1.0,1.0,741.8003336050904,0.0,0,214234.7469553451,639
79323S,lumpy,WI,SAP,840.915452742769,0.00023234200743494423,1.0,1.0,787.2425194666163,0.0,0,227358.62240823012,639
79323S,lumpy,DY,SAP,792.3750914786737,0.00023234200743494423,1.0,1.0,741.8003336050904,0.0,0,214234.7469553451,639
79323S,lumpy,GR,SAP,792.3750914786737,0.00034851301115241634,1.0,1.0,741.8003336050904,0.0,0,214234.7469553451,639
79323S,lumpy,Per period 3d,F&O,792.3750914786737,0.0011617100371747212,1.0,1.0,741.8003336050904,0.0,0,214234.7469553451,639
79323S,lumpy,Per period 5d,F&O,792.3750914786737,0.001045539033457249,1.0,1.0,741.8003336050904,0.0,0,214234.7469553451,639
79323S,lumpy,Per period 7d,F&O,792.3750914786737,0.0009293680297397769,1.0,1.0,741.8003336050904,0.0,0,214234.7469553451,639
79323S,lumpy,Per period 10d,F&O,792.3750914786737,0.0005808550185873606,1.0,1.0,741.8003336050904,0.0,0,214234.7469553451,639
79323S,lumpy,Per period 14d,F&O,792.3750914786737,0.00046468401486988845,1.0,1.0,741.8003336050904,0.0,0,214234.7469553451,639
79323S,lumpy,Per period 21d,F&O,792.3750914786737,0.00046468401486988845,1.0,1.0,741.8003336050904,0.0,0,214234.7469553451,639
79323S,lumpy,Per period 28d,F&O,792.3750914786737,0.00034851301115241634,1.0,1.0,741.8003336050904,0.0,0,214234.7469553451,639
79323S,lumpy,Per period 42d,F&O,792.3750914786737,0.00023234200743494423,1.0,1.0,741.8003336050904,0.0,0,214234.7469553451,639
79323S,lumpy,Per period 56d,F&O,836.6063374227066,0.00011617100371747211,1.0,1.0,783.208441141413,0.0,0,226193.5653031762,639
79323S,lumpy,Per period 84d,F&O,877.5998548548102,0.00011617100371747211,1.0,1.0,821.5854739807891,0.0,0,237276.9977940783,639
79323S,lumpy,Per period 112d,F&O,899.0044219484613,0.0,0.0,1.0,841.6238562841912,0.0,0,243064.1585268062,639
79323S,lumpy,Per requirement,F&O,792.3750914786737,0.0016263940520446097,1.0,1.0,741.8003336050904,0.0,0,214234.7469553451,639
79323S,lumpy,Min/Max,F&O,358.37165013809846,0.00023234200743494423,1.0,1.0,335.4979383955094,0.0,0,96893.07577807846,639
20663,lumpy,EX,SAP,35.0,0.011384758364312268,0.21258134490238612,1.0,0.0,19.992175273865413,35,0.0,639
20663,lumpy,FX,SAP,17.232059250746204,0.0025557620817843866,0.7096774193548387,1.0,11.903620608408898,1.1424100156494523,2,11075.102841678017,639
20663,lumpy,HB,SAP,41.12110039112462,0.0025557620817843866,0.9565217391304348,1.0,29.79105508723552,1.7136150234741785,3,27717.53315290934,639
20663,lumpy,TB,SAP,35.0,0.01150092936802974,0.21475054229934923,1.0,0.0,19.992175273865413,35,0.0,639
20663,lumpy,WB,SAP,26.109775342465753,0.011268587360594795,0.30124223602484473,1.0,1.648757061160852,13.708920187793428,24,1534.0,639
20663,lumpy,MB,SAP,42.48956419464489,0.011152416356877323,0.4897959183673469,0.9997315940062943,22.264157320380015,7.996870109546166,14,20714.52376702268,639
20663,lumpy,SP,SAP,11.378789431322478,0.008015799256505576,0.8414634146341463,0.999499275185078,3.4219567595248055,3.998435054773083,7,3183.7811602245106,639
20663,lumpy,WI,SAP,164.9960943041837,0.006157063197026022,0.9636363636363636,1.0,126.5974622929966,1.7136150234741785,3,117786.00482276306,639
20663,lumpy,DY,SAP,10.868200961363161,0.004879182156133829,0.9333333333333333,0.9998117520784158,4.585909019133142,2.856025039123631,5,4266.719822505087,639
20663,lumpy,GR,SAP,13.730839699615647,0.012430297397769517,0.622093023255814,0.9994806147937698,0.5711400124288514,7.42566510172144,13,531.3874309954408,639
20663,lumpy,Per period 3d,F&O,28.017879452054796,0.011617100371747211,0.2702702702702703,1.0,0.013972517467464847,15.993740219092333,28,13.0,639
20663,lumpy,Per period 5d,F&O,27.09283519708663,0.010455390334572491,0.2710843373493976,0.9996852203692967,1.635518597449222,14.280125195618153,25,1521.6829620251378,639
20663,lumpy,Per period 7d,F&O,24.114570108450973,0.011733271375464684,0.3423728813559322,0.9998772070344839,1.6525040972151763,12.566510172143975,22,1537.4862342322806,639
20663,lumpy,Per period 10d,F&O,23.18695743435194,0.01370817843866171,0.4338235294117647,1.0,1.7090736818128809,11.995305164319248,21,1590.1184532638588,639
20663,lumpy,Per period 14d,F&O,20.232239283292433,0.010455390334572491,0.36885245901639346,0.9996505594585812,1.7444607520285202,10.28169014084507,18,1623.04250677637,639
20663,lumpy,Per period 21d,F&O,19.540115281000187,0.010339219330855019,0.43842364532019706,0.9996392584616042,1.985061120686418,9.710485133020343,17,1846.8965688547173,639
20663,lumpy,Per period 28d,F&O,47.23756862550774,0.011036245353159852,0.536723163841808,0.9997893821483819,25.193165279789127,8.568075117370892,15,23439.666430897065,639
20663,lumpy,Per period 42d,F&O,28.10186328282283,0.010571561338289962,0.6546762589928058,0.9999727775086052,12.583359114612334,6.854460093896714,12,11707.530076156041,639
20663,lumpy,Per period 56d,F&O,34.4409641248111,0.009990706319702601,0.6370370370370371,1.0,19.100238480967786,5.712050078247262,10,17770.820528996122,639
20663,lumpy,Per period 84d,F&O,67.28658852559981,0.009409851301115242,0.84375,1.0,47.11304399297431,3.998435054773083,7,43833.874127179144,639
20663,lumpy,Per period 112d,F&O,82.76418390702128,0.006970260223048327,0.8571428571428571,1.0,60.77151663563612,2.856025039123631,5,56541.68750211706,639
20663,lumpy,Per requirement,F&O,35.0,0.011617100371747211,0.21691973969631237,1.0,0.0,19.992175273865413,35,0.0,639
20663,lumpy,Min/Max,F&O,41.12110039112462,0.0026719330855018587,1.0,1.0,29.79105508723552,1.7136150234741785,3,27717.53315290934,639
84916,lumpy,EX,SAP,47.00255033273398,0.024395910780669144,0.3425774877650897,1.0,0.004788615170004696,26.84663536776213,47,1.1055480378890543,639
84916,lumpy,FX,SAP,19.181910890318328,0.01370817843866171,0.49166666666666664,1.0,9.729780262934337,7.996870109546166,14,2246.315290933716,639
84916,lumpy,HB,SAP,23.632563716240018,0.012430297397769517,0.9224137931034483,0.767175572519084,27.47473521947331,5.140845070422535,9,6343.094722598106,639
84916,lumpy,TB,SAP,47.00255033273398,0.02427973977695167,0.34094616639477976,1.0,0.004788615170004696,26.84663536776213,47,1.1055480378890543,639
84916,lumpy,WB,SAP,29.41778320944631,0.019400557620817844,0.43041237113402064,1.0,0.7844478439509299,16.564945226917057,29,181.10554803788906,639
84916,lumpy,MB,SAP,21.23640866421773,0.010455390334572491,0.5625,0.9996609854513807,13.587394242379085,7.996870109546166,14,3136.9229957713437,639
84916,lumpy,SP,SAP,12.962837937410589,0.01324349442379182,0.8769230769230769,1.0,11.196082700474541,3.998435054773083,7,2584.8406735805993,639
84916,lumpy,WI,SAP,22.060747999806285,0.01092007434944238,0.8034188034188035,0.9991191433968595,30.15635587027197,3.427230046948357,6,6962.200736258067,639
84916,lumpy,DY,SAP,16.125511244029255,0.009409851301115242,0.9418604651162791,1.0,20.88974164327247,2.856025039123631,5,4822.816631912918,639
84916,lumpy,GR,SAP,21.564372224992155,0.022885687732342008,0.8242677824267782,1.0,6.692619625952227,10.28169014084507,18,1545.1257269859098,639
84916,lumpy,Per period 3d,F&O,34.113279099857266,0.020910780669144983,0.40358744394618834,1.0,0.21269774284491808,19.420970266040687,34,49.10554803788905,639
84916,lumpy,Per period 5d,F&O,30.33408644724523,0.01812267657992565,0.39593908629441626,1.0,0.627295179196108,17.136150234741784,30,144.8236974400346,639
84916,lumpy,Per period 7d,F&O,27.454063109684135,0.01858736059479554,0.4456824512534819,1.0,0.8525685555468675,15.422535211267606,27,196.83258317661395,639
84916,lumpy,Per period 10d,F&O,25.173144529447843,0.01638011152416357,0.49473684210526314,0.9986715354622628,5.958033564749911,12.566510172143975,22,1375.531773454231,639
84916,lumpy,Per period 14d,F&O,23.03322691521217,0.013824349442379182,0.483739837398374,0.9996178208588397,5.695318193867973,11.424100156494523,20,1314.8786508936353,639
84916,lumpy,Per period 21d,F&O,22.988359405209525,0.01324349442379182,0.6514285714285715,0.9998416131563967,13.121646213202677,9.139280125195619,16,3029.395704158523,639
84916,lumpy,Per period 28d,F&O,20.87858452116962,0.01370817843866171,0.6900584795321637,0.9994106574725115,14.793171437424524,7.42566510172144,13,3415.300891005833,639
84916,lumpy,Per period 42d,F&O,18.279630298177025,0.012430297397769517,0.823076923076923,0.9992994376732045,19.301478952935145,4.569640062597809,8,4456.134274150371,639
84916,lumpy,Per period 56d,F&O,27.878030833280267,0.010455390334572491,0.8653846153846154,1.0,39.201494705383865,3.998435054773083,7,9050.452795899402,639
84916,lumpy,Per period 84d,F&O,32.283010828461194,0.007434944237918215,0.9014084507042254,1.0,54.98304907758682,1.7136150234741785,3,12693.941748679732,639
84916,lumpy,Per period 112d,F&O,61.43962491633906,0.00662174721189591,0.9193548387096774,1.0,109.72877016211136,1.7136150234741785,3,25333.091561120847,639
84916,lumpy,Per requirement,F&O,47.00255033273398,0.023234200743494422,0.3262642740619902,1.0,0.004788615170004696,26.84663536776213,47,1.1055480378890543,639
84916,lumpy,Min/Max,F&O,23.632563716240018,0.012894981412639405,0.940677966101695,0.767175572519084,27.47473521947331,5.140845070422535,9,6343.094722598106,639
