code,quadrant,config,L,anchoring,placement,anchor,rhythm,cost,PCR,order_churn,fill,cover_days,orders_per_year,n_orders,unit_days,measured_days
22554,smooth,floating 7d first,7,floating,first,0,0.2039844088349935,125.56406492143708,0.1399860594795539,0.9678714859437751,1.0,3.652987846771587,49.123630672926446,86,43760.25362522586,639
22554,smooth,anchored 7d first a0,7,anchored,first,0,0.2039844088349935,122.66327710530706,0.12604553903345725,0.9644444444444444,1.0,3.3851553412030175,49.123630672926446,86,40551.80649526387,639
22554,smooth,anchored 7d start a0,7,anchored,start,0,0.2039844088349935,124.16508020835263,0.1258131970260223,0.9686940966010733,1.0,3.523818253989232,49.123630672926446,86,42212.891745602166,639
22554,smooth,anchored 7d end a0,7,anchored,end,0,0.2039844088349935,157.17721938198602,0.11175650557620818,0.9756592292089249,0.7682587970861017,8.880134390546798,34.84350547730829,61,106377.83355886332,639
22554,smooth,floating 14d first,14,floating,first,0,0.2039844088349935,131.68560119983403,0.08120353159851301,0.9858956276445698,1.0,8.003764231554094,25.704225352112676,45,95879.5285998164,639
22554,smooth,anchored 14d first a0,14,anchored,first,0,0.2039844088349935,133.6599716194877,0.06726301115241635,0.9698492462311558,0.9999899919704487,7.170419244583287,31.987480438184665,56,85896.63527610005,639
22554,smooth,anchored 14d start a0,14,anchored,start,0,0.2039844088349935,147.64308827906507,0.06447490706319703,0.9702797202797203,0.9999845651772874,7.538184204493303,37.69953051643193,66,90302.20370260229,639
22554,smooth,anchored 14d end a0,14,anchored,end,0,0.2039844088349935,223.56344619719357,0.052393122676579924,0.9636752136752137,0.728781768815443,16.579264238527745,25.13302034428795,44,198608.05412719894,639
22554,smooth,floating 28d first,28,floating,first,0,0.2039844088349935,206.53327185062554,0.04716542750929368,0.9975429975429976,1.0,16.945802027164618,13.137715179968701,23,202998.92189538886,639
22554,smooth,anchored 28d first a0,28,anchored,first,0,0.2039844088349935,179.01842549271123,0.04054368029739777,0.9886685552407932,0.9999842778548189,13.38968953101149,19.420970266040687,34,160399.16759042302,639
22554,smooth,anchored 28d start a0,28,anchored,start,0,0.2039844088349935,213.68825460238295,0.03427044609665428,0.9866220735785953,0.9999986781523039,16.036802195360163,22.848200312989047,40,192109.73615112054,639
22554,smooth,anchored 28d end a0,28,anchored,end,0,0.2039844088349935,160.69048302964018,0.03125,0.992619926199262,0.619666567234213,10.58948167938707,26.275430359937403,46,126854.62516914749,639
22554,smooth,floating 56d first,56,floating,first,0,0.2039844088349935,329.103635722615,0.02578996282527881,1.0,1.0,29.278481110624003,6.854460093896714,12,350735.8395113772,639
22554,smooth,anchored 56d first a0,56,anchored,first,0,0.2039844088349935,319.59863230482387,0.026603159851301114,1.0,1.0,27.93922031151785,9.710485133020343,17,334692.42664018396,639
22554,smooth,anchored 56d start a0,56,anchored,start,0,0.2039844088349935,383.6649500091641,0.01812267657992565,1.0,1.0,33.30053880348609,13.137715179968701,23,398917.2931919542,639
22554,smooth,anchored 56d end a0,56,anchored,end,0,0.2039844088349935,117.88023600941665,0.01638011152416357,0.9724137931034482,0.43716308465647846,8.021735049147683,17.70735524256651,31,96094.80649526387,639
22627,smooth,floating 7d first,7,floating,first,0,0.23731884057971014,104.21985414494904,0.1016496282527881,0.8654797230464887,1.0,4.681209315864463,41.69796557120501,73,6703.08633112141,639
22627,smooth,anchored 7d first a0,7,anchored,first,0,0.23731884057971014,99.69642093165514,0.09131040892193308,0.805327868852459,1.0,3.7030639283905256,42.840375586854464,75,5302.466847090663,639
22627,smooth,anchored 7d start a0,7,anchored,start,0,0.23731884057971014,101.9163315847035,0.09084572490706319,0.8020512820512821,1.0,4.035924754107036,42.840375586854464,75,5779.094722598105,639
22627,smooth,anchored 7d end a0,7,anchored,end,0,0.23731884057971014,136.91463065601422,0.08155204460966543,0.8268551236749117,0.7695483843554092,12.582440293937534,30.273865414710485,53,18016.9648173207,639
22627,smooth,floating 14d first,14,floating,first,0,0.23731884057971014,93.97724037111395,0.05971189591078067,0.9129662522202486,0.9998451757818345,8.243471240797453,22.27699530516432,39,11803.936903209758,639
22627,smooth,anchored 14d first a0,14,anchored,first,0,0.23731884057971014,103.81604317665152,0.05204460966542751,0.8500948766603416,0.9994478435096609,7.319640733143983,31.41627543035994,55,10481.091623222237,639
22627,smooth,anchored 14d start a0,14,anchored,start,0,0.23731884057971014,108.10479410812985,0.051812267657992565,0.8796844181459567,0.9995780200813502,8.262597074608843,30.273865414710485,53,11831.323440863172,639
22627,smooth,anchored 14d end a0,14,anchored,end,0,0.23731884057971014,137.08543162733795,0.04530669144981413,0.8803611738148984,0.7339203650317376,14.55731422890537,22.848200312989047,40,20844.813261163734,639
22627,smooth,floating 28d first,28,floating,first,0,0.23731884057971014,122.22661689550264,0.03612918215613383,0.9569230769230769,0.999737071740233,15.328200737861447,11.424100156494523,20,21948.655980504976,639
22627,smooth,anchored 28d first a0,28,anchored,first,0,0.23731884057971014,122.48639361777857,0.034502788104089216,0.9339622641509434,0.9998495781836123,13.267945718375843,19.420970266040687,34,18998.549217934808,639
22627,smooth,anchored 28d start a0,28,anchored,start,0,0.23731884057971014,143.63438829256245,0.028810408921933085,0.9185185185185185,1.0,16.43894674944462,19.420970266040687,34,23539.148074579578,639
22627,smooth,anchored 28d end a0,28,anchored,end,0,0.23731884057971014,115.1750173318257,0.02578996282527881,0.9327731092436975,0.6584511645846,12.171653512054615,19.420970266040687,34,17428.753721244928,639
22627,smooth,floating 56d first,56,floating,first,0,0.23731884057971014,208.5832527819505,0.023931226765799257,0.9951690821256038,1.0,29.476350209492875,6.854460093896714,12,42207.580744359955,639
22627,smooth,anchored 56d first a0,56,anchored,first,0,0.23731884057971014,201.73604072764746,0.021491635687732342,0.9635416666666666,1.0,27.999826309353057,8.568075117370892,15,40093.3263915243,639
22627,smooth,anchored 56d start a0,56,anchored,start,0,0.23731884057971014,256.1775845848057,0.01696096654275093,0.9358974358974359,1.0,35.113370018815004,12.566510172143975,22,50279.30492556121,639
22627,smooth,anchored 56d end a0,56,anchored,end,0,0.23731884057971014,123.02084564479954,0.014521375464684015,0.9124087591240876,0.6092292430690384,14.247743303622052,15.993740219092333,28,20401.53450608931,639
20724,smooth,floating 7d first,7,floating,first,0,0.23891436132566082,118.64701369863013,0.1446328996282528,0.988880063542494,1.0,2.418115205337601,49.694835680751176,87,67948.0,639
20724,smooth,anchored 7d first a0,7,anchored,first,0,0.23891436132566082,118.64701369863013,0.14138011152416358,0.986223662884927,1.0,2.418115205337601,49.694835680751176,87,67948.0,639
20724,smooth,anchored 7d start a0,7,anchored,start,0,0.23891436132566082,118.64701369863013,0.1412639405204461,0.986212489862125,1.0,2.418115205337601,49.694835680751176,87,67948.0,639
20724,smooth,anchored 7d end a0,7,anchored,end,0,0.23891436132566082,146.580960683634,0.13046003717472118,0.9876868953386104,0.7628805525380861,5.622244220159872,41.69796557120501,73,157982.6508795671,639
20724,smooth,floating 14d first,14,floating,first,0,0.23891436132566082,134.5704907672274,0.0887546468401487,0.9947916666666666,1.0,6.767578530726165,26.275430359937403,46,190166.05370610586,639
20724,smooth,anchored 14d first a0,14,anchored,first,0,0.23891436132566082,147.61686424345527,0.07504646840148699,0.9969135802469136,1.0,6.389077110883965,36.557120500782474,64,179530.32616977155,639
20724,smooth,anchored 14d start a0,14,anchored,start,0,0.23891436132566082,149.09299169648315,0.0716775092936803,0.9935587761674718,1.0,6.654684372596057,35.41471048513302,62,186993.77628950792,639
20724,smooth,anchored 14d end a0,14,anchored,end,0,0.23891436132566082,152.6235923035572,0.06656598513011153,0.9982578397212544,0.7205416146009855,7.153680732200004,33.701095461658845,59,201015.35994587274,639
20724,smooth,floating 28d first,28,floating,first,0,0.23891436132566082,206.6064045765838,0.05157992565055762,0.9977528089887641,1.0,14.029173271512267,13.137715179968701,23,394213.75100266514,639
20724,smooth,anchored 28d first a0,28,anchored,first,0,0.23891436132566082,201.545946569326,0.04484200743494424,0.9948453608247423,1.0,12.649192571323747,20.56338028169014,36,355436.8852811999,639
20724,smooth,anchored 28d start a0,28,anchored,start,0,0.23891436132566082,226.45857690866643,0.0362453531598513,0.9936305732484076,1.0,14.781967451357636,18.849765258215964,33,415366.9445391955,639
20724,smooth,anchored 28d end a0,28,anchored,end,0,0.23891436132566082,156.08327584481066,0.0341542750929368,1.0,0.6433264800340461,8.64057479147106,24.561815336463223,43,242796.4451962111,639
20724,smooth,floating 56d first,56,floating,first,0,0.23891436132566082,395.3346708316474,0.028926579925650557,1.0,1.0,29.366610079757905,6.283255086071987,11,825189.1461973605,639
20724,smooth,anchored 56d first a0,56,anchored,first,0,0.23891436132566082,379.9391809552753,0.028113382899628253,1.0,1.0,27.808212037528115,9.139280125195619,16,781398.8296980909,639
20724,smooth,anchored 56d start a0,56,anchored,start,0,0.23891436132566082,418.3655904879729,0.018703531598513012,1.0,1.0,30.438697970543615,11.424100156494523,20,855314.3560477064,639
20724,smooth,anchored 56d end a0,56,anchored,end,0,0.23891436132566082,151.6753698630137,0.018703531598513012,1.0,0.6148277835763105,9.067860844552257,18.849765258215964,33,254803.0,639
22741,smooth,floating 7d first,7,floating,first,0,0.21621117433075274,86.1865149710871,0.07934479553903345,0.9539106145251397,1.0,7.223024255449922,31.41627543035994,55,66959.28214380465,639
22741,smooth,anchored 7d first a0,7,anchored,first,0,0.21621117433075274,90.15505922479471,0.08701208178438662,0.931592039800995,1.0,6.520917001558523,35.41471048513302,62,60450.56833558864,639
22741,smooth,anchored 7d start a0,7,anchored,start,0,0.21621117433075274,94.11832969395888,0.08689591078066915,0.9280397022332506,1.0,7.4388393393452565,35.41471048513302,62,68959.94316644114,639
22741,smooth,anchored 7d end a0,7,anchored,end,0,0.21621117433075274,92.96555237547965,0.08062267657992565,0.9378378378378378,0.7687715698162485,9.951135202013104,28.560250391236305,50,92249.56833558864,639
22741,smooth,floating 14d first,14,floating,first,0,0.21621117433075274,81.28600306323114,0.051347583643122675,1.0,1.0,11.414997665174782,18.278560250391237,32,105819.94775340802,639
22741,smooth,anchored 14d first a0,14,anchored,first,0,0.21621117433075274,92.85818893753881,0.04890799256505576,0.9767981438515081,0.9999815142968332,10.389483629440104,27.417840375586856,48,96313.17036589213,639
22741,smooth,anchored 14d start a0,14,anchored,start,0,0.21621117433075274,97.96453185442516,0.04704925650557621,0.9735576923076923,0.999967933763501,11.340542589293843,27.98904538341158,49,105129.73015803049,639
22741,smooth,anchored 14d end a0,14,anchored,end,0,0.21621117433075274,119.16596333438376,0.037987918215613384,0.961764705882353,0.7423747784721575,20.65148723805487,17.136150234741784,30,191444.56833558864,639
22741,smooth,floating 28d first,28,floating,first,0,0.21621117433075274,102.03567750115535,0.028113382899628253,0.9958847736625515,1.0,19.694882924202926,9.710485133020343,17,182576.60169365705,639
22741,smooth,anchored 28d first a0,28,anchored,first,0,0.21621117433075274,105.05580057423077,0.02799721189591078,0.9877049180327869,1.0,18.541507118484365,14.280125195618153,25,171884.5129976131,639
22741,smooth,anchored 28d start a0,28,anchored,start,0,0.21621117433075274,119.59383853747673,0.025441449814126393,0.9909502262443439,1.0,21.445408128527895,15.422535211267606,27,198804.41803634708,639
22741,smooth,anchored 28d end a0,28,anchored,end,0,0.21621117433075274,100.04177155356184,0.021956319702602232,0.984375,0.6727917171905606,15.295755817747013,19.420970266040687,34,141795.56833558864,639
22741,smooth,floating 56d first,56,floating,first,0,0.21621117433075274,160.47117334833158,0.015450743494423791,0.9925373134328358,1.0,35.31343545031955,4.569640062597809,8,327364.57807141775,639
22741,smooth,anchored 56d first a0,56,anchored,first,0,0.21621117433075274,152.20733267170215,0.018355018587360595,1.0,1.0,32.704647822325676,6.283255086071987,11,303180.44955983106,639
22741,smooth,anchored 56d start a0,56,anchored,start,0,0.21621117433075274,183.4494811125212,0.013592007434944238,1.0,1.0,37.161269700206475,13.137715179968701,23,344494.4741533543,639
22741,smooth,anchored 56d end a0,56,anchored,end,0,0.21621117433075274,83.75494963575362,0.012081784386617101,0.9904761904761905,0.5286917446933976,14.534503896598299,11.995305164319248,21,134738.56833558864,639
22027,smooth,floating 7d first,7,floating,first,0,0.2456584344183611,91.0861420866792,0.13894052044609664,0.9598715890850722,1.0,2.6690242910150745,48.55242566510172,85,26445.736448070325,639
22027,smooth,anchored 7d first a0,7,anchored,first,0,0.2456584344183611,91.37139726027397,0.13731412639405205,0.9680589680589681,1.0,2.3555792093223156,49.123630672926446,86,23340.0,639
22027,smooth,anchored 7d start a0,7,anchored,start,0,0.2456584344183611,92.07975890410958,0.13592007434944237,0.9582309582309583,1.0,2.666225002222662,49.123630672926446,86,26418.0,639
22027,smooth,anchored 7d end a0,7,anchored,end,0,0.2456584344183611,80.32953424657535,0.12569702602230484,0.9609236234458259,0.7677385892116182,5.84555046289411,38.27073552425665,67,57920.0,639
22027,smooth,floating 14d first,14,floating,first,0,0.2456584344183611,59.3374856882782,0.0803903345724907,0.9801699716713881,1.0,6.2875787369228675,25.704225352112676,45,62299.78900263741,639
22027,smooth,anchored 14d first a0,14,anchored,first,0,0.2456584344183611,67.49388460099793,0.07283921933085502,0.9812206572769953,0.9999586365277612,6.356166109874767,30.273865414710485,53,62979.379516241024,639
22027,smooth,anchored 14d start a0,14,anchored,start,0,0.2456584344183611,81.59622863275617,0.07051579925650557,0.9774557165861514,0.9999806215048744,6.40104818835943,38.27073552425665,67,63424.08870185715,639
22027,smooth,anchored 14d end a0,14,anchored,end,0,0.2456584344183611,72.83264900735908,0.06331319702602231,0.9732142857142857,0.7402867225531867,9.574516944878393,29.131455399061032,51,94868.05818673884,639
22027,smooth,floating 28d first,28,floating,first,0,0.2456584344183611,54.72306079935278,0.04844330855018587,0.9928571428571429,1.0,13.473329146764602,13.708920187793428,24,133499.01418766385,639
22027,smooth,anchored 28d first a0,28,anchored,first,0,0.2456584344183611,64.42594344838503,0.04460966542750929,1.0,1.0,12.027407218763441,21.134585289514867,37,119172.25426976828,639
22027,smooth,anchored 28d start a0,28,anchored,start,0,0.2456584344183611,76.53733958871007,0.03578066914498141,0.9808917197452229,1.0,13.391882736953196,26.275430359937403,46,132692.0113080854,639
22027,smooth,anchored 28d end a0,28,anchored,end,0,0.2456584344183611,61.24076712328767,0.03380576208178439,0.9831081081081081,0.6301867219917012,7.122246135470258,25.704225352112676,45,70570.0,639
22027,smooth,floating 56d first,56,floating,first,0,0.2456584344183611,70.33777184975067,0.026719330855018587,1.0,1.0,26.022059982518268,6.283255086071987,11,257836.74672808324,639
22027,smooth,anchored 56d first a0,56,anchored,first,0,0.2456584344183611,70.35373311143326,0.02846189591078067,0.9839357429718876,0.9999971657896347,22.95927098145991,10.28169014084507,18,227489.43554372783,639
22027,smooth,anchored 56d start a0,56,anchored,start,0,0.2456584344183611,99.67076749833646,0.018355018587360595,0.9813664596273292,1.0,27.04517478467458,21.705790297339593,38,267974.16829634295,639
22027,smooth,anchored 56d end a0,56,anchored,end,0,0.2456584344183611,51.05523287671233,0.017890334572490705,0.9808917197452229,0.5713692946058091,9.233587911778006,17.136150234741784,30,91490.0,639
23000,smooth,floating 7d first,7,floating,first,0,0.2469252601702933,46.79891198768217,0.05994423791821561,0.9644859813084112,1.0,10.774579646710334,22.848200312989047,40,29542.891375047504,639
23000,smooth,anchored 7d first a0,7,anchored,first,0,0.2469252601702933,49.20365450534784,0.06191914498141264,0.9517857142857142,1.0,9.831245012384832,24.561815336463223,43,26956.355886332887,639
23000,smooth,anchored 7d start a0,7,anchored,start,0,0.2469252601702933,49.47534538713923,0.06157063197026022,0.9481216457960644,1.0,10.26180729212163,24.561815336463223,43,28136.917456021656,639
23000,smooth,anchored 7d end a0,7,anchored,end,0,0.2469252601702933,44.490986012197155,0.05611059479553903,0.9396887159533074,0.7767265846736046,13.456094921256755,20.56338028169014,36,36895.35588633289,639
23000,smooth,floating 14d first,14,floating,first,0,0.2469252601702933,29.681650659910417,0.04031133828996283,0.9886039886039886,1.0,15.343001400198,11.424100156494523,20,42069.07727222978,639
23000,smooth,anchored 14d first a0,14,anchored,first,0,0.2469252601702933,39.68917333956505,0.03485130111524164,0.9803921568627451,0.999855132648424,13.770172401236312,17.70735524256651,31,37756.52701120528,639
23000,smooth,anchored 14d start a0,14,anchored,start,0,0.2469252601702933,44.37788884209301,0.03217936802973978,0.9685314685314685,1.0,14.861614686318955,19.992175273865413,35,40749.1598495708,639
23000,smooth,anchored 14d end a0,14,anchored,end,0,0.2469252601702933,38.17288190260812,0.029855947955390334,0.9846743295019157,0.7344686218858405,14.536729822150958,16.564945226917057,29,39858.35588633289,639
23000,smooth,floating 28d first,28,floating,first,0,0.2469252601702933,25.624476891784745,0.022188661710037173,0.9947916666666666,1.0,21.591397517905577,6.854460093896714,12,59201.59601787418,639
23000,smooth,anchored 28d first a0,28,anchored,first,0,0.2469252601702933,32.91660829264734,0.02184014869888476,0.9894736842105263,1.0,20.46960235205708,11.424100156494523,20,56125.7384144795,639
23000,smooth,anchored 28d start a0,28,anchored,start,0,0.2469252601702933,38.66715716403806,0.017774163568773236,0.9870967741935484,1.0,21.65903510367956,14.280125195618153,25,59387.05196278441,639
23000,smooth,anchored 28d end a0,28,anchored,end,0,0.2469252601702933,29.794306560142363,0.016612453531598514,0.9930555555555556,0.6102175969725638,13.936782332454378,11.995305164319248,21,38213.35588633289,639
23000,smooth,floating 56d first,56,floating,first,0,0.2469252601702933,30.742286993861846,0.01266263940520446,0.990909090909091,1.0,37.62560284261442,3.998435054773083,7,103165.88991380445,639
23000,smooth,anchored 56d first a0,56,anchored,first,0,0.2469252601702933,31.159350171251393,0.015683085501858735,0.9782608695652174,1.0,33.53229224114495,5.712050078247262,10,91942.41443460426,639
23000,smooth,anchored 56d start a0,56,anchored,start,0,0.2469252601702933,39.448643433980756,0.010571561338289962,1.0,1.0,40.32975218342771,7.996870109546166,14,110580.41492146399,639
23000,smooth,anchored 56d end a0,56,anchored,end,0,0.2469252601702933,21.88699697110127,0.009758364312267658,1.0,0.4635761589403974,15.668424083870402,6.854460093896714,12,42961.35588633289,639
23109,smooth,floating 7d first,7,floating,first,0,0.29029571012078303,70.35141322661588,0.04275092936802974,0.92,1.0,12.273691295365385,17.136150234741784,30,25481.428767672653,639
23109,smooth,anchored 7d first a0,7,anchored,first,0,0.29029571012078303,68.51371916881385,0.04158921933085502,0.9179487179487179,1.0,11.714719805714756,17.136150234741784,30,24320.947225981057,639
23109,smooth,anchored 7d start a0,7,anchored,start,0,0.29029571012078303,69.74496084675701,0.041821561338289966,0.9230769230769231,1.0,12.089226645913708,17.136150234741784,30,25098.461434370773,639
23109,smooth,anchored 7d end a0,7,anchored,end,0,0.29029571012078303,80.91880740727012,0.03682620817843866,0.9351032448377581,0.746784013652408,18.833846617117675,10.852895148669797,19,39100.976995940466,639
23109,smooth,floating 14d first,14,floating,first,0,0.29029571012078303,70.37029149365794,0.024163568773234202,0.9541284403669725,1.0,16.233644121905254,9.710485133020343,17,33702.69272523382,639
23109,smooth,anchored 14d first a0,14,anchored,first,0,0.29029571012078303,71.42695988912996,0.024163568773234202,0.9629629629629629,0.9999880266563755,14.730030710799745,13.137715179968701,23,30581.038684312163,639
23109,smooth,anchored 14d start a0,14,anchored,start,0,0.29029571012078303,75.69415203601768,0.023234200743494422,0.9615384615384616,0.9998725229824925,15.723812702729875,13.708920187793428,24,32644.230957000786,639
23109,smooth,anchored 14d end a0,14,anchored,end,0,0.29029571012078303,74.88166281720947,0.020910780669144983,0.989010989010989,0.6900344297228433,17.301698105705825,10.28169014084507,18,35920.08119079837,639
23109,smooth,floating 28d first,28,floating,first,0,0.29029571012078303,82.46267219481385,0.014986059479553903,0.9923076923076923,1.0,22.64931457082899,4.569640062597809,8,47022.275693956835,639
23109,smooth,anchored 28d first a0,28,anchored,first,0,0.29029571012078303,84.09829741949129,0.014637546468401487,0.9692307692307692,1.0,21.321802486214924,7.996870109546166,14,44266.22587909052,639
23109,smooth,anchored 28d start a0,28,anchored,start,0,0.29029571012078303,98.7662284051671,0.01324349442379182,0.9743589743589743,1.0,24.870837613424605,9.710485133020343,17,51634.38298942213,639
23109,smooth,anchored 28d end a0,28,anchored,end,0,0.29029571012078303,83.61294322205129,0.011036245353159852,0.979381443298969,0.6551555255224621,21.782512372583415,6.854460093896714,12,45222.70635994588,639
23109,smooth,floating 56d first,56,floating,first,0,0.29029571012078303,137.21497878360955,0.00871282527881041,0.9868421052631579,1.0,40.52000648220661,2.2848200312989047,4,84123.64577165655,639
23109,smooth,anchored 56d first a0,56,anchored,first,0,0.29029571012078303,129.5908075983604,0.011036245353159852,1.0,1.0,36.6801117276558,5.140845070422535,9,76151.63455605805,639
23109,smooth,anchored 56d start a0,56,anchored,start,0,0.29029571012078303,165.69010583961744,0.007551115241635688,1.0,1.0,46.443756812363404,7.42566510172144,13,96421.95264958541,639
23109,smooth,anchored 56d end a0,56,anchored,end,0,0.29029571012078303,75.6164150592248,0.006389405204460966,0.9821428571428571,0.3937883346981609,20.566888209724823,4.569640062597809,8,42698.94722598106,639
21224,smooth,floating 7d first,7,floating,first,0,0.20099143758449753,76.12967794149283,0.0987453531598513,0.8638211382113821,1.0,2.381435277063206,41.69796557120501,73,4569.329794579539,639
21224,smooth,anchored 7d first a0,7,anchored,first,0,0.20099143758449753,83.99931506849315,0.10652881040892194,0.7987804878048781,1.0,1.5213192932569126,46.838810641627546,82,2919.0,639
21224,smooth,anchored 7d start a0,7,anchored,start,0,0.20099143758449753,84.06232876712329,0.11210501858736059,0.8376736111111112,1.0,2.3301879274243427,46.267605633802816,81,4471.0,639
21224,smooth,anchored 7d end a0,7,anchored,end,0,0.20099143758449753,73.17164995273139,0.10362453531598513,0.8431001890359168,0.7624343331024911,6.217973808501196,37.1283255086072,65,11930.608930987815,639
21224,smooth,floating 14d first,14,floating,first,0,0.20099143758449753,52.26082274392772,0.06912174721189591,0.937007874015748,0.9999696177547472,6.285827189800826,25.13302034428795,44,12060.80120613447,639
21224,smooth,anchored 14d first a0,14,anchored,first,0,0.20099143758449753,62.16613887302429,0.06854089219330856,0.9291338582677166,0.9994968119005635,4.691939844930658,31.987480438184665,56,9002.562754615457,639
21224,smooth,anchored 14d start a0,14,anchored,start,0,0.20099143758449753,72.55163956640318,0.06679832713754646,0.9274193548387096,0.999462138632476,5.746195359168711,37.1283255086072,65,11025.393766948637,639
21224,smooth,anchored 14d end a0,14,anchored,end,0,0.20099143758449753,62.63552931580958,0.05796933085501859,0.9344569288389513,0.7329490630604942,11.136470417316081,27.417840375586856,48,21367.87280108198,639
21224,smooth,floating 28d first,28,floating,first,0,0.20099143758449753,37.30519475470382,0.04275092936802974,0.9945945945945946,1.0,12.4069526367036,11.995305164319248,21,23805.584341867576,639
21224,smooth,anchored 28d first a0,28,anchored,first,0,0.20099143758449753,41.70385141553814,0.03903345724907063,0.9572649572649573,0.9996453294302134,9.666617614047915,16.564945226917057,29,18547.62306668568,639
21224,smooth,anchored 28d start a0,28,anchored,start,0,0.20099143758449753,55.63357949712335,0.03473513011152416,0.9522292993630573,0.9996511518143381,11.895906996571975,22.848200312989047,40,22825.026065800084,639
21224,smooth,anchored 28d end a0,28,anchored,end,0,0.20099143758449753,45.484931506849314,0.02904275092936803,0.9398496240601504,0.6375802997858673,13.304638204269429,15.993740219092333,28,25528.0,639
21224,smooth,floating 56d first,56,floating,first,0,0.20099143758449753,45.89263966407101,0.023234200743494422,0.9852216748768473,1.0,26.550515599134783,6.283255086071987,11,50943.25390954367,639
21224,smooth,anchored 56d first a0,56,anchored,first,0,0.20099143758449753,46.81134060456607,0.026603159851301114,0.9662447257383966,0.9998607376086353,21.162211849357988,10.852895148669797,19,40604.557282666465,639
21224,smooth,anchored 56d start a0,56,anchored,start,0,0.20099143758449753,57.348642136429355,0.018355018587360595,0.9813664596273292,0.9999338589187706,26.89749710790441,12.566510172143975,22,51609.01751918686,639
21224,smooth,anchored 56d end a0,56,anchored,end,0,0.20099143758449753,37.836301369863016,0.0170771375464684,0.9735099337748344,0.5117773019271948,9.767401464517917,14.280125195618153,25,18741.0,639
22411,smooth,floating 7d first,7,floating,first,0,0.2205675548984964,159.81070953962637,0.14602695167286245,0.9866562009419152,1.0,2.802619916142831,50.2660406885759,88,67207.45892811185,639
22411,smooth,anchored 7d first a0,7,anchored,first,0,0.2205675548984964,152.4131506849315,0.1399860594795539,0.986088379705401,1.0,2.5529367424795812,49.694835680751176,87,61220.0,639
22411,smooth,anchored 7d start a0,7,anchored,start,0,0.2205675548984964,152.4131506849315,0.13952137546468402,0.985233798195242,1.0,2.5529367424795812,49.694835680751176,87,61220.0,639
22411,smooth,anchored 7d end a0,7,anchored,end,0,0.2205675548984964,221.36492323947576,0.12662639405204462,0.9846431797651309,0.7764971348399075,6.063563929843639,37.69953051643193,66,145405.6332882273,639
22411,smooth,floating 14d first,14,floating,first,0,0.2205675548984964,215.36232319310088,0.08445631970260223,0.9945280437756497,1.0,6.609852807028442,26.275430359937403,46,158505.76401405595,639
22411,smooth,anchored 14d first a0,14,anchored,first,0,0.2205675548984964,235.205576872571,0.07504646840148699,0.99079754601227,0.9999940334180422,6.330540154343527,41.69796557120501,73,151807.78348330362,639
22411,smooth,anchored 14d start a0,14,anchored,start,0,0.2205675548984964,245.04896718719166,0.07098048327137546,0.9934959349593496,0.999982020624813,7.144013537216306,35.41471048513302,62,171315.05903416654,639
22411,smooth,anchored 14d end a0,14,anchored,end,0,0.2205675548984964,280.04494618792523,0.06493959107806692,0.9964349376114082,0.7490564906181212,8.74399977834692,31.987480438184665,56,209683.0906630582,639
22411,smooth,floating 28d first,28,floating,first,0,0.2205675548984964,388.80522638732754,0.04914033457249071,1.0,1.0,14.276603301580403,13.137715179968701,23,342356.17341378087,639
22411,smooth,anchored 28d first a0,28,anchored,first,0,0.2205675548984964,371.5547207848488,0.04472583643122677,0.9974093264248705,1.0,13.213073777696161,18.849765258215964,33,316852.49509351235,639
22411,smooth,anchored 28d start a0,28,anchored,start,0,0.2205675548984964,411.01103510726574,0.0362453531598513,0.9968051118210862,1.0,14.206579815569643,26.84663536776213,47,340676.9943952615,639
22411,smooth,anchored 28d end a0,28,anchored,end,0,0.2205675548984964,391.8110192225703,0.03136617100371747,0.9926470588235294,0.6938224948009846,13.964606325678682,19.420970266040687,34,334874.41542625165,639
22411,smooth,floating 56d first,56,floating,first,0,0.2205675548984964,771.0649075027071,0.028926579925650557,1.0,1.0,29.624695829502755,6.854460093896714,12,710406.9006115079,639
22411,smooth,anchored 56d first a0,56,anchored,first,0,0.2205675548984964,723.9083735759905,0.028810408921933085,0.9880478087649402,1.0,27.550108882636145,10.28169014084507,18,660657.8368082987,639
22411,smooth,anchored 56d start a0,56,anchored,start,0,0.2205675548984964,817.102852612817,0.018703531598513012,1.0,1.0,30.757985332018364,16.564945226917057,29,737583.4389837902,639
22411,smooth,anchored 56d end a0,56,anchored,end,0,0.2205675548984964,314.6018082191781,0.01742565055762082,0.9933774834437086,0.6150514981273408,11.146433741331872,16.564945226917057,29,267294.0,639
23322,smooth,floating 7d first,7,floating,first,0,0.1886547811993517,84.15655122022895,0.04611988847583643,0.9974874371859297,1.0,13.48738978922867,14.85133020344288,26,35978.20541590435,639
23322,smooth,anchored 7d first a0,7,anchored,first,0,0.1886547811993517,82.84106393311956,0.03822026022304833,0.9676470588235294,1.0,13.182308256164033,14.85133020344288,26,35164.38700947226,639
23322,smooth,anchored 7d start a0,7,anchored,start,0,0.1886547811993517,83.492134242868,0.037987918215613384,0.9703264094955489,1.0,13.333301374970514,14.85133020344288,26,35567.16779431664,639
23322,smooth,anchored 7d end a0,7,anchored,end,0,0.1886547811993517,92.38065579179565,0.03519981412639405,0.9711538461538461,0.756707890771839,16.7861762326163,11.424100156494523,20,44777.86332882273,639
23322,smooth,floating 14d first,14,floating,first,0,0.1886547811993517,90.85589438212992,0.02753252788104089,0.9916317991631799,1.0,17.82405220705409,7.996870109546166,14,47546.443134707486,639
23322,smooth,anchored 14d first a0,14,anchored,first,0,0.1886547811993517,92.19207089846672,0.020678438661710038,0.9726775956284153,1.0,17.206270978627852,10.28169014084507,18,45898.48453888195,639
23322,smooth,anchored 14d start a0,14,anchored,start,0,0.1886547811993517,94.15058958025116,0.019516728624535316,0.9940828402366864,0.9998495146830271,17.89239651088022,9.710485133020343,17,47728.75457083334,639
23322,smooth,anchored 14d end a0,14,anchored,end,0,0.1886547811993517,86.33829351029715,0.018006505576208177,0.9935897435897436,0.7358184764991896,16.080606092887237,9.710485133020343,17,42895.723951285516,639
23322,smooth,floating 28d first,28,floating,first,0,0.1886547811993517,116.47746537011402,0.01533457249070632,1.0,1.0,25.389491254252853,3.998435054773083,7,67727.58450862985,639
23322,smooth,anchored 28d first a0,28,anchored,first,0,0.1886547811993517,114.76997087808053,0.01266263940520446,0.9819819819819819,1.0,24.29775159960466,5.712050078247262,10,64815.320966948115,639
23322,smooth,anchored 28d start a0,28,anchored,start,0,0.1886547811993517,124.01576993820139,0.010571561338289962,1.0,1.0,25.97816273485581,6.854460093896714,12,69297.89157193813,639
23322,smooth,anchored 28d end a0,28,anchored,end,0,0.1886547811993517,86.75339270024284,0.009758364312267658,0.9882352941176471,0.576480986395826,17.568365279014262,6.283255086071987,11,46864.38700947226,639
23322,smooth,floating 56d first,56,floating,first,0,0.1886547811993517,197.57662771963862,0.00929368029739777,1.0,1.0,44.661452370416534,2.856025039123631,5,119136.38833503066,639
23322,smooth,anchored 56d first a0,56,anchored,first,0,0.1886547811993517,202.35059595312842,0.007202602230483271,1.0,0.9999067028341253,46.23243875231103,1.7136150234741785,3,123327.06359812181,639
23322,smooth,anchored 56d start a0,56,anchored,start,0,0.1886547811993517,209.63378241889237,0.005808550185873606,0.9615384615384616,1.0,46.29811400585777,5.712050078247262,10,123502.25522524696,639
23322,smooth,anchored 56d end a0,56,anchored,end,0,0.1886547811993517,93.88684475503736,0.005692379182156134,1.0,0.5524939523601695,19.918467114591024,4.569640062597809,8,53133.38700947226,639
21652,smooth,floating 7d first,7,floating,first,0,0.21816168327796234,17.927840071553263,0.027648698884758363,0.9260700389105059,1.0,2.310761326724539,9.139280125195619,16,1804.2605797870274,639
21652,smooth,anchored 7d first a0,7,anchored,first,0,0.21816168327796234,18.264027397260275,0.03392193308550186,0.9299363057324841,1.0,1.5150974754643278,9.710485133020343,17,1183.0,639
21652,smooth,anchored 7d start a0,7,anchored,start,0,0.21816168327796234,18.89123287671233,0.03264405204460966,0.8949044585987261,1.0,2.266882951455503,9.710485133020343,17,1770.0,639
21652,smooth,anchored 7d end a0,7,anchored,end,0,0.21816168327796234,35.69635894489038,0.031598513011152414,0.9283276450511946,0.7671647064964684,27.204470578856455,7.42566510172144,13,21241.464140730735,639
21652,smooth,floating 14d first,14,floating,first,0,0.21816168327796234,13.769794195873903,0.016844795539033456,0.9354838709677419,1.0,5.717204516544915,5.140845070422535,9,4464.038157676857,639
21652,smooth,anchored 14d first a0,14,anchored,first,0,0.21816168327796234,17.837221475945245,0.018355018587360595,0.9186046511627907,1.0,3.400770509290378,8.568075117370892,15,2655.3483044102923,639
21652,smooth,anchored 14d start a0,14,anchored,start,0,0.21816168327796234,17.330867407451994,0.017657992565055763,0.9212121212121213,1.0,5.1910949792887635,7.42566510172144,13,4053.247701846096,639
21652,smooth,anchored 14d end a0,14,anchored,end,0,0.21816168327796234,32.44186616493967,0.01696096654275093,0.9240506329113924,0.7329376854599406,23.303547382486133,7.42566510172144,13,18195.592692828148,639
21652,smooth,floating 28d first,28,floating,first,0,0.21816168327796234,14.514803005539628,0.011617100371747211,0.9615384615384616,1.0,12.60332768358303,2.2848200312989047,4,9840.77717185119,639
21652,smooth,anchored 28d first a0,28,anchored,first,0,0.21816168327796234,14.727909851929088,0.011617100371747211,0.9803921568627451,1.0,9.262882064622511,3.998435054773083,7,7232.531015266965,639
21652,smooth,anchored 28d start a0,28,anchored,start,0,0.21816168327796234,23.76472198030298,0.008945167286245352,0.9625,1.0,18.896022764636246,4.569640062597809,8,14754.162879001506,639
21652,smooth,anchored 28d end a0,28,anchored,end,0,0.21816168327796234,94.53745205479453,0.009177509293680297,0.9634146341463414,0.6083086053412463,94.13711727730725,9.139280125195619,16,73503.0,639
21652,smooth,floating 56d first,56,floating,first,0,0.21816168327796234,22.145901342155287,0.007202602230483271,0.9841269841269841,1.0,22.94879592947271,1.7136150234741785,3,17918.59997406841,639
21652,smooth,anchored 56d first a0,56,anchored,first,0,0.21816168327796234,17.216387146823678,0.007318773234200744,1.0,1.0,18.238773781177247,1.1424100156494523,2,14240.97771433498,639
21652,smooth,anchored 56d start a0,56,anchored,start,0,0.21816168327796234,22.503377328275278,0.005111524163568773,1.0,1.0,20.980022157469794,2.856025039123631,5,16381.365961078143,639
21652,smooth,anchored 56d end a0,56,anchored,end,0,0.21816168327796234,9.013369863013699,0.005227695167286246,0.9375,0.40504451038575673,6.00916090860408,2.2848200312989047,4,4692.0,639
22993,smooth,floating 7d first,7,floating,first,0,0.22522095959595959,118.97639627782824,0.062151486988847586,0.9870848708487084,1.0,10.256728202407489,23.990610328638496,42,112385.53856562923,639
22993,smooth,anchored 7d first a0,7,anchored,first,0,0.22522095959595959,120.1716017572803,0.06401022304832714,0.9874551971326165,1.0,10.282738377515374,24.561815336463223,43,112670.53856562923,639
22993,smooth,anchored 7d start a0,7,anchored,start,0,0.22522095959595959,120.38092386972399,0.0645910780669145,0.9946332737030411,1.0,10.310629524904762,24.561815336463223,43,112976.14884979703,639
22993,smooth,anchored 7d end a0,7,anchored,end,0,0.22522095959595959,125.75173874358165,0.05936338289962825,0.9903100775193798,0.7802241161616161,12.092225191073489,19.992175273865413,35,132497.53856562922,639
22993,smooth,floating 14d first,14,floating,first,0,0.22522095959595959,136.39270500737987,0.03566449814126394,0.9903225806451613,1.0,15.242268283957344,12.566510172143975,22,167013.34931077462,639
22993,smooth,anchored 14d first a0,14,anchored,first,0,0.22522095959595959,138.21030140087885,0.03380576208178439,0.9965753424657534,1.0,14.818228573077239,15.422535211267606,27,162367.0400452831,639
22993,smooth,anchored 14d start a0,14,anchored,start,0,0.22522095959595959,144.269034358145,0.032992565055762084,0.993006993006993,1.0,15.225789774996764,17.136150234741784,30,166832.79016289173,639
22993,smooth,anchored 14d end a0,14,anchored,end,0,0.22522095959595959,154.10173874358168,0.02950743494423792,0.9883268482490273,0.7302714646464646,17.46866528153207,13.137715179968701,23,191408.53856562925,639
22993,smooth,floating 28d first,28,floating,first,0,0.22522095959595959,185.95047285925475,0.023466542750929367,1.0,1.0,23.178049468022895,6.854460093896714,12,253967.69037451193,639
22993,smooth,anchored 28d first a0,28,anchored,first,0,0.22522095959595959,180.7703599912981,0.020446096654275093,1.0,1.0,22.08808944899543,8.568075117370892,15,242024.72558729522,639
22993,smooth,anchored 28d start a0,28,anchored,start,0,0.22522095959595959,199.01646593576456,0.01812267657992565,1.0,1.0,22.92035250746088,15.422535211267606,27,251144.04026621624,639
22993,smooth,anchored 28d end a0,28,anchored,end,0,0.22522095959595959,150.77913600385563,0.016263940520446097,0.9929078014184397,0.6587752525252526,17.425680044774822,11.424100156494523,20,190937.53856562922,639
22993,smooth,floating 56d first,56,floating,first,0,0.22522095959595959,302.92051317329293,0.012430297397769517,1.0,1.0,39.563205717581816,3.427230046948357,6,433503.9492330077,639
22993,smooth,anchored 56d first a0,56,anchored,first,0,0.22522095959595959,291.65984236459934,0.013940520446096654,1.0,1.0,37.39655088651342,6.283255086071987,11,409763.36985231505,639
22993,smooth,anchored 56d start a0,56,anchored,start,0,0.22522095959595959,321.0189589319628,0.010455390334572491,0.989010989010989,1.0,40.50903888627718,9.710485133020343,17,443867.68004066567,639
22993,smooth,anchored 56d end a0,56,anchored,end,0,0.22522095959595959,170.2743414833077,0.00929368029739777,1.0,0.49368686868686873,21.089281656549847,6.854460093896714,12,231080.53856562922,639
21274,smooth,floating 7d first,7,floating,first,0,0.2542372881355932,23.82952862053288,0.021143122676579924,0.5244956772334294,0.9971061459588817,1.7110480502829422,12.566510172143975,22,261.87370450764763,639
21274,smooth,anchored 7d first a0,7,anchored,first,0,0.2542372881355932,27.187671232876713,0.02404739776951673,0.5,1.0,1.1107574511728249,14.85133020344288,26,170.0,639
21274,smooth,anchored 7d start a0,7,anchored,start,0,0.2542372881355932,27.01904109589041,0.024163568773234202,0.5036319612590799,1.0,1.888287666993802,14.280125195618153,25,289.0,639
21274,smooth,anchored 7d end a0,7,anchored,end,0,0.2542372881355932,91.53017517192801,0.02358271375464684,0.5300261096605744,0.7411745602165087,63.15691007311919,13.708920187793428,24,9666.083897158322,639
21274,smooth,floating 14d first,14,floating,first,0,0.2542372881355932,21.324312106165493,0.022072490706319704,0.7364341085271318,0.9972605305987045,5.914748628246887,8.568075117370892,15,905.2446740197668,639
21274,smooth,anchored 14d first a0,14,anchored,first,0,0.2542372881355932,20.082019520523712,0.017774163568773236,0.5862068965517241,0.9893391699461825,2.882427436412596,9.710485133020343,17,441.1518137220215,639
21274,smooth,anchored 14d start a0,14,anchored,start,0,0.2542372881355932,22.75262465081864,0.017890334572490705,0.6086956521739131,0.9905764906777818,4.444843907465798,10.28169014084507,18,680.2776460975699,639
21274,smooth,anchored 14d end a0,14,anchored,end,0,0.2542372881355932,64.9859884701647,0.016728624535315983,0.6101694915254238,0.7035886332882277,39.26696904591346,13.137715179968701,23,6009.75913396475,639
21274,smooth,floating 28d first,28,floating,first,0,0.2542372881355932,18.8510605891203,0.01312732342007435,0.8188405797101449,0.9984950047767808,11.08358398290215,3.998435054773083,7,1696.3282804034936,639
21274,smooth,anchored 28d first a0,28,anchored,first,0,0.2542372881355932,18.49942935731373,0.013475836431226766,0.7682119205298014,0.9888712628136646,8.884244771146548,5.140845070422535,9,1359.722241340985,639
21274,smooth,anchored 28d start a0,28,anchored,start,0,0.2542372881355932,20.852668441371947,0.009990706319702601,0.6515151515151515,0.9983267102154427,10.149847872600112,5.712050078247262,10,1553.4211690591212,639
21274,smooth,anchored 28d end a0,28,anchored,end,0,0.2542372881355932,26.34986301369863,0.010106877323420074,0.75,0.648,13.420563557111661,6.854460093896714,12,2054.0,639
21274,smooth,floating 56d first,56,floating,first,0,0.2542372881355932,26.81311611654785,0.008248141263940521,0.8765432098765432,1.0,20.400495178339206,2.856025039123631,5,3122.269561780378,639
21274,smooth,anchored 56d first a0,56,anchored,first,0,0.2542372881355932,23.732350913447927,0.009526022304832713,0.780952380952381,0.999140808759719,15.648761153988483,3.998435054773083,7,2395.022777807252,639
21274,smooth,anchored 56d start a0,56,anchored,start,0,0.2542372881355932,30.307990741810112,0.006854089219330855,0.8428571428571429,1.0,21.798561480372477,3.998435054773083,7,3336.2418120630155,639
21274,smooth,anchored 56d end a0,56,anchored,end,0,0.2542372881355932,32.48986301369864,0.005808550185873606,0.684931506849315,0.624,20.09817599886829,6.283255086071987,11,3076.0,639
22382,smooth,floating 7d first,7,floating,first,0,0.22053863825211398,132.84769814196517,0.14440055762081785,0.9833860759493671,1.0,2.929047126061799,49.123630672926446,86,51816.39339944633,639
22382,smooth,anchored 7d first a0,7,anchored,first,0,0.22053863825211398,127.10268493150684,0.13975371747211895,0.9828431372549019,1.0,2.50733032154618,49.694835680751176,87,44356.0,639
22382,smooth,anchored 7d start a0,7,anchored,start,0,0.22053863825211398,127.31243835616439,0.13963754646840149,0.9820261437908496,1.0,2.5204446834047496,49.694835680751176,87,44588.0,639
22382,smooth,anchored 7d end a0,7,anchored,end,0,0.22053863825211398,146.41948883163104,0.129182156133829,0.984070796460177,0.7727297224467798,4.527865915425645,42.26917057902973,74,80100.34370771312,639
22382,smooth,floating 14d first,14,floating,first,0,0.22053863825211398,147.00936638785683,0.0824814126394052,0.9943977591036415,1.0,6.377906563184737,25.704225352112676,45,112828.54161081134,639
22382,smooth,anchored 14d first a0,14,anchored,first,0,0.22053863825211398,166.63607721362766,0.07516263940520446,0.9892966360856269,1.0,6.354567495816846,37.1283255086072,65,112415.66116052755,639
22382,smooth,anchored 14d start a0,14,anchored,start,0,0.22053863825211398,175.19762452555375,0.07051579925650557,0.9837925445705025,1.0,6.639767998174583,39.413145539906104,69,117461.00894493067,639
22382,smooth,anchored 14d end a0,14,anchored,end,0,0.22053863825211398,171.44170871641202,0.06493959107806692,0.9858906525573192,0.7514103008629143,6.90511983177646,34.84350547730829,61,122155.2232772436,639
22382,smooth,floating 28d first,28,floating,first,0,0.22053863825211398,249.32635883591016,0.05053438661710037,1.0,1.0,14.150547352219293,13.137715179968701,23,250330.66962153697,639
22382,smooth,anchored 28d first a0,28,anchored,first,0,0.22053863825211398,251.25016736497304,0.04495817843866171,0.9974226804123711,1.0,13.583078861815043,19.420970266040687,34,240291.85178247018,639
22382,smooth,anchored 28d start a0,28,anchored,start,0,0.22053863825211398,275.20114375751757,0.036361524163568776,1.0,1.0,15.018037122500138,19.992175273865413,35,265677.0226408906,639
22382,smooth,anchored 28d end a0,28,anchored,end,0,0.22053863825211398,230.14334246575342,0.03241171003717472,0.9964285714285714,0.6773098592525093,11.825762751121543,23.419405320813773,41,209204.0,639
22382,smooth,floating 56d first,56,floating,first,0,0.22053863825211398,468.0975630482903,0.027881040892193308,1.0,1.0,28.641521434765263,5.712050078247262,10,506683.66822007863,639
22382,smooth,anchored 56d first a0,56,anchored,first,0,0.22053863825211398,454.5792400314139,0.029275092936802975,0.9882352941176471,1.0,27.358659363675503,9.710485133020343,17,483989.1594286851,639
22382,smooth,anchored 56d start a0,56,anchored,start,0,0.22053863825211398,507.2624433071031,0.018471189591078067,0.9875776397515528,1.0,29.77723978225162,17.70735524256651,31,526775.1266881595,639
22382,smooth,anchored 56d end a0,56,anchored,end,0,0.22053863825211398,197.9951506849315,0.01696096654275093,0.9864864864864865,0.517758016707087,10.69108781324625,15.422535211267606,27,189131.0,639
23202,smooth,floating 7d first,7,floating,first,0,0.24570602061110106,163.258655524867,0.053322490706319704,0.9892241379310345,1.0,12.132032456698042,17.70735524256651,31,116044.25304465494,639
23202,smooth,anchored 7d first a0,7,anchored,first,0,0.24570602061110106,163.88026648377112,0.04855947955390334,0.9928741092636579,1.0,12.097322984492868,18.278560250391237,32,115712.25304465494,639
23202,smooth,anchored 7d start a0,7,anchored,start,0,0.24570602061110106,164.46450639331198,0.047978624535315983,0.9927884615384616,1.0,12.150915072790749,18.278560250391237,32,116224.86738836265,639
23202,smooth,anchored 7d end a0,7,anchored,end,0,0.24570602061110106,182.71535689473004,0.043912639405204464,0.9895287958115183,0.7806906526848671,14.283706093609814,15.422535211267606,27,136625.25304465494,639
23202,smooth,floating 14d first,14,floating,first,0,0.24570602061110106,193.85036306572252,0.030901486988847583,0.9962546816479401,1.0,16.22241157811237,9.710485133020343,17,155169.18874756902,639
23202,smooth,anchored 14d first a0,14,anchored,first,0,0.24570602061110106,195.0275288927353,0.026022304832713755,0.9955555555555555,1.0,15.780014969075678,13.137715179968701,23,150937.61549482783,639
23202,smooth,anchored 14d start a0,14,anchored,start,0,0.24570602061110106,203.20165044174064,0.02404739776951673,0.9951923076923077,1.0,16.98847175843845,10.28169014084507,18,162496.64041162338,639
23202,smooth,anchored 14d end a0,14,anchored,end,0,0.24570602061110106,226.44106712143397,0.02184014869888476,0.9842931937172775,0.6917536268085724,19.21194355105906,9.710485133020343,17,183764.397834912,639
23202,smooth,floating 28d first,28,floating,first,0,0.24570602061110106,278.258563626216,0.017193308550185873,1.0,1.0,24.69897807590338,5.140845070422535,9,236248.499335502,639
23202,smooth,anchored 28d first a0,28,anchored,first,0,0.24570602061110106,243.23690384101826,0.01638011152416357,1.0,1.0,21.027807568702396,7.996870109546166,14,201133.34111050877,639
23202,smooth,anchored 28d start a0,28,anchored,start,0,0.24570602061110106,288.4772169796009,0.013592007434944238,1.0,1.0,24.81076465030984,10.28169014084507,18,237317.75047489014,639
23202,smooth,anchored 28d end a0,28,anchored,end,0,0.24570602061110106,204.17769283185348,0.01254646840148699,1.0,0.6812440350353978,17.169733319865355,9.710485133020343,17,164230.42760487142,639
23202,smooth,floating 56d first,56,floating,first,0,0.24570602061110106,432.0345790298387,0.010571561338289962,1.0,1.0,39.17170753295844,2.856025039123631,5,374681.782081469,639
23202,smooth,anchored 56d first a0,56,anchored,first,0,0.24570602061110106,380.3681212469626,0.011152416356877323,1.0,1.0,34.340634869581514,3.427230046948357,6,328472.0294594743,639
23202,smooth,anchored 56d start a0,56,anchored,start,0,0.24570602061110106,472.98960231213334,0.007551115241635688,1.0,1.0,42.83676550096255,3.427230046948357,6,409738.4731825208,639
23202,smooth,anchored 56d end a0,56,anchored,end,0,0.24570602061110106,203.69262812760675,0.0070864312267657995,1.0,0.4860390775672314,17.675616082238424,6.283255086071987,11,169069.25304465494,639
23204,smooth,floating 7d first,7,floating,first,0,0.2576479438314945,74.37300353297425,0.05855018587360595,0.984375,1.0,12.257472394130298,19.992175273865413,35,84536.15464432708,639
23204,smooth,anchored 7d first a0,7,anchored,first,0,0.2576479438314945,70.42869579402006,0.051928438661710034,0.9824175824175824,1.0,11.02954363874095,19.992175273865413,35,76067.49391069013,639
23204,smooth,anchored 7d start a0,7,anchored,start,0,0.2576479438314945,70.62934098281647,0.051928438661710034,0.9824175824175824,1.0,11.09200783100475,19.992175273865413,35,76498.29093369418,639
23204,smooth,anchored 7d end a0,7,anchored,end,0,0.2576479438314945,75.85306511946911,0.04809479553903346,0.9880668257756563,0.7689935503397879,14.58614026743768,16.564945226917057,29,100596.28687415426,639
23204,smooth,floating 14d first,14,floating,first,0,0.2576479438314945,70.7386058647478,0.03287639405204461,0.9860627177700348,1.0,16.418407220335116,10.28169014084507,18,113232.88906254675,639
23204,smooth,anchored 14d first a0,14,anchored,first,0,0.2576479438314945,75.13676290456732,0.02846189591078067,0.9959349593495935,1.0,14.985776788691888,15.422535211267606,27,103352.46153039453,639
23204,smooth,anchored 14d start a0,14,anchored,start,0,0.2576479438314945,73.10796808522134,0.027067843866171004,0.9957264957264957,0.9999508121943094,15.599445823740181,13.137715179968701,23,107584.75500650464,639
23204,smooth,anchored 14d end a0,14,anchored,end,0,0.2576479438314945,75.25837436743467,0.024512081784386616,0.985981308411215,0.7131509548944537,16.268903149197186,13.137715179968701,23,112201.80378890384,639
23204,smooth,floating 28d first,28,floating,first,0,0.2576479438314945,88.04132387741227,0.01858736059479554,0.9876543209876543,1.0,24.60688183494813,5.140845070422535,9,169706.37185444398,639
23204,smooth,anchored 28d first a0,28,anchored,first,0,0.2576479438314945,84.39210040971957,0.01754182156133829,0.993421052631579,1.0,21.914234376719065,7.996870109546166,14,151135.9802914567,639
23204,smooth,anchored 28d start a0,28,anchored,start,0,0.2576479438314945,93.51622605486807,0.015102230483271376,1.0,1.0,23.50946011525998,10.28169014084507,18,162137.77947074614,639
23204,smooth,anchored 28d end a0,28,anchored,end,0,0.2576479438314945,75.21453344949674,0.013359665427509293,1.0,0.6603306197347116,17.81183809644897,10.28169014084507,18,122842.96887686061,639
23204,smooth,floating 56d first,56,floating,first,0,0.2576479438314945,128.53224111396537,0.010571561338289962,1.0,1.0,38.14632941547122,3.427230046948357,6,263083.9294505727,639
23204,smooth,anchored 56d first a0,56,anchored,first,0,0.2576479438314945,118.04809670254338,0.012894981412639405,1.0,1.0,33.637173792458725,5.712050078247262,10,231985.61939075487,639
23204,smooth,anchored 56d start a0,56,anchored,start,0,0.2576479438314945,142.25288852392896,0.009061338289962825,1.0,1.0,39.61594565294194,8.568075117370892,15,273219.4371249062,639
23204,smooth,anchored 56d end a0,56,anchored,end,0,0.2576479438314945,62.88431764509612,0.007899628252788104,0.9855072463768116,0.42951316737764034,16.152453055567328,6.283255086071987,11,111398.68200270637,639
47568,smooth,floating 7d first,7,floating,first,0,0.21598995395562998,25.51523287671233,0.037987918215613384,0.956140350877193,1.0,2.320250417438822,11.424100156494523,20,4793.0,639
47568,smooth,anchored 7d first a0,7,anchored,first,0,0.21598995395562998,24.873150684931506,0.03763940520446097,0.9337175792507204,1.0,2.050127376977553,11.424100156494523,20,4235.0,639
47568,smooth,anchored 7d start a0,7,anchored,start,0,0.21598995395562998,25.045753424657534,0.03671003717472119,0.9186046511627907,1.0,2.1227410975316574,11.424100156494523,20,4385.0,639
47568,smooth,anchored 7d end a0,7,anchored,end,0,0.21598995395562998,97.49852054794522,0.03554832713754647,0.9622641509433962,0.7623080995235574,33.44491150427985,10.28169014084507,18,69088.0,639
47568,smooth,floating 14d first,14,floating,first,0,0.21598995395562998,24.63791751561541,0.025906133828996283,0.9867256637168141,1.0,5.737451983617005,6.283255086071987,11,11851.99974571339,639
47568,smooth,anchored 14d first a0,14,anchored,first,0,0.21598995395562998,26.950497110977714,0.02032992565055762,0.9722222222222222,0.9998349571372495,5.86895376293164,7.42566510172144,13,12123.64629882587,639
47568,smooth,anchored 14d start a0,14,anchored,start,0,0.21598995395562998,26.801849871662085,0.019400557620817844,0.9766081871345029,0.999910821981351,5.3857195467001855,7.996870109546166,14,11125.417150373003,639
47568,smooth,anchored 14d end a0,14,anchored,end,0,0.21598995395562998,94.07807240439693,0.01928438661710037,0.9764705882352941,0.7374809362085604,32.84733104454363,9.139280125195619,16,67853.56292286876,639
47568,smooth,floating 28d first,28,floating,first,0,0.21598995395562998,31.555513842313825,0.01324349442379182,0.9661016949152542,1.0,10.75116735521031,3.427230046948357,6,22208.958458201298,639
47568,smooth,anchored 28d first a0,28,anchored,first,0,0.21598995395562998,32.331818000454,0.01266263940520446,0.990909090909091,1.0,11.077757380917069,3.427230046948357,6,22883.603738489783,639
47568,smooth,anchored 28d start a0,28,anchored,start,0,0.21598995395562998,41.09809030113683,0.010339219330855019,0.978021978021978,1.0,12.662222637995534,6.283255086071987,11,26156.673714083194,639
47568,smooth,anchored 28d end a0,28,anchored,end,0,0.21598995395562998,99.8627397260274,0.009758364312267658,0.9438202247191011,0.6707252514557966,37.80512337781865,5.712050078247262,10,78095.0,639
47568,smooth,floating 56d first,56,floating,first,0,0.21598995395562998,62.06166218456899,0.008364312267657992,0.9863013698630136,1.0,24.84715503437928,1.7136150234741785,3,51327.39689849447,639
47568,smooth,anchored 56d first a0,56,anchored,first,0,0.21598995395562998,57.69830008135893,0.008364312267657992,1.0,1.0,23.01149496929697,1.7136150234741785,3,47535.42745165716,639
47568,smooth,anchored 56d start a0,56,anchored,start,0,0.21598995395562998,81.23280896599213,0.004995353159851301,0.9772727272727273,1.0,32.49172995032953,2.2848200312989047,4,67118.98874425507,639
47568,smooth,anchored 56d end a0,56,anchored,end,0,0.21598995395562998,36.65315068493151,0.0055762081784386614,1.0,0.6114346214928534,12.475037191195169,3.998435054773083,7,25770.0,639
16161P,smooth,floating 7d first,7,floating,first,0,0.22704081632653061,81.90978647646608,0.1129182156133829,0.9828109201213346,1.0,2.6052943746657746,42.840375586854464,75,30024.66742750141,639
16161P,smooth,anchored 7d first a0,7,anchored,first,0,0.22704081632653061,83.47749041095891,0.12186338289962825,0.9840525328330206,1.0,2.0652555623188245,44.55399061032864,78,23801.0,639
16161P,smooth,anchored 7d start a0,7,anchored,start,0,0.22704081632653061,85.30316712328766,0.12163104089219332,0.9794200187090739,1.0,2.7536162352264846,44.55399061032864,78,31734.0,639
16161P,smooth,anchored 7d end a0,7,anchored,end,0,0.22704081632653061,74.91486798524478,0.1092007434944238,0.9771309771309772,0.7837325646332212,7.508783912626083,31.41627543035994,55,86534.84303112315,639
16161P,smooth,floating 14d first,14,floating,first,0,0.22704081632653061,56.785201401758485,0.06610130111524164,0.9930191972076788,1.0,6.328761523756781,22.848200312989047,40,72935.69656716484,639
16161P,smooth,anchored 14d first a0,14,anchored,first,0,0.22704081632653061,70.41990339758983,0.06633364312267657,0.9827882960413081,1.0,5.436939814698648,31.987480438184665,56,62657.91357286061,639
16161P,smooth,anchored 14d start a0,14,anchored,start,0,0.22704081632653061,76.2117799291465,0.06447490706319703,0.9840425531914894,0.9999938962142045,6.489600450045224,33.701095461658845,59,74789.28183498181,639
16161P,smooth,anchored 14d end a0,14,anchored,end,0,0.22704081632653061,79.67371805661112,0.05599442379182156,0.9938144329896907,0.7199066891106087,15.335786309829098,22.27699530516432,39,176736.98917456024,639
16161P,smooth,floating 28d first,28,floating,first,0,0.22704081632653061,59.68573921976176,0.043912639405204464,0.9973614775725593,0.9999800634622026,14.586230574896007,11.995305164319248,21,168098.74780015525,639
16161P,smooth,anchored 28d first a0,28,anchored,first,0,0.22704081632653061,65.4672559961528,0.039962825278810406,0.9913544668587896,1.0,10.733411540508046,21.134585289514867,37,123697.00522137822,639
16161P,smooth,anchored 28d start a0,28,anchored,start,0,0.22704081632653061,80.43854923348141,0.03310873605947955,0.9895833333333334,1.0,13.361896677815304,25.704225352112676,45,153988.9341692942,639
16161P,smooth,anchored 28d end a0,28,anchored,end,0,0.22704081632653061,59.98270747214859,0.029275092936802975,0.9921259842519685,0.6717966297180873,11.304803611585479,17.136150234741784,30,130282.00270635996,639
16161P,smooth,floating 56d first,56,floating,first,0,0.22704081632653061,86.08234143891703,0.0262546468401487,1.0,1.0,28.309355499446426,6.283255086071987,11,326250.6503000561,639
16161P,smooth,anchored 56d first a0,56,anchored,first,0,0.22704081632653061,79.87351980276586,0.025673791821561338,1.0,1.0,23.706091065980168,9.710485133020343,17,273200.413428685,639
16161P,smooth,anchored 56d start a0,56,anchored,start,0,0.22704081632653061,104.22741674238738,0.01696096654275093,0.9864864864864865,1.0,28.741099411774346,15.993740219092333,28,331226.2751306118,639
16161P,smooth,anchored 56d end a0,56,anchored,end,0,0.22704081632653061,43.67270136986302,0.015683085501858735,0.9926470588235294,0.41621350288630465,9.679741145284405,10.28169014084507,18,111554.0,639
23201,smooth,floating 7d first,7,floating,first,0,0.2542790941026983,188.90013884738724,0.05216078066914498,0.9868131868131869,1.0,11.672354579929934,19.992175273865413,35,135032.5737483085,639
23201,smooth,anchored 7d first a0,7,anchored,first,0,0.2542790941026983,184.30590323094887,0.05262546468401487,0.9956043956043956,1.0,11.323910793326283,19.992175273865413,35,131001.5737483085,639
23201,smooth,anchored 7d start a0,7,anchored,start,0,0.2542790941026983,184.576635201216,0.052276951672862455,0.989010989010989,1.0,11.344444105230663,19.992175273865413,35,131239.11502029767,639
23201,smooth,anchored 7d end a0,7,anchored,end,0,0.2542790941026983,211.78959734554283,0.04809479553903346,0.9857142857142858,0.7749053537641696,13.939281435262625,15.993740219092333,28,161257.69959404596,639
23201,smooth,floating 14d first,14,floating,first,0,0.2542790941026983,227.66175658457385,0.034502788104089216,1.0,1.0,15.901521486818677,10.28169014084507,18,183958.03161867656,639
23201,smooth,anchored 14d first a0,14,anchored,first,0,0.2542790941026983,215.0628872414439,0.028345724907063198,1.0,1.0,14.415070895857333,14.280125195618153,25,166761.90827674762,639
23201,smooth,anchored 14d start a0,14,anchored,start,0,0.2542790941026983,223.03677770110042,0.027067843866171004,0.9957264957264957,0.9999817913975533,14.943996489143654,14.85133020344288,26,172880.82658870588,639
23201,smooth,anchored 14d end a0,14,anchored,end,0,0.2542790941026983,251.4856746658758,0.02462825278810409,1.0,0.7199870214474828,17.32919691371606,13.137715179968701,23,200474.2097428958,639
23201,smooth,floating 28d first,28,floating,first,0,0.2542790941026983,337.56584561769813,0.018471189591078067,1.0,1.0,24.91964647743006,5.140845070422535,9,288284.93665975914,639
23201,smooth,anchored 28d first a0,28,anchored,first,0,0.2542790941026983,296.68411824595154,0.018471189591078067,1.0,1.0,21.363963231781558,8.568075117370892,15,247150.72874945262,639
23201,smooth,anchored 28d start a0,28,anchored,start,0,0.2542790941026983,326.23367579853056,0.015102230483271376,1.0,1.0,23.301735980705185,10.852895148669797,19,269568.0088136145,639
23201,smooth,anchored 28d end a0,28,anchored,end,0,0.2542790941026983,241.94228459784603,0.01370817843866171,0.9915966386554622,0.6514248239697844,16.75707836809163,11.995305164319248,21,193855.61028416775,639
23201,smooth,floating 56d first,56,floating,first,0,0.2542790941026983,527.480634769729,0.012081784386617101,1.0,1.0,39.551016140636534,3.427230046948357,6,457549.1146417093,639
23201,smooth,anchored 56d first a0,56,anchored,first,0,0.2542790941026983,477.2808741479819,0.012430297397769517,1.0,1.0,35.51614993326944,5.140845070422535,9,410871.4400577244,639
23201,smooth,anchored 56d start a0,56,anchored,start,0,0.2542790941026983,529.2410900495727,0.009061338289962825,1.0,1.0,39.001942347696556,8.568075117370892,15,451197.11025984137,639
23201,smooth,anchored 56d end a0,56,anchored,end,0,0.2542790941026983,216.23931793797615,0.008480483271375464,1.0,0.5847284957006016,15.262732652402606,8.568075117370892,15,176568.15155615692,639
23307,smooth,floating 7d first,7,floating,first,0,0.2371715162065821,67.83816081073667,0.04263475836431227,0.994579945799458,1.0,12.991359674182743,15.422535211267606,27,135508.44269017165,639
23307,smooth,anchored 7d first a0,7,anchored,first,0,0.2371715162065821,66.8974887574842,0.04054368029739777,0.9943019943019943,1.0,12.692114832185798,15.422535211267606,27,132387.12178619756,639
23307,smooth,anchored 7d start a0,7,anchored,start,0,0.2371715162065821,67.12048573600015,0.04019516728624535,0.9857549857549858,1.0,12.763054215758507,15.422535211267606,27,133127.06630581868,639
23307,smooth,anchored 7d end a0,7,anchored,end,0,0.2371715162065821,77.23105822381227,0.036477695167286245,0.9905362776025236,0.7611267727605533,18.206237674742813,11.424100156494523,20,189903.0568335589,639
23307,smooth,floating 14d first,14,floating,first,0,0.2371715162065821,67.33035802577274,0.024860594795539034,1.0,1.0,16.64723605311906,8.568075117370892,15,173641.64254006406,639
23307,smooth,anchored 14d first a0,14,anchored,first,0,0.2371715162065821,73.00296215524239,0.022304832713754646,1.0,1.0,16.224967350470944,12.566510172143975,22,169237.1016969406,639
23307,smooth,anchored 14d start a0,14,anchored,start,0,0.2371715162065821,75.6855541945703,0.021026951672862452,0.9945054945054945,1.0,16.760230396941903,13.137715179968701,23,174820.248009256,639
23307,smooth,anchored 14d end a0,14,anchored,end,0,0.2371715162065821,74.61413943314736,0.01928438661710037,0.9880952380952381,0.7200093061270458,18.00998461779362,10.28169014084507,18,187856.00811907984,639
23307,smooth,floating 28d first,28,floating,first,0,0.2371715162065821,86.2883067439594,0.014405204460966542,1.0,1.0,24.904930364203057,4.569640062597809,8,259774.83601404706,639
23307,smooth,anchored 28d first a0,28,anchored,first,0,0.2371715162065821,79.85643277296283,0.014172862453531599,0.991869918699187,1.0,21.586362041279692,6.854460093896714,12,225159.98147392212,639
23307,smooth,anchored 28d start a0,28,anchored,start,0,0.2371715162065821,85.95212957372975,0.012081784386617101,1.0,1.0,23.20739561906855,7.42566510172144,13,242068.42994919416,639
23307,smooth,anchored 28d end a0,28,anchored,end,0,0.2371715162065821,74.60852058501862,0.010339219330855019,0.9888888888888889,0.6099597545901608,19.916905987955513,6.854460093896714,12,207746.4546684709,639
23307,smooth,floating 56d first,56,floating,first,0,0.2371715162065821,120.03740511070568,0.008364312267657992,1.0,1.0,36.595485107765484,2.856025039123631,5,381715.0260491597,639
23307,smooth,anchored 56d first a0,56,anchored,first,0,0.2371715162065821,114.40389384946567,0.00929368029739777,0.9876543209876543,1.0,34.80336299525138,2.856025039123631,5,363022.0114095906,639
23307,smooth,anchored 56d start a0,56,anchored,start,0,0.2371715162065821,126.29640964936878,0.007434944237918215,0.9846153846153847,1.0,36.67787914932412,6.283255086071987,11,382574.4502001782,639
23307,smooth,anchored 56d end a0,56,anchored,end,0,0.2371715162065821,57.82162503939052,0.0070864312267657995,1.0,0.451044061976383,14.576690035114295,6.854460093896714,12,152044.48308525034,639
23004,smooth,floating 7d first,7,floating,first,0,0.20039781203381402,41.394057653402136,0.05390334572490706,0.9169960474308301,1.0,10.980214872493933,21.134585289514867,37,19093.226708235463,639
23004,smooth,anchored 7d first a0,7,anchored,first,0,0.20039781203381402,46.08145765288153,0.05611059479553903,0.871841155234657,1.0,10.199065546380664,23.990610328638496,42,17734.905277401893,639
23004,smooth,anchored 7d start a0,7,anchored,start,0,0.20039781203381402,46.28236724192263,0.05703996282527881,0.8894927536231884,1.0,10.701114138280147,23.990610328638496,42,18607.905277401893,639
23004,smooth,anchored 7d end a0,7,anchored,end,0,0.20039781203381402,37.802188473872505,0.052741635687732345,0.9007936507936508,0.7613612277265298,14.498962280228694,18.278560250391237,32,25211.89039242219,639
23004,smooth,floating 14d first,14,floating,first,0,0.20039781203381402,27.390615675648277,0.03775557620817844,0.9789156626506024,1.0,15.96937018607759,11.995305164319248,21,27768.74668585264,639
23004,smooth,anchored 14d first a0,14,anchored,first,0,0.20039781203381402,34.56489603024374,0.03368959107806691,0.9698996655518395,0.99983330746015,13.905997366205401,16.564945226917057,29,24180.798226654344,639
23004,smooth,anchored 14d start a0,14,anchored,start,0,0.20039781203381402,33.88227000587983,0.031017657992565055,0.9709090909090909,0.9996213594965918,14.699076274654352,15.993740219092333,28,25559.863716025448,639
23004,smooth,anchored 14d end a0,14,anchored,end,0,0.20039781203381402,34.19321209335097,0.02741635687732342,0.9516129032258065,0.7187377408017637,17.974960876369558,15.422535211267606,27,31256.219215156016,639
23004,smooth,floating 28d first,28,floating,first,0,0.20039781203381402,20.82106486307718,0.023234200743494422,1.0,1.0,22.04276667280441,6.854460093896714,12,38329.62708360917,639
23004,smooth,anchored 28d first a0,28,anchored,first,0,0.20039781203381402,27.251174190848367,0.020910780669144983,0.9836065573770492,1.0,20.618679296513964,10.852895148669797,19,35853.31642451968,639
23004,smooth,anchored 28d start a0,28,anchored,start,0,0.20039781203381402,31.997927819420994,0.016496282527881042,0.9659863945578231,1.0,22.4847256585123,13.137715179968701,23,39098.138739150745,639
23004,smooth,anchored 28d end a0,28,anchored,end,0,0.20039781203381402,26.617972721374684,0.014986059479553903,0.9923076923076923,0.6499738582586034,19.036385949266514,10.852895148669797,19,33101.90527740189,639
23004,smooth,floating 56d first,56,floating,first,0,0.20039781203381402,21.438195626101603,0.011849442379182156,0.9902912621359223,1.0,38.57817047232949,3.427230046948357,6,67082.63575627482,639
23004,smooth,anchored 56d first a0,56,anchored,first,0,0.20039781203381402,22.650808808990575,0.013592007434944238,0.9915254237288136,1.0,34.11170852298602,5.140845070422535,9,59316.01446763762,639
23004,smooth,anchored 56d start a0,56,anchored,start,0,0.20039781203381402,29.42254984688836,0.009409851301115242,0.9878048780487805,1.0,38.5390735757569,7.996870109546166,14,67014.65112040774,639
23004,smooth,anchored 56d end a0,56,anchored,end,0,0.20039781203381402,16.98204943370345,0.007899628252788104,1.0,0.44460339580211405,19.94616930824129,5.140845070422535,9,34683.90527740189,639
22614,smooth,floating 7d first,7,floating,first,0,0.2235254122046575,69.21745747924471,0.09549256505576208,0.9513888888888888,0.9999646710133588,3.980360601807342,37.69953051643193,66,20247.792757315867,639
22614,smooth,anchored 7d first a0,7,anchored,first,0,0.2235254122046575,79.90090332363245,0.10943308550185873,0.9382470119521913,1.0,3.5887471313992703,43.98278560250391,77,18255.684709066303,639
22614,smooth,anchored 7d start a0,7,anchored,start,0,0.2235254122046575,80.50357070458043,0.11071096654275094,0.952047952047952,1.0,4.334315181511567,43.98278560250391,77,22048.33288227334,639
22614,smooth,anchored 7d end a0,7,anchored,end,0,0.2235254122046575,64.50945247001687,0.09921003717472118,0.943646408839779,0.7719616877326173,10.527159899734974,31.987480438184665,56,53550.864682002706,639
22614,smooth,floating 14d first,14,floating,first,0,0.2235254122046575,50.71455149033223,0.06970260223048327,0.9900990099009901,1.0,8.306663377319621,25.13302034428795,44,42255.36713743556,639
22614,smooth,anchored 14d first a0,14,anchored,first,0,0.2235254122046575,60.35154603632861,0.06261617100371747,0.9746835443037974,0.9999941107523354,6.6204707099224755,31.41627543035994,55,33677.83281482657,639
22614,smooth,anchored 14d start a0,14,anchored,start,0,0.2235254122046575,66.7270524970416,0.0604089219330855,0.975609756097561,0.9999561045435346,8.322128543498156,34.27230046948357,60,42334.03726586519,639
22614,smooth,anchored 14d end a0,14,anchored,end,0,0.2235254122046575,52.38624406176432,0.05390334572490706,0.9830508474576272,0.7306730224492627,11.61185075588477,24.561815336463223,43,59068.6048714479,639
22614,smooth,floating 28d first,28,floating,first,0,0.2235254122046575,36.29723407006184,0.03856877323420074,0.9940119760479041,1.0,16.450189923849145,13.137715179968701,23,83680.86957883745,639
22614,smooth,anchored 28d first a0,28,anchored,first,0,0.2235254122046575,44.00310558799274,0.037407063197026025,0.9907692307692307,0.9999440624691911,13.612092238202184,18.849765258215964,33,69243.68171754054,639
22614,smooth,anchored 28d start a0,28,anchored,start,0,0.2235254122046575,52.1298686624365,0.03264405204460966,0.9825174825174825,0.9998962300997352,16.24313989166854,22.27699530516432,39,82627.62175498833,639
22614,smooth,anchored 28d end a0,28,anchored,end,0,0.2235254122046575,46.524123802991824,0.028113382899628253,0.9877551020408163,0.6509517917846357,11.782423667355902,21.134585289514867,37,59936.29634641407,639
22614,smooth,floating 56d first,56,floating,first,0,0.2235254122046575,35.55303222110355,0.021607806691449814,0.9946524064171123,1.0,30.37489158387527,6.283255086071987,11,154514.7717362551,639
22614,smooth,anchored 56d first a0,56,anchored,first,0,0.2235254122046575,40.77395597471241,0.0262546468401487,0.9826086956521739,1.0,28.173972055201673,10.28169014084507,18,143318.8608753453,639
22614,smooth,anchored 56d start a0,56,anchored,start,0,0.2235254122046575,50.69752002771645,0.01812267657992565,1.0,1.0,35.50209406798873,12.566510172143975,22,180596.462243388,639
22614,smooth,anchored 56d end a0,56,anchored,end,0,0.2235254122046575,38.55097859751237,0.016031598513011152,0.9857142857142858,0.5787097384105069,11.815646100525186,16.564945226917057,29,60105.29634641407,639
22120,smooth,floating 7d first,7,floating,first,0,0.23980582524271846,89.34105556196667,0.07690520446096655,0.7918660287081339,1.0,5.218802295054804,36.557120500782474,64,4647.982552823031,639
22120,smooth,anchored 7d first a0,7,anchored,first,0,0.23980582524271846,93.9065372680594,0.07690520446096655,0.7164502164502164,1.0,4.923373900360089,39.98435054773083,70,4384.8673883626525,639
22120,smooth,anchored 7d start a0,7,anchored,start,0,0.23980582524271846,96.21024068066806,0.08027416356877323,0.750271444082519,1.0,5.397804518589422,39.98435054773083,70,4807.405953991881,639
22120,smooth,anchored 7d end a0,7,anchored,end,0,0.23980582524271846,97.24391825310028,0.07307156133828996,0.7505966587112172,0.768827957822094,8.287936247474057,32.55868544600939,57,7381.422192151556,639
22120,smooth,floating 14d first,14,floating,first,0,0.23980582524271846,82.28473617678702,0.05715613382899628,0.9318181818181818,1.0,8.914170127912643,22.27699530516432,39,7939.160153028774,639
22120,smooth,anchored 14d first a0,14,anchored,first,0,0.23980582524271846,86.21601619796584,0.04960501858736059,0.8422090729783037,0.9994272613182978,8.282190026326472,26.275430359937403,46,7376.304478521372,639
22120,smooth,anchored 14d start a0,14,anchored,start,0,0.23980582524271846,92.50597471312076,0.047513940520446094,0.8381147540983607,0.9983170527659804,8.959732562293079,27.98904538341158,49,7979.739080547274,639
22120,smooth,anchored 14d end a0,14,anchored,end,0,0.23980582524271846,87.04580391866091,0.04449349442379182,0.8344226579520697,0.7081930415263749,8.659021225519243,25.704225352112676,45,7711.918809201624,639
22120,smooth,floating 28d first,28,floating,first,0,0.23980582524271846,95.82683606871765,0.031482342007434945,0.9217687074829932,1.0,15.615974051850296,11.424100156494523,20,13907.937268885398,639
22120,smooth,anchored 28d first a0,28,anchored,first,0,0.23980582524271846,94.11531598956655,0.03229553903345725,0.9297658862876255,0.9994279338864652,14.645671463540818,13.137715179968701,23,13043.763988036077,639
22120,smooth,anchored 28d start a0,28,anchored,start,0,0.23980582524271846,121.09214119712128,0.025557620817843865,0.873015873015873,0.9998289567710529,18.3478651792514,18.278560250391237,32,16341.020872838828,639
22120,smooth,anchored 28d end a0,28,anchored,end,0,0.23980582524271846,84.73816438356164,0.021607806691449814,0.8017241379310345,0.6139169472502806,12.302631538964098,14.280125195618153,25,10957.0,639
22120,smooth,floating 56d first,56,floating,first,0,0.23980582524271846,193.6950350164279,0.016728624535315983,0.9290322580645162,1.0,38.03657153396637,5.140845070422535,9,33876.225015575976,639
22120,smooth,anchored 56d first a0,56,anchored,first,0,0.23980582524271846,178.167582873991,0.019981412639405203,0.9297297297297298,1.0,33.809095133442526,7.996870109546166,14,30111.13957236518,639
22120,smooth,anchored 56d start a0,56,anchored,start,0,0.23980582524271846,212.6846796800072,0.014637546468401487,0.9618320610687023,1.0,40.91763501211388,7.996870109546166,14,36442.16486593097,639
22120,smooth,anchored 56d end a0,56,anchored,end,0,0.23980582524271846,146.13191780821919,0.01266263940520446,0.9316239316239316,0.569023569023569,26.59375997082821,9.710485133020343,17,23685.0,639
23078,smooth,floating 7d first,7,floating,first,0,0.23407992973210365,81.20872137038074,0.05692379182156134,0.9859154929577465,1.0,11.174661457824852,20.56338028169014,36,66004.73320075589,639
23078,smooth,anchored 7d first a0,7,anchored,first,0,0.23407992973210365,81.65768161343541,0.05703996282527881,0.982,1.0,10.79127648992247,21.705790297339593,38,63740.21515561569,639
23078,smooth,anchored 7d start a0,7,anchored,start,0,0.23407992973210365,83.17271581366896,0.05645910780669145,0.9838056680161943,1.0,11.165761628441086,21.705790297339593,38,65952.16508795669,639
23078,smooth,anchored 7d end a0,7,anchored,end,0,0.23407992973210365,96.097524422118,0.05053438661710037,0.9709821428571429,0.7363489972185624,16.83230046031978,15.993740219092333,28,99422.38565629227,639
23078,smooth,floating 14d first,14,floating,first,0,0.23407992973210365,85.30081175275218,0.03787174721189591,1.0,1.0,16.38819022652976,10.852895148669797,19,96799.18515901818,639
23078,smooth,anchored 14d first a0,14,anchored,first,0,0.23407992973210365,85.223662959894,0.02950743494423792,0.9844961240310077,0.9999440558867565,14.638865329704482,14.85133020344288,26,86466.54792144524,639
23078,smooth,anchored 14d start a0,14,anchored,start,0,0.23407992973210365,92.88122871632812,0.028694237918215612,1.0,1.0,15.790119312742553,16.564945226917057,29,93266.59392583906,639
23078,smooth,anchored 14d end a0,14,anchored,end,0,0.23407992973210365,102.38454130906253,0.024860594795539034,0.981651376146789,0.7375419191622057,20.36375572192404,11.424100156494523,20,120281.43031123129,639
23078,smooth,floating 28d first,28,floating,first,0,0.23407992973210365,102.5930199304071,0.018703531598513012,1.0,1.0,22.639901297732358,6.283255086071987,11,133725.80909839435,639
23078,smooth,anchored 28d first a0,28,anchored,first,0,0.23407992973210365,108.5636310500199,0.018935873605947954,0.9939024390243902,1.0,22.879816303954573,9.139280125195619,16,135142.90133302903,639
23078,smooth,anchored 28d start a0,28,anchored,start,0,0.23407992973210365,123.52415039305566,0.014637546468401487,0.9692307692307692,1.0,25.341850801472223,11.995305164319248,21,149685.25957386126,639
23078,smooth,anchored 28d end a0,28,anchored,end,0,0.23407992973210365,102.24877750384637,0.01324349442379182,1.0,0.5709866803589225,21.813273695426513,7.996870109546166,14,128843.21515561569,639
23078,smooth,floating 56d first,56,floating,first,0,0.23407992973210365,148.5376562250182,0.012081784386617101,1.0,1.0,35.23236236338141,3.427230046948357,6,208104.97808852658,639
23078,smooth,anchored 56d first a0,56,anchored,first,0,0.23407992973210365,159.10262944124233,0.01428903345724907,1.0,1.0,36.855088044339425,5.712050078247262,10,217689.8389842138,639
23078,smooth,anchored 56d start a0,56,anchored,start,0,0.23407992973210365,198.5016033928867,0.008945167286245352,0.9871794871794872,1.0,45.85216203786089,7.42566510172144,13,270832.34095361456,639
23078,smooth,anchored 56d end a0,56,anchored,end,0,0.23407992973210365,128.7789144901477,0.007318773234200744,1.0,0.5131620573169081,29.854051160031972,4.569640062597809,8,176337.21515561568,639
22487,smooth,floating 7d first,7,floating,first,0,0.1952698605215282,111.29259417216691,0.12314126394052044,0.8688524590163934,1.0,3.382175589538176,48.55242566510172,85,4822.5109913773495,639
22487,smooth,anchored 7d first a0,7,anchored,first,0,0.1952698605215282,107.03720547945206,0.10722583643122677,0.7963761863675582,1.0,2.8347791756942846,48.55242566510172,85,4042.0,639
22487,smooth,anchored 7d start a0,7,anchored,start,0,0.1952698605215282,108.42202739726028,0.1074581784386617,0.8015597920277296,1.0,3.012917204053104,48.55242566510172,85,4296.0,639
22487,smooth,anchored 7d end a0,7,anchored,end,0,0.1952698605215282,112.27756016089866,0.10141728624535316,0.8212605832549389,0.7739345274861025,5.181146443379636,41.12676056338028,72,7387.592692828146,639
22487,smooth,floating 14d first,14,floating,first,0,0.1952698605215282,102.52107262386008,0.07295539033457249,0.9289940828402367,1.0,7.399283860640007,25.704225352112676,45,10550.347491311019,639
22487,smooth,anchored 14d first a0,14,anchored,first,0,0.1952698605215282,109.67181155237171,0.06133828996282528,0.8516129032258064,0.9989012754126166,6.5182219368651095,33.701095461658845,59,9294.075988249082,639
22487,smooth,anchored 14d start a0,14,anchored,start,0,0.1952698605215282,116.29032925346371,0.06064126394052045,0.8758389261744967,0.9987830431476465,7.112329833795995,34.84350547730829,61,10141.19104397701,639
22487,smooth,anchored 14d end a0,14,anchored,end,0,0.1952698605215282,128.91580603184607,0.05401951672862453,0.8659217877094972,0.716317812579141,10.28005401860662,27.98904538341158,49,14657.924221921516,639
22487,smooth,floating 28d first,28,floating,first,0,0.1952698605215282,139.30535140337554,0.04519052044609666,0.9511002444987775,1.0,14.961061577771924,13.137715179968701,23,21332.38857398597,639
22487,smooth,anchored 28d first a0,28,anchored,first,0,0.1952698605215282,141.1238063653056,0.04019516728624535,0.9276139410187667,0.9999488211207058,14.165892010383894,17.70735524256651,31,20198.587599666607,639
22487,smooth,anchored 28d start a0,28,anchored,start,0,0.1952698605215282,159.9877136690983,0.0341542750929368,0.9545454545454546,0.9993560778502008,15.306110077665842,23.419405320813773,41,21824.379642824566,639
22487,smooth,anchored 28d end a0,28,anchored,end,0,0.1952698605215282,154.9736673401672,0.028113382899628253,0.9603174603174603,0.6644598438201299,16.076119543214414,17.136150234741784,30,22922.305818673885,639
22487,smooth,floating 56d first,56,floating,first,0,0.1952698605215282,237.05601183380804,0.026022304832713755,0.9824561403508771,1.0,28.950317512179797,6.854460093896714,12,41279.11774841203,639
22487,smooth,anchored 56d first a0,56,anchored,first,0,0.1952698605215282,223.5816554099439,0.02753252788104089,0.9556451612903226,0.9999376043793783,26.70248523847259,9.139280125195619,16,38074.02222343192,639
22487,smooth,anchored 56d start a0,56,anchored,start,0,0.1952698605215282,265.22669545463526,0.017193308550185873,0.9192546583850931,1.0,31.673630734425313,10.852895148669797,19,45162.182834644154,639
22487,smooth,anchored 56d end a0,56,anchored,end,0,0.1952698605215282,119.32131117578365,0.01638011152416357,0.9591836734693877,0.587251690639154,11.875849260375949,15.422535211267606,27,16933.305818673885,639
21495,smooth,floating 7d first,7,floating,first,0,0.2636835797043548,83.47781474509975,0.11814591078066915,0.9732057416267943,1.0,2.60108669993873,43.98278560250391,77,28147.647404302457,639
21495,smooth,anchored 7d first a0,7,anchored,first,0,0.2636835797043548,87.44739726027397,0.13382899628252787,0.972972972972973,1.0,1.7857975749913875,47.41001564945227,83,19325.0,639
21495,smooth,anchored 7d start a0,7,anchored,start,0,0.2636835797043548,89.19068493150685,0.13359665427509293,0.9729272419627749,1.0,2.4857932609194475,47.41001564945227,83,26900.0,639
21495,smooth,anchored 7d end a0,7,anchored,end,0,0.2636835797043548,81.0622658535229,0.12279275092936803,0.9759926131117267,0.7650022904260192,6.8511426350976645,36.557120500782474,64,74139.60757780785,639
21495,smooth,floating 14d first,14,floating,first,0,0.2636835797043548,62.54242657564295,0.07504646840148699,0.9938461538461538,1.0,6.240869898488681,26.84663536776213,47,67535.5440489247,639
21495,smooth,anchored 14d first a0,14,anchored,first,0,0.2636835797043548,71.84014448357014,0.0737685873605948,0.9844961240310077,1.0,5.155801818317003,33.701095461658845,59,55793.484958370274,639
21495,smooth,anchored 14d start a0,14,anchored,start,0,0.2636835797043548,76.90032012599903,0.07144516728624535,0.9903381642512077,0.9999726959626423,6.786115323488776,34.27230046948357,60,73435.91483321006,639
21495,smooth,anchored 14d end a0,14,anchored,end,0,0.2636835797043548,75.93685899114377,0.06354553903345725,0.9647266313932981,0.7383192922059034,8.00540009262328,31.987480438184665,56,86630.39918770804,639
21495,smooth,floating 28d first,28,floating,first,0,0.2636835797043548,56.423433604659714,0.04507434944237918,0.9974293059125964,1.0,13.822305644513396,12.566510172143975,22,149578.0150678666,639
21495,smooth,anchored 28d first a0,28,anchored,first,0,0.2636835797043548,62.098129613240815,0.042867100371747215,0.9946091644204852,1.0,11.683995438021524,18.849765258215964,33,126438.30129562972,639
21495,smooth,anchored 28d start a0,28,anchored,start,0,0.2636835797043548,78.54066972988069,0.036477695167286245,1.0,1.0,14.270918045508918,24.561815336463223,43,154432.672040553,639
21495,smooth,anchored 28d end a0,28,anchored,end,0,0.2636835797043548,69.99190553691587,0.031133828996282528,0.9816849816849816,0.6955233483982826,13.649030865621663,20.56338028169014,36,147702.92286874156,639
21495,smooth,floating 56d first,56,floating,first,0,0.2636835797043548,76.27118606365197,0.024512081784386616,1.0,1.0,26.208840579737373,6.283255086071987,11,283618.84420515434,639
21495,smooth,anchored 56d first a0,56,anchored,first,0,0.2636835797043548,79.95923337591944,0.02648698884758364,0.9956331877729258,1.0,26.08357982144153,8.568075117370892,15,282263.33550250705,639
21495,smooth,anchored 56d start a0,56,anchored,start,0,0.2636835797043548,100.43809055141924,0.018703531598513012,1.0,1.0,29.889698134482554,14.85133020344288,26,323451.22680080973,639
21495,smooth,anchored 56d end a0,56,anchored,end,0,0.2636835797043548,57.22701369863014,0.016147769516728624,0.972027972027972,0.5909299129638113,14.546511009949251,11.995305164319248,21,157415.0,639
21519,smooth,floating 7d first,7,floating,first,0,0.2236033146217589,83.9516807200541,0.12651022304832713,0.9502617801047121,1.0,2.654124572755055,45.69640062597809,80,17170.993604996984,639
21519,smooth,anchored 7d first a0,7,anchored,first,0,0.2236033146217589,87.20028493150684,0.12848513011152415,0.9262981574539364,1.0,2.1494537333000348,47.98122065727699,84,13906.0,639
21519,smooth,anchored 7d start a0,7,anchored,start,0,0.2236033146217589,87.81981369863014,0.13115706319702602,0.9447698744769875,1.0,2.5655568147068877,47.98122065727699,84,16598.0,639
21519,smooth,anchored 7d end a0,7,anchored,end,0,0.2236033146217589,70.01361751348544,0.11768122676579926,0.950281425891182,0.7668284452091338,8.74052446790397,32.55868544600939,57,56547.266576454596,639
21519,smooth,floating 14d first,14,floating,first,0,0.2236033146217589,54.53202170458448,0.0782992565055762,0.9853801169590644,1.0,6.402129834473529,25.704225352112676,45,41418.90383539685,639
21519,smooth,anchored 14d first a0,14,anchored,first,0,0.2236033146217589,68.6924934766649,0.07225836431226766,0.9688473520249221,0.9999274584052311,5.166620840231935,34.84350547730829,61,33425.71570217483,639
21519,smooth,anchored 14d start a0,14,anchored,start,0,0.2236033146217589,71.84091806693445,0.07005111524163568,0.9710144927536232,0.9999105207192323,5.937953885819904,35.985915492957744,63,38415.89398132231,639
21519,smooth,anchored 14d end a0,14,anchored,end,0,0.2236033146217589,63.88925177674385,0.06157063197026022,0.9796672828096118,0.7068235182145983,13.35850632022854,25.13302034428795,44,86423.53450608932,639
21519,smooth,floating 28d first,28,floating,first,0,0.2236033146217589,43.38732095315514,0.04670074349442379,1.0,1.0,14.364676224751015,12.566510172143975,22,92933.00176073363,639
21519,smooth,anchored 28d first a0,28,anchored,first,0,0.2236033146217589,50.554329438827644,0.041821561338289966,0.9836065573770492,0.999940246750379,11.790268602771137,18.849765258215964,33,76277.74101395345,639
21519,smooth,anchored 28d start a0,28,anchored,start,0,0.2236033146217589,61.786070755239834,0.03554832713754647,0.9745222929936306,1.0,13.289205355900632,23.990610328638496,42,85975.18840074453,639
21519,smooth,anchored 28d end a0,28,anchored,end,0,0.2236033146217589,59.91990136986301,0.03264405204460966,0.9929328621908127,0.636501440048507,11.364158487412043,24.561815336463223,43,73521.0,639
21519,smooth,floating 56d first,56,floating,first,0,0.2236033146217589,52.47421129057111,0.028229553903345726,1.0,1.0,27.184280907115944,6.854460093896714,12,175870.0847745054,639
21519,smooth,anchored 56d first a0,56,anchored,first,0,0.2236033146217589,54.22072481033991,0.028926579925650557,0.996,1.0,26.342383622268414,8.568075117370892,15,170423.3875687389,639
21519,smooth,anchored 56d start a0,56,anchored,start,0,0.2236033146217589,66.90779446249087,0.018355018587360595,0.9813664596273292,1.0,30.162072605273284,12.566510172143975,22,195135.0592715377,639
21519,smooth,anchored 56d end a0,56,anchored,end,0,0.2236033146217589,44.639473972602744,0.017890334572490705,0.9808917197452229,0.547673184780961,9.83252199645346,17.136150234741784,30,63612.0,639
84970S,smooth,floating 7d first,7,floating,first,0,0.23157430869229922,114.0230039389167,0.14521375464684014,0.9803921568627451,1.0,2.5552807367305688,49.123630672926446,86,60167.03786885056,639
84970S,smooth,anchored 7d first a0,7,anchored,first,0,0.23157430869229922,113.19304109589041,0.14010223048327136,0.9788961038961039,1.0,2.3884153709792573,49.694835680751176,87,56238.0,639
84970S,smooth,anchored 7d start a0,7,anchored,start,0,0.23157430869229922,113.69838356164384,0.1412639405204461,0.9886178861788618,1.0,2.4344950800285208,49.694835680751176,87,57323.0,639
84970S,smooth,anchored 7d end a0,7,anchored,end,0,0.23157430869229922,120.4629589041096,0.13022769516728624,0.9902826855123675,0.7700580402867873,4.692655642109997,39.413145539906104,69,110494.0,639
84970S,smooth,floating 14d first,14,floating,first,0,0.23157430869229922,116.28134967276006,0.0916589219330855,0.9974715549936789,0.9999864058005933,6.408612701253879,26.275430359937403,46,150898.1919444554,639
84970S,smooth,anchored 14d first a0,14,anchored,first,0,0.23157430869229922,126.34486472515405,0.07516263940520446,0.9908116385911179,0.9999880299122569,5.593738325527582,37.1283255086072,65,131711.03308636017,639
84970S,smooth,anchored 14d start a0,14,anchored,start,0,0.23157430869229922,131.64434854592173,0.0716775092936803,0.9935587761674718,1.0,6.1681574596661255,36.557120500782474,64,145236.39540742018,639
84970S,smooth,anchored 14d end a0,14,anchored,end,0,0.23157430869229922,138.09608219178085,0.06389405204460967,0.9892086330935251,0.7306674632980539,7.303570179641415,33.129890453834115,58,171971.0,639
84970S,smooth,floating 28d first,28,floating,first,0,0.23157430869229922,169.50496965404844,0.05157992565055762,0.9932885906040269,1.0,13.450257094157472,12.566510172143975,22,316701.8466101628,639
84970S,smooth,anchored 28d first a0,28,anchored,first,0,0.23157430869229922,168.34806024163467,0.04449349442379182,0.9922279792746114,1.0,12.341727954760707,18.849765258215964,33,290600.24698939204,639
84970S,smooth,anchored 28d start a0,28,anchored,start,0,0.23157430869229922,195.91981441678914,0.03612918215613383,0.9904458598726115,0.9999866196204492,13.944010317215849,24.561815336463223,43,328327.83683604724,639
84970S,smooth,anchored 28d end a0,28,anchored,end,0,0.23157430869229922,136.68504465493913,0.03427044609665428,1.0,0.7068538750426767,8.542681236041796,24.561815336463223,43,201147.30175913396,639
84970S,smooth,floating 56d first,56,floating,first,0,0.23157430869229922,320.15944841920236,0.029391263940520447,1.0,1.0,28.09955364184077,6.854460093896714,12,661636.462782405,639
84970S,smooth,anchored 56d first a0,56,anchored,first,0,0.23157430869229922,275.2028248835083,0.03066914498141264,0.9924812030075187,1.0,23.179512912434507,11.995305164319248,21,545788.4181322383,639
84970S,smooth,anchored 56d start a0,56,anchored,start,0,0.23157430869229922,332.2889929840249,0.018703531598513012,1.0,1.0,27.92899595456213,14.85133020344288,26,657620.4849362887,639
84970S,smooth,anchored 56d end a0,56,anchored,end,0,0.23157430869229922,133.74838356164383,0.017657992565055763,1.0,0.5214236940935473,9.642678138449064,15.993740219092333,28,227048.0,639
23145,smooth,floating 7d first,7,floating,first,0,0.20681381957773512,42.451237713400964,0.04321561338289963,0.9637305699481865,1.0,12.207804319022005,17.70735524256651,31,21998.430344165015,639
23145,smooth,anchored 7d first a0,7,anchored,first,0,0.20681381957773512,43.804199417947245,0.04658457249070632,0.9347319347319347,1.0,11.518017145311624,18.849765258215964,33,20755.435723951286,639
23145,smooth,anchored 7d start a0,7,anchored,start,0,0.20681381957773512,44.21230900698834,0.04670074349442379,0.9370629370629371,1.0,11.953089940796412,18.849765258215964,33,21539.435723951286,639
23145,smooth,anchored 7d end a0,7,anchored,end,0,0.20681381957773512,38.10192136726788,0.042518587360594794,0.9336734693877551,0.7763915547024952,15.033614783175487,13.708920187793428,24,27090.53315290934,639
23145,smooth,floating 14d first,14,floating,first,0,0.20681381957773512,34.60305853447909,0.030901486988847583,0.9779411764705882,1.0,16.633929897748633,10.852895148669797,19,29974.296658341416,639
23145,smooth,anchored 14d first a0,14,anchored,first,0,0.20681381957773512,37.069101400517226,0.025906133828996283,0.9737991266375546,0.9998569268671771,16.064694993252328,12.566510172143975,22,28948.536900993622,639
23145,smooth,anchored 14d start a0,14,anchored,start,0,0.20681381957773512,40.908543377238786,0.02462825278810409,0.9592760180995475,1.0,15.893529135107721,14.85133020344288,26,28640.096487853465,639
23145,smooth,anchored 14d end a0,14,anchored,end,0,0.20681381957773512,39.67329960887537,0.020678438661710038,0.967391304347826,0.7182879286476771,22.03915441894274,10.852895148669797,19,39714.496617050056,639
23145,smooth,floating 28d first,28,floating,first,0,0.20681381957773512,32.70189710995464,0.015683085501858735,0.9712230215827338,1.0,25.26784694804701,5.140845070422535,9,45532.59181649181,639
23145,smooth,anchored 28d first a0,28,anchored,first,0,0.20681381957773512,35.42627604006162,0.015566914498141264,0.9781021897810219,1.0,22.841878906794395,7.996870109546166,14,41161.00397169734,639
23145,smooth,anchored 28d start a0,28,anchored,start,0,0.20681381957773512,41.96074260586188,0.013475836431226766,0.9914529914529915,1.0,25.54379398905532,10.28169014084507,18,46029.847637576764,639
23145,smooth,anchored 28d end a0,28,anchored,end,0,0.20681381957773512,37.15197601349473,0.010339219330855019,0.9888888888888889,0.7180807960126643,30.011936086555593,5.140845070422535,9,54081.42760487145,639
23145,smooth,floating 56d first,56,floating,first,0,0.20681381957773512,43.0530139170269,0.008248141263940521,1.0,1.0,41.63318969522242,2.2848200312989047,4,75022.89515639379,639
23145,smooth,anchored 56d first a0,56,anchored,first,0,0.20681381957773512,40.95913433627551,0.009990706319702601,0.9555555555555556,1.0,34.07062781746373,5.140845070422535,9,61395.17911968718,639
23145,smooth,anchored 56d start a0,56,anchored,start,0,0.20681381957773512,47.513600508197136,0.007551115241635688,1.0,1.0,42.12420657197378,4.569640062597809,8,75907.70623943134,639
23145,smooth,anchored 56d end a0,56,anchored,end,0,0.20681381957773512,25.22099393849519,0.006273234200743495,0.9642857142857143,0.3629944236518198,18.358759938603686,4.569640062597809,8,33082.43572395129,639
23240,smooth,floating 7d first,7,floating,first,0,0.22957477305303392,131.6226333623742,0.0383364312267658,0.9821428571428571,1.0,12.83264320220842,14.85133020344288,26,46448.50744248985,639
23240,smooth,anchored 7d first a0,7,anchored,first,0,0.22957477305303392,130.9057840473057,0.039962825278810406,0.9828571428571429,1.0,12.624054247446777,15.422535211267606,27,45693.50744248985,639
23240,smooth,anchored 7d start a0,7,anchored,start,0,0.22957477305303392,131.20183127884775,0.04019516728624535,0.9857549857549858,1.0,12.660022565717606,15.422535211267606,27,45823.69688768606,639
23240,smooth,anchored 7d end a0,7,anchored,end,0,0.22957477305303392,187.71118130757966,0.03554832713754647,0.9839228295819936,0.7687529861442906,20.376103892025508,11.424100156494523,20,73752.50744248985,639
23240,smooth,floating 14d first,14,floating,first,0,0.22957477305303392,149.7475952159954,0.02532527881040892,0.990909090909091,1.0,16.492681535293308,7.996870109546166,14,59696.23163113051,639
23240,smooth,anchored 14d first a0,14,anchored,first,0,0.22957477305303392,145.13646608313005,0.021143122676579924,0.978494623655914,0.9999705384057226,15.810956266462538,8.568075117370892,15,57228.68689197887,639
23240,smooth,anchored 14d start a0,14,anchored,start,0,0.22957477305303392,153.14313740857193,0.021026951672862452,0.9945054945054945,0.9999376557783216,15.811766800496358,13.137715179968701,23,57231.62066762501,639
23240,smooth,anchored 14d end a0,14,anchored,end,0,0.22957477305303392,175.5453456911413,0.01858736059479554,0.9696969696969697,0.7016244624940278,19.383994042291654,9.139280125195619,16,70161.50744248985,639
23240,smooth,floating 28d first,28,floating,first,0,0.22957477305303392,211.00520586020576,0.01370817843866171,1.0,1.0,24.785653745399603,3.998435054773083,7,89713.13269756036,639
23240,smooth,anchored 28d first a0,28,anchored,first,0,0.22957477305303392,190.9474441591335,0.013824349442379182,0.9834710743801653,1.0,21.61976071742714,7.42566510172144,13,78253.99652781172,639
23240,smooth,anchored 28d start a0,28,anchored,start,0,0.22957477305303392,203.9547930826612,0.011733271375464684,0.9711538461538461,1.0,22.835605598846115,9.139280125195619,16,82654.81864478474,639
23240,smooth,anchored 28d end a0,28,anchored,end,0,0.22957477305303392,172.15359226648377,0.010455390334572491,0.9782608695652174,0.5754897276636407,19.700883487472588,5.712050078247262,10,71308.50744248985,639
23240,smooth,floating 56d first,56,floating,first,0,0.22957477305303392,296.56624409753147,0.00871282527881041,1.0,1.0,35.42389979498921,2.856025039123631,5,128218.89047662527,639
23240,smooth,anchored 56d first a0,56,anchored,first,0,0.22957477305303392,308.430419865283,0.008364312267657992,1.0,1.0,36.86534022938457,2.856025039123631,5,133436.26897690154,639
23240,smooth,anchored 56d start a0,56,anchored,start,0,0.22957477305303392,313.92051107123655,0.007551115241635688,1.0,1.0,36.80338875732445,6.283255086071987,11,133212.03197711005,639
23240,smooth,anchored 56d end a0,56,anchored,end,0,0.22957477305303392,137.95359226648378,0.0070864312267657995,1.0,0.44171046344959386,15.667242772876575,5.140845070422535,9,56708.50744248985,639
21930,smooth,floating 7d first,7,floating,first,0,0.24895657904371385,123.64565708448046,0.1407992565055762,0.9696,1.0,2.983536877075554,49.123630672926446,86,35232.4739380394,639
21930,smooth,anchored 7d first a0,7,anchored,first,0,0.24895657904371385,116.52780821917808,0.13882434944237917,0.9660468876313663,1.0,2.3401717898942147,49.694835680751176,87,27635.0,639
21930,smooth,anchored 7d start a0,7,anchored,start,0,0.24895657904371385,117.00008219178082,0.13650092936802974,0.9521880064829822,1.0,2.37760098950099,49.694835680751176,87,28077.0,639
21930,smooth,anchored 7d end a0,7,anchored,end,0,0.24895657904371385,162.89246575342466,0.1262778810408922,0.9670818505338078,0.7570502431118314,7.996045639976885,35.41471048513302,62,94425.0,639
21930,smooth,floating 14d first,14,floating,first,0,0.24895657904371385,131.7250821870414,0.09142657992565056,0.9962025316455696,1.0,6.873235876632255,25.704225352112676,45,81165.78204684645,639
21930,smooth,anchored 14d first a0,14,anchored,first,0,0.24895657904371385,137.9743077947441,0.07539498141263941,0.989329268292683,1.0,5.941950000682776,35.985915492957744,63,70168.26242328616,639
21930,smooth,anchored 14d start a0,14,anchored,start,0,0.24895657904371385,146.6892694666742,0.07144516728624535,0.9903381642512077,0.9999112286953046,6.236372412284005,38.841940532081374,68,73645.08552650276,639
21930,smooth,anchored 14d end a0,14,anchored,end,0,0.24895657904371385,256.61325997739476,0.05855018587360595,0.980544747081712,0.7286533117818734,17.088029859206102,23.419405320813773,41,201791.89715833098,639
21930,smooth,floating 28d first,28,floating,first,0,0.24895657904371385,195.45043600671875,0.04855947955390334,0.9952380952380953,1.0,13.58798698263676,13.708920187793428,24,160460.02344218548,639
21930,smooth,anchored 28d first a0,28,anchored,first,0,0.24895657904371385,181.30319691693876,0.04356412639405204,0.9894459102902374,1.0,11.75349538983856,18.849765258215964,33,138796.5817299555,639
21930,smooth,anchored 28d start a0,28,anchored,start,0,0.24895657904371385,206.80401522628955,0.035896840148698886,0.9840764331210191,1.0,13.298996652534907,22.27699530516432,39,157047.34758357867,639
21930,smooth,anchored 28d end a0,28,anchored,end,0,0.24895657904371385,201.3526301369863,0.031947026022304835,0.9963768115942029,0.6141004862236629,13.183969813527785,19.992175273865413,35,155689.0,639
21930,smooth,floating 56d first,56,floating,first,0,0.24895657904371385,358.5682407941791,0.028694237918215612,1.0,1.0,27.387371341184462,7.42566510172144,13,323416.43048685987,639
21930,smooth,anchored 56d first a0,56,anchored,first,0,0.24895657904371385,344.17969213197324,0.031017657992565055,1.0,1.0,25.77151465239744,10.852895148669797,19,304334.84007223137,639
21930,smooth,anchored 56d start a0,56,anchored,start,0,0.24895657904371385,402.61207205892936,0.018703531598513012,1.0,1.0,30.006199030046552,13.708920187793428,24,354342.0674397672,639
21930,smooth,anchored 56d end a0,56,anchored,end,0,0.24895657904371385,179.26027397260273,0.01638011152416357,1.0,0.5307131280388979,12.067106208066784,15.422535211267606,27,142500.0,639
23147,smooth,floating 7d first,7,floating,first,0,0.25080213903743315,48.88401785637883,0.050302044609665426,0.9600886917960089,1.0,12.363949053978184,18.849765258215964,33,19991.953508890598,639
23147,smooth,anchored 7d first a0,7,anchored,first,0,0.25080213903743315,48.10591384136282,0.04809479553903346,0.9452054794520548,1.0,11.758281238231529,18.849765258215964,33,19012.61569688769,639
23147,smooth,anchored 7d start a0,7,anchored,start,0,0.25080213903743315,48.462314901662744,0.04611988847583643,0.9254079254079254,1.0,12.035699999163134,18.849765258215964,33,19461.189445196214,639
23147,smooth,anchored 7d end a0,7,anchored,end,0,0.25080213903743315,44.44837933527351,0.042983271375464684,0.9438775510204082,0.7637152388326471,15.138409781326102,14.280125195618153,25,24478.13261163735,639
23147,smooth,floating 14d first,14,floating,first,0,0.25080213903743315,37.691506673034375,0.03229553903345725,0.9686411149825784,1.0,16.106046761506814,9.710485133020343,17,26042.75839881913,639
23147,smooth,anchored 14d first a0,14,anchored,first,0,0.25080213903743315,44.77637561351578,0.0262546468401487,0.9617021276595744,0.9997889031848913,15.393718564705074,14.280125195618153,25,24890.95551356297,639
23147,smooth,anchored 14d start a0,14,anchored,start,0,0.25080213903743315,43.28853345084335,0.024512081784386616,0.9547511312217195,0.9998446946715557,15.792376729507549,13.137715179968701,23,25535.567963992497,639
23147,smooth,anchored 14d end a0,14,anchored,end,0,0.25080213903743315,44.08580414110148,0.022304832713754646,0.9458128078817734,0.7137908577134875,15.63457441021652,13.708920187793428,24,25280.408660351863,639
23147,smooth,floating 28d first,28,floating,first,0,0.25080213903743315,39.8990872759632,0.016612453531598514,0.9662162162162162,1.0,24.051517969114716,5.140845070422535,9,38890.23053698816,639
23147,smooth,anchored 28d first a0,28,anchored,first,0,0.25080213903743315,42.033334218234714,0.016263940520446097,0.9929078014184397,1.0,23.37762507904962,6.854460093896714,12,37800.57582639886,639
23147,smooth,anchored 28d start a0,28,anchored,start,0,0.25080213903743315,48.32219999581654,0.01324349442379182,0.9743589743589743,1.0,25.159253639360706,9.139280125195619,16,40681.389649907025,639
23147,smooth,anchored 28d end a0,28,anchored,end,0,0.25080213903743315,42.54292557510149,0.010571561338289962,0.9680851063829787,0.6807486631016042,23.774285523001353,6.854460093896714,12,38441.95805142085,639
23147,smooth,floating 56d first,56,floating,first,0,0.25080213903743315,56.00440482113085,0.01092007434944238,1.0,1.0,39.70128140366535,2.856025039123631,5,64195.199171423315,639
23147,smooth,anchored 56d first a0,56,anchored,first,0,0.25080213903743315,55.99451005162315,0.011733271375464684,0.9805825242718447,1.0,36.58002234375458,5.140845070422535,9,59148.26265118086,639
23147,smooth,anchored 56d start a0,56,anchored,start,0,0.25080213903743315,66.2369259067755,0.007318773234200744,0.9692307692307692,1.0,43.774219668513524,5.712050078247262,10,70780.95846887262,639
23147,smooth,anchored 56d end a0,56,anchored,end,0,0.25080213903743315,37.43331110163679,0.005111524163568773,0.9565217391304348,0.4258963912788637,24.467352062463913,3.427230046948357,6,39562.61569688769,639
21756,smooth,floating 7d first,7,floating,first,0,0.22082585278276481,76.7701075270928,0.09537639405204461,0.8623949579831933,1.0,2.710863109385734,36.557120500782474,64,3916.8817204948527,639
21756,smooth,anchored 7d first a0,7,anchored,first,0,0.22082585278276481,74.6951506849315,0.09154275092936803,0.8259958071278826,1.0,1.845823394385864,37.69953051643193,66,2667.0,639
21756,smooth,anchored 7d start a0,7,anchored,start,0,0.22082585278276481,76.33832876712329,0.09049721189591078,0.8191377497371188,1.0,2.1946404137973663,37.69953051643193,66,3171.0,639
21756,smooth,anchored 7d end a0,7,anchored,end,0,0.22082585278276481,78.43777692920831,0.08410780669144981,0.836027713625866,0.7685425332865568,6.249108187257732,27.98904538341158,49,9029.23410013532,639
21756,smooth,floating 14d first,14,floating,first,0,0.22082585278276481,62.160562111764364,0.062151486988847586,0.9385964912280702,1.0,5.977978557062844,19.420970266040687,34,8637.483336801673,639
21756,smooth,anchored 14d first a0,14,anchored,first,0,0.22082585278276481,67.56611680744604,0.05262546468401487,0.8952569169960475,0.9985155072465076,4.578096961358829,26.275430359937403,46,6614.817340098994,639
21756,smooth,anchored 14d start a0,14,anchored,start,0,0.22082585278276481,69.737309620518,0.05065055762081784,0.8934426229508197,0.9994793967465941,5.463565834279582,25.13302034428795,44,7894.2168163773695,639
21756,smooth,anchored 14d end a0,14,anchored,end,0,0.22082585278276481,78.25126220178032,0.047281598513011155,0.8984547461368654,0.738344484538765,5.997232547487012,28.560250391236305,50,8665.30311231077,639
21756,smooth,floating 28d first,28,floating,first,0,0.22082585278276481,72.96308616126444,0.03380576208178439,0.9603960396039604,1.0,11.879952102211025,9.710485133020343,17,17165.148276354215,639
21756,smooth,anchored 28d first a0,28,anchored,first,0,0.22082585278276481,68.79722019951348,0.03264405204460966,0.9493243243243243,0.9996940654109002,9.297358560263744,14.280125195618153,25,13433.601153632284,639
21756,smooth,anchored 28d start a0,28,anchored,start,0,0.22082585278276481,85.30820490561916,0.02683550185873606,0.927710843373494,0.9995222729567851,11.528650710517576,17.70735524256651,31,16657.558647521844,639
21756,smooth,anchored 28d end a0,28,anchored,end,0,0.22082585278276481,75.81643835616438,0.02427973977695167,0.95,0.6296296296296297,11.211975623941132,13.137715179968701,23,16200.0,639
21756,smooth,floating 56d first,56,floating,first,0,0.22082585278276481,107.60964011923329,0.022072490706319704,0.9895833333333334,1.0,20.508481142749122,6.283255086071987,11,29632.36860800012,639
21756,smooth,anchored 56d first a0,56,anchored,first,0,0.22082585278276481,111.77013993684047,0.021723977695167287,0.9639175257731959,0.9998908974652317,20.542552354263307,8.568075117370892,15,29681.597543652744,639
21756,smooth,anchored 56d start a0,56,anchored,start,0,0.22082585278276481,136.76924301435884,0.014637546468401487,0.9333333333333333,1.0,23.726590947552676,14.280125195618153,25,34282.16277331174,639
21756,smooth,anchored 56d end a0,56,anchored,end,0,0.22082585278276481,81.46558904109591,0.01475371747211896,0.9621212121212122,0.5725308641975309,12.198906317752247,13.708920187793428,24,17626.0,639
23231,smooth,floating 7d first,7,floating,first,0,0.24735467912601347,58.83757996167067,0.06563661710037175,0.9792027729636048,1.0,10.246318609546716,25.13302034428795,44,64472.817690592776,639
23231,smooth,anchored 7d first a0,7,anchored,first,0,0.24735467912601347,60.452912273157,0.07028345724907063,0.9869494290375204,1.0,9.290115081646187,26.84663536776213,47,58456.106901217885,639
23231,smooth,anchored 7d start a0,7,anchored,start,0,0.24735467912601347,60.94721070680483,0.0687732342007435,0.9689034369885434,1.0,9.631460452821216,26.84663536776213,47,60603.951285521,639
23231,smooth,anchored 7d end a0,7,anchored,end,0,0.24735467912601347,57.29506021836248,0.06354553903345725,0.9855855855855856,0.7665246667582795,14.705630727550073,20.56338028169014,36,92532.10690121789,639
23231,smooth,floating 14d first,14,floating,first,0,0.24735467912601347,45.92184225957523,0.04019516728624535,0.9914040114613181,1.0,14.447899336958242,14.280125195618153,25,90910.38600886853,639
23231,smooth,anchored 14d first a0,14,anchored,first,0,0.24735467912601347,58.21651165659753,0.037523234200743494,0.99079754601227,0.9999423226575037,13.27025711107922,22.27699530516432,39,83500.31850783453,639
23231,smooth,anchored 14d start a0,14,anchored,start,0,0.24735467912601347,55.26226828531158,0.03566449814126394,0.9871382636655949,0.9999559796937584,13.992420404118214,19.992175273865413,35,88044.38004927052,639
23231,smooth,anchored 14d end a0,14,anchored,end,0,0.24735467912601347,49.36806843754056,0.03217936802973978,0.9822695035460993,0.7320324309468187,14.06548232334474,16.564945226917057,29,88504.10690121789,639
23231,smooth,floating 28d first,28,floating,first,0,0.24735467912601347,44.72420577503976,0.024163568773234202,1.0,1.0,21.90763728624105,7.42566510172144,13,137849.22747487517,639
23231,smooth,anchored 28d first a0,28,anchored,first,0,0.24735467912601347,52.14994739784272,0.02242100371747212,0.9897435897435898,1.0,22.201639699293143,11.424100156494523,20,139699.17619300706,639
23231,smooth,anchored 28d start a0,28,anchored,start,0,0.24735467912601347,54.78138787570186,0.01963289962825279,1.0,1.0,24.018821315692442,11.424100156494523,20,151133.4116027521,639
23231,smooth,anchored 28d end a0,28,anchored,end,0,0.24735467912601347,51.373810903293986,0.016612453531598514,1.0,0.6633227978562595,25.809058832865272,7.996870109546166,14,162398.1069012179,639
23231,smooth,floating 56d first,56,floating,first,0,0.24735467912601347,59.941489533888756,0.013940520446096654,1.0,1.0,36.55955828575216,3.998435054773083,7,230043.37714130234,639
23231,smooth,anchored 56d first a0,56,anchored,first,0,0.24735467912601347,65.71649424400115,0.014986059479553903,0.9923076923076923,1.0,37.78531503585832,6.283255086071987,11,237756.19522690977,639
23231,smooth,anchored 56d start a0,56,anchored,start,0,0.24735467912601347,78.65322376168693,0.010571561338289962,1.0,1.0,43.956710789215315,8.568075117370892,15,276588.41277399677,639
23231,smooth,anchored 56d end a0,56,anchored,end,0,0.24735467912601347,42.65979446493782,0.00929368029739777,0.9876543209876543,0.5306938668795953,21.172591716607496,6.854460093896714,12,133224.1069012179,639
22771,smooth,floating 7d first,7,floating,first,0,0.2575367173408915,98.11057910952356,0.09200743494423792,0.967032967032967,1.0,8.507795537028908,33.701095461658845,59,57101.445499904396,639
22771,smooth,anchored 7d first a0,7,anchored,first,0,0.2575367173408915,92.52298737649916,0.08701208178438662,0.9664516129032258,1.0,7.292316526200635,33.701095461658845,59,48943.56156968877,639
22771,smooth,anchored 7d start a0,7,anchored,start,0,0.2575367173408915,93.31062617012994,0.08631505576208179,0.9661898569570871,1.0,7.463653028134739,33.701095461658845,59,50093.51420838971,639
22771,smooth,anchored 7d end a0,7,anchored,end,0,0.2575367173408915,103.42188351530206,0.07771840148698884,0.9737991266375546,0.7695059620461084,13.796277882013372,22.848200312989047,40,92595.949932341,639
22771,smooth,floating 14d first,14,floating,first,0,0.2575367173408915,87.92443833435007,0.05703996282527881,0.9839679358717435,0.9999495622602085,12.600408614913324,17.136150234741784,30,84569.67996815109,639
22771,smooth,anchored 14d first a0,14,anchored,first,0,0.2575367173408915,91.70356594924672,0.04670074349442379,0.9781021897810219,0.999997015853328,11.029639087839811,23.419405320813773,41,74027.20628590022,639
22771,smooth,anchored 14d start a0,14,anchored,start,0,0.2575367173408915,97.924858445307,0.04460966542750929,0.9846153846153847,0.9999933699184741,11.512840891921906,25.704225352112676,45,77270.2933301482,639
22771,smooth,anchored 14d end a0,14,anchored,end,0,0.2575367173408915,113.4234526479693,0.03868494423791822,0.9765395894428153,0.7145126721591153,18.14725566027503,17.136150234741784,30,121798.24086603518,639
22771,smooth,floating 28d first,28,floating,first,0,0.2575367173408915,108.27707105136979,0.03427044609665428,1.0,1.0,20.073199403733067,9.139280125195619,16,134724.52373499988,639
22771,smooth,anchored 28d first a0,28,anchored,first,0,0.2575367173408915,106.15398808696281,0.027881040892193308,0.995850622406639,1.0,18.08863854332827,13.137715179968701,23,121404.82260696571,639
22771,smooth,anchored 28d start a0,28,anchored,start,0,0.2575367173408915,122.0195701293938,0.023931226765799257,0.9903846153846154,1.0,20.452248403180885,15.993740219092333,28,137268.57238891494,639
22771,smooth,anchored 28d end a0,28,anchored,end,0,0.2575367173408915,99.58989100413369,0.021723977695167287,0.9894179894179894,0.6347651843982289,14.485420323481152,18.849765258215964,33,97221.24086603518,639
22771,smooth,floating 56d first,56,floating,first,0,0.2575367173408915,174.78749309028424,0.01696096654275093,1.0,1.0,36.06405545310049,5.140845070422535,9,242049.73991181498,639
22771,smooth,anchored 56d first a0,56,anchored,first,0,0.2575367173408915,168.56341765321613,0.01963289962825279,1.0,1.0,33.62246187190212,7.996870109546166,14,225662.58977369557,639
22771,smooth,anchored 56d start a0,56,anchored,start,0,0.2575367173408915,207.48059005653175,0.013359665427509293,0.9829059829059829,1.0,39.47780343053945,14.85133020344288,26,264961.66148253635,639
22771,smooth,anchored 56d end a0,56,anchored,end,0,0.2575367173408915,94.57550744248985,0.01254646840148699,0.9908256880733946,0.5885020147772413,15.56995055160186,13.137715179968701,23,104500.24086603518,639
82482,smooth,floating 7d first,7,floating,first,0,0.19606931038492847,164.50836725611097,0.1378949814126394,0.9826158940397351,1.0,3.778368130102205,49.123630672926446,86,56187.36087937353,639
82482,smooth,anchored 7d first a0,7,anchored,first,0,0.19606931038492847,158.97094218399542,0.12906598513011153,0.9788546255506608,1.0,3.5118687600789196,49.123630672926446,86,52224.301759133974,639
82482,smooth,anchored 7d start a0,7,anchored,start,0,0.19606931038492847,161.7501477005209,0.12778810408921934,0.9769094138543517,1.0,3.6456234402187833,49.123630672926446,86,54213.34100135318,639
82482,smooth,anchored 7d end a0,7,anchored,end,0,0.19606931038492847,216.80326524181115,0.11628717472118959,0.9794520547945206,0.775836133990021,7.498335687393852,34.84350547730829,61,111506.25845737463,639
82482,smooth,floating 14d first,14,floating,first,0,0.19606931038492847,191.8964455494878,0.08677973977695168,0.9946737683089214,1.0,7.11780458504038,25.13302034428795,44,105847.45612855497,639
82482,smooth,anchored 14d first a0,14,anchored,first,0,0.19606931038492847,199.97840063672564,0.06981877323420074,0.9820261437908496,1.0,6.4960985057076694,37.1283255086072,65,96602.18869098992,639
82482,smooth,anchored 14d start a0,14,anchored,start,0,0.19606931038492847,221.42414137207223,0.06586895910780668,0.9826689774696707,0.999984205497661,7.191327922874081,41.12676056338028,72,106940.80706040462,639
82482,smooth,anchored 14d end a0,14,anchored,end,0,0.19606931038492847,188.16662650378393,0.06087360594795539,0.9905482041587902,0.7410587134100539,6.312649449174986,32.55868544600939,57,93874.15426251202,639
82482,smooth,floating 28d first,28,floating,first,0,0.19606931038492847,325.97714632451175,0.04867565055762082,0.995249406175772,1.0,14.629492397990859,12.566510172143975,22,217552.27138911135,639
82482,smooth,anchored 28d first a0,28,anchored,first,0,0.19606931038492847,318.381782392141,0.04217007434944238,0.9945205479452055,1.0,13.590173435034371,20.56338028169014,36,202096.76582966954,639
82482,smooth,anchored 28d start a0,28,anchored,start,0,0.19606931038492847,355.2924741739494,0.03485130111524164,0.9966777408637874,1.0,15.174064596117235,22.848200312989047,40,225650.4962225324,639
82482,smooth,anchored 28d end a0,28,anchored,end,0,0.19606931038492847,217.98545205479454,0.03125,0.9607142857142857,0.6655748233782917,8.37338885167162,25.13302034428795,44,124519.0,639
82482,smooth,floating 56d first,56,floating,first,0,0.19606931038492847,590.0728879470722,0.02578996282527881,1.0,1.0,27.869010925776912,6.283255086071987,11,414434.51784447324,639
82482,smooth,anchored 56d first a0,56,anchored,first,0,0.19606931038492847,636.1173835451547,0.0262546468401487,0.9955947136563876,1.0,29.940611138956225,7.996870109546166,14,445240.8725372185,639
82482,smooth,anchored 56d start a0,56,anchored,start,0,0.19606931038492847,722.2847245563659,0.01812267657992565,0.9936305732484076,1.0,33.31755113040838,17.136150234741784,30,495458.67541779124,639
82482,smooth,anchored 56d end a0,56,anchored,end,0,0.19606931038492847,295.62808219178083,0.01742565055762082,0.967741935483871,0.607257546563905,12.687615075523759,18.278560250391237,32,188675.0,639
22077,smooth,floating 7d first,7,floating,first,0,0.2610697436480418,133.13322121192442,0.1391728624535316,0.9851973684210527,1.0,3.281549297310681,50.2660406885759,88,49920.07800712851,639
22077,smooth,anchored 7d first a0,7,anchored,first,0,0.2610697436480418,131.10434003744416,0.1312732342007435,0.9766637856525497,1.0,3.2067413353600323,49.694835680751176,87,48782.073071718536,639
22077,smooth,anchored 7d start a0,7,anchored,start,0,0.2610697436480418,131.5965536915862,0.13173791821561337,0.9801210025929127,1.0,3.242529238981893,49.694835680751176,87,49326.491204330174,639
22077,smooth,anchored 7d end a0,7,anchored,end,0,0.2610697436480418,132.793630155523,0.12058550185873607,0.9728209934395501,0.7839586847814504,3.9839389634890887,44.55399061032864,78,60605.075778078484,639
22077,smooth,floating 14d first,14,floating,first,0,0.2610697436480418,151.234524089023,0.08596654275092937,0.9946236559139785,1.0,7.724106955219113,25.704225352112676,45,117501.82209846487,639
22077,smooth,anchored 14d first a0,14,anchored,first,0,0.2610697436480418,158.2527679398118,0.0703996282527881,0.9950738916256158,0.9999816822864049,6.925644687137964,35.985915492957744,63,105355.3342364585,639
22077,smooth,anchored 14d start a0,14,anchored,start,0,0.2610697436480418,161.28707999524863,0.06761152416356878,0.9948717948717949,1.0,7.218971720643676,35.41471048513302,62,109817.5278735326,639
22077,smooth,anchored 14d end a0,14,anchored,end,0,0.2610697436480418,149.83210751292918,0.06203531598513011,0.9925650557620818,0.7310213376792647,6.240686672311594,36.557120500782474,64,94935.51285520956,639
22077,smooth,floating 28d first,28,floating,first,0,0.2610697436480418,240.23280459306866,0.04763011152416357,0.9951456310679612,1.0,15.867285501290914,12.566510172143975,22,241378.70811051535,639
22077,smooth,anchored 28d first a0,28,anchored,first,0,0.2610697436480418,220.8920142271744,0.041356877323420076,0.9888888888888889,1.0,13.588557197821423,19.420970266040687,34,206713.89452399593,639
22077,smooth,anchored 28d start a0,28,anchored,start,0,0.2610697436480418,248.18684888894495,0.03461895910780669,0.9966555183946488,0.9999850980387852,14.991447340068357,23.990610328638496,42,228055.15104383306,639
22077,smooth,anchored 28d end a0,28,anchored,end,0,0.2610697436480418,170.49918935251264,0.030901486988847583,0.9962546816479401,0.6345462872153492,9.561051944208497,22.27699530516432,39,145446.07307171854,639
22077,smooth,floating 56d first,56,floating,first,0,0.2610697436480418,444.9129262051263,0.02741635687732342,0.9957805907172996,1.0,31.548970355926,6.283255086071987,11,479933.99413597304,639
22077,smooth,anchored 56d first a0,56,anchored,first,0,0.2610697436480418,416.64402735230345,0.026138475836431228,0.995575221238938,1.0,29.05734494275074,9.710485133020343,17,442030.5151017902,639
22077,smooth,anchored 56d start a0,56,anchored,start,0,0.2610697436480418,459.55941817198675,0.017890334572490705,0.9871794871794872,1.0,31.3778513348373,15.993740219092333,28,477330.8716144702,639
22077,smooth,anchored 56d end a0,56,anchored,end,0,0.2610697436480418,150.04140853059482,0.016612453531598514,0.9862068965517241,0.541278485180831,8.727978842061509,17.136150234741784,30,132773.07307171854,639
22705,smooth,floating 7d first,7,floating,first,0,0.21297965490600052,56.29779399899503,0.0774860594795539,0.9555873925501432,1.0,4.267890727386829,30.273865414710485,53,14329.700114680805,639
22705,smooth,anchored 7d first a0,7,anchored,first,0,0.21297965490600052,63.83818976402766,0.08677973977695168,0.950381679389313,1.0,3.673086851437408,34.84350547730829,61,12332.610284167795,639
22705,smooth,anchored 7d start a0,7,anchored,start,0,0.21297965490600052,64.58876737538695,0.08736059479553904,0.9482976040353089,1.0,4.644458389101888,34.84350547730829,61,15594.048714479026,639
22705,smooth,anchored 7d end a0,7,anchored,end,0,0.21297965490600052,60.70313311954325,0.07597583643122677,0.960352422907489,0.7737910331875839,15.145789378443087,27.98904538341158,49,50852.899864682,639
22705,smooth,floating 14d first,14,floating,first,0,0.21297965490600052,44.75030607672003,0.05204460966542751,0.9824561403508771,1.0,8.736012231399465,21.705790297339593,38,29331.687119081074,639
22705,smooth,anchored 14d first a0,14,anchored,first,0,0.21297965490600052,49.51258956546124,0.0546003717472119,0.9771309771309772,0.9999765434133064,7.134202408486109,25.13302034428795,44,23953.514183254192,639
22705,smooth,anchored 14d start a0,14,anchored,start,0,0.21297965490600052,50.98115415343772,0.05320631970260223,0.9786324786324786,1.0,9.034767813573115,25.13302034428795,44,30334.776976247245,639
22705,smooth,anchored 14d end a0,14,anchored,end,0,0.21297965490600052,52.869489150460225,0.046352230483271376,0.9827586206896551,0.7207824816338158,15.361081589542925,23.419405320813773,41,51575.75642759502,639
22705,smooth,floating 28d first,28,floating,first,0,0.21297965490600052,34.44479880550821,0.032527881040892194,0.9790209790209791,1.0,17.399792761796586,11.995305164319248,21,58420.851952505924,639
22705,smooth,anchored 28d first a0,28,anchored,first,0,0.21297965490600052,37.825732668241834,0.03438661710037175,0.976897689768977,1.0,12.71612276489994,15.993740219092333,28,42695.14790366987,639
22705,smooth,anchored 28d start a0,28,anchored,start,0,0.21297965490600052,48.802888641361584,0.030901486988847583,0.9743589743589743,0.9998955273119507,16.56905486906841,20.56338028169014,36,55631.59945353544,639
22705,smooth,anchored 28d end a0,28,anchored,end,0,0.21297965490600052,40.59105513188871,0.026603159851301114,0.9541666666666667,0.6524752947949443,12.412411228754044,17.70735524256651,31,41675.41813261164,639
22705,smooth,floating 56d first,56,floating,first,0,0.21297965490600052,37.523330359504115,0.01974907063197026,0.9941520467836257,1.0,34.32557513757415,6.283255086071987,11,115250.18549070238,639
22705,smooth,anchored 56d first a0,56,anchored,first,0,0.21297965490600052,34.38764878609615,0.021491635687732342,0.9788359788359788,1.0,26.384988642078643,7.996870109546166,14,88589.18817767968,639
22705,smooth,anchored 56d start a0,56,anchored,start,0,0.21297965490600052,51.381801818302065,0.016496282527881042,0.993006993006993,1.0,35.43657915415206,13.708920187793428,24,118980.44837714586,639
22705,smooth,anchored 56d end a0,56,anchored,end,0,0.21297965490600052,29.098836339370123,0.014172862453531599,0.9682539682539683,0.5365855188485111,11.775398722492046,11.424100156494523,20,39536.61028416779,639
85099B,smooth,floating 7d first,7,floating,first,0,0.22217160212604403,325.872236310537,0.14323884758364314,0.9832535885167464,1.0,2.6175228086218483,49.694835680751176,87,223559.91347011796,639
85099B,smooth,anchored 7d first a0,7,anchored,first,0,0.22217160212604403,303.5557808219178,0.14056691449814127,0.9853420195439739,1.0,2.372982747578018,49.694835680751176,87,202674.0,639
85099B,smooth,anchored 7d start a0,7,anchored,start,0,0.22217160212604403,308.4494794520548,0.1407992565055762,0.9893877551020408,1.0,2.4266070949728857,49.694835680751176,87,207254.0,639
85099B,smooth,anchored 7d end a0,7,anchored,end,0,0.22217160212604403,482.7424383561644,0.12964684014869887,0.9841269841269841,0.7728298859794878,4.478932636851509,42.26917057902973,74,382541.0,639
85099B,smooth,floating 14d first,14,floating,first,0,0.22217160212604403,616.415735515236,0.09061338289962825,1.0,1.0,6.261479961079021,25.704225352112676,45,534786.5217001567,639
85099B,smooth,anchored 14d first a0,14,anchored,first,0,0.22217160212604403,578.3794078707633,0.07527881040892194,0.9969230769230769,1.0,5.625527396292164,37.1283255086072,65,480470.47146879125,639
85099B,smooth,anchored 14d start a0,14,anchored,start,0,0.22217160212604403,633.7144490402159,0.0716775092936803,0.9983818770226537,1.0,6.209964034538973,38.27073552425665,67,530386.5997427661,639
85099B,smooth,anchored 14d end a0,14,anchored,end,0,0.22217160212604403,501.04688872411816,0.06737918215613382,1.0,0.7405657428917735,4.778130328131504,37.1283255086072,65,408095.1650879567,639
85099B,smooth,floating 28d first,28,floating,first,0,0.22217160212604403,1238.9441424674565,0.04948884758364312,1.0,1.0,13.324116590850144,13.137715179968701,23,1137999.005129799,639
85099B,smooth,anchored 28d first a0,28,anchored,first,0,0.22217160212604403,1133.7681770522863,0.043912639405204464,1.0,1.0,12.09491075015265,17.136150234741784,30,1033013.8067284217,639
85099B,smooth,anchored 28d start a0,28,anchored,start,0,0.22217160212604403,1245.895437732241,0.0362453531598513,1.0,1.0,13.181131023356244,24.561815336463223,43,1125786.755826328,639
85099B,smooth,anchored 28d end a0,28,anchored,end,0,0.22217160212604403,645.812301369863,0.0341542750929368,1.0,0.6924311006703718,6.550729202685954,27.417840375586856,48,559491.0,639
85099B,smooth,floating 56d first,56,floating,first,0,0.22217160212604403,2589.1724635489754,0.027184014869888477,1.0,1.0,28.251191231479847,6.283255086071987,11,2412904.9979368616,639
85099B,smooth,anchored 56d first a0,56,anchored,first,0,0.22217160212604403,2329.223096281899,0.029623605947955392,1.0,1.0,25.34791949650129,9.139280125195619,16,2164939.5644689566,639
85099B,smooth,anchored 56d start a0,56,anchored,start,0,0.22217160212604403,2500.6872142421385,0.01858736059479554,0.9937888198757764,1.0,27.062427652900883,17.70735524256651,31,2311373.9312778986,639
85099B,smooth,anchored 56d end a0,56,anchored,end,0,0.22217160212604403,644.4548219178082,0.018703531598513012,1.0,0.5433564430183923,6.700221706515138,18.849765258215964,33,572259.0,639
21212,smooth,floating 7d first,7,floating,first,0,0.2092377796188898,155.03460273972604,0.1428903345724907,0.9967585089141004,1.0,2.664069450765164,50.2660406885759,88,222433.0,639
21212,smooth,anchored 7d first a0,7,anchored,first,0,0.2092377796188898,146.58112328767123,0.14114776951672864,0.995085995085995,1.0,2.3678554642778886,49.694835680751176,87,197701.0,639
21212,smooth,anchored 7d start a0,7,anchored,start,0,0.2092377796188898,146.58112328767123,0.14091542750929367,0.9958949096880131,1.0,2.3678554642778886,49.694835680751176,87,197701.0,639
21212,smooth,anchored 7d end a0,7,anchored,end,0,0.2092377796188898,182.7997291786383,0.13046003717472118,0.9955673758865248,0.7756999031233522,4.4033702236432495,41.12676056338028,72,367653.64682002703,639
21212,smooth,floating 14d first,14,floating,first,0,0.2092377796188898,192.57344167683823,0.08921933085501858,1.0,1.0,5.825078575924296,26.275430359937403,46,486357.32920041773,639
21212,smooth,anchored 14d first a0,14,anchored,first,0,0.2092377796188898,199.9106189348326,0.0745817843866171,0.9968944099378882,1.0,5.758995163955486,31.41627543035994,55,480839.78101103543,639
21212,smooth,anchored 14d start a0,14,anchored,start,0,0.2092377796188898,214.6613027890243,0.07144516728624535,0.9951456310679612,1.0,5.947795443347537,37.1283255086072,65,496603.41379994416,639
21212,smooth,anchored 14d end a0,14,anchored,end,0,0.2092377796188898,332.93879696743056,0.06342936802973978,1.0,0.7470051930336963,11.602145738280896,23.419405320813773,41,968706.0081192013,639
21212,smooth,floating 28d first,28,floating,first,0,0.2092377796188898,360.3985742040065,0.05401951672862453,1.0,1.0,13.36905311869257,13.708920187793428,24,1116231.6325860214,639
21212,smooth,anchored 28d first a0,28,anchored,first,0,0.2092377796188898,318.858990087042,0.04437732342007435,1.0,1.0,11.360523842802785,18.849765258215964,33,948532.1034706393,639
21212,smooth,anchored 28d start a0,28,anchored,start,0,0.2092377796188898,358.17302389829797,0.036477695167286245,1.0,1.0,12.287063312154563,27.98904538341158,49,1025892.3065716249,639
21212,smooth,anchored 28d end a0,28,anchored,end,0,0.2092377796188898,294.7553884367991,0.03287639405204461,1.0,0.633315756557568,10.362863895144782,19.420970266040687,34,865233.7889039242,639
21212,smooth,floating 56d first,56,floating,first,0,0.2092377796188898,710.1554804978936,0.028229553903345726,1.0,1.0,27.785631312851272,6.283255086071987,11,2319925.003470283,639
21212,smooth,anchored 56d first a0,56,anchored,first,0,0.2092377796188898,640.3132751778206,0.03066914498141264,1.0,1.0,24.692049301504465,10.852895148669797,19,2061630.413090041,639
21212,smooth,anchored 56d start a0,56,anchored,start,0,0.2092377796188898,698.1215954714096,0.018703531598513012,1.0,1.0,26.711258611424444,14.85133020344288,26,2230221.657700586,639
21212,smooth,anchored 56d end a0,56,anchored,end,0,0.2092377796188898,258.6210410958904,0.01812267657992565,1.0,0.6015426686450758,9.046048416060202,17.70735524256651,31,755288.0,639
22355,smooth,floating 7d first,7,floating,first,0,0.28149552138424383,124.97284307007537,0.14939591078066913,0.9869531849577897,1.0,2.806574336766007,50.2660406885759,88,79382.86894457358,639
22355,smooth,anchored 7d first a0,7,anchored,first,0,0.28149552138424383,116.89717808219179,0.14068308550185873,0.985353946297803,1.0,2.2694671488521685,49.694835680751176,87,64191.0,639
22355,smooth,anchored 7d start a0,7,anchored,start,0,0.28149552138424383,117.03224657534247,0.14138011152416358,0.9918500407497962,1.0,2.279720073299009,49.694835680751176,87,64481.0,639
22355,smooth,anchored 7d end a0,7,anchored,end,0,0.28149552138424383,146.5619315995329,0.12964684014869887,0.9876106194690265,0.7608171538701907,5.584018221127417,41.69796557120501,73,157941.79431664414,639
22355,smooth,floating 14d first,14,floating,first,0,0.28149552138424383,136.05951646625135,0.09258828996282528,0.9987468671679198,1.0,6.684516485621208,27.417840375586856,48,189068.96182459846,639
22355,smooth,anchored 14d first a0,14,anchored,first,0,0.28149552138424383,145.4560083688816,0.07527881040892194,0.9984591679506933,1.0,6.107341215247096,37.1283255086072,65,172743.78267436347,639
22355,smooth,anchored 14d start a0,14,anchored,start,0,0.28149552138424383,150.2247296974754,0.0716775092936803,0.9951612903225806,1.0,6.3175122916709485,38.27073552425665,67,178688.3902328148,639
22355,smooth,anchored 14d end a0,14,anchored,end,0,0.28149552138424383,156.62287485865698,0.06540427509293681,0.9946996466431095,0.7311714274052517,7.486371255566737,33.129890453834115,58,211749.1136671164,639
22355,smooth,floating 28d first,28,floating,first,0,0.28149552138424383,219.3679875565143,0.05018587360594796,0.9976905311778291,1.0,14.830203321462232,13.708920187793428,24,419466.5615183983,639
22355,smooth,anchored 28d first a0,28,anchored,first,0,0.28149552138424383,211.52914663294726,0.04368029739776952,0.9973474801061007,1.0,13.703800625177736,17.70735524256651,31,387606.69718250434,639
22355,smooth,anchored 28d start a0,28,anchored,start,0,0.28149552138424383,227.50967671575486,0.036361524163568776,0.9968152866242038,1.0,14.385504361436057,21.705790297339593,38,406888.4235367678,639
22355,smooth,anchored 28d end a0,28,anchored,end,0,0.28149552138424383,144.37679452054795,0.0333410780669145,0.9896551724137931,0.6624031646612824,7.771327826674242,23.990610328638496,42,219809.0,639
22355,smooth,floating 56d first,56,floating,first,0,0.28149552138424383,399.87178581996517,0.027648698884758363,1.0,1.0,29.51889775709522,6.283255086071987,11,834930.5989663957,639
22355,smooth,anchored 56d first a0,56,anchored,first,0,0.28149552138424383,383.247263671106,0.02846189591078067,1.0,1.0,27.877400272230787,9.139280125195619,16,788501.4778820805,639
22355,smooth,anchored 56d start a0,56,anchored,start,0,0.28149552138424383,442.116718181466,0.018703531598513012,1.0,1.0,31.283399083163168,17.136150234741784,30,884838.8360955005,639
22355,smooth,anchored 56d end a0,56,anchored,end,0,0.28149552138424383,189.06597260273975,0.018006505576208177,0.9935897435897436,0.5861216416680401,12.07455092683691,17.136150234741784,30,341524.0,639
21931,smooth,floating 7d first,7,floating,first,0,0.2164717844433147,160.16104049178858,0.1462592936802974,0.9890023566378633,1.0,2.683836729121144,49.694835680751176,87,68471.2302038534,639
21931,smooth,anchored 7d first a0,7,anchored,first,0,0.2164717844433147,154.08854794520548,0.1421933085501859,0.9918962722852512,1.0,2.4610736516104668,49.694835680751176,87,62788.0,639
21931,smooth,anchored 7d start a0,7,anchored,start,0,0.2164717844433147,154.70079452054796,0.14196096654275092,0.9943043124491456,1.0,2.4835332808767725,49.694835680751176,87,63361.0,639
21931,smooth,anchored 7d end a0,7,anchored,end,0,0.2164717844433147,206.2374794520548,0.1299953531598513,0.9841688654353562,0.7670931247864545,5.107782214573854,38.27073552425665,67,130312.0,639
21931,smooth,floating 14d first,14,floating,first,0,0.2164717844433147,232.11925003881808,0.09049721189591078,0.9974391805377721,1.0,6.790907280457605,26.84663536776213,47,173252.63144658614,639
21931,smooth,anchored 14d first a0,14,anchored,first,0,0.2164717844433147,232.40465719692827,0.07632434944237919,0.9909502262443439,1.0,5.994330011528305,39.413145539906104,69,152929.99968430467,639
21931,smooth,anchored 14d start a0,14,anchored,start,0,0.2164717844433147,242.95921725280598,0.0716775092936803,0.9951612903225806,0.9999712504836236,6.601616840881054,35.985915492957744,63,168423.3699930107,639
21931,smooth,anchored 14d end a0,14,anchored,end,0,0.2164717844433147,263.3287722023466,0.06586895910780668,0.9912587412587412,0.7386346829669519,7.67900843839894,30.845070422535212,54,195910.26116373466,639
21931,smooth,floating 28d first,28,floating,first,0,0.2164717844433147,386.94447058050207,0.04855947955390334,1.0,1.0,13.350924630632218,13.137715179968701,23,340614.69682534167,639
21931,smooth,anchored 28d first a0,28,anchored,first,0,0.2164717844433147,374.2125602335917,0.04426115241635688,0.9947780678851175,1.0,12.480344165768587,19.420970266040687,34,318404.06278272043,639
21931,smooth,anchored 28d start a0,28,anchored,start,0,0.2164717844433147,413.1303212170692,0.036361524163568776,0.9968152866242038,0.9999824477032266,13.797949895638855,21.134585289514867,37,352019.403190334,639
21931,smooth,anchored 28d end a0,28,anchored,end,0,0.2164717844433147,326.9969589041096,0.03276022304832714,0.9929577464788732,0.656543031775559,10.784972866061533,18.849765258215964,33,275151.0,639
21931,smooth,floating 56d first,56,floating,first,0,0.2164717844433147,781.6531707100182,0.027648698884758363,1.0,1.0,28.270610574453983,6.283255086071987,11,721252.326433735,639
21931,smooth,anchored 56d first a0,56,anchored,first,0,0.2164717844433147,727.434361941264,0.03066914498141264,1.0,1.0,25.951494282444557,11.424100156494523,20,662086.0054065676,639
21931,smooth,anchored 56d start a0,56,anchored,start,0,0.2164717844433147,809.012559403598,0.018703531598513012,1.0,1.0,28.724001902712043,14.85133020344288,26,732819.446621316,639
21931,smooth,anchored 56d end a0,56,anchored,end,0,0.2164717844433147,325.6997260273973,0.017193308550185873,0.9932885906040269,0.5627728635966744,11.067540871961704,13.708920187793428,24,282360.0,639
23077,smooth,floating 7d first,7,floating,first,0,0.23638982237157946,105.15482757813413,0.05645910780669145,0.9878048780487805,1.0,11.211395275586183,20.56338028169014,36,100966.04826407583,639
23077,smooth,anchored 7d first a0,7,anchored,first,0,0.23638982237157946,106.3020770385749,0.056807620817843865,0.9760479041916168,1.0,11.07314717772684,21.705790297339593,38,99721.03247631935,639
23077,smooth,anchored 7d start a0,7,anchored,start,0,0.23638982237157946,107.64897028565072,0.056226765799256506,0.979757085020243,1.0,11.291505795856914,21.705790297339593,38,101687.49661705006,639
23077,smooth,anchored 7d end a0,7,anchored,end,0,0.23638982237157946,120.09782471685173,0.051696096654275096,0.9866962305986696,0.771032853754571,14.606678401877634,17.136150234741784,30,131542.82408660353,639
23077,smooth,floating 14d first,14,floating,first,0,0.23638982237157946,121.45086036828395,0.03310873605947955,0.9965034965034965,1.0,16.447234943244446,11.424100156494523,20,148118.25613769458,639
23077,smooth,anchored 14d first a0,14,anchored,first,0,0.23638982237157946,120.24086383988531,0.03136617100371747,0.9926470588235294,1.0,14.467747723227204,17.70735524256651,31,130291.66120623254,639
23077,smooth,anchored 14d start a0,14,anchored,start,0,0.23638982237157946,123.55289070684213,0.02857806691449814,0.9959514170040485,0.9999693118905172,15.815295277177157,14.85133020344288,26,142427.22043198952,639
23077,smooth,anchored 14d end a0,14,anchored,end,0,0.23638982237157946,118.20341538917823,0.025441449814126393,0.9909502262443439,0.7376018376742715,15.272277630148517,13.708920187793428,24,137536.98646820022,639
23077,smooth,floating 28d first,28,floating,first,0,0.23638982237157946,161.61734433425244,0.018935873605947954,1.0,1.0,24.580235935740074,5.712050078247262,10,221361.32272800856,639
23077,smooth,anchored 28d first a0,28,anchored,first,0,0.23638982237157946,146.9606624318387,0.019516728624535316,0.9940828402366864,1.0,21.555610719192334,7.996870109546166,14,194122.56715048448,639
23077,smooth,anchored 28d start a0,28,anchored,start,0,0.23638982237157946,172.61100350035656,0.015102230483271376,1.0,1.0,24.741328169941887,11.424100156494523,20,222812.06511052058,639
23077,smooth,anchored 28d end a0,28,anchored,end,0,0.23638982237157946,138.25413183309544,0.013011152416356878,0.9911504424778761,0.5849550813109801,19.657745502191148,9.710485133020343,17,177031.03247631935,639
23077,smooth,floating 56d first,56,floating,first,0,0.23638982237157946,229.15131695643026,0.012081784386617101,0.9904761904761905,1.0,36.177338709137445,3.427230046948357,6,325800.9227563882,639
23077,smooth,anchored 56d first a0,56,anchored,first,0,0.23638982237157946,245.68251983794482,0.013824349442379182,0.9916666666666667,1.0,38.695260605670946,3.998435054773083,7,348476.4789633994,639
23077,smooth,anchored 56d start a0,56,anchored,start,0,0.23638982237157946,284.4462321220712,0.009061338289962825,1.0,1.0,43.84480036028863,7.996870109546166,14,394851.4988982239,639
23077,smooth,anchored 56d end a0,56,anchored,end,0,0.23638982237157946,146.24043320295846,0.007551115241635688,1.0,0.41923256570848355,22.411568273458965,4.569640062597809,8,201831.03247631935,639
22037,smooth,floating 7d first,7,floating,first,0,0.20684893675780172,83.06169583796576,0.11315055762081784,0.9119850187265918,1.0,2.818422103122308,45.12519561815336,79,17649.0354863988,639
22037,smooth,anchored 7d first a0,7,anchored,first,0,0.20684893675780172,87.4120109589041,0.11814591078066915,0.9203619909502262,1.0,2.367603948277717,47.98122065727699,84,14826.0,639
22037,smooth,anchored 7d start a0,7,anchored,start,0,0.20684893675780172,87.7988712328767,0.11733271375464684,0.9140271493212669,1.0,2.636047374492127,47.98122065727699,84,16507.0,639
22037,smooth,anchored 7d end a0,7,anchored,end,0,0.20684893675780172,71.80843835616439,0.10815520446096655,0.938508064516129,0.7491951556032501,6.806102810980461,35.41471048513302,62,42620.0,639
22037,smooth,floating 14d first,14,floating,first,0,0.20684893675780172,54.698267856969416,0.07481412639405205,0.9569093610698366,1.0,6.729655193426059,25.704225352112676,45,42141.28294992664,639
22037,smooth,anchored 14d first a0,14,anchored,first,0,0.20684893675780172,66.19532665413507,0.06563661710037175,0.940099833610649,0.9999779547147217,5.686760088832738,33.129890453834115,58,35610.64558046787,639
22037,smooth,anchored 14d start a0,14,anchored,start,0,0.20684893675780172,69.40491197199582,0.06424256505576208,0.946917808219178,0.9999846444203354,6.526094724283516,34.27230046948357,60,40866.58178307703,639
22037,smooth,anchored 14d end a0,14,anchored,end,0,0.20684893675780172,54.89731493503043,0.05390334572490706,0.9527720739219713,0.7158492163774952,11.725094097681183,21.705790297339593,38,73422.85656292984,639
22037,smooth,floating 28d first,28,floating,first,0,0.20684893675780172,44.18578399258389,0.042867100371747215,0.9946091644204852,1.0,15.394777569339693,12.566510172143975,22,96402.51377729906,639
22037,smooth,anchored 28d first a0,28,anchored,first,0,0.20684893675780172,48.39293352448907,0.04031133828996283,0.9747191011235955,0.9999372298245569,12.069005223224279,17.70735524256651,31,75576.43733855367,639
22037,smooth,anchored 28d start a0,28,anchored,start,0,0.20684893675780172,66.09674658198416,0.03461895910780669,0.9802631578947368,0.9998581439207513,13.945188666781076,26.275430359937403,46,87325.14883838357,639
22037,smooth,anchored 28d end a0,28,anchored,end,0,0.20684893675780172,50.71525479452055,0.02904275092936803,0.9615384615384616,0.6438755173999693,12.292664854078906,18.849765258215964,33,76977.0,639
22037,smooth,floating 56d first,56,floating,first,0,0.20684893675780172,49.57976958007106,0.021491635687732342,1.0,1.0,27.464512822021128,5.712050078247262,10,171983.52258007065,639
22037,smooth,anchored 56d first a0,56,anchored,first,0,0.20684893675780172,56.12647390709018,0.023350371747211895,0.9852941176470589,0.999929810644883,27.14996968660534,9.710485133020343,17,170013.84495342756,639
22037,smooth,anchored 56d start a0,56,anchored,start,0,0.20684893675780172,68.61089401090396,0.01696096654275093,0.9931972789115646,1.0,32.34342973166044,12.566510172143975,22,202535.4323092851,639
22037,smooth,anchored 56d end a0,56,anchored,end,0,0.20684893675780172,42.2778191780822,0.01591542750929368,0.9785714285714285,0.5460677602330216,11.295224259114475,14.85133020344288,26,70731.0,639
23245,smooth,floating 7d first,7,floating,first,0,0.3460751927009596,215.0328869445938,0.045771375464684017,0.9800995024875622,1.0,12.679040984234106,14.85133020344288,26,69693.94316644114,639
23245,smooth,anchored 7d first a0,7,anchored,first,0,0.3460751927009596,215.0328869445938,0.03973048327137547,0.991304347826087,1.0,12.679040984234106,14.85133020344288,26,69693.94316644114,639
23245,smooth,anchored 7d start a0,7,anchored,start,0,0.3460751927009596,215.0328869445938,0.03903345724907063,0.9795918367346939,1.0,12.679040984234106,14.85133020344288,26,69693.94316644114,639
23245,smooth,anchored 7d end a0,7,anchored,end,0,0.3460751927009596,257.20538736166986,0.035432156133828996,0.9838709677419355,0.769415748528627,15.910124828814885,11.424100156494523,20,87454.51150202978,639
23245,smooth,floating 14d first,14,floating,first,0,0.3460751927009596,263.6351892718291,0.02509293680297398,0.9953917050691244,1.0,16.743831441416177,7.996870109546166,14,92037.21624668446,639
23245,smooth,anchored 14d first a0,14,anchored,first,0,0.3460751927009596,249.91528072637044,0.021143122676579924,1.0,1.0,15.48822723674383,10.852895148669797,19,85135.43178295475,639
23245,smooth,anchored 14d start a0,14,anchored,start,0,0.3460751927009596,253.6715851014059,0.01963289962825279,0.9825581395348837,1.0,15.606028194618377,11.995305164319248,21,85782.95814344761,639
23245,smooth,anchored 14d end a0,14,anchored,end,0,0.3460751927009596,249.22594227667906,0.018238847583643122,0.98125,0.6995199691431542,15.643210705338072,9.139280125195619,16,85987.34235453318,639
23245,smooth,floating 28d first,28,floating,first,0,0.3460751927009596,355.66913678862244,0.014405204460966542,0.992,1.0,23.31928219235349,4.569640062597809,8,128181.0453816638,639
23245,smooth,anchored 28d first a0,28,anchored,first,0,0.3460751927009596,350.7004007994247,0.013011152416356878,1.0,1.0,22.717720352919997,6.854460093896714,12,124874.39019372727,639
23245,smooth,anchored 28d start a0,28,anchored,start,0,0.3460751927009596,360.1837539831032,0.011152416356877323,0.9896907216494846,1.0,23.28672601345947,7.42566510172144,13,128002.09111498247,639
23245,smooth,anchored 28d end a0,28,anchored,end,0,0.3460751927009596,324.31705132815546,0.009526022304832713,1.0,0.575653659152335,21.21639743552817,4.569640062597809,8,116621.94316644114,639
23245,smooth,floating 56d first,56,floating,first,0,0.3460751927009596,560.9550414836859,0.009409851301115242,1.0,1.0,37.35675792444125,2.2848200312989047,4,205342.0102439852,639
23245,smooth,anchored 56d first a0,56,anchored,first,0,0.3460751927009596,548.7889676087486,0.008945167286245352,1.0,1.0,36.473667193722456,2.856025039123631,5,200487.8516941346,639
23245,smooth,anchored 56d start a0,56,anchored,start,0,0.3460751927009596,570.1794139540915,0.006737918215613383,1.0,1.0,37.64010011188105,5.140845070422535,9,206899.48090226602,639
23245,smooth,anchored 56d end a0,56,anchored,end,0,0.3460751927009596,255.8524485884294,0.005692379182156134,1.0,0.3459855767235164,16.62425731569428,4.569640062597809,8,91379.94316644114,639
23192,smooth,floating 7d first,7,floating,first,0,0.23860741579394282,64.90965295023122,0.05099907063197026,0.9669603524229075,1.0,12.277281462840794,17.70735524256651,31,37506.13129343757,639
23192,smooth,anchored 7d first a0,7,anchored,first,0,0.23860741579394282,64.14869238326507,0.04530669144981413,0.9558823529411765,1.0,12.001769145552313,17.70735524256651,31,36664.46278755076,639
23192,smooth,anchored 7d start a0,7,anchored,start,0,0.23860741579394282,64.53674258068105,0.04553903345724907,0.9727047146401985,1.0,12.142266056634806,17.70735524256651,31,37093.66982408661,639
23192,smooth,anchored 7d end a0,7,anchored,end,0,0.23860741579394282,70.37402406065213,0.04112453531598513,0.9516129032258065,0.7342006758622645,16.065997013625612,14.85133020344288,26,49080.35994587281,639
23192,smooth,floating 14d first,14,floating,first,0,0.23860741579394282,61.4748014669127,0.031482342007434945,0.9963235294117647,1.0,16.464542939897168,9.139280125195619,16,50297.886470979196,639
23192,smooth,anchored 14d first a0,14,anchored,first,0,0.23860741579394282,63.289392447921145,0.02520910780669145,0.9908675799086758,1.0,14.94917961138745,12.566510172143975,22,45668.57043482187,639
23192,smooth,anchored 14d start a0,14,anchored,start,0,0.23860741579394282,67.00400684176732,0.02404739776951673,0.9951923076923077,0.999952963754515,15.56997049781686,13.708920187793428,24,47565.03787043961,639
23192,smooth,anchored 14d end a0,14,anchored,end,0,0.23860741579394282,64.86750658980111,0.022072490706319704,0.9895833333333334,0.6994251378937503,14.796432208371154,13.708920187793428,24,45201.939106901234,639
23192,smooth,floating 28d first,28,floating,first,0,0.23860741579394282,73.75190366386369,0.01742565055762082,1.0,1.0,23.80604216692058,4.569640062597809,8,72725.59041609165,639
23192,smooth,anchored 28d first a0,28,anchored,first,0,0.23860741579394282,69.04314735102714,0.016031598513011152,0.9928057553956835,1.0,21.01502065101032,6.283255086071987,11,64199.23873674215,639
23192,smooth,anchored 28d start a0,28,anchored,start,0,0.23860741579394282,78.8553182575292,0.013592007434944238,1.0,1.0,23.11936711052706,8.568075117370892,15,70627.85201211565,639
23192,smooth,anchored 28d end a0,28,anchored,end,0,0.23860741579394282,61.78028780098987,0.01254646840148699,1.0,0.5918482875742994,15.126912495509588,11.424100156494523,20,46211.5304465494,639
23192,smooth,floating 56d first,56,floating,first,0,0.23860741579394282,106.7879733384264,0.009526022304832713,1.0,1.0,37.21526969099314,2.2848200312989047,4,113689.72808644132,639
23192,smooth,anchored 56d first a0,56,anchored,first,0,0.23860741579394282,104.5002531975388,0.011384758364312268,0.98989898989899,1.0,34.93874654159524,4.569640062597809,8,106735.12853667169,639
23192,smooth,anchored 56d start a0,56,anchored,start,0,0.23860741579394282,123.65918116897879,0.007551115241635688,1.0,1.0,39.34099097656103,8.568075117370892,15,120183.63977780988,639
23192,smooth,anchored 56d end a0,56,anchored,end,0,0.23860741579394282,53.64365128737466,0.006970260223048327,0.9836065573770492,0.4808748904108068,15.439500670406062,6.283255086071987,11,47166.46278755076,639
20725,smooth,floating 7d first,7,floating,first,0,0.20743979287772948,177.46073972602738,0.14567843866171004,0.9881796690307328,1.0,2.795026538171599,50.2660406885759,88,98949.0,639
20725,smooth,anchored 7d first a0,7,anchored,first,0,0.20743979287772948,168.19989041095891,0.1425418215613383,0.9911147011308562,1.0,2.536932393922805,49.694835680751176,87,89812.0,639
20725,smooth,anchored 7d start a0,7,anchored,start,0,0.20743979287772948,168.19989041095891,0.14242565055762083,0.9927125506072875,1.0,2.536932393922805,49.694835680751176,87,89812.0,639
20725,smooth,anchored 7d end a0,7,anchored,end,0,0.20743979287772948,210.31007663076724,0.1320864312267658,0.9930131004366812,0.7729463204207959,4.28998585655237,41.69796557120501,73,151873.26657645468,639
20725,smooth,floating 14d first,14,floating,first,0,0.20743979287772948,260.2336430967104,0.09560873605947956,0.9987864077669902,1.0,6.662069787389879,26.84663536776213,47,235849.3325160585,639
20725,smooth,anchored 14d first a0,14,anchored,first,0,0.20743979287772948,265.5276582740974,0.0758596654275093,0.9969465648854962,0.9999911124477264,6.202609939695443,38.27073552425665,67,219583.62203044107,639
20725,smooth,anchored 14d start a0,14,anchored,start,0,0.20743979287772948,275.6259797924557,0.07144516728624535,0.9903381642512077,1.0,6.5493553753800935,37.69953051643193,66,231859.03825529193,639
20725,smooth,anchored 14d end a0,14,anchored,end,0,0.20743979287772948,243.4872216063918,0.06714684014869889,0.996551724137931,0.7427601864298794,5.701457743688571,34.84350547730829,61,201841.92692828184,639
20725,smooth,floating 28d first,28,floating,first,0,0.20743979287772948,469.38907379938405,0.051812267657992565,0.9977628635346756,1.0,13.946557019761887,13.137715179968701,23,493733.3695053793,639
20725,smooth,anchored 28d first a0,28,anchored,first,0,0.20743979287772948,438.33007684898536,0.04426115241635688,0.9947780678851175,1.0,12.66374864528918,18.849765258215964,33,448319.63045418076,639
20725,smooth,anchored 28d start a0,28,anchored,start,0,0.20743979287772948,487.57848332396964,0.036361524163568776,0.9968152866242038,1.0,13.921231699433543,23.990610328638496,42,492836.8073128755,639
20725,smooth,anchored 28d end a0,28,anchored,end,0,0.20743979287772948,254.3729589041096,0.03427044609665428,0.9899328859060402,0.6701692776207853,6.447721074791936,27.417840375586856,48,228261.0,639
20725,smooth,floating 56d first,56,floating,first,0,0.20743979287772948,914.1808929149202,0.030436802973977696,1.0,1.0,28.186884499848592,6.854460093896714,12,997866.7451937753,639
20725,smooth,anchored 56d first a0,56,anchored,first,0,0.20743979287772948,880.3375844602914,0.028113382899628253,1.0,1.0,27.00454404808361,9.139280125195619,16,956009.7525091101,639
20725,smooth,anchored 56d start a0,56,anchored,start,0,0.20743979287772948,973.3756025589038,0.01858736059479554,0.9937888198757764,1.0,29.598905160830704,14.85133020344288,26,1047854.8331333329,639
20725,smooth,anchored 56d end a0,56,anchored,end,0,0.20743979287772948,313.17994520547944,0.018703531598513012,1.0,0.55510439243875,8.753676581604925,18.849765258215964,33,309896.0,639
23203,smooth,floating 7d first,7,floating,first,0,0.2493811580837742,274.4383418985301,0.04821096654275093,0.9880952380952381,1.0,11.989515482232598,17.70735524256651,31,213593.73748308528,639
23203,smooth,anchored 7d first a0,7,anchored,first,0,0.2493811580837742,274.9409610766123,0.04670074349442379,0.9925925925925926,1.0,12.014269842496008,17.70735524256651,31,214034.73748308528,639
23203,smooth,anchored 7d start a0,7,anchored,start,0,0.2493811580837742,276.0940060133094,0.046468401486988845,0.9925558312655087,1.0,12.071058144669058,17.70735524256651,31,215046.42354533155,639
23203,smooth,anchored 7d end a0,7,anchored,end,0,0.2493811580837742,323.97583779635573,0.042983271375464684,0.9946236559139785,0.7637389670316809,14.675526840713369,14.85133020344288,26,261445.1461434371,639
23203,smooth,floating 14d first,14,floating,first,0,0.2493811580837742,349.70632806040743,0.03345724907063197,1.0,1.0,16.435279486363456,9.139280125195619,16,292795.2157260786,639
23203,smooth,anchored 14d first a0,14,anchored,first,0,0.2493811580837742,339.3397302402769,0.025673791821561338,1.0,1.0,15.530711178827985,13.708920187793428,24,276680.2921579352,639
23203,smooth,anchored 14d start a0,14,anchored,start,0,0.2493811580837742,352.3197814537399,0.02404739776951673,0.9951923076923077,1.0,16.16998814633565,13.708920187793428,24,288069.03901590157,639
23203,smooth,anchored 14d end a0,14,anchored,end,0,0.2493811580837742,319.882276248911,0.02242100371747212,1.0,0.7462990826578655,14.72016959409333,11.995305164319248,21,262240.4587280108,639
23203,smooth,floating 28d first,28,floating,first,0,0.2493811580837742,507.1176069032341,0.01638011152416357,1.0,1.0,24.58190533484463,4.569640062597809,8,437927.707980001,639
23203,smooth,anchored 28d first a0,28,anchored,first,0,0.2493811580837742,427.8380836473495,0.017193308550185873,1.0,1.0,20.43107748648213,7.42566510172144,13,363980.53012327536,639
23203,smooth,anchored 28d start a0,28,anchored,start,0,0.2493811580837742,500.7017272272085,0.013475836431226766,0.9914529914529915,1.0,23.87191277074085,9.139280125195619,16,425279.1597065651,639
23203,smooth,anchored 28d end a0,28,anchored,end,0,0.2493811580837742,357.1300325430516,0.01254646840148699,1.0,0.6191026609956103,16.899403789517564,7.996870109546166,14,301063.6102841678,639
23203,smooth,floating 56d first,56,floating,first,0,0.2493811580837742,794.6442315623293,0.010106877323420074,1.0,1.0,38.890553007949876,2.856025039123631,5,692836.885865986,639
23203,smooth,anchored 56d first a0,56,anchored,first,0,0.2493811580837742,760.0287902457721,0.00987453531598513,1.0,1.0,37.136466606682006,3.427230046948357,6,661587.7606723721,639
23203,smooth,anchored 56d start a0,56,anchored,start,0,0.2493811580837742,890.5437502221845,0.007551115241635688,1.0,1.0,43.46592190250368,4.569640062597809,8,774347.2808439839,639
23203,smooth,anchored 56d end a0,56,anchored,end,0,0.2493811580837742,366.8404021725027,0.006970260223048327,0.9836065573770492,0.48077046729863226,17.525398742772392,6.283255086071987,11,312215.73748308525,639
23076,smooth,floating 7d first,7,floating,first,0,0.29876543209876544,88.6942959423405,0.055297397769516726,0.9855072463768116,1.0,11.192821280169412,19.992175273865413,35,78393.67207581713,639
23076,smooth,anchored 7d first a0,7,anchored,first,0,0.29876543209876544,89.74492001408788,0.05552973977695167,0.9775051124744376,1.0,10.994919530902836,21.134585289514867,37,77007.58322056831,639
23076,smooth,anchored 7d start a0,7,anchored,start,0,0.29876543209876544,91.6812213839509,0.05425185873605948,0.9708939708939709,1.0,11.398550397032396,21.134585289514867,37,79834.58322056831,639
23076,smooth,anchored 7d end a0,7,anchored,end,0,0.29876543209876544,107.55521901125176,0.05018587360594796,0.9840546697038725,0.7461728395061729,16.37519426573156,16.564945226917057,29,114690.61975642758,639
23076,smooth,floating 14d first,14,floating,first,0,0.29876543209876544,96.80543340815233,0.0341542750929368,0.9932432432432432,1.0,16.21889803152918,10.852895148669797,19,113595.9327759024,639
23076,smooth,anchored 14d first a0,14,anchored,first,0,0.29876543209876544,97.54342286594023,0.03078531598513011,0.9962406015037594,1.0,14.28818962247678,16.564945226917057,29,100073.39738427274,639
23076,smooth,anchored 14d start a0,14,anchored,start,0,0.29876543209876544,102.64528228289016,0.028229553903345726,0.9838056680161943,0.9999757656543401,15.560150092988952,15.993740219092333,28,108982.11213301963,639
23076,smooth,anchored 14d end a0,14,anchored,end,0,0.29876543209876544,104.97833151055666,0.025906133828996283,0.9911111111111112,0.7312551161897125,17.297212272261827,12.566510172143975,22,121148.36400541272,639
23076,smooth,floating 28d first,28,floating,first,0,0.29876543209876544,123.75300782410602,0.017309479553903346,1.0,1.0,23.712334137394645,5.712050078247262,10,166079.3914231948,639
23076,smooth,anchored 28d first a0,28,anchored,first,0,0.29876543209876544,113.62891896384328,0.017890334572490705,1.0,0.9999660019255139,20.768103291572302,7.996870109546166,14,145458.2216872112,639
23076,smooth,anchored 28d start a0,28,anchored,start,0,0.29876543209876544,134.414229645009,0.015102230483271376,1.0,1.0,24.475532551476263,9.710485133020343,17,171424.7752817131,639
23076,smooth,anchored 28d end a0,28,anchored,end,0,0.29876543209876544,144.7924175579736,0.01150092936802974,1.0,0.6269135802469136,28.0980952104948,5.712050078247262,10,196796.92963464145,639
23076,smooth,floating 56d first,56,floating,first,0,0.29876543209876544,180.80551775012975,0.010803903345724907,1.0,1.0,36.647463305188474,2.856025039123631,5,256676.05591518944,639
23076,smooth,anchored 56d first a0,56,anchored,first,0,0.29876543209876544,170.7485967186275,0.012894981412639405,0.9910714285714286,1.0,33.717233900113214,5.140845070422535,9,236152.95120919618,639
23076,smooth,anchored 56d start a0,56,anchored,start,0,0.29876543209876544,221.82080919728713,0.009061338289962825,1.0,1.0,43.5296516306963,7.42566510172144,13,304878.3814280392,639
23076,smooth,anchored 56d end a0,56,anchored,end,0,0.29876543209876544,136.47392440728868,0.007318773234200744,0.984375,0.4965432098765432,26.780976448540358,4.569640062597809,8,187571.92963464145,639
22386,smooth,floating 7d first,7,floating,first,0,0.23539156626506025,193.81786454598566,0.14776951672862454,0.9945269741985927,1.0,2.901993259877059,49.694835680751176,87,99970.5655366276,639
22386,smooth,anchored 7d first a0,7,anchored,first,0,0.23539156626506025,187.79202739726028,0.13952137546468402,0.9860426929392446,1.0,2.7382852615469706,49.694835680751176,87,94331.0,639
22386,smooth,anchored 7d start a0,7,anchored,start,0,0.23539156626506025,188.24720547945208,0.1399860594795539,0.9925864909390445,1.0,2.750651392738403,49.694835680751176,87,94757.0,639
22386,smooth,anchored 7d end a0,7,anchored,end,0,0.23539156626506025,359.1909697666228,0.12476765799256506,0.9853211009174312,0.7665072128441462,8.073988324188775,35.41471048513302,62,278140.2665764547,639
22386,smooth,floating 14d first,14,floating,first,0,0.23539156626506025,313.1553577075849,0.09235594795539033,0.9974905897114178,1.0,7.2851581893618595,25.704225352112676,45,250965.91170068845,639
22386,smooth,anchored 14d first a0,14,anchored,first,0,0.23539156626506025,301.738654881324,0.07493029739776952,0.9969088098918083,1.0,6.404471672091633,37.69953051643193,66,220627.20264534166,639
22386,smooth,anchored 14d start a0,14,anchored,start,0,0.23539156626506025,313.7656552952503,0.07086431226765799,0.9967320261437909,1.0,6.622546627973347,39.98435054773083,70,228139.651750683,639
22386,smooth,anchored 14d end a0,14,anchored,end,0,0.23539156626506025,358.57327833029643,0.06435873605947956,0.9946140035906643,0.7349503828567127,8.165877791332912,33.129890453834115,58,281305.7604886108,639
22386,smooth,floating 28d first,28,floating,first,0,0.23539156626506025,546.2268674254118,0.051347583643122675,0.9977426636568849,1.0,14.187690943239417,13.708920187793428,24,488750.78618019307,639
22386,smooth,anchored 28d first a0,28,anchored,first,0,0.23539156626506025,497.8666763084337,0.04356412639405204,0.9973404255319149,1.0,12.575012434277797,19.992175273865413,35,433195.73551943153,639
22386,smooth,anchored 28d start a0,28,anchored,start,0,0.23539156626506025,537.5761848516096,0.03612918215613383,0.9936102236421726,1.0,13.354983094062066,26.275430359937403,46,460064.89095086535,639
22386,smooth,anchored 28d end a0,28,anchored,end,0,0.23539156626506025,350.61395821825124,0.032992565055762084,1.0,0.6535493388158209,8.384324386748872,23.990610328638496,42,288831.01217861974,639
22386,smooth,floating 56d first,56,floating,first,0,0.23539156626506025,1102.0872050537141,0.02857806691449814,1.0,1.0,29.6423049502254,6.283255086071987,11,1021145.717550271,639
22386,smooth,anchored 56d first a0,56,anchored,first,0,0.23539156626506025,976.2752884971098,0.027881040892193308,1.0,1.0,26.08844903134547,9.139280125195619,16,898719.1802601155,639
22386,smooth,anchored 56d start a0,56,anchored,start,0,0.23539156626506025,1109.7141834129313,0.018703531598513012,1.0,1.0,29.46916475569698,14.280125195618153,25,1015181.2229377433,639
22386,smooth,anchored 56d end a0,56,anchored,end,0,0.23539156626506025,328.6128493150685,0.017890334572490705,1.0,0.5480344079106038,8.11261748873428,17.136150234741784,30,279471.0,639
84881,intermittent,floating 7d first,7,floating,first,0,0.2962962962962963,16.11707185906302,0.010803903345724907,0.40086206896551724,1.0,0.7205953889649725,9.139280125195619,16,33.646636659844845,639
84881,intermittent,anchored 7d first a0,7,anchored,first,0,0.2962962962962963,16.080027397260274,0.010223048327137546,0.35918367346938773,1.0,0.4925810004057265,9.139280125195619,16,23.0,639
84881,intermittent,anchored 7d start a0,7,anchored,start,0,0.2962962962962963,16.466246575342467,0.01150092936802974,0.4024390243902439,1.0,2.869819741494233,9.139280125195619,16,134.0,639
84881,intermittent,anchored 7d end a0,7,anchored,end,0,0.2962962962962963,23.84398220475652,0.010339219330855019,0.4517766497461929,0.7427604871447903,35.97061380629456,10.28169014084507,18,1679.5696887686063,639
84881,intermittent,floating 14d first,14,floating,first,0,0.2962962962962963,12.702515243287287,0.009409851301115242,0.47368421052631576,0.9949827049633275,4.324089914023773,6.854460093896714,12,201.90398724398418,639
84881,intermittent,anchored 14d first a0,14,anchored,first,0,0.2962962962962963,15.185408823361886,0.012197955390334572,0.4772727272727273,0.9967886302195801,1.1412199674396044,8.568075117370892,15,53.286787816604864,639
84881,intermittent,anchored 14d start a0,14,anchored,start,0,0.2962962962962963,18.28585711806143,0.011384758364312268,0.44545454545454544,1.0,7.914649323575338,9.710485133020343,17,369.5573607026937,639
84881,intermittent,anchored 14d end a0,14,anchored,end,0,0.2962962962962963,21.27546139729735,0.010223048327137546,0.5028571428571429,0.6717185385656292,32.47128035703935,9.139280125195619,16,1516.1759133964815,639
84881,intermittent,floating 28d first,28,floating,first,0,0.2962962962962963,10.541470595075875,0.008248141263940521,0.5298507462686567,0.9872909974842168,9.487989786160465,5.140845070422535,9,443.0210765375548,639
84881,intermittent,anchored 28d first a0,28,anchored,first,0,0.2962962962962963,12.989392534354504,0.009990706319702601,0.5408805031446541,1.0,6.089863984720958,6.854460093896714,12,284.352972471964,639
84881,intermittent,anchored 28d start a0,28,anchored,start,0,0.2962962962962963,12.348879267742824,0.009061338289962825,0.4968152866242038,0.9940834169795106,14.457714971962202,5.712050078247262,10,675.0716005717561,639
84881,intermittent,anchored 28d end a0,28,anchored,end,0,0.2962962962962963,12.213616438356166,0.00662174721189591,0.4453125,0.56,25.935460499623254,4.569640062597809,8,1211.0,639
84881,intermittent,floating 56d first,56,floating,first,0,0.2962962962962963,10.201468238158906,0.009409851301115242,0.7788461538461539,1.0,32.01584102501842,2.856025039123631,5,1494.9101629354336,639
84881,intermittent,anchored 56d first a0,56,anchored,first,0,0.2962962962962963,10.505150784676808,0.008131970260223048,0.5932203389830508,0.9946587955794668,9.264435739004167,5.140845070422535,9,432.5827058323109,639
84881,intermittent,anchored 56d start a0,56,anchored,start,0,0.2962962962962963,18.038490558061746,0.006505576208178439,0.5233644859813084,1.0,37.1678427870991,6.854460093896714,12,1735.471695820895,639
84881,intermittent,anchored 56d end a0,56,anchored,end,0,0.2962962962962963,11.013890410958904,0.004995353159851301,0.6231884057971014,0.54,30.86127050368052,3.427230046948357,6,1441.0,639
47505,intermittent,floating 7d first,7,floating,first,0,0.3293172690763052,8.801835616438357,0.02253717472118959,0.9509803921568627,1.0,1.5992755581533227,3.427230046948357,6,1033.0,639
47505,intermittent,anchored 7d first a0,7,anchored,first,0,0.3293172690763052,8.172575342465754,0.017657992565055763,0.9156626506024096,1.0,1.240096536380263,3.427230046948357,6,801.0,639
47505,intermittent,anchored 7d start a0,7,anchored,start,0,0.3293172690763052,8.248520547945205,0.01754182156133829,0.9263803680981595,1.0,1.2834457286632184,3.427230046948357,6,829.0,639
47505,intermittent,anchored 7d end a0,7,anchored,end,0,0.3293172690763052,120.83350581125919,0.01533457249070632,0.8918918918918919,0.7625550324953783,64.97566897742244,3.998435054773083,7,41968.91880920161,639
47505,intermittent,floating 14d first,14,floating,first,0,0.3293172690763052,8.504744811394403,0.013940520446096654,0.9836065573770492,1.0,3.1420843460921426,1.7136150234741785,3,2029.5271274332893,639
47505,intermittent,anchored 14d first a0,14,anchored,first,0,0.3293172690763052,9.305555469800158,0.010687732342007435,0.989247311827957,0.9990926493706854,3.5991835796028586,1.7136150234741785,3,2324.7755014919776,639
47505,intermittent,anchored 14d start a0,14,anchored,start,0,0.3293172690763052,9.410962970630933,0.009526022304832713,0.9879518072289156,1.0,3.65934972166189,1.7136150234741785,3,2363.6378629093842,639
47505,intermittent,anchored 14d end a0,14,anchored,end,0,0.3293172690763052,412.2297024486998,0.008828996282527882,0.9620253164556962,0.6117517010044027,231.30334797719837,3.998435054773083,7,149402.87009472263,639
47505,intermittent,floating 28d first,28,floating,first,0,0.3293172690763052,25.914825095083653,0.006970260223048327,0.967741935483871,1.0,14.221273573816378,0.5712050078247262,1,9185.768848187407,639
47505,intermittent,anchored 28d first a0,28,anchored,first,0,0.3293172690763052,13.834165022021486,0.00766728624535316,0.9705882352941176,1.0,6.754889815745311,1.1424100156494523,2,4363.1012454927695,639
47505,intermittent,anchored 28d start a0,28,anchored,start,0,0.3293172690763052,20.63677116103738,0.0060408921933085506,0.9629629629629629,1.0,9.496196467892439,2.2848200312989047,4,6133.759064422871,639
47505,intermittent,anchored 28d end a0,28,anchored,end,0,0.3293172690763052,320.6815068493151,0.005808550185873606,0.9803921568627451,0.6525821596244131,181.33121950504153,1.7136150234741785,3,117125.0,639
47505,intermittent,floating 56d first,56,floating,first,0,0.3293172690763052,24.067775493152272,0.0045306691449814125,1.0,1.0,13.166985711339748,0.5712050078247262,1,8504.785914141998,639
47505,intermittent,anchored 56d first a0,56,anchored,first,0,0.3293172690763052,22.791460925860278,0.004763011152416357,0.8723404255319149,1.0,11.867675277572715,1.1424100156494523,2,7665.538624180808,639
47505,intermittent,anchored 56d start a0,56,anchored,start,0,0.3293172690763052,28.266355944829453,0.0031366171003717473,0.8709677419354839,1.0,15.563517133780314,0.5712050078247262,1,10052.747393800757,639
47505,intermittent,anchored 56d end a0,56,anchored,end,0,0.3293172690763052,112.4351780821918,0.0036013011152416356,0.9117647058823529,0.35680751173708924,63.035918321172005,1.1424100156494523,2,40716.0,639
22172,intermittent,floating 7d first,7,floating,first,0,0.21693121693121692,20.72873723253509,0.027184014869888477,0.7722772277227723,1.0,2.449387531721073,9.710485133020343,17,800.5818175737097,639
22172,intermittent,anchored 7d first a0,7,anchored,first,0,0.21693121693121692,22.344109589041096,0.02799721189591078,0.753125,1.0,2.196727691250383,10.852895148669797,19,718.0,639
22172,intermittent,anchored 7d start a0,7,anchored,start,0,0.21693121693121692,21.982191780821918,0.027648698884758363,0.7531645569620253,1.0,2.615880467993144,10.28169014084507,18,855.0,639
22172,intermittent,anchored 7d end a0,7,anchored,end,0,0.21693121693121692,63.025700780395596,0.02532527881040892,0.7569444444444444,0.7956220085398567,29.57714186352685,10.28169014084507,18,9667.282814614347,639
22172,intermittent,floating 14d first,14,floating,first,0,0.21693121693121692,18.87165586242096,0.020097583643122675,0.8871794871794871,1.0,5.827743254613902,5.712050078247262,10,1904.7966998727352,639
22172,intermittent,anchored 14d first a0,14,anchored,first,0,0.21693121693121692,20.730017071001075,0.016612453531598514,0.807909604519774,0.9968218978553163,5.07780684262066,7.42566510172144,13,1659.6801358325838,639
22172,intermittent,anchored 14d start a0,14,anchored,start,0,0.21693121693121692,20.550966931096013,0.016031598513011152,0.8023255813953488,0.9976784136057409,5.617084411964849,6.854460093896714,12,1835.9428999117908,639
22172,intermittent,anchored 14d end a0,14,anchored,end,0,0.21693121693121692,146.1429521567451,0.015683085501858735,0.8490566037735849,0.7094010146459028,85.49020874216406,9.139280125195619,16,27942.457374830567,639
22172,intermittent,floating 28d first,28,floating,first,0,0.21693121693121692,22.02051731623065,0.01324349442379182,0.8702290076335878,1.0,10.523792082666597,3.427230046948357,6,3439.6993061318744,639
22172,intermittent,anchored 28d first a0,28,anchored,first,0,0.21693121693121692,24.704614954337615,0.01092007434944238,0.94,1.0,12.943856103720496,2.856025039123631,5,4230.696740196016,639
22172,intermittent,anchored 28d start a0,28,anchored,start,0,0.21693121693121692,28.029068772387532,0.008015799256505576,0.75,0.9979374418998254,13.813882728274635,3.998435054773083,7,4515.064765836146,639
22172,intermittent,anchored 28d end a0,28,anchored,end,0,0.21693121693121692,105.67780821917809,0.008248141263940521,0.8068181818181818,0.6148409893992932,64.16402944415464,4.569640062597809,8,20972.0,639
22172,intermittent,floating 56d first,56,floating,first,0,0.21693121693121692,35.26012657728619,0.007318773234200744,0.8289473684210527,1.0,21.191504491300964,1.7136150234741785,3,6926.4389415937985,639
22172,intermittent,anchored 56d first a0,56,anchored,first,0,0.21693121693121692,37.862119435562676,0.007783457249070632,0.9054054054054054,1.0,22.900739673946603,1.7136150234741785,3,7485.102114106103,639
22172,intermittent,anchored 56d start a0,56,anchored,start,0,0.21693121693121692,42.302692964672474,0.004763011152416357,0.7735849056603774,1.0,23.190150067253995,3.998435054773083,7,7579.695842414972,639
22172,intermittent,anchored 56d end a0,56,anchored,end,0,0.21693121693121692,15.514794520547946,0.004879182156133829,0.7777777777777778,0.3816254416961131,8.22090154093284,1.7136150234741785,3,2687.0,639
35603C,intermittent,floating 7d first,7,floating,first,0,0.2289156626506024,3.4583021113314922,0.0013940520446096654,0.8571428571428571,1.0,148.83816957972738,0.5712050078247262,1,10681.907983761841,639
35603C,intermittent,anchored 7d first a0,7,anchored,first,0,0.2289156626506024,3.4583021113314922,0.0025557620817843866,0.9565217391304348,1.0,148.83816957972738,0.5712050078247262,1,10681.907983761841,639
35603C,intermittent,anchored 7d start a0,7,anchored,start,0,0.2289156626506024,3.4583021113314922,0.0012778810408921933,0.8461538461538461,1.0,148.83816957972738,0.5712050078247262,1,10681.907983761841,639
35603C,intermittent,anchored 7d end a0,7,anchored,end,0,0.2289156626506024,6.611445366748845,0.0023234200743494425,0.9523809523809523,0.9168655431172347,218.65535380960458,1.7136150234741785,3,15692.589986468196,639
35603C,intermittent,floating 14d first,14,floating,first,0,0.2289156626506024,3.4583021113314922,0.0016263940520446097,0.9333333333333333,1.0,148.83816957972738,0.5712050078247262,1,10681.907983761841,639
35603C,intermittent,anchored 14d first a0,14,anchored,first,0,0.2289156626506024,3.4583021113314922,0.0017425650557620818,0.9375,1.0,148.83816957972738,0.5712050078247262,1,10681.907983761841,639
35603C,intermittent,anchored 14d start a0,14,anchored,start,0,0.2289156626506024,3.4640570930728307,0.0015102230483271376,0.8666666666666667,1.0,149.18660557723854,0.5712050078247262,1,10706.914749661704,639
35603C,intermittent,anchored 14d end a0,14,anchored,end,0,0.2289156626506024,7.57314856433166,0.0024395910780669145,0.9130434782608695,0.9194980932464017,155.79156060863176,2.856025039123631,5,11180.94316644114,639
35603C,intermittent,floating 28d first,28,floating,first,0,0.2289156626506024,3.4583021113314922,0.0011617100371747212,0.8333333333333334,1.0,148.83816957972738,0.5712050078247262,1,10681.907983761841,639
35603C,intermittent,anchored 28d first a0,28,anchored,first,0,0.2289156626506024,3.4583021113314922,0.0012778810408921933,0.8461538461538461,1.0,148.83816957972738,0.5712050078247262,1,10681.907983761841,639
35603C,intermittent,anchored 28d start a0,28,anchored,start,0,0.2289156626506024,3.4640570930728307,0.0016263940520446097,0.9333333333333333,1.0,149.18660557723854,0.5712050078247262,1,10706.914749661704,639
35603C,intermittent,anchored 28d end a0,28,anchored,end,0,0.2289156626506024,7.042816438356165,0.0018587360594795538,0.7272727272727273,0.6727272727272727,244.77276241114694,1.7136150234741785,3,17567.0,639
35603C,intermittent,floating 56d first,56,floating,first,0,0.2289156626506024,3.4583021113314922,0.0015102230483271376,0.7647058823529411,1.0,148.83816957972738,0.5712050078247262,1,10681.907983761841,639
35603C,intermittent,anchored 56d first a0,56,anchored,first,0,0.2289156626506024,3.4583021113314922,0.0017425650557620818,0.8333333333333334,1.0,148.83816957972738,0.5712050078247262,1,10681.907983761841,639
35603C,intermittent,anchored 56d start a0,56,anchored,start,0,0.2289156626506024,3.4640570930728307,0.0013940520446096654,0.9230769230769231,1.0,149.18660557723854,0.5712050078247262,1,10706.914749661704,639
35603C,intermittent,anchored 56d end a0,56,anchored,end,0,0.2289156626506024,8.054608219178082,0.0034851301115241635,0.8823529411764706,0.2909090909090909,184.94158794803627,2.856025039123631,5,13273.0,639
90175D,intermittent,floating 7d first,7,floating,first,0,0.36666666666666664,23.134773521717044,0.007434944237918215,0.18991097922848665,0.9995280063898025,0.5181299315065243,13.137715179968701,23,26.881057610230236,639
90175D,intermittent,anchored 7d first a0,7,anchored,first,0,0.36666666666666664,24.065178082191782,0.007202602230483271,0.1791907514450867,1.0,0.25057381324986955,13.708920187793428,24,13.0,639
90175D,intermittent,anchored 7d start a0,7,anchored,start,0,0.36666666666666664,24.35095890410959,0.009642193308550186,0.23850574712643677,1.0,1.34924360980699,13.708920187793428,24,70.0,639
90175D,intermittent,anchored 7d end a0,7,anchored,end,0,0.36666666666666664,26.990149183457838,0.0070864312267657995,0.3860759493670886,0.7314259939429089,65.3177621283255,5.712050078247262,10,3388.745602165088,639
90175D,intermittent,floating 14d first,14,floating,first,0,0.36666666666666664,18.990183605137673,0.009409851301115242,0.32793522267206476,0.993339262575637,3.8067103758406997,10.28169014084507,18,197.495637090301,639
90175D,intermittent,anchored 14d first a0,14,anchored,first,0,0.36666666666666664,21.44156521307111,0.006737918215613383,0.19594594594594594,1.0,1.697574944168466,11.995305164319248,21,88.07175014806359,639
90175D,intermittent,anchored 14d start a0,14,anchored,start,0,0.36666666666666664,22.39626701953636,0.009409851301115242,0.2755102040816326,0.9723479276249134,5.36787735439653,11.995305164319248,21,278.4904164649025,639
90175D,intermittent,anchored 14d end a0,14,anchored,end,0,0.36666666666666664,29.61151504254175,0.005692379182156134,0.47115384615384615,0.743572395128552,90.77326551904014,3.427230046948357,6,4709.400541271988,639
90175D,intermittent,floating 28d first,28,floating,first,0,0.36666666666666664,15.087678627930282,0.008015799256505576,0.359375,0.9910862617663989,8.025974024542768,7.42566510172144,13,416.39491759265184,639
90175D,intermittent,anchored 28d first a0,28,anchored,first,0,0.36666666666666664,16.865651379127915,0.007318773234200744,0.2876712328767123,0.9782608231157379,3.327952583429086,9.139280125195619,16,172.657242285076,639
90175D,intermittent,anchored 28d start a0,28,anchored,start,0,0.36666666666666664,18.827310687720306,0.008828996282527882,0.34545454545454546,0.9881935478212879,10.869451761094107,9.139280125195619,16,563.9171590261815,639
90175D,intermittent,anchored 28d end a0,28,anchored,end,0,0.36666666666666664,27.867479452054795,0.004646840148698885,0.5333333333333333,0.7142857142857143,87.91285863328116,2.856025039123631,5,4561.0,639
90175D,intermittent,floating 56d first,56,floating,first,0,0.36666666666666664,13.997453939401133,0.009526022304832713,0.6212121212121212,0.9944577598515282,19.212456826387488,5.140845070422535,9,996.7599387330126,639
90175D,intermittent,anchored 56d first a0,56,anchored,first,0,0.36666666666666664,13.49081558218719,0.008828996282527882,0.4691358024691358,0.9973407951232232,9.575813487337365,6.283255086071987,11,496.8020150264067,639
90175D,intermittent,anchored 56d start a0,56,anchored,start,0,0.36666666666666664,20.040213304988875,0.0070864312267657995,0.41496598639455784,0.996469751365717,19.37684302688875,8.568075117370892,15,1005.2884460770158,639
90175D,intermittent,anchored 56d end a0,56,anchored,end,0,0.36666666666666664,18.969972602739727,0.004995353159851301,0.4215686274509804,0.5476190476190477,42.173500260824206,4.569640062597809,8,2188.0,639
84906,intermittent,floating 7d first,7,floating,first,0,0.32432432432432434,15.234739726027398,0.011617100371747211,0.5181347150259067,1.0,1.1252379139703084,8.568075117370892,15,72.0,639
84906,intermittent,anchored 7d first a0,7,anchored,first,0,0.32432432432432434,19.05868493150685,0.013824349442379182,0.48770491803278687,1.0,0.2813094784925771,10.852895148669797,19,18.0,639
84906,intermittent,anchored 7d start a0,7,anchored,start,0,0.32432432432432434,19.42709589041096,0.013592007434944238,0.4717741935483871,1.0,2.047307871251533,10.852895148669797,19,131.0,639
84906,intermittent,anchored 7d end a0,7,anchored,end,0,0.32432432432432434,34.959753424657535,0.007202602230483271,0.5299145299145299,0.7164179104477613,114.85240874677494,6.283255086071987,11,7349.0,639
84906,intermittent,floating 14d first,14,floating,first,0,0.32432432432432434,13.811414961296576,0.010339219330855019,0.5266272189349113,0.99803433378092,3.889562682317754,7.42566510172144,13,248.87937888508432,639
84906,intermittent,anchored 14d first a0,14,anchored,first,0,0.32432432432432434,15.266955686914224,0.011617100371747211,0.5154639175257731,1.0,1.2796669117301962,8.568075117370892,15,81.88136615436272,639
84906,intermittent,anchored 14d start a0,14,anchored,start,0,0.32432432432432434,17.109292977822392,0.010339219330855019,0.48633879781420764,0.992227965759017,5.317457498442746,9.139280125195619,16,340.2453251303974,639
84906,intermittent,anchored 14d end a0,14,anchored,end,0,0.32432432432432434,31.328356164383564,0.007783457249070632,0.5982142857142857,0.6716417910447761,83.06443767711373,7.996870109546166,14,5315.0,639
84906,intermittent,floating 28d first,28,floating,first,0,0.32432432432432434,10.982227510882979,0.009526022304832713,0.656,0.9973917777632878,9.50191766475945,5.140845070422535,9,607.9941524977204,639
84906,intermittent,anchored 28d first a0,28,anchored,first,0,0.32432432432432434,13.114537551910356,0.010687732342007435,0.6301369863013698,0.9958668320773758,5.342597655612884,6.854460093896714,12,341.85395499771425,639
84906,intermittent,anchored 28d start a0,28,anchored,start,0,0.32432432432432434,13.320850830657221,0.009990706319702601,0.5972222222222222,0.9925585165264578,11.125127354967566,6.283255086071987,11,711.857607722593,639
84906,intermittent,anchored 28d end a0,28,anchored,end,0,0.32432432432432434,29.575589041095895,0.005924721189591078,0.5730337078651685,0.4328358208955224,98.63022882036967,5.140845070422535,9,6311.0,639
84906,intermittent,floating 56d first,56,floating,first,0,0.32432432432432434,13.161650083603526,0.008131970260223048,0.7368421052631579,0.9992952152996801,24.742656349700336,4.569640062597809,8,1583.195193710325,639
84906,intermittent,anchored 56d first a0,56,anchored,first,0,0.32432432432432434,11.443842547719472,0.00662174721189591,0.6063829787234043,0.9960665152977477,16.508250520773668,4.569640062597809,8,1056.3046469895855,639
84906,intermittent,anchored 56d start a0,56,anchored,start,0,0.32432432432432434,13.811546073043033,0.007551115241635688,0.7738095238095238,0.9944680220055836,32.651524408991705,3.998435054773083,7,2089.255728286308,639
84906,intermittent,anchored 56d end a0,56,anchored,end,0,0.32432432432432434,12.209917808219178,0.004763011152416357,0.5857142857142857,0.35820895522388063,24.974030368396566,3.998435054773083,7,1598.0,639
90014C,intermittent,floating 7d first,7,floating,first,0,0.3448275862068966,12.27111983984281,0.005343866171003717,0.2911392405063291,1.0,1.9831093842749985,6.854460093896714,12,49.72801082543978,639
90014C,intermittent,anchored 7d first a0,7,anchored,first,0,0.3448275862068966,13.254763675459246,0.0033689591078066915,0.1695906432748538,1.0,1.8634720198586152,7.42566510172144,13,46.72801082543978,639
90014C,intermittent,anchored 7d start a0,7,anchored,start,0,0.3448275862068966,13.703447865497617,0.0055762081784386614,0.2774566473988439,1.0,5.145378015217743,7.42566510172144,13,129.02435723951285,639
90014C,intermittent,anchored 7d end a0,7,anchored,end,0,0.3448275862068966,20.589147237103084,0.003949814126394052,0.272,0.8076923076923077,33.567373590200205,9.139280125195619,16,841.7280108254398,639
90014C,intermittent,floating 14d first,14,floating,first,0,0.3448275862068966,10.43330834532855,0.004646840148698885,0.3076923076923077,0.993919737191884,3.169439191185447,5.712050078247262,10,79.47615379141749,639
90014C,intermittent,anchored 14d first a0,14,anchored,first,0,0.3448275862068966,11.307707524184242,0.004065985130111524,0.2413793103448276,0.998411024310076,2.2507304488509305,6.283255086071987,11,56.43881724987361,639
90014C,intermittent,anchored 14d start a0,14,anchored,start,0,0.3448275862068966,12.529903165537208,0.0055762081784386614,0.3287671232876712,0.9840553534372226,11.19049541475059,6.283255086071987,11,280.61037960858346,639
90014C,intermittent,anchored 14d end a0,14,anchored,end,0,0.3448275862068966,18.348,0.0030204460966542753,0.325,0.6538461538461539,75.69057255409852,4.569640062597809,8,1898.0,639
90014C,intermittent,floating 28d first,28,floating,first,0,0.3448275862068966,10.247634816723792,0.005808550185873606,0.45045045045045046,0.9762982918848947,9.125840125265903,5.140845070422535,9,228.8375417608964,639
90014C,intermittent,anchored 28d first a0,28,anchored,first,0,0.3448275862068966,10.74628995199316,0.00383364312267658,0.2558139534883721,1.0,5.458746980840074,5.712050078247262,10,136.88232787814263,639
90014C,intermittent,anchored 28d start a0,28,anchored,start,0,0.3448275862068966,11.898415152757815,0.00383364312267658,0.2462686567164179,0.9732720013536296,13.885980852108185,5.712050078247262,10,348.2017742495491,639
90014C,intermittent,anchored 28d end a0,28,anchored,end,0,0.3448275862068966,13.97227397260274,0.0045306691449814125,0.3611111111111111,0.5,36.36975878258054,5.140845070422535,9,912.0,639
90014C,intermittent,floating 56d first,56,floating,first,0,0.3448275862068966,9.839234963793137,0.00383364312267658,0.375,1.0,20.76761886597582,3.998435054773083,7,520.7642019017563,639
90014C,intermittent,anchored 56d first a0,56,anchored,first,0,0.3448275862068966,11.74058005810791,0.005111524163568773,0.3963963963963964,1.0,12.731494121997853,5.712050078247262,10,319.25212121074725,639
90014C,intermittent,anchored 56d start a0,56,anchored,start,0,0.3448275862068966,14.669000905750906,0.005808550185873606,0.49019607843137253,0.9997949822294395,41.46597645593246,5.140845070422535,9,1039.7916234166232,639
90014C,intermittent,anchored 56d end a0,56,anchored,end,0,0.3448275862068966,10.421616438356164,0.0032527881040892194,0.37333333333333335,0.3846153846153846,32.34196751389564,3.427230046948357,6,811.0,639
90139,intermittent,floating 7d first,7,floating,first,0,0.2916666666666667,23.163412386230927,0.00023234200743494423,1.0,1.0,391.7368283776734,0.0,0,8129.466847090663,639
90139,intermittent,anchored 7d first a0,7,anchored,first,0,0.2916666666666667,23.163412386230927,0.00023234200743494423,1.0,1.0,391.7368283776734,0.0,0,8129.466847090663,639
90139,intermittent,anchored 7d start a0,7,anchored,start,0,0.2916666666666667,23.163412386230927,0.00023234200743494423,1.0,1.0,391.7368283776734,0.0,0,8129.466847090663,639
90139,intermittent,anchored 7d end a0,7,anchored,end,0,0.2916666666666667,17.70127539992956,0.00023234200743494423,1.0,1.0,299.3618283776734,0.0,0,6212.466847090663,639
90139,intermittent,floating 14d first,14,floating,first,0,0.2916666666666667,23.163412386230927,0.00023234200743494423,1.0,1.0,391.7368283776734,0.0,0,8129.466847090663,639
90139,intermittent,anchored 14d first a0,14,anchored,first,0,0.2916666666666667,23.163412386230927,0.00023234200743494423,1.0,1.0,391.7368283776734,0.0,0,8129.466847090663,639
90139,intermittent,anchored 14d start a0,14,anchored,start,0,0.2916666666666667,23.163412386230927,0.00023234200743494423,1.0,1.0,391.7368283776734,0.0,0,8129.466847090663,639
90139,intermittent,anchored 14d end a0,14,anchored,end,0,0.2916666666666667,15.880563071162436,0.00023234200743494423,1.0,1.0,268.57016171100673,0.0,0,5573.466847090663,639
90139,intermittent,floating 28d first,28,floating,first,0,0.2916666666666667,23.163412386230927,0.00023234200743494423,1.0,1.0,391.7368283776734,0.0,0,8129.466847090663,639
90139,intermittent,anchored 28d first a0,28,anchored,first,0,0.2916666666666667,23.163412386230927,0.00023234200743494423,1.0,1.0,391.7368283776734,0.0,0,8129.466847090663,639
90139,intermittent,anchored 28d start a0,28,anchored,start,0,0.2916666666666667,23.163412386230927,0.00023234200743494423,1.0,1.0,391.7368283776734,0.0,0,8129.466847090663,639
90139,intermittent,anchored 28d end a0,28,anchored,end,0,0.2916666666666667,16.708383561643835,0.00023234200743494423,0.5,1.0,282.5701617110068,0.0,0,5864.0,639
90139,intermittent,floating 56d first,56,floating,first,0,0.2916666666666667,32.41348296914828,0.00011617100371747211,1.0,1.0,548.1729031667074,0.0,0,11375.885849749156,639
90139,intermittent,anchored 56d first a0,56,anchored,first,0,0.2916666666666667,31.43798689496945,0.00011617100371747211,1.0,1.0,531.675431558386,0.0,0,11033.524246792162,639
90139,intermittent,anchored 56d start a0,56,anchored,start,0,0.2916666666666667,34.88606320004915,0.00011617100371747211,1.0,1.0,589.988880942858,0.0,0,12243.66641155571,639
90139,intermittent,anchored 56d end a0,56,anchored,end,0,0.2916666666666667,0.321972602739726,0.0006970260223048327,0.6,1.0,5.445161711006781,0.0,0,113.0,639
90027C,intermittent,floating 7d first,7,floating,first,0,0.2857142857142857,8.0,0.001974907063197026,0.1349206349206349,1.0,0.0,4.569640062597809,8,0.0,639
90027C,intermittent,anchored 7d first a0,7,anchored,first,0,0.2857142857142857,8.0,0.0027881040892193307,0.19047619047619047,1.0,0.0,4.569640062597809,8,0.0,639
90027C,intermittent,anchored 7d start a0,7,anchored,start,0,0.2857142857142857,8.035561643835617,0.0022072490706319704,0.15079365079365079,1.0,1.8173485356583947,4.569640062597809,8,22.0,639
90027C,intermittent,anchored 7d end a0,7,anchored,end,0,0.2857142857142857,4.5534125715980505,0.0015102230483271376,0.21311475409836064,0.7591339648173208,79.38587078023697,1.7136150234741785,3,961.0094722598105,639
90027C,intermittent,floating 14d first,14,floating,first,0,0.2857142857142857,7.025986539687703,0.0018587360594795538,0.15841584158415842,0.9531620082621417,1.3280207199245655,3.998435054773083,7,16.076418620358815,639
90027C,intermittent,anchored 14d first a0,14,anchored,first,0,0.2857142857142857,8.0,0.0023234200743494425,0.15625,1.0,0.0,4.569640062597809,8,0.0,639
90027C,intermittent,anchored 14d start a0,14,anchored,start,0,0.2857142857142857,8.139854364422087,0.0025557620817843866,0.1774193548387097,0.961391732654069,7.1471421726955775,4.569640062597809,8,86.52007290518895,639
90027C,intermittent,anchored 14d end a0,14,anchored,end,0,0.2857142857142857,4.5534125715980505,0.0024395910780669145,0.35,0.7591339648173208,79.38587078023697,1.7136150234741785,3,961.0094722598105,639
90027C,intermittent,floating 28d first,28,floating,first,0,0.2857142857142857,6.075111675982882,0.0022072490706319704,0.2159090909090909,0.9875544222678144,3.838520372942468,3.427230046948357,6,46.4673927690708,639
90027C,intermittent,anchored 28d first a0,28,anchored,first,0,0.2857142857142857,7.050247017239684,0.002904275092936803,0.24271844660194175,1.0,2.5678324552107537,3.998435054773083,7,31.085019139804334,639
90027C,intermittent,anchored 28d start a0,28,anchored,start,0,0.2857142857142857,5.424555301303506,0.001974907063197026,0.17894736842105263,0.9570942661693395,21.696549200495127,2.856025039123631,5,262.6486186030168,639
90027C,intermittent,anchored 28d end a0,28,anchored,end,0,0.2857142857142857,8.227469553450609,0.0012778810408921933,0.19642857142857142,0.7734776725304465,113.83299798792757,3.427230046948357,6,1378.0108254397837,639
90027C,intermittent,floating 56d first,56,floating,first,0,0.2857142857142857,5.189455077364012,0.0022072490706319704,0.24675324675324675,0.9818108410430608,9.681945778774676,2.856025039123631,5,117.20525972519383,639
90027C,intermittent,anchored 56d first a0,56,anchored,first,0,0.2857142857142857,6.087049070104949,0.0030204460966542753,0.26804123711340205,0.9530052818267014,4.448571073286889,3.427230046948357,6,53.85239082763803,639
90027C,intermittent,anchored 56d start a0,56,anchored,start,0,0.2857142857142857,6.454014286737945,0.002904275092936803,0.2777777777777778,0.9693831430789961,23.202026401963494,3.427230046948357,6,280.8732451853389,639
90027C,intermittent,anchored 56d end a0,56,anchored,end,0,0.2857142857142857,5.295342465753425,0.001045539033457249,0.16666666666666666,0.6,117.3015873015873,1.7136150234741785,3,1420.0,639
22957,intermittent,floating 7d first,7,floating,first,0,0.26996625421822273,42.13659829156039,0.026603159851301114,0.9462809917355371,1.0,10.114843814990481,9.710485133020343,17,15550.607417660238,639
22957,intermittent,anchored 7d first a0,7,anchored,first,0,0.26996625421822273,39.65787016886945,0.02358271375464684,0.918552036199095,1.0,9.117415780773882,9.710485133020343,17,14017.156968876861,639
22957,intermittent,anchored 7d start a0,7,anchored,start,0,0.26996625421822273,41.075405675941205,0.02427973977695167,0.9457013574660633,1.0,9.68782511341012,9.710485133020343,17,14894.106901217863,639
22957,intermittent,anchored 7d end a0,7,anchored,end,0,0.26996625421822273,92.01491916139916,0.020097583643122675,0.9611111111111111,0.7450412575288712,32.19761086202253,6.854460093896714,12,49500.7550744249,639
22957,intermittent,floating 14d first,14,floating,first,0,0.26996625421822273,46.35985345092242,0.0170771375464684,0.9545454545454546,1.0,14.631026622066964,5.712050078247262,10,22493.807643367258,639
22957,intermittent,anchored 14d first a0,14,anchored,first,0,0.26996625421822273,44.92571552945327,0.01428903345724907,0.917910447761194,1.0,12.444356186106177,7.996870109546166,14,19132.010454661766,639
22957,intermittent,anchored 14d start a0,14,anchored,start,0,0.26996625421822273,46.72003250711154,0.014056691449814127,0.9307692307692308,1.0,13.166380533755985,7.996870109546166,14,20242.0540086368,639
22957,intermittent,anchored 14d end a0,14,anchored,end,0,0.26996625421822273,120.39608819767547,0.010106877323420074,0.9456521739130435,0.7115017253425189,45.227634397812935,4.569640062597809,8,69533.17320703651,639
22957,intermittent,floating 28d first,28,floating,first,0,0.26996625421822273,56.32084687561968,0.009409851301115242,0.9,1.0,20.248861873877235,3.427230046948357,6,31130.693406103695,639
22957,intermittent,anchored 28d first a0,28,anchored,first,0,0.26996625421822273,53.42956185391529,0.010571561338289962,0.900990099009901,1.0,17.878237687861585,5.140845070422535,9,27486.08487572725,639
22957,intermittent,anchored 28d start a0,28,anchored,start,0,0.26996625421822273,69.76647340271573,0.010223048327137546,0.967032967032967,0.9999608749136446,22.84255036167973,7.42566510172144,13,35118.242020324135,639
22957,intermittent,anchored 28d end a0,28,anchored,end,0,0.26996625421822273,201.45921396926613,0.006505576208178439,0.9824561403508771,0.6440101617879632,77.44464336324155,5.140845070422535,9,119063.75101488497,639
22957,intermittent,floating 56d first,56,floating,first,0,0.26996625421822273,82.72610205427672,0.00546003717472119,0.8392857142857143,1.0,31.678997181944414,2.2848200312989047,4,48703.43601662882,639
22957,intermittent,anchored 56d first a0,56,anchored,first,0,0.26996625421822273,76.9902430682177,0.008248141263940521,0.8875,1.0,28.566125483427868,3.427230046948357,6,43917.69274559229,639
22957,intermittent,anchored 56d start a0,56,anchored,start,0,0.26996625421822273,114.93147521803743,0.0037174721189591076,0.9696969696969697,1.0,43.83349113459368,3.427230046948357,6,67389.8109399723,639
22957,intermittent,anchored 56d end a0,56,anchored,end,0,0.26996625421822273,205.21819893599277,0.0032527881040892194,0.9333333333333333,0.36652607192707143,80.1644257495982,3.427230046948357,6,123245.15696887686,639
90065B,intermittent,floating 7d first,7,floating,first,0,0.375,5.732830741283111,0.0012778810408921933,0.18333333333333332,1.0,22.576030255607716,2.2848200312989047,4,468.5060893098781,639
90065B,intermittent,anchored 7d first a0,7,anchored,first,0,0.375,5.732830741283111,0.0015102230483271376,0.2,1.0,22.576030255607716,2.2848200312989047,4,468.5060893098781,639
90065B,intermittent,anchored 7d start a0,7,anchored,start,0,0.375,5.754687192985708,0.002091078066914498,0.3050847457627119,1.0,22.860785080855496,2.2848200312989047,4,474.4154262516914,639
90065B,intermittent,anchored 7d end a0,7,anchored,end,0,0.375,7.957060818951935,0.002091078066914498,0.3103448275862069,0.7576304315140582,25.497391757955146,3.427230046948357,6,529.131258457375,639
90065B,intermittent,floating 14d first,14,floating,first,0,0.375,5.732830741283111,0.0011617100371747212,0.1694915254237288,1.0,22.576030255607716,2.2848200312989047,4,468.5060893098781,639
90065B,intermittent,anchored 14d first a0,14,anchored,first,0,0.375,5.732830741283111,0.002091078066914498,0.3050847457627119,1.0,22.576030255607716,2.2848200312989047,4,468.5060893098781,639
90065B,intermittent,anchored 14d start a0,14,anchored,start,0,0.375,5.845787092918774,0.001974907063197026,0.288135593220339,0.9620188207349133,24.04767197533015,2.2848200312989047,4,499.04613993729794,639
90065B,intermittent,anchored 14d end a0,14,anchored,end,0,0.375,7.598094982112075,0.0015102230483271376,0.2826086956521739,0.6565929935348069,33.84904799165364,2.856025039123631,5,702.4479025710423,639
90065B,intermittent,floating 28d first,28,floating,first,0,0.375,5.732830741283111,0.0023234200743494425,0.3076923076923077,1.0,22.576030255607716,2.2848200312989047,4,468.5060893098781,639
90065B,intermittent,anchored 28d first a0,28,anchored,first,0,0.375,5.732830741283111,0.0016263940520446097,0.2413793103448276,1.0,22.576030255607716,2.2848200312989047,4,468.5060893098781,639
90065B,intermittent,anchored 28d start a0,28,anchored,start,0,0.375,5.804092826657428,0.0016263940520446097,0.2641509433962264,0.9574043885652653,36.53287247620902,1.7136150234741785,3,758.1436160962674,639
90065B,intermittent,anchored 28d end a0,28,anchored,end,0,0.375,5.522425714126829,0.001974907063197026,0.3695652173913043,0.6161479476770411,32.863197704747,1.7136150234741785,3,681.9891745602165,639
90065B,intermittent,floating 56d first,56,floating,first,0,0.375,16.333445618325335,0.00011617100371747211,1.0,1.0,212.79883468860413,0.0,0,4416.079741250924,639
90065B,intermittent,anchored 56d first a0,56,anchored,first,0,0.375,15.70960452493763,0.00011617100371747211,1.0,1.0,204.67117682596512,0.0,0,4247.411593779433,639
90065B,intermittent,anchored 56d start a0,56,anchored,start,0,0.375,11.456684940392387,0.00011617100371747211,1.0,1.0,149.26239457856317,0.0,0,3097.548150550534,639
90065B,intermittent,anchored 56d end a0,56,anchored,end,0,0.375,10.552191780821918,0.0006970260223048327,0.6,1.0,137.4782863849765,0.0,0,2853.0,639
23047,intermittent,floating 7d first,7,floating,first,0,0.3275862068965517,16.68874131034782,0.010803903345724907,0.4793814432989691,0.9989953355541146,10.68744119364424,8.568075117370892,15,535.9918071973516,639
23047,intermittent,anchored 7d first a0,7,anchored,first,0,0.3275862068965517,19.558911153539587,0.011849442379182156,0.43776824034334766,1.0,9.865792455884735,10.28169014084507,18,494.78484438430314,639
23047,intermittent,anchored 7d start a0,7,anchored,start,0,0.3275862068965517,19.988998832187146,0.011152416356877323,0.41025641025641024,1.0,12.587663914521613,10.28169014084507,18,631.2909336941814,639
23047,intermittent,anchored 7d end a0,7,anchored,end,0,0.3275862068965517,17.206062060911634,0.010339219330855019,0.4405940594059406,0.7552144090336429,26.618666019103127,7.42566510172144,13,1334.9675236806497,639
23047,intermittent,floating 14d first,14,floating,first,0,0.3275862068965517,12.368030718963894,0.009061338289962825,0.6141732283464567,0.9949132023371193,14.986421483617955,5.712050078247262,10,751.5923586276707,639
23047,intermittent,anchored 14d first a0,14,anchored,first,0,0.3275862068965517,15.87304323000494,0.009177509293680297,0.46745562130177515,0.9951838401320375,11.853822282412372,7.996870109546166,14,594.4876338711331,639
23047,intermittent,anchored 14d start a0,14,anchored,start,0,0.3275862068965517,18.74260427840836,0.009177509293680297,0.46745562130177515,0.9854308137800637,17.356963889803446,9.139280125195619,16,870.4787492339584,639
23047,intermittent,anchored 14d end a0,14,anchored,end,0,0.3275862068965517,15.792869668378227,0.009061338289962825,0.5864661654135338,0.7390462414259722,30.3323619880201,6.283255086071987,11,1521.2151556156982,639
23047,intermittent,floating 28d first,28,floating,first,0,0.3275862068965517,10.104239174525311,0.008480483271375464,0.8021978021978022,0.9948987700982987,25.974265302573706,3.427230046948357,6,1302.6498249580336,639
23047,intermittent,anchored 28d first a0,28,anchored,first,0,0.3275862068965517,12.699979056132529,0.008248141263940521,0.6761904761904762,1.0,23.41584725726122,5.140845070422535,9,1174.3411786855418,639
23047,intermittent,anchored 28d start a0,28,anchored,start,0,0.3275862068965517,17.62115828616806,0.007434944237918215,0.6153846153846154,0.9977079529171172,29.24566191832584,7.42566510172144,13,1466.7154560446447,639
23047,intermittent,anchored 28d end a0,28,anchored,end,0,0.3275862068965517,14.750386490444324,0.005227695167286246,0.625,0.6223927954831786,49.049430683719166,3.998435054773083,7,2459.905277401894,639
23047,intermittent,floating 56d first,56,floating,first,0,0.3275862068965517,9.799941660022935,0.006854089219330855,0.8805970149253731,0.9954468855272179,30.377118099783118,2.856025039123631,5,1523.4597442681488,639
23047,intermittent,anchored 56d first a0,56,anchored,first,0,0.3275862068965517,11.010965460287803,0.0060408921933085506,0.8,1.0,31.712612436287266,3.427230046948357,6,1590.4368634826506,639
23047,intermittent,anchored 56d start a0,56,anchored,start,0,0.3275862068965517,13.466960165100353,0.004763011152416357,0.7884615384615384,1.0,47.255726599924074,3.427230046948357,6,2369.94822631446,639
23047,intermittent,anchored 56d end a0,56,anchored,end,0,0.3275862068965517,14.66425361929301,0.004065985130111524,0.8333333333333334,0.4154962437590407,35.84704009497598,5.140845070422535,9,1797.7848443843031,639
90003C,intermittent,floating 7d first,7,floating,first,0,0.3584905660377358,21.04931506849315,0.009409851301115242,0.2764505119453925,1.0,0.5236956329169989,11.995305164319248,21,24.0,639
90003C,intermittent,anchored 7d first a0,7,anchored,first,0,0.3584905660377358,21.04931506849315,0.008248141263940521,0.24149659863945577,1.0,0.5236956329169989,11.995305164319248,21,24.0,639
90003C,intermittent,anchored 7d start a0,7,anchored,start,0,0.3584905660377358,21.182876712328767,0.008364312267657992,0.2440677966101695,1.0,1.9420379720672043,11.995305164319248,21,89.0,639
90003C,intermittent,anchored 7d end a0,7,anchored,end,0,0.3584905660377358,17.936090978182293,0.007434944237918215,0.42953020134228187,0.7494464263747078,73.6570112498893,6.283255086071987,11,3375.5642760487153,639
90003C,intermittent,floating 14d first,14,floating,first,0,0.3584905660377358,16.291496739610892,0.009177509293680297,0.34347826086956523,0.9919233574058496,3.095515715748624,9.139280125195619,16,141.86174661063416,639
90003C,intermittent,anchored 14d first a0,14,anchored,first,0,0.3584905660377358,18.22019521261856,0.007551115241635688,0.2549019607843137,0.9956014911205271,2.3383374445395946,10.28169014084507,18,107.16167014103172,639
90003C,intermittent,anchored 14d start a0,14,anchored,start,0,0.3584905660377358,19.44572786229727,0.00766728624535316,0.25984251968503935,0.9912443786593101,4.733355181022016,10.852895148669797,19,216.92089298467195,639
90003C,intermittent,anchored 14d end a0,14,anchored,end,0,0.3584905660377358,16.84035905611063,0.008131970260223048,0.4430379746835443,0.7042686677328085,51.40162990521749,6.854460093896714,12,2355.6414073071724,639
90003C,intermittent,floating 28d first,28,floating,first,0,0.3584905660377358,16.90549807328998,0.010571561338289962,0.4945652173913043,0.9954339436101689,9.61583145043346,9.139280125195619,16,440.67572900112305,639
90003C,intermittent,anchored 28d first a0,28,anchored,first,0,0.3584905660377358,15.36175592498387,0.008131970260223048,0.3211009174311927,1.0,3.841624961389114,8.568075117370892,15,176.05455015881614,639
90003C,intermittent,anchored 28d start a0,28,anchored,start,0,0.3584905660377358,16.196935401728012,0.008480483271375464,0.3476190476190476,0.9767699475765487,12.71071625614336,8.568075117370892,15,582.5085621742993,639
90003C,intermittent,anchored 28d end a0,28,anchored,end,0,0.3584905660377358,13.48013698630137,0.006737918215613383,0.38926174496644295,0.7045454545454546,26.337526205450736,6.283255086071987,11,1207.0,639
90003C,intermittent,floating 56d first,56,floating,first,0,0.3584905660377358,11.045235316201026,0.009061338289962825,0.5909090909090909,0.9948672244421296,21.71913851302582,5.140845070422535,9,995.3478538844997,639
90003C,intermittent,anchored 56d first a0,56,anchored,first,0,0.3584905660377358,12.841856847187229,0.006970260223048327,0.40268456375838924,0.994931124302587,8.94000085337929,6.854460093896714,12,409.70366563111827,639
90003C,intermittent,anchored 56d start a0,56,anchored,start,0,0.3584905660377358,13.852173299825138,0.006157063197026022,0.44166666666666665,0.9953515624253512,30.28832255699585,6.283255086071987,11,1388.0576725815674,639
90003C,intermittent,anchored 56d end a0,56,anchored,end,0,0.3584905660377358,12.861643835616437,0.005692379182156134,0.45794392523364486,0.4772727272727273,19.76951014261671,6.283255086071987,11,906.0,639
17084A,intermittent,floating 7d first,7,floating,first,0,0.22624434389140272,13.014383561643836,0.02079460966542751,0.9322916666666666,1.0,0.32706293062548236,7.42566510172144,13,125.0,639
17084A,intermittent,anchored 7d first a0,7,anchored,first,0,0.22624434389140272,14.0,0.022072490706319704,0.926829268292683,1.0,0.0,7.996870109546166,14,0.0,639
17084A,intermittent,anchored 7d start a0,7,anchored,start,0,0.22624434389140272,14.125079452054795,0.021259293680297397,0.8840579710144928,1.0,2.844139244719195,7.996870109546166,14,1087.0,639
17084A,intermittent,anchored 7d end a0,7,anchored,end,0,0.22624434389140272,15.182908951378204,0.019052044609665426,0.9590643274853801,0.7416020671834626,49.63642640154653,7.42566510172144,13,18970.518267929634,639
17084A,intermittent,floating 14d first,14,floating,first,0,0.22624434389140272,13.014383561643836,0.020213754646840148,0.9354838709677419,1.0,0.32706293062548236,7.42566510172144,13,125.0,639
17084A,intermittent,anchored 14d first a0,14,anchored,first,0,0.22624434389140272,13.014383561643836,0.021491635687732342,0.9635416666666666,1.0,0.32706293062548236,7.42566510172144,13,125.0,639
17084A,intermittent,anchored 14d start a0,14,anchored,start,0,0.22624434389140272,18.30348994768509,0.021143122676579924,0.9479166666666666,0.9990797801461634,6.900955004270457,10.28169014084507,18,2637.4721644061424,639
17084A,intermittent,anchored 14d end a0,14,anchored,end,0,0.22624434389140272,14.318130780210204,0.013359665427509293,0.905511811023622,0.7288989590654318,52.71118971243243,6.854460093896714,12,20145.66035182678,639
17084A,intermittent,floating 28d first,28,floating,first,0,0.22624434389140272,10.35439305941049,0.014986059479553903,0.9416058394160584,0.9995697211386012,8.058423600096377,5.712050078247262,10,3079.8444448768887,639
17084A,intermittent,anchored 28d first a0,28,anchored,first,0,0.22624434389140272,13.081738448734036,0.017890334572490705,0.9506172839506173,1.0,1.8586228675282384,7.42566510172144,13,710.3460425696084,639
17084A,intermittent,anchored 28d start a0,28,anchored,start,0,0.22624434389140272,17.743806953904787,0.01754182156133829,0.9617834394904459,1.0,16.913174093286674,9.710485133020343,17,6464.036623220165,639
17084A,intermittent,anchored 28d end a0,28,anchored,end,0,0.22624434389140272,13.074495278699464,0.012081784386617101,0.8666666666666667,0.7325424048840355,47.171244662545405,6.283255086071987,11,18028.351826792965,639
17084A,intermittent,floating 56d first,56,floating,first,0,0.22624434389140272,10.695815679815166,0.011617100371747211,0.9174311926605505,1.0,15.82191678603072,5.712050078247262,10,6046.9695983937,639
17084A,intermittent,anchored 56d first a0,56,anchored,first,0,0.22624434389140272,10.362758627113665,0.013475836431226766,0.9586776859504132,1.0,8.248645407260414,5.712050078247262,10,3152.545211821132,639
17084A,intermittent,anchored 56d start a0,56,anchored,start,0,0.22624434389140272,17.82811269633282,0.012081784386617101,0.9541284403669725,1.0,41.56883467263551,9.139280125195619,16,15887.16986098759,639
17084A,intermittent,anchored 56d end a0,56,anchored,end,0,0.22624434389140272,7.475178082191781,0.009409851301115242,0.8901098901098901,0.45219638242894056,33.543574164949476,3.427230046948357,6,12820.0,639
90123A,intermittent,floating 7d first,7,floating,first,0,0.40540540540540543,12.70589122657423,0.006737918215613383,0.3558282208588957,0.9881795749422908,6.767457598443514,6.854460093896714,12,216.5128552097429,639
90123A,intermittent,anchored 7d first a0,7,anchored,first,0,0.40540540540540543,12.70589122657423,0.00766728624535316,0.4049079754601227,0.9881795749422908,6.767457598443514,6.854460093896714,12,216.5128552097429,639
90123A,intermittent,anchored 7d start a0,7,anchored,start,0,0.40540540540540543,13.031918623834505,0.006273234200743495,0.3312883435582822,0.9881795749422908,9.893118470583259,6.854460093896714,12,316.5128552097429,639
90123A,intermittent,anchored 7d end a0,7,anchored,end,0,0.40540540540540543,16.657699445752314,0.004414498141263941,0.4691358024691358,0.8117089867069968,83.00232626993191,4.569640062597809,8,2655.512855209743,639
90123A,intermittent,floating 14d first,14,floating,first,0,0.40540540540540543,10.184639907698974,0.007202602230483271,0.496,0.9861813417914974,11.357274383029601,5.140845070422535,9,363.35593807573593,639
90123A,intermittent,anchored 14d first a0,14,anchored,first,0,0.40540540540540543,11.535484432057396,0.006157063197026022,0.39849624060150374,0.9881795749422908,14.720859809306356,5.712050078247262,10,470.9679140344116,639
90123A,intermittent,anchored 14d start a0,14,anchored,start,0,0.40540540540540543,11.83042915795447,0.005692379182156134,0.35,0.9844990477099171,17.54852765847333,5.712050078247262,10,561.4341534902367,639
90123A,intermittent,anchored 14d end a0,14,anchored,end,0,0.40540540540540543,14.009452870409849,0.005343866171003717,0.5411764705882353,0.7234736925893497,48.02618111068815,5.140845070422535,9,1536.5128552097428,639
90123A,intermittent,floating 28d first,28,floating,first,0,0.40540540540540543,10.248762286007503,0.0060408921933085506,0.5252525252525253,0.9881795749422908,21.559133824897234,4.569640062597809,8,689.7464154560829,639
90123A,intermittent,anchored 28d first a0,28,anchored,first,0,0.40540540540540543,10.944721867745212,0.0070864312267657995,0.4420289855072464,0.9779875632933254,9.057153484278038,5.712050078247262,10,289.7676317033635,639
90123A,intermittent,anchored 28d start a0,28,anchored,start,0,0.40540540540540543,12.890606589208346,0.006389405204460966,0.4661016949152542,0.9820644682746944,37.29967753314137,5.140845070422535,9,1193.3373151773496,639
90123A,intermittent,anchored 28d end a0,28,anchored,end,0,0.40540540540540543,19.762274380410403,0.0034851301115241635,0.4838709677419355,0.5970309639417337,112.76623101975215,4.569640062597809,8,3607.7564276048715,639
90123A,intermittent,floating 56d first,56,floating,first,0,0.40540540540540543,10.756838486193855,0.006970260223048327,0.5607476635514018,1.0,26.430116792381188,4.569640062597809,8,845.5849138325689,639
90123A,intermittent,anchored 56d first a0,56,anchored,first,0,0.40540540540540543,9.862219095418636,0.007434944237918215,0.5614035087719298,0.9843487001899013,17.853301320118057,4.569640062597809,8,571.1848485947919,639
90123A,intermittent,anchored 56d start a0,56,anchored,start,0,0.40540540540540543,12.86377886819913,0.006737918215613383,0.6170212765957447,0.999949500135721,46.62958827025719,4.569640062597809,8,1491.8313335232622,639
90123A,intermittent,anchored 56d end a0,56,anchored,end,0,0.40540540540540543,8.954712328767124,0.004995353159851301,0.46236559139784944,0.2941176470588235,37.914266379055114,2.856025039123631,5,1213.0,639
90124A,intermittent,floating 7d first,7,floating,first,0,0.4,12.063598231261201,0.005808550185873606,0.26737967914438504,1.0,0.44968370567601335,6.854460093896714,12,11.665002216250578,639
90124A,intermittent,anchored 7d first a0,7,anchored,first,0,0.4,12.054520547945206,0.005808550185873606,0.25252525252525254,1.0,0.3854981742305686,6.854460093896714,12,10.0,639
90124A,intermittent,anchored 7d start a0,7,anchored,start,0,0.4,12.468876712328766,0.004414498141263941,0.18811881188118812,1.0,3.3152842983828896,6.854460093896714,12,86.0,639
90124A,intermittent,anchored 7d end a0,7,anchored,end,0,0.4,20.23849315068493,0.004065985130111524,0.4430379746835443,0.7619047619047619,107.74673969744391,2.856025039123631,5,2795.0,639
90124A,intermittent,floating 14d first,14,floating,first,0,0.4,9.551919833948075,0.004763011152416357,0.2867132867132867,0.9746753144345854,3.9024568961129065,5.140845070422535,9,101.2315273321846,639
90124A,intermittent,anchored 14d first a0,14,anchored,first,0,0.4,9.02666288676238,0.004646840148698885,0.2777777777777778,0.9573163674010928,7.259220299747323,4.569640062597809,8,188.30751440616535,639
90124A,intermittent,anchored 14d start a0,14,anchored,start,0,0.4,10.291141171157511,0.004763011152416357,0.2578616352201258,0.9497357351157021,9.129265623951035,5.140845070422535,9,236.81735048868927,639
90124A,intermittent,anchored 14d end a0,14,anchored,end,0,0.4,19.54972602739726,0.004298327137546468,0.43023255813953487,0.7142857142857143,74.59389671361502,5.140845070422535,9,1935.0,639
90124A,intermittent,floating 28d first,28,floating,first,0,0.4,8.88037081650523,0.005692379182156134,0.46226415094339623,0.9813551008155875,6.224833667294182,4.569640062597809,8,161.47504925849725,639
90124A,intermittent,anchored 28d first a0,28,anchored,first,0,0.4,8.674763443845514,0.004763011152416357,0.3445378151260504,0.9802873021940997,4.771046613497049,4.569640062597809,8,123.76314422292074,639
90124A,intermittent,anchored 28d start a0,28,anchored,start,0,0.4,10.629708255180928,0.0036013011152416356,0.31,0.9600765431514278,18.5938654202475,4.569640062597809,8,482.3334236889643,639
90124A,intermittent,anchored 28d end a0,28,anchored,end,0,0.4,24.372054794520547,0.0025557620817843866,0.6470588235294118,0.8095238095238095,151.11528429838287,1.7136150234741785,3,3920.0,639
90124A,intermittent,floating 56d first,56,floating,first,0,0.4,7.3331265888779384,0.004646840148698885,0.5128205128205128,0.9686654576451621,16.49682686911319,2.856025039123631,5,427.9352788645465,639
90124A,intermittent,anchored 56d first a0,56,anchored,first,0,0.4,8.131212504800338,0.004414498141263941,0.4634146341463415,1.0,15.069153933001449,3.427230046948357,6,390.9007860563434,639
90124A,intermittent,anchored 56d start a0,56,anchored,start,0,0.4,13.714098217165647,0.004763011152416357,0.44086021505376344,0.99029691361777,26.26125627110974,5.712050078247262,10,681.2290699826438,639
90124A,intermittent,anchored 56d end a0,56,anchored,end,0,0.4,14.100383561643836,0.0032527881040892194,0.42424242424242425,0.6190476190476191,78.48742827334375,1.7136150234741785,3,2036.0,639
37506,intermittent,floating 7d first,7,floating,first,0,0.38235294117647056,11.07172602739726,0.004182156133828996,0.2,1.0,0.7483199852711038,6.283255086071987,11,22.0,639
37506,intermittent,anchored 7d first a0,7,anchored,first,0,0.38235294117647056,13.039123287671233,0.004646840148698885,0.18604651162790697,1.0,0.40817453742060206,7.42566510172144,13,12.0,639
37506,intermittent,anchored 7d start a0,7,anchored,start,0,0.38235294117647056,12.218438356164384,0.0036013011152416356,0.14418604651162792,1.0,2.2789745005983617,6.854460093896714,12,67.0,639
37506,intermittent,anchored 7d end a0,7,anchored,end,0,0.38235294117647056,14.135479452054796,0.005692379182156134,0.25257731958762886,0.8181818181818181,22.27952683420786,6.854460093896714,12,655.0,639
37506,intermittent,floating 14d first,14,floating,first,0,0.38235294117647056,7.756649582589691,0.00546003717472119,0.3700787401574803,0.9982790030932229,7.894149795343773,3.998435054773083,7,232.08159465986307,639
37506,intermittent,anchored 14d first a0,14,anchored,first,0,0.38235294117647056,10.154911610907709,0.004414498141263941,0.2289156626506024,1.0,1.6161978935586134,5.712050078247262,10,47.51490586665012,639
37506,intermittent,anchored 14d start a0,14,anchored,start,0,0.38235294117647056,9.4513494618619,0.004995353159851301,0.2654320987654321,0.9653040787033915,4.708943669526564,5.140845070422535,9,138.43912065512058,639
37506,intermittent,anchored 14d end a0,14,anchored,end,0,0.38235294117647056,10.27638152260552,0.0045306691449814125,0.2549019607843137,0.7727272727272727,23.749562735892482,4.569640062597809,8,698.2178619756428,639
37506,intermittent,floating 28d first,28,floating,first,0,0.38235294117647056,5.873305392720892,0.005924721189591078,0.6,0.9839735768115914,9.111223670572825,2.856025039123631,5,267.86257843960107,639
37506,intermittent,anchored 28d first a0,28,anchored,first,0,0.38235294117647056,5.606751166036403,0.0036013011152416356,0.37349397590361444,0.9678158323147407,6.330254722136324,2.856025039123631,5,186.10434924645978,639
37506,intermittent,anchored 28d start a0,28,anchored,start,0,0.38235294117647056,6.031044264295565,0.0037174721189591076,0.4,0.9810523508376326,10.756918466963409,2.856025039123631,5,316.2446693007402,639
37506,intermittent,anchored 28d end a0,28,anchored,end,0,0.38235294117647056,12.086931506849316,0.004646840148698885,0.547945205479452,0.6818181818181819,63.50515511368867,3.427230046948357,6,1867.0,639
37506,intermittent,floating 56d first,56,floating,first,0,0.38235294117647056,3.762731412974044,0.004298327137546468,0.7115384615384616,1.0,18.39063437443398,1.1424100156494523,2,540.6697191054839,639
37506,intermittent,anchored 56d first a0,56,anchored,first,0,0.38235294117647056,4.299352716752367,0.0030204460966542753,0.49056603773584906,0.9956841415719397,13.556189310147683,1.7136150234741785,3,398.54095934001157,639
37506,intermittent,anchored 56d start a0,56,anchored,start,0,0.38235294117647056,3.913160379418125,0.0030204460966542753,0.5909090909090909,0.996625286328062,19.960064691971432,1.1424100156494523,2,586.8096962080803,639
37506,intermittent,anchored 56d end a0,56,anchored,end,0,0.38235294117647056,11.307726027397262,0.0036013011152416356,0.6739130434782609,0.5454545454545454,55.37567891006168,3.427230046948357,6,1628.0,639
90024D,intermittent,floating 7d first,7,floating,first,0,0.3333333333333333,8.098514097169444,0.0016263940520446097,0.13725490196078433,1.0,1.6307772561293692,4.569640062597809,8,21.15155615696888,639
90024D,intermittent,anchored 7d first a0,7,anchored,first,0,0.3333333333333333,8.098514097169444,0.001974907063197026,0.1619047619047619,1.0,1.6307772561293692,4.569640062597809,8,21.15155615696888,639
90024D,intermittent,anchored 7d start a0,7,anchored,start,0,0.3333333333333333,8.220246538269041,0.0030204460966542753,0.24299065420560748,1.0,3.6459050599895675,4.569640062597809,8,47.28822733423546,639
90024D,intermittent,anchored 7d end a0,7,anchored,end,0,0.3333333333333333,13.993740523106014,0.0015102230483271376,0.24074074074074073,0.7136671177266576,132.32634324465312,3.427230046948357,6,1716.303112313938,639
90024D,intermittent,floating 14d first,14,floating,first,0,0.3333333333333333,7.1839459555949,0.0025557620817843866,0.24175824175824176,0.9834272254428905,3.044994466377633,3.998435054773083,7,39.49427870125793,639
90024D,intermittent,anchored 14d first a0,14,anchored,first,0,0.3333333333333333,8.098514097169444,0.0018587360594795538,0.16,1.0,1.6307772561293692,4.569640062597809,8,21.15155615696888,639
90024D,intermittent,anchored 14d start a0,14,anchored,start,0,0.3333333333333333,8.32457334356798,0.002091078066914498,0.17307692307692307,0.9489009322867608,5.37290440500225,4.569640062597809,8,69.68780611900753,639
90024D,intermittent,anchored 14d end a0,14,anchored,end,0,0.3333333333333333,11.441413609653921,0.001974907063197026,0.2698412698412698,0.6136671177266576,56.96828377673448,4.569640062597809,8,738.8917456021651,639
90024D,intermittent,floating 28d first,28,floating,first,0,0.3333333333333333,6.525550175530886,0.0027881040892193307,0.3037974683544304,1.0,8.699823658094656,3.427230046948357,6,112.83871415810188,639
90024D,intermittent,anchored 28d first a0,28,anchored,first,0,0.3333333333333333,7.163013315880404,0.0025557620817843866,0.22916666666666666,0.9814609509671296,2.6984808836724565,3.998435054773083,7,34.99991782138092,639
90024D,intermittent,anchored 28d start a0,28,anchored,start,0,0.3333333333333333,7.800321978263415,0.001974907063197026,0.18888888888888888,0.9635481747002534,13.248326049089087,3.998435054773083,7,171.83383650949784,639
90024D,intermittent,anchored 28d end a0,28,anchored,end,0,0.3333333333333333,7.365985504291249,0.0022072490706319704,0.3958333333333333,0.5568335588633289,55.71966614501826,2.2848200312989047,4,722.6968876860623,639
90024D,intermittent,floating 56d first,56,floating,first,0,0.3333333333333333,5.72582559705914,0.0022072490706319704,0.27941176470588236,1.0,12.015131941621224,2.856025039123631,5,155.83902525093293,639
90024D,intermittent,anchored 56d first a0,56,anchored,first,0,0.3333333333333333,6.687952498950815,0.002904275092936803,0.31645569620253167,1.0,11.388190328300837,3.427230046948357,6,147.7074483041455,639
90024D,intermittent,anchored 56d start a0,56,anchored,start,0,0.3333333333333333,9.12509014625258,0.002091078066914498,0.2647058823529412,0.9603978841790503,35.1782006566289,3.998435054773083,7,456.269354930701,639
90024D,intermittent,anchored 56d end a0,56,anchored,end,0,0.3333333333333333,7.156438356164384,0.0012778810408921933,0.1774193548387097,0.30000000000000004,35.69713093375065,2.856025039123631,5,463.0,639
90064B,intermittent,floating 7d first,7,floating,first,0,0.3333333333333333,9.392691055653671,0.0034851301115241635,0.25862068965517243,1.0,10.524631432719096,5.140845070422535,9,191.10964708478696,639
90064B,intermittent,anchored 7d first a0,7,anchored,first,0,0.3333333333333333,10.34734090866962,0.004065985130111524,0.2713178294573643,1.0,9.309188464118037,5.712050078247262,10,169.03924221921508,639
90064B,intermittent,anchored 7d start a0,7,anchored,start,0,0.3333333333333333,10.471026192373996,0.00383364312267658,0.25384615384615383,1.0,12.624115060734775,5.712050078247262,10,229.232746955345,639
90064B,intermittent,anchored 7d end a0,7,anchored,end,0,0.3333333333333333,13.78283593156246,0.0033689591078066915,0.4142857142857143,0.7193504736129905,128.18622848200314,5.140845070422535,9,2327.6468200270638,639
90064B,intermittent,floating 14d first,14,floating,first,0,0.3333333333333333,8.379641458325308,0.004182156133828996,0.34951456310679613,0.9935980041621744,10.174885238480462,4.569640062597809,8,184.75884305164996,639
90064B,intermittent,anchored 14d first a0,14,anchored,first,0,0.3333333333333333,9.35330051502588,0.004182156133828996,0.3103448275862069,0.9983390293341188,9.46891367170987,5.140845070422535,9,171.9395839792622,639
90064B,intermittent,anchored 14d start a0,14,anchored,start,0,0.3333333333333333,12.679796085504382,0.0034851301115241635,0.2564102564102564,0.9918185148123168,18.219419939242815,6.854460093896714,12,330.83409494546595,639
90064B,intermittent,anchored 14d end a0,14,anchored,end,0,0.3333333333333333,11.720342187702744,0.0018587360594795538,0.38095238095238093,0.7295669824086604,153.31261643937702,3.427230046948357,6,2783.8998646820028,639
90064B,intermittent,floating 28d first,28,floating,first,0,0.3333333333333333,8.376635887561456,0.004182156133828996,0.34951456310679613,0.9862844486368,10.094332029847157,4.569640062597809,8,183.2961319465751,639
90064B,intermittent,anchored 28d first a0,28,anchored,first,0,0.3333333333333333,9.353212927017013,0.00546003717472119,0.4051724137931034,0.9976285932621981,9.466566199064445,5.140845070422535,9,171.89695781494697,639
90064B,intermittent,anchored 28d start a0,28,anchored,start,0,0.3333333333333333,11.058862513436805,0.004879182156133829,0.3853211009174312,0.9564606698114114,28.378893614713146,5.712050078247262,10,515.3130898725788,639
90064B,intermittent,anchored 28d end a0,28,anchored,end,0,0.3333333333333333,8.543990397983205,0.00383364312267658,0.5,0.65,41.38095238095237,3.998435054773083,7,751.4086603518267,639
90064B,intermittent,floating 56d first,56,floating,first,0,0.3333333333333333,6.2644677811923355,0.0034851301115241635,0.43478260869565216,0.9937263707076232,33.88938241398164,2.856025039123631,5,615.3743201802702,639
90064B,intermittent,anchored 56d first a0,56,anchored,first,0,0.3333333333333333,7.780370876659136,0.004414498141263941,0.3877551020408163,0.9687360207899851,20.914955254057894,3.998435054773083,7,379.78049330744636,639
90064B,intermittent,anchored 56d start a0,56,anchored,start,0,0.3333333333333333,11.008529207935974,0.004298327137546468,0.42045454545454547,0.9644278097633878,53.83119714858135,5.140845070422535,9,977.4842145288405,639
90064B,intermittent,anchored 56d end a0,56,anchored,end,0,0.3333333333333333,6.212328767123288,0.0027881040892193307,0.38095238095238093,0.5,32.49198897086221,2.856025039123631,5,590.0,639
90035A,intermittent,floating 7d first,7,floating,first,0,0.3333333333333333,6.341580069327303,0.002904275092936803,0.2808988764044944,0.9696887686062247,2.794340114762649,3.427230046948357,6,57.98917456021648,639
90035A,intermittent,anchored 7d first a0,7,anchored,first,0,0.3333333333333333,6.341580069327303,0.0031366171003717473,0.30337078651685395,0.9696887686062247,2.794340114762649,3.427230046948357,6,57.98917456021648,639
90035A,intermittent,anchored 7d start a0,7,anchored,start,0,0.3333333333333333,6.500621165217714,0.0033689591078066915,0.3020833333333333,0.9696887686062247,4.095396452790817,3.427230046948357,6,84.98917456021648,639
90035A,intermittent,anchored 7d end a0,7,anchored,end,0,0.3333333333333333,23.78075815151908,0.00383364312267658,0.4024390243902439,0.6363554352728913,96.37402190923318,6.854460093896714,12,1999.9891745602165,639
90035A,intermittent,floating 14d first,14,floating,first,0,0.3333333333333333,6.341580069327303,0.0034851301115241635,0.3333333333333333,0.9696887686062247,2.794340114762649,3.427230046948357,6,57.98917456021648,639
90035A,intermittent,anchored 14d first a0,14,anchored,first,0,0.3333333333333333,6.341580069327303,0.0037174721189591076,0.37209302325581395,0.9696887686062247,2.794340114762649,3.427230046948357,6,57.98917456021648,639
90035A,intermittent,anchored 14d start a0,14,anchored,start,0,0.3333333333333333,6.98295043552031,0.0032527881040892194,0.3111111111111111,0.9371928845675208,8.041153683840752,3.427230046948357,6,166.8729809139131,639
90035A,intermittent,anchored 14d end a0,14,anchored,end,0,0.3333333333333333,15.251032124121823,0.0026719330855018587,0.3709677419354839,0.7030221019395579,59.31800991131977,4.569640062597809,8,1230.9891745602165,639
90035A,intermittent,floating 28d first,28,floating,first,0,0.3333333333333333,6.303396643482132,0.0030204460966542753,0.3880597014925373,1.0,10.662605501257199,2.856025039123631,5,221.2743138934782,639
90035A,intermittent,anchored 28d first a0,28,anchored,first,0,0.3333333333333333,5.341121830968253,0.0025557620817843866,0.3188405797101449,0.9696887686062247,10.971221296484991,2.2848200312989047,4,227.67882246670342,639
90035A,intermittent,anchored 28d start a0,28,anchored,start,0,0.3333333333333333,8.186645313248691,0.0032527881040892194,0.358974358974359,0.9758604759715614,17.888135943065585,3.427230046948357,6,371.2211810864057,639
90035A,intermittent,anchored 28d end a0,28,anchored,end,0,0.3333333333333333,22.93178082191781,0.0016263940520446097,0.27450980392156865,0.4666666666666667,154.87389149713096,2.2848200312989047,4,3214.0,639
90035A,intermittent,floating 56d first,56,floating,first,0,0.3333333333333333,8.705499756370202,0.0025557620817843866,0.6875,1.0,54.85521153402592,1.1424100156494523,2,1138.3755400349412,639
90035A,intermittent,anchored 56d first a0,56,anchored,first,0,0.3333333333333333,6.5289712310986,0.002091078066914498,0.45,0.9837010206175986,28.869207428648835,1.7136150234741785,3,599.1044183027856,639
90035A,intermittent,anchored 56d start a0,56,anchored,start,0,0.3333333333333333,9.40775623622191,0.002904275092936803,0.6578947368421053,1.0,52.41948200244195,1.7136150234741785,3,1087.8283842888359,639
90035A,intermittent,anchored 56d end a0,56,anchored,end,0,0.3333333333333333,19.113424657534246,0.0023234200743494425,0.5,0.4666666666666667,115.45670318205529,2.856025039123631,5,2396.0,639
22157,intermittent,floating 7d first,7,floating,first,0,0.21539313399778517,26.186714893917753,0.0262546468401487,0.9826086956521739,1.0,15.380567041662776,8.568075117370892,15,24018.53491929399,639
22157,intermittent,anchored 7d first a0,7,anchored,first,0,0.21539313399778517,26.994145809776263,0.02474442379182156,0.9342105263157895,1.0,13.740908846706425,9.710485133020343,17,21458.018944519623,639
22157,intermittent,anchored 7d start a0,7,anchored,start,0,0.21539313399778517,27.40261156320092,0.025557620817843865,0.9865470852017937,1.0,14.302506685244978,9.710485133020343,17,22335.018944519623,639
22157,intermittent,anchored 7d end a0,7,anchored,end,0,0.21539313399778517,40.79986987228206,0.019516728624535316,0.9767441860465116,0.7926159548869804,34.09723630326316,9.139280125195619,16,53246.779431664414,639
22157,intermittent,floating 14d first,14,floating,first,0,0.21539313399778517,23.160276104042673,0.01486988847583643,0.9846153846153847,1.0,16.719112235983417,6.283255086071987,11,26108.82810573868,639
22157,intermittent,anchored 14d first a0,14,anchored,first,0,0.21539313399778517,24.286354059427957,0.016147769516728624,0.972027972027972,1.0,16.892456284139453,6.854460093896714,12,26379.524892301204,639
22157,intermittent,anchored 14d start a0,14,anchored,start,0,0.21539313399778517,28.58831640910748,0.014986059479553903,0.9772727272727273,1.0,17.307623042865828,9.139280125195619,16,27027.855819554294,639
22157,intermittent,anchored 14d end a0,14,anchored,end,0,0.21539313399778517,51.48452203088217,0.011384758364312268,1.0,0.7112750956966771,57.03689406031365,5.712050078247262,10,89069.70906630582,639
22157,intermittent,floating 28d first,28,floating,first,0,0.21539313399778517,25.24453070629934,0.011036245353159852,0.9895833333333334,1.0,23.709432406689476,4.569640062597809,8,37025.02181058387,639
22157,intermittent,anchored 28d first a0,28,anchored,first,0,0.21539313399778517,24.77677535846353,0.010571561338289962,0.9891304347826086,1.0,21.691421780493776,5.140845070422535,9,33873.664740230524,639
22157,intermittent,anchored 28d start a0,28,anchored,start,0,0.21539313399778517,31.32304494499467,0.009177509293680297,0.9875,1.0,25.19227707654519,7.42566510172144,13,39340.65532307679,639
22157,intermittent,anchored 28d end a0,28,anchored,end,0,0.21539313399778517,87.11104109589041,0.007551115241635688,0.8783783783783784,0.5797665369649805,107.39454036882795,5.140845070422535,9,167709.0,639
22157,intermittent,floating 56d first,56,floating,first,0,0.21539313399778517,28.9390770782492,0.006273234200743495,0.9818181818181818,1.0,32.913735927759625,2.856025039123631,5,51398.606668005625,639
22157,intermittent,anchored 56d first a0,56,anchored,first,0,0.21539313399778517,27.753821092647733,0.007783457249070632,0.9852941176470589,1.0,28.534340931464733,3.998435054773083,7,44559.67469892013,639
22157,intermittent,anchored 56d start a0,56,anchored,start,0,0.21539313399778517,39.35698773625255,0.004995353159851301,1.0,1.0,41.73769417456291,5.140845070422535,9,65178.238374895176,639
22157,intermittent,anchored 56d end a0,56,anchored,end,0,0.21539313399778517,35.01967123287672,0.005227695167286246,0.9782608695652174,0.4357976653696498,41.273919139297455,2.856025039123631,5,64454.0,639
20837,intermittent,floating 7d first,7,floating,first,0,0.2909090909090909,10.100034155724972,0.01370817843866171,0.8489208633093526,1.0,1.5416746224891154,5.712050078247262,10,219.95461951575084,639
20837,intermittent,anchored 7d first a0,7,anchored,first,0,0.2909090909090909,11.049117808219178,0.01475371747211896,0.8300653594771242,1.0,0.756978233034571,6.283255086071987,11,108.0,639
20837,intermittent,anchored 7d start a0,7,anchored,start,0,0.2909090909090909,11.193742465753425,0.01533457249070632,0.8627450980392157,1.0,2.9858585858585855,6.283255086071987,11,426.0,639
20837,intermittent,anchored 7d end a0,7,anchored,end,0,0.2909090909090909,12.464380165718204,0.010687732342007435,0.92,0.8188948109690426,84.21419832124054,3.998435054773083,7,12015.052774018943,639
20837,intermittent,floating 14d first,14,floating,first,0,0.2909090909090909,9.171906987434156,0.012778810408921933,0.859375,1.0,2.649341497762394,5.140845070422535,9,377.98825550281197,639
20837,intermittent,anchored 14d first a0,14,anchored,first,0,0.2909090909090909,10.079568003151413,0.013824349442379182,0.85,1.0,1.22626087391516,5.712050078247262,10,174.95374186907293,639
20837,intermittent,anchored 14d start a0,14,anchored,start,0,0.2909090909090909,13.319030184208726,0.014521375464684015,0.8992805755395683,1.0,4.916728043917936,7.42566510172144,13,701.4820315432851,639
20837,intermittent,anchored 14d end a0,14,anchored,end,0,0.2909090909090909,13.423462420523848,0.007899628252788104,0.8831168831168831,0.6607660655601889,98.9950775359226,3.998435054773083,7,14123.878213802436,639
20837,intermittent,floating 28d first,28,floating,first,0,0.2909090909090909,7.525400703162318,0.010106877323420074,0.8613861386138614,1.0,8.09720364842428,3.998435054773083,7,1155.248534061724,639
20837,intermittent,anchored 28d first a0,28,anchored,first,0,0.2909090909090909,10.139595877319667,0.012778810408921933,0.859375,1.0,2.1513793954489473,5.712050078247262,10,306.94274229926896,639
20837,intermittent,anchored 28d start a0,28,anchored,start,0,0.2909090909090909,14.098294796248252,0.012197955390334572,0.8333333333333334,1.0,16.926350836038544,7.42566510172144,13,2414.925305003686,639
20837,intermittent,anchored 28d end a0,28,anchored,end,0,0.2909090909090909,12.963441095890412,0.009409851301115242,0.8350515463917526,0.5714285714285714,45.67102005975246,5.712050078247262,10,6516.0,639
20837,intermittent,floating 56d first,56,floating,first,0,0.2909090909090909,6.577954022156634,0.008131970260223048,0.8860759493670886,1.0,24.318610516410192,2.856025039123631,5,3469.5976993203094,639
20837,intermittent,anchored 56d first a0,56,anchored,first,0,0.2909090909090909,6.775725181816287,0.00929368029739777,0.8791208791208791,0.9968843061363597,11.955074925807434,3.427230046948357,6,1705.6607913430403,639
20837,intermittent,anchored 56d start a0,56,anchored,start,0,0.2909090909090909,14.547108151809942,0.008364312267657992,0.8674698795180723,1.0,39.25471225225013,6.854460093896714,12,5600.569128979692,639
20837,intermittent,anchored 56d end a0,56,anchored,end,0,0.2909090909090909,10.075320547945205,0.006505576208178439,0.835820895522388,0.36734693877551017,47.39524825722009,3.998435054773083,7,6762.0,639
90187B,intermittent,floating 7d first,7,floating,first,0,0.3181818181818182,10.014462757892005,0.0036013011152416356,0.22142857142857142,1.0,0.4117228624270878,5.712050078247262,10,7.832205683355887,639
90187B,intermittent,anchored 7d first a0,7,anchored,first,0,0.3181818181818182,10.014462757892005,0.00383364312267658,0.2357142857142857,1.0,0.4117228624270878,5.712050078247262,10,7.832205683355887,639
90187B,intermittent,anchored 7d start a0,7,anchored,start,0,0.3181818181818182,10.110639598124084,0.005343866171003717,0.32167832167832167,1.0,3.149665670792431,5.712050078247262,10,59.91610284167794,639
90187B,intermittent,anchored 7d end a0,7,anchored,end,0,0.3181818181818182,12.820084623797431,0.0027881040892193307,0.3380281690140845,0.7280820454383592,108.7493953620714,5.140845070422535,9,2068.740189445196,639
90187B,intermittent,floating 14d first,14,floating,first,0,0.3181818181818182,9.08161977018486,0.004065985130111524,0.2755905511811024,1.0,2.3235350866053124,5.140845070422535,9,44.20061738497629,639
90187B,intermittent,anchored 14d first a0,14,anchored,first,0,0.3181818181818182,9.040051430714534,0.0045306691449814125,0.3046875,1.0,1.140176017687729,5.140845070422535,9,21.689573013063725,639
90187B,intermittent,anchored 14d start a0,14,anchored,start,0,0.3181818181818182,10.299822597558032,0.004182156133828996,0.27906976744186046,0.9668466630551027,8.535288982135024,5.712050078247262,10,162.3668369565009,639
90187B,intermittent,anchored 14d end a0,14,anchored,end,0,0.3181818181818182,12.820084623797431,0.0030204460966542753,0.37681159420289856,0.7280820454383592,108.7493953620714,5.140845070422535,9,2068.740189445196,639
90187B,intermittent,floating 28d first,28,floating,first,0,0.3181818181818182,7.354864703874106,0.0036013011152416356,0.3522727272727273,1.0,10.102216516682033,3.998435054773083,7,192.17450580719355,639
90187B,intermittent,anchored 28d first a0,28,anchored,first,0,0.3181818181818182,9.033520433254127,0.0034851301115241635,0.234375,0.9891520291400338,0.954252904753008,5.140845070422535,9,18.15275688094423,639
90187B,intermittent,anchored 28d start a0,28,anchored,start,0,0.3181818181818182,11.797941670244777,0.0032527881040892194,0.2204724409448819,0.9945391319370417,22.71564185587587,6.283255086071987,11,432.11974723938164,639
90187B,intermittent,anchored 28d end a0,28,anchored,end,0,0.3181818181818182,11.853961643835616,0.004298327137546468,0.3894736842105263,0.736842105263158,52.778204581021484,5.712050078247262,10,1004.0,639
90187B,intermittent,floating 56d first,56,floating,first,0,0.3181818181818182,5.639401743675246,0.00383364312267658,0.4782608695652174,1.0,18.20235933648376,2.856025039123631,5,346.2635555511349,639
90187B,intermittent,anchored 56d first a0,56,anchored,first,0,0.3181818181818182,8.174768637632674,0.004298327137546468,0.33035714285714285,0.99818743126607,4.975278179024454,4.569640062597809,8,94.64473699692256,639
90187B,intermittent,anchored 56d start a0,56,anchored,start,0,0.3181818181818182,9.365323691015384,0.0036013011152416356,0.2897196261682243,0.9726816181470215,38.86775830736362,4.569640062597809,8,739.3815240661947,639
90187B,intermittent,anchored 56d end a0,56,anchored,end,0,0.3181818181818182,6.720164383561644,0.0026719330855018587,0.25555555555555554,0.631578947368421,20.501493811352965,3.427230046948357,6,390.0,639
21277,intermittent,floating 7d first,7,floating,first,0,0.22413793103448276,28.182805023531685,0.009990706319702601,0.23626373626373626,0.9966485580259427,1.9609074262085426,15.422535211267606,27,98.34255890411504,639
21277,intermittent,anchored 7d first a0,7,anchored,first,0,0.22413793103448276,35.34879452054795,0.010455390334572491,0.18711018711018712,1.0,0.5782472613458529,19.992175273865413,35,29.0,639
21277,intermittent,anchored 7d start a0,7,anchored,start,0,0.22413793103448276,37.06871232876712,0.007899628252788104,0.13991769547325103,1.0,3.4296044466029896,19.992175273865413,35,172.0,639
21277,intermittent,anchored 7d end a0,7,anchored,end,0,0.22413793103448276,44.26794520547945,0.009758364312267658,0.21649484536082475,0.7735849056603774,20.33835195078517,18.278560250391237,32,1020.0,639
21277,intermittent,floating 14d first,14,floating,first,0,0.22413793103448276,25.843438934631934,0.009642193308550186,0.27759197324414714,0.9941611583888664,4.71398109744408,13.137715179968701,23,236.41348773135653,639
21277,intermittent,anchored 14d first a0,14,anchored,first,0,0.22413793103448276,30.072011183129753,0.009177509293680297,0.2010178117048346,0.9964645431203221,1.7772284088726062,16.564945226917057,29,89.13077035133496,639
21277,intermittent,anchored 14d start a0,14,anchored,start,0,0.22413793103448276,33.43834448679403,0.008248141263940521,0.1802030456852792,0.9932796991984232,7.3580873356791425,16.564945226917057,29,369.019530223194,639
21277,intermittent,anchored 14d end a0,14,anchored,end,0,0.22413793103448276,35.58761821788051,0.00987453531598513,0.30357142857142855,0.7167513467970485,30.815390426852296,9.710485133020343,17,1545.4397834912043,639
21277,intermittent,floating 28d first,28,floating,first,0,0.22413793103448276,24.68494935416657,0.012778810408921933,0.5238095238095238,0.9980404014797037,14.39830009681566,9.139280125195619,16,722.0971558703411,639
21277,intermittent,anchored 28d first a0,28,anchored,first,0,0.22413793103448276,22.969837837023945,0.010687732342007435,0.3511450381679389,0.9897444915433254,6.581375916227144,10.852895148669797,19,330.06624385278815,639
21277,intermittent,anchored 28d start a0,28,anchored,start,0,0.22413793103448276,28.759753922214923,0.010106877323420074,0.3320610687022901,0.9822564470087256,14.522314477953785,11.424100156494523,20,728.3166700702614,639
21277,intermittent,anchored 28d end a0,28,anchored,end,0,0.22413793103448276,32.12381003577585,0.00929368029739777,0.39408866995073893,0.6263691372839381,23.415088230532618,10.28169014084507,18,1174.3031123139376,639
21277,intermittent,floating 56d first,56,floating,first,0,0.22413793103448276,26.02087547185332,0.010455390334572491,0.7142857142857143,1.0,28.217973756715217,5.140845070422535,9,1415.1752954957774,639
21277,intermittent,anchored 56d first a0,56,anchored,first,0,0.22413793103448276,24.763973348161528,0.011268587360594795,0.5542857142857143,0.9984492533506986,19.502844713367395,7.42566510172144,13,978.0980118630886,639
21277,intermittent,anchored 56d start a0,56,anchored,start,0,0.22413793103448276,34.58974193916052,0.008015799256505576,0.46621621621621623,0.9988654732137479,34.13460128167589,7.996870109546166,14,1711.9033730737103,639
21277,intermittent,anchored 56d end a0,56,anchored,end,0,0.22413793103448276,17.085863013698628,0.007202602230483271,0.4626865671641791,0.30188679245283023,10.089417732448329,6.283255086071987,11,506.0,639
90197B,intermittent,floating 7d first,7,floating,first,0,0.296875,20.622406717704415,0.008596654275092937,0.30578512396694213,0.9957510148849797,10.511590375586856,10.852895148669797,19,581.7077131258459,639
90197B,intermittent,anchored 7d first a0,7,anchored,first,0,0.296875,24.566625895786604,0.008364312267657992,0.24324324324324326,0.9957510148849797,10.150185837245699,13.137715179968701,23,561.7077131258459,639
90197B,intermittent,anchored 7d start a0,7,anchored,start,0,0.296875,24.835875922664837,0.009409851301115242,0.2621359223300971,0.9957510148849797,11.894659624413148,13.137715179968701,23,658.2462787550746,639
90197B,intermittent,anchored 7d end a0,7,anchored,end,0,0.296875,23.823591851261423,0.00871282527881041,0.30612244897959184,0.7757510148849798,31.252102895148667,10.852895148669797,19,1729.4803788903926,639
90197B,intermittent,floating 14d first,14,floating,first,0,0.296875,16.951779530202426,0.007434944237918215,0.3333333333333333,0.9947506387232786,12.645600330090046,8.568075117370892,15,699.803073206174,639
90197B,intermittent,anchored 14d first a0,14,anchored,first,0,0.296875,17.85825396216269,0.007783457249070632,0.32367149758454106,0.9901210771482718,12.039647180272718,9.139280125195619,16,666.2698390858365,639
90197B,intermittent,anchored 14d start a0,14,anchored,start,0,0.296875,19.343231087813788,0.00871282527881041,0.3488372093023256,0.9883778674070066,15.181819134286192,9.710485133020343,17,840.1565295206606,639
90197B,intermittent,anchored 14d end a0,14,anchored,end,0,0.296875,21.658971034533895,0.006737918215613383,0.3790849673202614,0.7157510148849797,49.62255477308294,7.996870109546166,14,2746.0947225981054,639
90197B,intermittent,floating 28d first,28,floating,first,0,0.296875,14.139821306982174,0.011152416356877323,0.6620689655172414,0.9995107425668227,20.34293563468187,6.283255086071987,11,1125.770900833491,639
90197B,intermittent,anchored 28d first a0,28,anchored,first,0,0.296875,15.953763763370093,0.008364312267657992,0.391304347826087,0.9914019155726386,12.65845619788237,7.996870109546166,14,700.5145124067624,639
90197B,intermittent,anchored 28d start a0,28,anchored,start,0,0.296875,19.544624788495565,0.008248141263940521,0.36787564766839376,0.9922490743082562,22.96566169581462,9.139280125195619,16,1270.9116383112785,639
90197B,intermittent,anchored 28d end a0,28,anchored,end,0,0.296875,18.620175342465753,0.008248141263940521,0.4382716049382716,0.62,23.455154538341155,8.568075117370892,15,1298.0,639
90197B,intermittent,floating 56d first,56,floating,first,0,0.296875,11.731047690347575,0.007318773234200744,0.6774193548387096,0.9982222031229877,30.65250829253559,3.998435054773083,7,1696.2990245352307,639
90197B,intermittent,anchored 56d first a0,56,anchored,first,0,0.296875,12.477815548110666,0.005111524163568773,0.43564356435643564,1.0,29.011814550282672,4.569640062597809,8,1605.5036100789719,639
90197B,intermittent,anchored 56d start a0,56,anchored,start,0,0.296875,18.784534043631595,0.00662174721189591,0.5377358490566038,1.0,43.95706821085312,6.854460093896714,12,2432.5686895142753,639
90197B,intermittent,anchored 56d end a0,56,anchored,end,0,0.296875,9.197764383561644,0.005343866171003717,0.42990654205607476,0.38,14.239338810641627,3.998435054773083,7,788.0,639
84563B,intermittent,floating 7d first,7,floating,first,0,0.3082706766917293,25.365891715506418,0.021259293680297397,0.5154929577464789,1.0,1.3791937758445456,14.280125195618153,25,158.61101681691528,639
84563B,intermittent,anchored 7d first a0,7,anchored,first,0,0.3082706766917293,26.30219726027397,0.02079460966542751,0.48509485094850946,1.0,1.139103627613635,14.85133020344288,26,131.0,639
84563B,intermittent,anchored 7d start a0,7,anchored,start,0,0.3082706766917293,26.6736,0.01974907063197026,0.4594594594594595,1.0,2.5390706813983317,14.85133020344288,26,292.0,639
84563B,intermittent,anchored 7d end a0,7,anchored,end,0,0.3082706766917293,31.616609954214322,0.02032992565055762,0.5287009063444109,0.760703653585927,21.17127325355643,14.85133020344288,26,2434.7537212449256,639
84563B,intermittent,floating 14d first,14,floating,first,0,0.3082706766917293,21.863706703514538,0.01754182156133829,0.5206896551724138,0.9978459002527694,7.025063909767357,11.424100156494523,20,807.9013619748287,639
84563B,intermittent,anchored 14d first a0,14,anchored,first,0,0.3082706766917293,23.794279354369667,0.018006505576208177,0.48589341692789967,0.9982124463012277,2.9939599488123845,13.137715179968701,23,344.3134968467092,639
84563B,intermittent,anchored 14d start a0,14,anchored,start,0,0.3082706766917293,26.386780453904176,0.019865241635687734,0.5411392405063291,0.999568470763935,5.227336092702437,14.280125195618153,25,601.1577977138052,639
84563B,intermittent,anchored 14d end a0,14,anchored,end,0,0.3082706766917293,28.02433764991566,0.016612453531598514,0.5315985130111525,0.7047036535859269,15.169355313165543,13.708920187793428,24,1744.5169147496617,639
84563B,intermittent,floating 28d first,28,floating,first,0,0.3082706766917293,17.8050739577888,0.013940520446096654,0.6417112299465241,1.0,14.342861827158334,7.996870109546166,14,1649.4679270699667,639
84563B,intermittent,anchored 28d first a0,28,anchored,first,0,0.3082706766917293,19.61447131593126,0.014986059479553903,0.5466101694915254,0.9999565453887386,9.854999206707218,9.710485133020343,17,1133.3515799464496,639
84563B,intermittent,anchored 28d start a0,28,anchored,start,0,0.3082706766917293,23.81618514779193,0.01486988847583643,0.5765765765765766,0.9916927948684949,14.38474439362567,11.424100156494523,20,1654.2845355630106,639
84563B,intermittent,anchored 28d end a0,28,anchored,end,0,0.3082706766917293,24.347642619608138,0.01266263940520446,0.6055555555555555,0.6035290933694182,39.004447739065974,7.996870109546166,14,4485.617050067659,639
84563B,intermittent,floating 56d first,56,floating,first,0,0.3082706766917293,16.242608075194994,0.011152416356877323,0.7559055118110236,1.0,31.06972164783958,4.569640062597809,8,3573.1020753517487,639
84563B,intermittent,anchored 56d first a0,56,anchored,first,0,0.3082706766917293,15.944987216412933,0.01150092936802974,0.717391304347826,0.9968251197103737,22.409059890858003,5.712050078247262,10,2577.1025344307836,639
84563B,intermittent,anchored 56d start a0,56,anchored,start,0,0.3082706766917293,21.48613229860269,0.00987453531598513,0.6967213114754098,1.0,28.218258664565294,7.996870109546166,14,3245.176115190001,639
84563B,intermittent,anchored 56d end a0,56,anchored,end,0,0.3082706766917293,18.650646575342467,0.008364312267657992,0.6666666666666666,0.42400000000000004,25.068975255039007,6.854460093896714,12,2883.0,639
90016B,intermittent,floating 7d first,7,floating,first,0,0.2702702702702703,19.12109589041096,0.0060408921933085506,0.18571428571428572,1.0,0.8126718267563338,10.852895148669797,19,26.0,639
90016B,intermittent,anchored 7d first a0,7,anchored,first,0,0.2702702702702703,22.018630136986303,0.004995353159851301,0.13479623824451412,1.0,0.12502643488558982,12.566510172143975,22,4.0,639
90016B,intermittent,anchored 7d start a0,7,anchored,start,0,0.2702702702702703,22.47041095890411,0.00546003717472119,0.14461538461538462,1.0,3.156917480861143,12.566510172143975,22,101.0,639
90016B,intermittent,anchored 7d end a0,7,anchored,end,0,0.2702702702702703,23.63095890410959,0.007202602230483271,0.30392156862745096,0.7647058823529411,37.78923994416952,10.28169014084507,18,1209.0,639
90016B,intermittent,floating 14d first,14,floating,first,0,0.2702702702702703,18.257295437191008,0.005924721189591078,0.19921875,1.0,1.726703955423115,10.28169014084507,18,55.242843867481334,639
90016B,intermittent,anchored 14d first a0,14,anchored,first,0,0.2702702702702703,18.1507740959485,0.006737918215613383,0.21722846441947566,0.9914120434855855,1.0118416039237579,10.28169014084507,18,32.372085306589184,639
90016B,intermittent,anchored 14d start a0,14,anchored,start,0,0.2702702702702703,17.665671161346765,0.00662174721189591,0.22093023255813954,0.9747198156057326,11.178282110757047,9.139280125195619,16,357.629396406805,639
90016B,intermittent,anchored 14d end a0,14,anchored,end,0,0.2702702702702703,19.847945205479455,0.005227695167286246,0.31690140845070425,0.7058823529411764,52.667385695554714,6.854460093896714,12,1685.0,639
90016B,intermittent,floating 28d first,28,floating,first,0,0.2702702702702703,13.527127334184886,0.008596654275092937,0.47435897435897434,0.9852031444171063,10.248517568596599,6.854460093896714,12,327.8832217514606,639
90016B,intermittent,anchored 28d first a0,28,anchored,first,0,0.2702702702702703,15.93512115877266,0.005924721189591078,0.24170616113744076,0.9800674335071657,6.275577294648664,8.568075117370892,15,200.77601350118857,639
90016B,intermittent,anchored 28d start a0,28,anchored,start,0,0.2702702702702703,16.464594891328918,0.006389405204460966,0.2631578947368421,0.984122101897471,16.53984149051965,7.996870109546166,14,529.1630207853262,639
90016B,intermittent,anchored 28d end a0,28,anchored,end,0,0.2702702702702703,18.668219178082193,0.0060408921933085506,0.3076923076923077,0.6470588235294117,38.0392928139407,7.42566510172144,13,1217.0,639
90016B,intermittent,floating 56d first,56,floating,first,0,0.2702702702702703,12.299665983239235,0.00766728624535316,0.5892857142857143,0.9913786544674081,22.14398501208005,5.140845070422535,9,708.457696401365,639
90016B,intermittent,anchored 56d first a0,56,anchored,first,0,0.2702702702702703,11.853860212428318,0.006157063197026022,0.38405797101449274,0.993781332664126,19.152192401167166,5.140845070422535,9,612.740575021374,639
90016B,intermittent,anchored 56d start a0,56,anchored,start,0,0.2702702702702703,18.963729825315113,0.007783457249070632,0.4962962962962963,0.9999790511708322,40.02245819385346,7.42566510172144,13,1280.4478742588326,639
90016B,intermittent,anchored 56d end a0,56,anchored,end,0,0.2702702702702703,13.078082191780823,0.004182156133828996,0.3711340206185567,0.5588235294117647,40.78987438142368,3.998435054773083,7,1305.0,639
90023,intermittent,floating 7d first,7,floating,first,0,0.34375,13.091436409809628,0.005924721189591078,0.30177514792899407,1.0,1.4190140845070425,7.42566510172144,13,39.263870094722606,639
90023,intermittent,anchored 7d first a0,7,anchored,first,0,0.34375,13.091436409809628,0.004879182156133829,0.2485207100591716,1.0,1.4190140845070425,7.42566510172144,13,39.263870094722606,639
90023,intermittent,anchored 7d start a0,7,anchored,start,0,0.34375,13.23814873857675,0.005924721189591078,0.29651162790697677,1.0,3.6958626760563376,7.42566510172144,13,102.2638700947226,639
90023,intermittent,anchored 7d end a0,7,anchored,end,0,0.34375,16.55632176024617,0.003949814126394052,0.3469387755102041,0.7598626001873634,86.22931338028168,6.283255086071987,11,2385.9499323410014,639
90023,intermittent,floating 14d first,14,floating,first,0,0.34375,12.15918196194857,0.006389405204460966,0.3548387096774194,0.9900567401408575,2.4703665254877674,6.854460093896714,12,68.35460718968048,639
90023,intermittent,anchored 14d first a0,14,anchored,first,0,0.34375,13.091436409809628,0.004995353159851301,0.25443786982248523,1.0,1.4190140845070425,7.42566510172144,13,39.263870094722606,639
90023,intermittent,anchored 14d start a0,14,anchored,start,0,0.34375,14.47368761164479,0.0060408921933085506,0.3023255813953488,0.9837459428602112,7.351222494189427,7.996870109546166,14,203.4070332357042,639
90023,intermittent,anchored 14d end a0,14,anchored,end,0,0.34375,12.254239346024802,0.004065985130111524,0.3763440860215054,0.701675861351098,50.50298317683879,5.140845070422535,9,1397.4086603518265,639
90023,intermittent,floating 28d first,28,floating,first,0,0.34375,10.439528155628349,0.005227695167286246,0.35714285714285715,1.0,6.821097248596885,5.712050078247262,10,188.7385609462911,639
90023,intermittent,anchored 28d first a0,28,anchored,first,0,0.34375,11.157282014467873,0.0060408921933085506,0.36619718309859156,0.9927694948689618,2.440880982031421,6.283255086071987,11,67.53874738914547,639
90023,intermittent,anchored 28d start a0,28,anchored,start,0,0.34375,14.869863053096557,0.004182156133828996,0.25,0.9446731311109154,13.499523072988568,7.996870109546166,14,373.52942868263904,639
90023,intermittent,anchored 28d end a0,28,anchored,end,0,0.34375,9.685068493150686,0.0037174721189591076,0.3855421686746988,0.6153846153846154,41.66994327073552,3.998435054773083,7,1153.0,639
90023,intermittent,floating 56d first,56,floating,first,0,0.34375,7.267011756449627,0.0045306691449814125,0.4588235294117647,1.0,19.662927835654276,3.427230046948357,6,544.0697542401335,639
90023,intermittent,anchored 56d first a0,56,anchored,first,0,0.34375,7.171018457148215,0.004879182156133829,0.5121951219512195,0.9880140542544816,18.173194763122172,3.427230046948357,6,502.8491021871748,639
90023,intermittent,anchored 56d start a0,56,anchored,start,0,0.34375,11.123224961220439,0.0033689591078066915,0.35365853658536583,0.989172981513038,32.95061705530211,5.140845070422535,9,911.7377774652472,639
90023,intermittent,anchored 56d end a0,56,anchored,end,0,0.34375,5.776849315068493,0.0036013011152416356,0.44285714285714284,0.3846153846153846,27.575166275430355,2.2848200312989047,4,763.0,639
84711A,intermittent,floating 7d first,7,floating,first,0,0.3409090909090909,15.09813698630137,0.008364312267657992,0.32727272727272727,1.0,0.4731113956466069,8.568075117370892,15,18.0,639
84711A,intermittent,anchored 7d first a0,7,anchored,first,0,0.3409090909090909,15.09813698630137,0.008248141263940521,0.32272727272727275,1.0,0.4731113956466069,8.568075117370892,15,18.0,639
84711A,intermittent,anchored 7d start a0,7,anchored,start,0,0.3409090909090909,15.468876712328766,0.00766728624535316,0.29596412556053814,1.0,2.2604211125337885,8.568075117370892,15,86.0,639
84711A,intermittent,anchored 7d end a0,7,anchored,end,0,0.3409090909090909,24.855479452054794,0.005343866171003717,0.4423076923076923,0.8529411764705882,86.07999004125764,3.998435054773083,7,3275.0,639
84711A,intermittent,floating 14d first,14,floating,first,0,0.3409090909090909,14.333392099004271,0.008480483271375464,0.3526570048309179,1.0,1.6072594767999402,7.996870109546166,14,61.14980710379854,639
84711A,intermittent,anchored 14d first a0,14,anchored,first,0,0.3409090909090909,14.196923258684023,0.00662174721189591,0.2753623188405797,1.0,0.9493529530769318,7.996870109546166,14,36.11909016063737,639
84711A,intermittent,anchored 14d start a0,14,anchored,start,0,0.3409090909090909,15.45326412064336,0.008015799256505576,0.33014354066985646,0.9976228427751719,7.006082439186552,7.996870109546166,14,266.5534693642343,639
84711A,intermittent,anchored 14d end a0,14,anchored,end,0,0.3409090909090909,30.896129126735485,0.004646840148698885,0.47058823529411764,0.7055639576534268,110.38060179257354,4.569640062597809,8,4199.541271989172,639
84711A,intermittent,floating 28d first,28,floating,first,0,0.3409090909090909,10.758196200676565,0.007551115241635688,0.436241610738255,0.9880009913512355,8.47613819898849,5.140845070422535,9,322.4832227371589,639
84711A,intermittent,anchored 28d first a0,28,anchored,first,0,0.3409090909090909,13.6945048386895,0.007318773234200744,0.3442622950819672,0.9960881529745553,3.348158180715653,7.42566510172144,13,127.38405332747132,639
84711A,intermittent,anchored 28d start a0,28,anchored,start,0,0.3409090909090909,15.61733817624692,0.007783457249070632,0.366120218579235,0.9703236540419777,12.618000247538065,7.42566510172144,13,480.06453986438464,639
84711A,intermittent,anchored 28d end a0,28,anchored,end,0,0.3409090909090909,25.58695890410959,0.004298327137546468,0.4457831325301205,0.6470588235294117,99.2482572200882,2.856025039123631,5,3776.0,639
84711A,intermittent,floating 56d first,56,floating,first,0,0.3409090909090909,11.515219462190018,0.007434944237918215,0.5663716814159292,1.0,21.767550257222673,3.998435054773083,7,828.1683938187722,639
84711A,intermittent,anchored 56d first a0,56,anchored,first,0,0.3409090909090909,11.908783843030445,0.005924721189591078,0.3893129770992366,0.9843413337581859,14.02303897313815,5.140845070422535,9,533.520654626187,639
84711A,intermittent,anchored 56d start a0,56,anchored,start,0,0.3409090909090909,17.22856313858629,0.006970260223048327,0.4918032786885246,0.9959904823943471,30.027457642933918,6.283255086071987,11,1142.4248972783898,639
84711A,intermittent,anchored 56d end a0,56,anchored,end,0,0.3409090909090909,8.933205479452054,0.005227695167286246,0.46875,0.4411764705882353,14.140773936548584,3.427230046948357,6,538.0,639
16156L,intermittent,floating 7d first,7,floating,first,0,0.23684210526315788,23.50523813331411,0.037987918215613384,0.9646017699115044,1.0,2.672573607129732,13.137715179968701,23,2195.3799840434426,639
16156L,intermittent,anchored 7d first a0,7,anchored,first,0,0.23684210526315788,25.017260273972603,0.04217007434944238,0.9603174603174603,1.0,0.0913021991598715,14.280125195618153,25,75.0,639
16156L,intermittent,anchored 7d start a0,7,anchored,start,0,0.23684210526315788,25.471780821917807,0.04217007434944238,0.9502617801047121,1.0,2.4955934437031546,14.280125195618153,25,2050.0,639
16156L,intermittent,anchored 7d end a0,7,anchored,end,0,0.23684210526315788,33.386398872967916,0.03241171003717472,0.9393939393939394,0.7710943297394037,44.36179062680177,14.280125195618153,25,36440.899864682026,639
16156L,intermittent,floating 14d first,14,floating,first,0,0.23684210526315788,19.809913484888384,0.028694237918215612,0.9762845849802372,1.0,4.2842241332275846,10.852895148669797,19,3519.2669283840396,639
16156L,intermittent,anchored 14d first a0,14,anchored,first,0,0.23684210526315788,24.07714405648803,0.037407063197026025,0.9333333333333333,1.0,0.4080712751518598,13.708920187793428,24,335.2092930729858,639
16156L,intermittent,anchored 14d start a0,14,anchored,start,0,0.23684210526315788,30.12157561157711,0.037407063197026025,0.9387755102040817,1.0,5.932832817347591,16.564945226917057,29,4873.513074114824,639
16156L,intermittent,anchored 14d end a0,14,anchored,end,0,0.23684210526315788,24.824422488738946,0.022304832713754646,0.9552238805970149,0.7741935483870968,67.83773988963019,6.854460093896714,12,55725.16914749662,639
16156L,intermittent,floating 28d first,28,floating,first,0,0.23684210526315788,19.6148210677626,0.022769516728624536,0.9560975609756097,1.0,8.541968393459085,10.28169014084507,18,7016.782020635098,639
16156L,intermittent,anchored 28d first a0,28,anchored,first,0,0.23684210526315788,19.240305682839647,0.027764869888475836,0.9446640316205533,0.9993906219753808,6.560882906812257,10.28169014084507,18,5389.42350281513,639
16156L,intermittent,anchored 28d start a0,28,anchored,start,0,0.23684210526315788,30.25569186810269,0.028229553903345726,0.9759036144578314,0.9995714544423802,11.932002267850365,15.993740219092333,28,9801.518236398599,639
16156L,intermittent,anchored 28d end a0,28,anchored,end,0,0.23684210526315788,20.786866739577732,0.021026951672862452,0.9282051282051282,0.6451612903225806,20.031504818383983,9.710485133020343,17,16454.837618403246,639
16156L,intermittent,floating 56d first,56,floating,first,0,0.23684210526315788,15.36215232268184,0.01812267657992565,0.9811320754716981,1.0,23.074610563156448,6.283255086071987,11,18954.590449748473,639
16156L,intermittent,anchored 56d first a0,56,anchored,first,0,0.23684210526315788,15.36052682913321,0.0191682156133829,0.9482758620689655,0.9991675060531138,12.486550967721463,7.42566510172144,13,10257.051102781212,639
16156L,intermittent,anchored 56d start a0,56,anchored,start,0,0.23684210526315788,30.683003474486316,0.017774163568773236,0.9503105590062112,0.9995834445124286,24.771826714489013,14.85133020344288,26,20348.765097470307,639
16156L,intermittent,anchored 56d end a0,56,anchored,end,0,0.23684210526315788,11.626706953120657,0.013592007434944238,0.8731343283582089,0.44257715308394086,13.894572111028747,5.140845070422535,9,11413.667117726658,639
22033,intermittent,floating 7d first,7,floating,first,0,0.2173374613003096,38.524496891430445,0.05692379182156134,0.9176029962546817,1.0,1.632027793524035,21.705790297339593,38,2279.063873477539,639
22033,intermittent,anchored 7d first a0,7,anchored,first,0,0.2173374613003096,41.3698301369863,0.0625,0.8848684210526315,1.0,1.1507657572542238,23.419405320813773,41,1607.0,639
22033,intermittent,anchored 7d start a0,7,anchored,start,0,0.2173374613003096,40.81399452054794,0.059247211895910784,0.8388157894736842,1.0,2.5328304190467885,22.848200312989047,40,3537.0,639
22033,intermittent,anchored 7d end a0,7,anchored,end,0,0.2173374613003096,44.83816491000427,0.05483271375464684,0.8872180451127819,0.7788632326820604,21.277676516616037,21.705790297339593,38,29713.454668470906,639
22033,intermittent,floating 14d first,14,floating,first,0,0.2173374613003096,27.61471584927728,0.03880111524163569,0.9226519337016574,1.0,5.0243598917759265,14.85133020344288,26,7016.324821264384,639
22033,intermittent,anchored 14d first a0,14,anchored,first,0,0.2173374613003096,31.036962687888245,0.04228624535315985,0.9238578680203046,0.9998629675406864,3.226619557011091,17.136150234741784,30,4505.849774752491,639
22033,intermittent,anchored 14d start a0,14,anchored,start,0,0.2173374613003096,31.565876712321163,0.04054368029739777,0.916010498687664,0.9990318036688873,4.872391729091999,17.136150234741784,30,6804.107142824096,639
22033,intermittent,anchored 14d end a0,14,anchored,end,0,0.2173374613003096,35.062616657089364,0.03531598513011153,0.926829268292683,0.7385598607883055,18.864475743348983,16.564945226917057,29,26343.512855209745,639
22033,intermittent,floating 28d first,28,floating,first,0,0.2173374613003096,20.305924548541466,0.028694237918215612,0.9320754716981132,0.9995849027900658,10.286735411907657,9.710485133020343,17,14365.029288305173,639
22033,intermittent,anchored 28d first a0,28,anchored,first,0,0.2173374613003096,24.27276853998818,0.027067843866171004,0.9031007751937985,0.9998177406855799,7.071960742020197,12.566510172143975,22,9875.720441615309,639
22033,intermittent,anchored 28d start a0,28,anchored,start,0,0.2173374613003096,28.772964323573138,0.024395910780669144,0.8898305084745762,0.9998770511315861,11.739979284248092,14.280125195618153,25,16394.428310764233,639
22033,intermittent,anchored 28d end a0,28,anchored,end,0,0.2173374613003096,21.93178082191781,0.01754182156133829,0.9320987654320988,0.6891651865008881,18.45736614388775,9.139280125195619,16,25775.0,639
22033,intermittent,floating 56d first,56,floating,first,0,0.2173374613003096,14.61648679098598,0.017657992565055763,0.987012987012987,1.0,23.699507728247752,3.998435054773083,7,33095.448556070034,639
22033,intermittent,anchored 56d first a0,56,anchored,first,0,0.2173374613003096,18.766597817778766,0.019052044609665426,0.9820359281437125,1.0,14.831775452376627,7.996870109546166,14,20712.00242249106,639
22033,intermittent,anchored 56d start a0,56,anchored,start,0,0.2173374613003096,27.311902775904016,0.01428903345724907,0.9111111111111111,1.0,19.640155983008125,11.995305164319248,21,27426.72039529721,639
22033,intermittent,anchored 56d end a0,56,anchored,end,0,0.2173374613003096,14.643353424657533,0.012430297397769517,0.9304347826086956,0.48490230905861453,8.225074976864974,6.854460093896714,12,11486.0,639
79534,intermittent,floating 7d first,7,floating,first,0,0.2564102564102564,6.029030665824172,0.008596654275092937,0.7551020408163265,1.0,0.9521708776805269,3.427230046948357,6,96.32902750748204,639
79534,intermittent,anchored 7d first a0,7,anchored,first,0,0.2564102564102564,8.001808219178082,0.011268587360594795,0.7950819672131147,1.0,0.05930741142008748,4.569640062597809,8,6.0,639
79534,intermittent,anchored 7d start a0,7,anchored,start,0,0.2564102564102564,8.059671232876711,0.010223048327137546,0.7272727272727273,1.0,1.9571445768628868,4.569640062597809,8,198.0,639
79534,intermittent,anchored 7d end a0,7,anchored,end,0,0.2564102564102564,9.106164383561644,0.009177509293680297,0.8586956521739131,0.6712328767123288,134.67724676644866,2.856025039123631,5,13625.0,639
79534,intermittent,floating 14d first,14,floating,first,0,0.2564102564102564,7.026567714528559,0.008480483271375464,0.7684210526315789,1.0,0.8713890412930151,3.998435054773083,7,88.15650729930945,639
79534,intermittent,anchored 14d first a0,14,anchored,first,0,0.2564102564102564,7.017504888454343,0.010106877323420074,0.8055555555555556,1.0,0.5741392603332113,3.998435054773083,7,58.0844025985005,639
79534,intermittent,anchored 14d start a0,14,anchored,start,0,0.2564102564102564,8.121515016347978,0.010223048327137546,0.7927927927927928,0.9988415086850395,3.9855461968452786,4.569640062597809,8,403.2089178819263,639
79534,intermittent,anchored 14d end a0,14,anchored,end,0,0.2564102564102564,6.675570356090235,0.007899628252788104,0.7640449438202247,0.6794261033977793,54.956689806455024,2.856025039123631,5,5559.847090663054,639
79534,intermittent,floating 28d first,28,floating,first,0,0.2564102564102564,5.156870663267998,0.007551115241635688,0.8666666666666667,1.0,5.145168837355564,2.856025039123631,5,520.5253826619946,639
79534,intermittent,anchored 28d first a0,28,anchored,first,0,0.2564102564102564,6.02670539438875,0.00929368029739777,0.851063829787234,0.9936682835987461,0.8759047749007488,3.427230046948357,6,88.6133541081254,639
79534,intermittent,anchored 28d start a0,28,anchored,start,0,0.2564102564102564,7.348751422964478,0.00871282527881041,0.8333333333333334,1.0,11.438626675242055,3.998435054773083,7,1157.2206307457668,639
79534,intermittent,anchored 28d end a0,28,anchored,end,0,0.2564102564102564,5.601726027397261,0.006273234200743495,0.7941176470588235,0.6164383561643836,85.33348046493587,1.7136150234741785,3,8633.0,639
79534,intermittent,floating 56d first,56,floating,first,0,0.2564102564102564,3.7231562951896175,0.006157063197026022,0.9464285714285714,1.0,23.718655592030995,1.7136150234741785,3,2399.5640704019124,639
79534,intermittent,anchored 56d first a0,56,anchored,first,0,0.2564102564102564,6.300675991828756,0.006389405204460966,0.8333333333333334,1.0,9.861810430770861,3.427230046948357,6,997.6976092499618,639
79534,intermittent,anchored 56d start a0,56,anchored,start,0,0.2564102564102564,5.640111109698028,0.005692379182156134,0.9074074074074074,1.0,20.994873518427,2.856025039123631,5,2124.005045816181,639
79534,intermittent,anchored 56d end a0,56,anchored,end,0,0.2564102564102564,4.23495890410959,0.004995353159851301,0.8113207547169812,0.3835616438356164,73.30396051522813,1.1424100156494523,2,7416.0,639
84816,intermittent,floating 7d first,7,floating,first,0,0.3333333333333333,13.437808219178082,0.006389405204460966,0.29891304347826086,1.0,0.7009057713283066,7.42566510172144,13,20.0,639
84816,intermittent,anchored 7d first a0,7,anchored,first,0,0.3333333333333333,15.043780821917808,0.006273234200743495,0.2571428571428571,1.0,0.07009057713283066,8.568075117370892,15,2.0,639
84816,intermittent,anchored 7d start a0,7,anchored,start,0,0.3333333333333333,15.291534246575342,0.0070864312267657995,0.2863849765258216,1.0,2.0676720254185046,7.996870109546166,14,59.0,639
84816,intermittent,anchored 7d end a0,7,anchored,end,0,0.3333333333333333,63.594684931506855,0.004995353159851301,0.39090909090909093,0.7586206896551724,87.40294968463984,5.140845070422535,9,2494.0,639
84816,intermittent,floating 14d first,14,floating,first,0,0.3333333333333333,12.645501346303753,0.006505576208178439,0.32748538011695905,1.0,1.0334105190484333,6.854460093896714,12,29.4878587485444,639
84816,intermittent,anchored 14d first a0,14,anchored,first,0,0.3333333333333333,14.262684931506849,0.006157063197026022,0.26903553299492383,1.0,0.42054346279698396,7.996870109546166,14,12.0,639
84816,intermittent,anchored 14d start a0,14,anchored,start,0,0.3333333333333333,16.47573906109908,0.007434944237918215,0.32,0.9603325040561238,5.564458273828441,7.42566510172144,13,158.77906849826837,639
84816,intermittent,anchored 14d end a0,14,anchored,end,0,0.3333333333333333,45.486383561643834,0.006389405204460966,0.3353658536585366,0.6896551724137931,47.206003698961446,9.139280125195619,16,1347.0,639
84816,intermittent,floating 28d first,28,floating,first,0,0.3333333333333333,14.65813104005765,0.006273234200743495,0.4153846153846154,0.9768322869569498,9.058342276792917,5.140845070422535,9,258.4753228562006,639
84816,intermittent,anchored 28d first a0,28,anchored,first,0,0.3333333333333333,13.462836390574923,0.006389405204460966,0.29891304347826086,1.0,0.7409744338371389,7.42566510172144,13,21.14333949434878,639
84816,intermittent,anchored 28d start a0,28,anchored,start,0,0.3333333333333333,21.326444122656294,0.007783457249070632,0.3785310734463277,0.9808777578067682,14.931100480052427,6.854460093896714,12,426.0515775681536,639
84816,intermittent,anchored 28d end a0,28,anchored,end,0,0.3333333333333333,38.040602739726026,0.004879182156133829,0.358974358974359,0.6206896551724138,49.69421918717694,3.998435054773083,7,1418.0,639
84816,intermittent,floating 56d first,56,floating,first,0,0.3333333333333333,21.280968319515907,0.007899628252788104,0.6296296296296297,0.9916851069803816,22.863008680140638,3.998435054773083,7,652.3846604034176,639
84816,intermittent,anchored 56d first a0,56,anchored,first,0,0.3333333333333333,15.849611526697885,0.0060408921933085506,0.41935483870967744,0.9961868785815554,10.965833988755293,5.140845070422535,9,312.9046567264991,639
84816,intermittent,anchored 56d start a0,56,anchored,start,0,0.3333333333333333,30.47622543734037,0.006389405204460966,0.45081967213114754,0.9973527970026328,27.97843149921305,7.42566510172144,13,798.350723983634,639
84816,intermittent,anchored 56d end a0,56,anchored,end,0,0.3333333333333333,32.25356164383562,0.0032527881040892194,0.4117647058823529,0.5172413793103448,43.63138426518708,2.856025039123631,5,1245.0,639
22827,intermittent,floating 7d first,7,floating,first,0,0.3018867924528302,44.71261988158051,0.011152416356877323,0.3735408560311284,0.999527170201527,5.964381635254233,11.424100156494523,20,273.33655323566313,639
22827,intermittent,anchored 7d first a0,7,anchored,first,0,0.3018867924528302,47.50961128515024,0.010106877323420074,0.25970149253731345,1.0,5.191336699441934,14.85133020344288,26,237.90933694181325,639
22827,intermittent,anchored 7d start a0,7,anchored,start,0,0.3018867924528302,59.35271284779506,0.010687732342007435,0.27218934911242604,1.0,8.049664865503292,14.85133020344288,26,368.9012178619756,639
22827,intermittent,anchored 7d end a0,7,anchored,end,0,0.3018867924528302,150.07019852818507,0.010455390334572491,0.3673469387755102,0.7547935762248832,31.633743762364546,10.852895148669797,19,1449.7158322056835,639
22827,intermittent,floating 14d first,14,floating,first,0,0.3018867924528302,53.79277010041439,0.008364312267657992,0.3103448275862069,0.9978990797428725,8.638571777689442,10.28169014084507,18,395.8897298985228,639
22827,intermittent,anchored 14d first a0,14,anchored,first,0,0.3018867924528302,53.78044867419716,0.01092007434944238,0.36153846153846153,0.989408800044497,7.911549119626214,11.995305164319248,21,362.571629275211,639
22827,intermittent,anchored 14d start a0,14,anchored,start,0,0.3018867924528302,74.51611196719463,0.009642193308550186,0.3192307692307692,0.9823423395577764,13.157443387253029,11.424100156494523,20,602.9812384250315,639
22827,intermittent,anchored 14d end a0,14,anchored,end,0,0.3018867924528302,182.5767215971231,0.009409851301115242,0.4576271186440678,0.7167513467970485,39.96188029645378,9.710485133020343,17,1831.3788903924224,639
22827,intermittent,floating 28d first,28,floating,first,0,0.3018867924528302,84.24614302466037,0.010106877323420074,0.5576923076923077,0.9929028511787126,16.95388054408624,7.996870109546166,14,776.9649152727586,639
22827,intermittent,anchored 28d first a0,28,anchored,first,0,0.3018867924528302,64.87351308839473,0.00871282527881041,0.39893617021276595,0.9968121283580588,12.036953871157452,8.568075117370892,15,551.6312811292144,639
22827,intermittent,anchored 28d start a0,28,anchored,start,0,0.3018867924528302,101.3688919881574,0.007434944237918215,0.35555555555555557,0.9957487235045425,21.086449650572188,7.996870109546166,14,966.35289623265,639
22827,intermittent,anchored 28d end a0,28,anchored,end,0,0.3018867924528302,147.55203440413737,0.00662174721189591,0.4672131147540984,0.603850179998468,32.23273392978415,7.996870109546166,14,1477.166441136671,639
22827,intermittent,floating 56d first,56,floating,first,0,0.3018867924528302,137.8709640539832,0.007783457249070632,0.7444444444444445,1.0,31.585658595970475,3.998435054773083,7,1447.5121781728444,639
22827,intermittent,anchored 56d first a0,56,anchored,first,0,0.3018867924528302,119.69427736536007,0.007783457249070632,0.5982142857142857,0.997881804104149,26.957372381933787,4.569640062597809,8,1235.406401162316,639
22827,intermittent,anchored 56d start a0,56,anchored,start,0,0.3018867924528302,204.91986205150587,0.0070864312267657995,0.5922330097087378,0.9982018296187078,46.319787466715105,7.42566510172144,13,2122.749989357565,639
22827,intermittent,anchored 56d end a0,56,anchored,end,0,0.3018867924528302,120.86436317126069,0.005808550185873606,0.5882352941176471,0.5095105573569586,26.515723270440255,6.283255086071987,11,1215.1664411366712,639
90011A,intermittent,floating 7d first,7,floating,first,0,0.3333333333333333,10.369075188611044,0.0006970260223048327,0.046153846153846156,0.976319350473613,17.544392279603542,5.712050078247262,10,227.55480378890388,639
90011A,intermittent,anchored 7d first a0,7,anchored,first,0,0.3333333333333333,10.369075188611044,0.0016263940520446097,0.10606060606060606,0.976319350473613,17.544392279603542,5.712050078247262,10,227.55480378890388,639
90011A,intermittent,anchored 7d start a0,7,anchored,start,0,0.3333333333333333,10.41448888724118,0.0013940520446096654,0.08888888888888889,0.976319350473613,19.70318205529473,5.712050078247262,10,255.55480378890388,639
90011A,intermittent,anchored 7d end a0,7,anchored,end,0,0.3333333333333333,9.81185875025488,0.0017425650557620818,0.14705882352941177,0.726319350473613,38.59259259259259,5.140845070422535,9,500.5548037889039,639
90011A,intermittent,floating 14d first,14,floating,first,0,0.3333333333333333,7.429146144909639,0.0017425650557620818,0.16304347826086957,0.964114797930183,20.39993081059958,3.998435054773083,7,264.5917954257064,639
90011A,intermittent,anchored 14d first a0,14,anchored,first,0,0.3333333333333333,8.392101135470556,0.002091078066914498,0.17307692307692307,0.9350648766979628,18.638955817816097,4.569640062597809,8,241.7515446735687,639
90011A,intermittent,anchored 14d start a0,14,anchored,start,0,0.3333333333333333,8.50178261613815,0.0015102230483271376,0.11926605504587157,0.9306104389708674,23.852784820740478,4.569640062597809,8,309.3761062338261,639
90011A,intermittent,anchored 14d end a0,14,anchored,end,0,0.3333333333333333,8.834565599569949,0.002091078066914498,0.22784810126582278,0.6429860171402797,39.67198748043818,4.569640062597809,8,514.5548037889039,639
90011A,intermittent,floating 28d first,28,floating,first,0,0.3333333333333333,7.526017342196128,0.0033689591078066915,0.3258426966292135,0.9751013358783517,25.004808998659335,3.998435054773083,7,324.3181248337615,639
90011A,intermittent,anchored 28d first a0,28,anchored,first,0,0.3333333333333333,7.455076195662536,0.001974907063197026,0.17894736842105263,0.9455472268995736,21.63254409991578,3.998435054773083,7,280.5790733392324,639
90011A,intermittent,anchored 28d start a0,28,anchored,start,0,0.3333333333333333,11.823107127439304,0.0011617100371747212,0.1111111111111111,0.9575878032681945,39.12729649012407,6.283255086071987,11,507.49003634349015,639
90011A,intermittent,anchored 28d end a0,28,anchored,end,0,0.3333333333333333,9.548208219178083,0.0015102230483271376,0.15294117647058825,0.5833333333333333,26.059676577986433,5.140845070422535,9,338.0,639
90011A,intermittent,floating 56d first,56,floating,first,0,0.3333333333333333,6.71148625253835,0.004065985130111524,0.44871794871794873,0.9730086322945052,33.82127626366363,3.427230046948357,6,438.6697334062461,639
90011A,intermittent,anchored 56d first a0,56,anchored,first,0,0.3333333333333333,5.541900562307276,0.0012778810408921933,0.15942028985507245,0.9334012558015123,25.75983521795617,2.856025039123631,5,334.11098858472246,639
90011A,intermittent,anchored 56d start a0,56,anchored,start,0,0.3333333333333333,7.020350879826903,0.0026719330855018587,0.3484848484848485,0.976319350473613,48.50349373495145,3.427230046948357,6,629.1014715148981,639
90011A,intermittent,anchored 56d end a0,56,anchored,end,0,0.3333333333333333,8.65038904109589,0.0018587360594795538,0.25,0.5833333333333333,30.916953573291597,4.569640062597809,8,401.0,639
90162D,intermittent,floating 7d first,7,floating,first,0,0.36666666666666664,9.027479452054795,0.004763011152416357,0.3203125,1.0,0.6553468961919665,5.140845070422535,9,17.0,639
90162D,intermittent,anchored 7d first a0,7,anchored,first,0,0.36666666666666664,10.008082191780822,0.005227695167286246,0.2980132450331126,1.0,0.1927490871152843,5.712050078247262,10,5.0,639
90162D,intermittent,anchored 7d start a0,7,anchored,start,0,0.36666666666666664,10.127698630136987,0.005692379182156134,0.3202614379084967,1.0,3.0454355764214918,5.712050078247262,10,79.0,639
90162D,intermittent,anchored 7d end a0,7,anchored,end,0,0.36666666666666664,11.829342465753426,0.004298327137546468,0.43023255813953487,0.7619047619047619,91.3245174752217,4.569640062597809,8,2369.0,639
90162D,intermittent,floating 14d first,14,floating,first,0,0.36666666666666664,8.128099426116332,0.004879182156133829,0.3620689655172414,1.0,3.0549940057725027,4.569640062597809,8,79.24795005501878,639
90162D,intermittent,anchored 14d first a0,14,anchored,first,0,0.36666666666666664,8.169177733401174,0.005808550185873606,0.43103448275862066,1.0,4.034654776528077,4.569640062597809,8,104.66080117191237,639
90162D,intermittent,anchored 14d start a0,14,anchored,start,0,0.36666666666666664,8.22754620933534,0.005692379182156134,0.4224137931034483,0.9728149383998506,5.426662137615102,4.569640062597809,8,140.77011255491408,639
90162D,intermittent,anchored 14d end a0,14,anchored,end,0,0.36666666666666664,7.202218992715073,0.0036013011152416356,0.4305555555555556,0.7619047619047619,52.519874804381836,2.856025039123631,5,1362.3897158322056,639
90162D,intermittent,floating 28d first,28,floating,first,0,0.36666666666666664,6.1856670423052025,0.005227695167286246,0.4891304347826087,0.9850329340743387,4.427901970433483,3.427230046948357,6,114.86181430745586,639
90162D,intermittent,anchored 28d first a0,28,anchored,first,0,0.36666666666666664,6.208893806726492,0.00383364312267658,0.36666666666666664,1.0,4.981828152866876,3.427230046948357,6,129.23091433079568,639
90162D,intermittent,anchored 28d start a0,28,anchored,start,0,0.36666666666666664,6.613251371303311,0.004879182156133829,0.4772727272727273,0.9702582519251732,14.625196381926084,3.427230046948357,6,379.3843229249297,639
90162D,intermittent,anchored 28d end a0,28,anchored,end,0,0.36666666666666664,10.514712328767125,0.0026719330855018587,0.46,0.6190476190476191,107.66964006259781,3.427230046948357,6,2793.0,639
90162D,intermittent,floating 56d first,56,floating,first,0,0.36666666666666664,6.393144096457959,0.005343866171003717,0.5822784810126582,1.0,9.375942535395856,3.427230046948357,6,243.21626306297506,639
90162D,intermittent,anchored 56d first a0,56,anchored,first,0,0.36666666666666664,6.208465326459318,0.0055762081784386614,0.5333333333333333,0.9885403225716708,4.971609491569998,3.427230046948357,6,128.9658375553408,639
90162D,intermittent,anchored 56d start a0,56,anchored,start,0,0.36666666666666664,9.810292909151755,0.005924721189591078,0.6710526315789473,0.9787546088062112,43.172980190626994,4.569640062597809,8,1119.9269692210007,639
90162D,intermittent,anchored 56d end a0,56,anchored,end,0,0.36666666666666664,5.5792602739726025,0.0031366171003717473,0.4153846153846154,0.4285714285714286,37.66317162232655,2.2848200312989047,4,977.0,639
90054,intermittent,floating 7d first,7,floating,first,0,0.3157894736842105,11.009742465753424,0.0037174721189591076,0.21476510067114093,1.0,0.42607692941273373,6.283255086071987,11,7.0,639
90054,intermittent,anchored 7d first a0,7,anchored,first,0,0.3157894736842105,12.00556712328767,0.0024395910780669145,0.12962962962962962,1.0,0.2434725310929907,6.854460093896714,12,4.0,639
90054,intermittent,anchored 7d start a0,7,anchored,start,0,0.3157894736842105,12.062630136986302,0.0026719330855018587,0.1377245508982036,1.0,2.7390659747961457,6.854460093896714,12,45.0,639
90054,intermittent,anchored 7d end a0,7,anchored,end,0,0.3157894736842105,12.091719280034107,0.0027881040892193307,0.21428571428571427,0.8,47.745243390165555,6.283255086071987,11,784.4046008119079,639
90054,intermittent,floating 14d first,14,floating,first,0,0.3157894736842105,10.040801453462187,0.0027881040892193307,0.17391304347826086,0.975427581919383,1.7844104815697532,5.712050078247262,10,29.31600494822513,639
90054,intermittent,anchored 14d first a0,14,anchored,first,0,0.3157894736842105,10.027066159431183,0.002904275092936803,0.18115942028985507,0.9971648313383993,1.1837112280718245,5.712050078247262,10,19.447142110987848,639
90054,intermittent,anchored 14d start a0,14,anchored,start,0,0.3157894736842105,10.106702144242437,0.0024395910780669145,0.1510791366906475,0.9678824084317388,4.666510833213944,5.712050078247262,10,76.66591072537278,639
90054,intermittent,anchored 14d end a0,14,anchored,end,0,0.3157894736842105,10.922172502641482,0.0030204460966542753,0.2549019607843137,0.6614343707713127,40.330285808417806,5.712050078247262,10,662.5845737483094,639
90054,intermittent,floating 28d first,28,floating,first,0,0.3157894736842105,9.105078954043526,0.0031366171003717473,0.24107142857142858,0.9830172009173443,4.595522244358866,5.140845070422535,9,75.49964217694315,639
90054,intermittent,anchored 28d first a0,28,anchored,first,0,0.3157894736842105,9.070658058672787,0.0024395910780669145,0.1693548387096774,1.0,3.090159045925615,5.140845070422535,9,50.76809333773057,639
90054,intermittent,anchored 28d start a0,28,anchored,start,0,0.3157894736842105,9.179711191017233,0.001974907063197026,0.13934426229508196,0.9501258781832652,7.859487976420329,5.140845070422535,9,129.12319827025604,639
90054,intermittent,anchored 28d end a0,28,anchored,end,0,0.3157894736842105,6.489291000426344,0.0022072490706319704,0.18811881188118812,0.4,21.398649205172553,3.427230046948357,6,351.5575101488498,639
90054,intermittent,floating 56d first,56,floating,first,0,0.3157894736842105,6.444190477601436,0.0025557620817843866,0.2857142857142857,0.9877342046305764,19.426223254032703,3.427230046948357,6,319.1526069380393,639
90054,intermittent,anchored 56d first a0,56,anchored,first,0,0.3157894736842105,7.1886698647891265,0.002904275092936803,0.2808988764044944,0.9564580800141556,8.251286552771184,3.998435054773083,7,135.56004064573062,639
90054,intermittent,anchored 56d start a0,56,anchored,start,0,0.3157894736842105,8.622281074142057,0.0016263940520446097,0.15217391304347827,0.9554529235281927,27.214836162898898,4.569640062597809,8,447.11140169655687,639
90054,intermittent,anchored 56d end a0,56,anchored,end,0,0.3157894736842105,5.889347945205479,0.0016263940520446097,0.19718309859154928,0.4,38.89473684210526,2.856025039123631,5,639.0,639
22049,intermittent,floating 7d first,7,floating,first,0,0.23448275862068965,27.361582142590095,0.02532527881040892,0.9688888888888889,1.0,28.6875915945291,10.28169014084507,18,89920.4600538259,639
22049,intermittent,anchored 7d first a0,7,anchored,first,0,0.23448275862068965,28.18411403785197,0.027764869888475836,0.9598393574297188,1.0,28.143759106362317,10.852895148669797,19,88215.83220568337,639
22049,intermittent,anchored 7d start a0,7,anchored,start,0,0.23448275862068965,28.39233321593416,0.028229553903345726,0.9759036144578314,1.0,28.781825049916364,10.852895148669797,19,90215.83220568337,639
22049,intermittent,anchored 7d end a0,7,anchored,end,0,0.23448275862068965,25.086571820490484,0.022072490706319704,0.9743589743589743,0.7763386816160835,40.10243375964601,6.854460093896714,12,125699.9661705007,639
22049,intermittent,floating 14d first,14,floating,first,0,0.23448275862068965,21.509537385102426,0.015683085501858735,0.9782608695652174,1.0,32.20538064603668,6.283255086071987,11,100946.8722516417,639
22049,intermittent,anchored 14d first a0,14,anchored,first,0,0.23448275862068965,24.14984201821808,0.017193308550185873,0.9866666666666667,0.9999397116395892,31.10313172844427,7.996870109546166,14,97491.90359604209,639
22049,intermittent,anchored 14d start a0,14,anchored,start,0,0.23448275862068965,23.727264238342443,0.016263940520446097,0.9790209790209791,1.0,32.87258186798564,7.42566510172144,13,103038.19597355241,639
22049,intermittent,anchored 14d end a0,14,anchored,end,0,0.23448275862068965,21.77153762025692,0.012197955390334572,1.0,0.7518796992481203,45.26583562678755,3.998435054773083,7,141884.5060893099,639
22049,intermittent,floating 28d first,28,floating,first,0,0.23448275862068965,20.003684325031365,0.00987453531598513,0.9883720930232558,1.0,39.8484336791247,3.998435054773083,7,124903.80996411703,639
22049,intermittent,anchored 28d first a0,28,anchored,first,0,0.23448275862068965,21.19467985636157,0.010106877323420074,0.9560439560439561,1.0,37.36932390453195,5.140845070422535,9,117133.10914663086,639
22049,intermittent,anchored 28d start a0,28,anchored,start,0,0.23448275862068965,22.90742794389996,0.009061338289962825,0.975,1.0,39.55346604350441,5.712050078247262,10,123979.24209272329,639
22049,intermittent,anchored 28d end a0,28,anchored,end,0,0.23448275862068965,25.91465753424658,0.006273234200743495,0.9818181818181818,0.5789473684210527,54.897598618531106,4.569640062597809,8,172075.0,639
22049,intermittent,floating 56d first,56,floating,first,0,0.23448275862068965,20.10811074095897,0.006157063197026022,1.0,1.0,49.36162448372506,2.2848200312989047,4,154722.64264342168,639
22049,intermittent,anchored 56d first a0,56,anchored,first,0,0.23448275862068965,20.074098695115424,0.008248141263940521,1.0,1.0,43.12860681846872,3.427230046948357,6,135185.42167676653,639
22049,intermittent,anchored 56d start a0,56,anchored,start,0,0.23448275862068965,25.765303297893777,0.006157063197026022,1.0,1.0,60.56870944627498,3.427230046948357,6,189850.93957187442,639
22049,intermittent,anchored 56d end a0,56,anchored,end,0,0.23448275862068965,21.537260273972606,0.004879182156133829,0.9333333333333333,0.48120300751879697,53.74110409583941,2.2848200312989047,4,168450.0,639
90019C,intermittent,floating 7d first,7,floating,first,0,0.2619047619047619,17.8029134372625,0.0055762081784386614,0.21333333333333335,1.0,7.322751322751324,9.710485133020343,17,265.937753721245,639
90019C,intermittent,anchored 7d first a0,7,anchored,first,0,0.2619047619047619,18.790836724933733,0.005808550185873606,0.20833333333333334,1.0,7.212608987256876,10.28169014084507,18,261.937753721245,639
90019C,intermittent,anchored 7d start a0,7,anchored,start,0,0.2619047619047619,18.933906545312993,0.0060408921933085506,0.21487603305785125,1.0,8.517437961099935,10.28169014084507,18,309.3247631935048,639
90019C,intermittent,anchored 7d end a0,7,anchored,end,0,0.2619047619047619,20.139689443342544,0.006970260223048327,0.40816326530612246,0.7681260639923178,37.75489976898431,9.139280125195619,16,1371.1312584573761,639
90019C,intermittent,floating 14d first,14,floating,first,0,0.2619047619047619,16.011652799680093,0.00546003717472119,0.23857868020304568,0.9917197289893026,9.22650130539605,8.568075117370892,15,335.0755643223535,639
90019C,intermittent,anchored 14d first a0,14,anchored,first,0,0.2619047619047619,17.8029134372625,0.004763011152416357,0.18385650224215247,1.0,7.322751322751324,9.710485133020343,17,265.937753721245,639
90019C,intermittent,anchored 14d start a0,14,anchored,start,0,0.2619047619047619,19.436865738346714,0.005343866171003717,0.20535714285714285,0.9870131685995625,13.104539042176409,10.28169014084507,18,475.91288066837683,639
90019C,intermittent,anchored 14d end a0,14,anchored,end,0,0.2619047619047619,18.71642028657757,0.006737918215613383,0.4027777777777778,0.6968003841285085,33.894589760786964,8.568075117370892,15,1230.9377537212458,639
90019C,intermittent,floating 28d first,28,floating,first,0,0.2619047619047619,12.660342799192117,0.00871282527881041,0.5434782608695652,0.985301705929049,15.142700152656404,6.283255086071987,11,549.9320523639954,639
90019C,intermittent,anchored 28d first a0,28,anchored,first,0,0.2619047619047619,15.091287683509416,0.00546003717472119,0.2554347826086957,1.0,9.952789375610124,7.996870109546166,14,361.45190969232,639
90019C,intermittent,anchored 28d start a0,28,anchored,start,0,0.2619047619047619,14.166677901243576,0.005692379182156134,0.28160919540229884,0.9801064471425298,19.760590284056146,6.854460093896714,12,717.6383248220552,639
90019C,intermittent,anchored 28d end a0,28,anchored,end,0,0.2619047619047619,20.667649315068495,0.006505576208178439,0.4148148148148148,0.6774193548387097,42.570012668604214,9.139280125195619,16,1546.0,639
90019C,intermittent,floating 56d first,56,floating,first,0,0.2619047619047619,11.704397796866473,0.00662174721189591,0.5533980582524272,0.9845601530893443,33.784941947773824,4.569640062597809,8,1226.9557131182055,639
90019C,intermittent,anchored 56d first a0,56,anchored,first,0,0.2619047619047619,11.43945741174445,0.004646840148698885,0.3305785123966942,0.9948311372499015,22.248400835776547,5.140845070422535,9,807.9872552511109,639
90019C,intermittent,anchored 56d start a0,56,anchored,start,0,0.2619047619047619,12.74793264394704,0.0055762081784386614,0.44036697247706424,0.9924874637157677,34.18198955496287,5.140845070422535,9,1241.375149764673,639
90019C,intermittent,anchored 56d end a0,56,anchored,end,0,0.2619047619047619,16.442926027397263,0.004298327137546468,0.5068493150684932,0.5806451612903225,58.760935986288096,5.712050078247262,10,2134.0,639
22824,intermittent,floating 7d first,7,floating,first,0,0.2857142857142857,34.1146872246119,0.010803903345724907,0.2672413793103448,0.9973035015067422,6.630141806662327,15.422535211267606,27,361.17675062355255,639
22824,intermittent,anchored 7d first a0,7,anchored,first,0,0.2857142857142857,34.812340741839215,0.010339219330855019,0.2479108635097493,1.0,6.3483866159922515,15.993740219092333,28,345.82814614343715,639
22824,intermittent,anchored 7d start a0,7,anchored,start,0,0.2857142857142857,37.42908651083471,0.012894981412639405,0.30494505494505497,1.0,8.786919045135008,15.993740219092333,28,478.6671177266577,639
22824,intermittent,anchored 7d end a0,7,anchored,end,0,0.2857142857142857,54.341765399373465,0.011733271375464684,0.3568904593639576,0.7619047619047619,30.139131082793057,12.566510172143975,22,1641.8281461434372,639
22824,intermittent,floating 14d first,14,floating,first,0,0.2857142857142857,32.26380588341035,0.011617100371747211,0.4032258064516129,0.9924529268619353,11.428579996477051,11.424100156494523,20,622.5715086849481,639
22824,intermittent,anchored 14d first a0,14,anchored,first,0,0.2857142857142857,31.09800667637984,0.011733271375464684,0.3543859649122807,0.9930711050663297,8.47838738626341,12.566510172143975,22,461.8598660470989,639
22824,intermittent,anchored 14d start a0,14,anchored,start,0,0.2857142857142857,38.33845288639435,0.01150092936802974,0.34615384615384615,0.9947482345448595,14.293828318946385,13.137715179968701,23,778.6558141215489,639
22824,intermittent,anchored 14d end a0,14,anchored,end,0,0.2857142857142857,43.874718297588345,0.009990706319702601,0.3628691983122363,0.7548381553794272,18.521151600963776,13.708920187793428,24,1008.9391069012162,639
22824,intermittent,floating 28d first,28,floating,first,0,0.2857142857142857,39.92485582873107,0.013940520446096654,0.6896551724137931,1.0,24.159244817840825,7.996870109546166,14,1316.0740441567227,639
22824,intermittent,anchored 28d first a0,28,anchored,first,0,0.2857142857142857,32.21848660906457,0.008945167286245352,0.4074074074074074,0.9929699690382202,16.977717488833935,7.996870109546166,14,924.8605858565463,639
22824,intermittent,anchored 28d start a0,28,anchored,start,0,0.2857142857142857,37.69000144215004,0.008248141263940521,0.39664804469273746,0.9789335943795834,21.144700027629643,8.568075117370892,15,1151.8568186905095,639
22824,intermittent,anchored 28d end a0,28,anchored,end,0,0.2857142857142857,46.45995718019539,0.008131970260223048,0.5185185185185185,0.6856111862877763,30.249273418287505,7.996870109546166,14,1647.8281461434372,639
22824,intermittent,floating 56d first,56,floating,first,0,0.2857142857142857,48.782661297852975,0.010571561338289962,0.8053097345132744,0.9977251407622485,38.93705523781736,3.998435054773083,7,2121.094766859017,639
22824,intermittent,anchored 56d first a0,56,anchored,first,0,0.2857142857142857,42.85152905936792,0.008248141263940521,0.6173913043478261,0.9934332028365206,29.682282264229123,6.283255086071987,11,1616.9413222071335,639
22824,intermittent,anchored 56d start a0,56,anchored,start,0,0.2857142857142857,53.81232220897152,0.006505576208178439,0.6153846153846154,0.9995445356759972,41.760381243960026,5.140845070422535,9,2274.8953555319335,639
22824,intermittent,anchored 56d end a0,56,anchored,end,0,0.2857142857142857,32.713765399373465,0.004879182156133829,0.6461538461538462,0.43164293231952233,22.09874059169834,5.140845070422535,9,1203.8281461434372,639
84313A,intermittent,floating 7d first,7,floating,first,0,0.2631578947368421,10.13018680234917,0.00546003717472119,0.3333333333333333,1.0,1.701378272535631,5.712050078247262,10,55.90374453817347,639
84313A,intermittent,anchored 7d first a0,7,anchored,first,0,0.2631578947368421,13.004657534246576,0.007318773234200744,0.35,1.0,0.06086813277324767,7.42566510172144,13,2.0,639
84313A,intermittent,anchored 7d start a0,7,anchored,start,0,0.2631578947368421,13.139726027397261,0.007318773234200744,0.34615384615384615,1.0,1.8260439831974302,7.42566510172144,13,60.0,639
84313A,intermittent,anchored 7d end a0,7,anchored,end,0,0.2631578947368421,17.539178082191782,0.007202602230483271,0.39490445859872614,0.7333333333333334,85.45885841363975,6.283255086071987,11,2808.0,639
84313A,intermittent,floating 14d first,14,floating,first,0,0.2631578947368421,7.417365937015408,0.004995353159851301,0.44329896907216493,0.9907901021945807,5.454449484287605,3.998435054773083,7,179.22184354191018,639
84313A,intermittent,anchored 14d first a0,14,anchored,first,0,0.2631578947368421,10.095815865339702,0.0070864312267657995,0.45185185185185184,1.0,1.2521932216749514,5.712050078247262,10,41.14445982234258,639
84313A,intermittent,anchored 14d start a0,14,anchored,start,0,0.2631578947368421,10.330020884947245,0.0070864312267657995,0.4485294117647059,0.9967593595511999,4.3129591709785124,5.712050078247262,10,141.71485059499355,639
84313A,intermittent,anchored 14d end a0,14,anchored,end,0,0.2631578947368421,13.089726027397262,0.005343866171003717,0.4423076923076923,0.7,79.58508360102134,3.998435054773083,7,2615.0,639
84313A,intermittent,floating 28d first,28,floating,first,0,0.2631578947368421,6.533996379561353,0.005808550185873606,0.6493506493506493,1.0,6.978663131779129,3.427230046948357,6,229.30432769399297,639
84313A,intermittent,anchored 28d first a0,28,anchored,first,0,0.2631578947368421,7.687997077518463,0.005808550185873606,0.5617977528089888,1.0,8.991259160958862,3.998435054773083,7,295.43403916969294,639
84313A,intermittent,anchored 28d start a0,28,anchored,start,0,0.2631578947368421,7.115755802799685,0.005343866171003717,0.5476190476190477,1.0,14.58152935692733,3.427230046948357,6,479.11866826104114,639
84313A,intermittent,anchored 28d end a0,28,anchored,end,0,0.2631578947368421,6.4028767123287675,0.00546003717472119,0.5662650602409639,0.6666666666666667,5.2650934848859245,3.427230046948357,6,173.0,639
84313A,intermittent,floating 56d first,56,floating,first,0,0.2631578947368421,6.186519860806897,0.0032527881040892194,0.8484848484848485,1.0,54.712565330637,1.1424100156494523,2,1797.7408814053147,639
84313A,intermittent,anchored 56d first a0,56,anchored,first,0,0.2631578947368421,6.1151474070924605,0.004995353159851301,0.6615384615384615,0.9855347928201635,14.573578387868276,2.856025039123631,5,478.8574159867625,639
84313A,intermittent,anchored 56d start a0,56,anchored,start,0,0.2631578947368421,7.6374469628112145,0.004414498141263941,0.6666666666666666,1.0,34.46812485229352,2.856025039123631,5,1132.5507546189328,639
84313A,intermittent,anchored 56d end a0,56,anchored,end,0,0.2631578947368421,16.506438356164384,0.0031366171003717473,0.6136363636363636,0.4,150.37472201630837,2.856025039123631,5,4941.0,639
90003D,intermittent,floating 7d first,7,floating,first,0,0.38333333333333336,14.163157358147812,0.007202602230483271,0.3147208121827411,1.0,1.5304903495044337,7.996870109546166,14,79.40324763193505,639
90003D,intermittent,anchored 7d first a0,7,anchored,first,0,0.38333333333333336,15.15493818006562,0.0070864312267657995,0.291866028708134,1.0,1.4533907146583203,8.568075117370892,15,75.40324763193505,639
90003D,intermittent,anchored 7d start a0,7,anchored,start,0,0.38333333333333336,15.30493818006562,0.008945167286245352,0.3632075471698113,1.0,2.8604590505998955,8.568075117370892,15,148.40324763193505,639
90003D,intermittent,anchored 7d end a0,7,anchored,end,0,0.38333333333333336,22.02892561217491,0.006389405204460966,0.4296875,0.7462035784092618,56.554068857589975,9.139280125195619,16,2934.077131258457,639
90003D,intermittent,floating 14d first,14,floating,first,0,0.38333333333333336,11.396324505282555,0.007899628252788104,0.4358974358974359,0.9961594114915876,3.7177044142719495,6.283255086071987,11,192.87792590417666,639
90003D,intermittent,anchored 14d first a0,14,anchored,first,0,0.38333333333333336,14.163157358147812,0.007318773234200744,0.3181818181818182,1.0,1.5304903495044337,7.996870109546166,14,79.40324763193505,639
90003D,intermittent,anchored 14d start a0,14,anchored,start,0,0.38333333333333336,15.683963273748466,0.008945167286245352,0.3869346733668342,0.9934689589084319,6.415887102922712,8.568075117370892,15,332.862126557587,639
90003D,intermittent,anchored 14d end a0,14,anchored,end,0,0.38333333333333336,15.833720132722856,0.006389405204460966,0.5188679245283019,0.6906480228537062,54.72295252999477,5.712050078247262,10,2839.077131258457,639
90003D,intermittent,floating 28d first,28,floating,first,0,0.38333333333333336,10.843584749387336,0.00987453531598513,0.5985915492957746,0.9944097702127594,7.913209263640871,5.712050078247262,10,410.5445780351705,639
90003D,intermittent,anchored 28d first a0,28,anchored,first,0,0.38333333333333336,12.296809272493402,0.008015799256505576,0.39655172413793105,0.9947365742585954,2.784206194262129,6.854460093896714,12,144.44717928012182,639
90003D,intermittent,anchored 28d start a0,28,anchored,start,0,0.38333333333333336,15.224473373996906,0.008015799256505576,0.39655172413793105,0.9865451454935711,11.486118085030627,7.996870109546166,14,595.9103753451614,639
90003D,intermittent,anchored 28d end a0,28,anchored,end,0,0.38333333333333336,11.821917808219178,0.007202602230483271,0.5254237288135594,0.6111111111111112,35.85133020344288,4.569640062597809,8,1860.0,639
90003D,intermittent,floating 56d first,56,floating,first,0,0.38333333333333336,8.083579044657268,0.005343866171003717,0.6133333333333333,0.9946418875653518,19.544920661124273,3.427230046948357,6,1014.0084683998709,639
90003D,intermittent,anchored 56d first a0,56,anchored,first,0,0.38333333333333336,8.593309411907788,0.006505576208178439,0.5714285714285714,0.9946735213798854,14.945968152354274,3.998435054773083,7,775.4105804617901,639
90003D,intermittent,anchored 56d start a0,56,anchored,start,0,0.38333333333333336,14.300935339842834,0.006157063197026022,0.5698924731182796,0.9967915323835745,30.964277304555978,6.283255086071987,11,1606.4551987235131,639
90003D,intermittent,anchored 56d end a0,56,anchored,end,0,0.38333333333333336,9.81986301369863,0.004646840148698885,0.43010752688172044,0.5833333333333333,35.83205529473135,3.427230046948357,6,1859.0,639
90122A,intermittent,floating 7d first,7,floating,first,0,0.30357142857142855,19.107871615012396,0.009409851301115242,0.29347826086956524,1.0,0.8188537647325399,10.852895148669797,19,39.650694339904206,639
90122A,intermittent,anchored 7d first a0,7,anchored,first,0,0.30357142857142855,20.08433698630137,0.008480483271375464,0.24745762711864408,1.0,0.64020232506148,11.424100156494523,20,31.0,639
90122A,intermittent,anchored 7d start a0,7,anchored,start,0,0.30357142857142855,20.38631780821918,0.008248141263940521,0.23986486486486486,1.0,2.9325396825396823,11.424100156494523,20,142.0,639
90122A,intermittent,anchored 7d end a0,7,anchored,end,0,0.30357142857142855,18.254142465753425,0.00662174721189591,0.4318181818181818,0.8297872340425532,62.6572211044042,5.712050078247262,10,3034.0,639
90122A,intermittent,floating 14d first,14,floating,first,0,0.30357142857142855,16.396766733446388,0.009526022304832713,0.3761467889908257,1.0,3.011857506405814,9.139280125195619,16,145.84074290828912,639
90122A,intermittent,anchored 14d first a0,14,anchored,first,0,0.30357142857142855,16.330836385910743,0.008828996282527882,0.31275720164609055,0.9994192041841214,2.5113800334071654,9.139280125195619,16,121.60652654322328,639
90122A,intermittent,anchored 14d start a0,14,anchored,start,0,0.30357142857142855,17.99331536507995,0.009409851301115242,0.3360995850622407,0.991419748912299,7.540260022703093,9.710485133020343,17,365.11591969202635,639
90122A,intermittent,anchored 14d end a0,14,anchored,end,0,0.30357142857142855,19.25490684931507,0.0055762081784386614,0.4948453608247423,0.8085106382978724,85.43603286384977,4.569640062597809,8,4137.0,639
90122A,intermittent,floating 28d first,28,floating,first,0,0.30357142857142855,12.419872212584526,0.009990706319702601,0.5443037974683544,0.9968154470574346,10.778254377487007,6.283255086071987,11,521.9067045250272,639
90122A,intermittent,anchored 28d first a0,28,anchored,first,0,0.30357142857142855,11.769959503057192,0.008596654275092937,0.40217391304347827,0.977912727727881,5.844764980087863,6.283255086071987,11,283.0163329465008,639
90122A,intermittent,anchored 28d start a0,28,anchored,start,0,0.30357142857142855,16.496072593995294,0.00929368029739777,0.43478260869565216,0.9916108816315967,18.947694816693634,7.996870109546166,14,917.4889192429837,639
90122A,intermittent,anchored 28d end a0,28,anchored,end,0,0.30357142857142855,15.687106849315068,0.0070864312267657995,0.5258620689655172,0.6595744680851063,50.7618488710038,5.140845070422535,9,2458.0,639
90122A,intermittent,floating 56d first,56,floating,first,0,0.30357142857142855,10.054743864634364,0.008596654275092937,0.6666666666666666,0.9918056099145076,15.597567060839639,4.569640062597809,8,755.26838931676,639
90122A,intermittent,anchored 56d first a0,56,anchored,first,0,0.30357142857142855,10.454226614560625,0.00766728624535316,0.5196850393700787,0.9901766536177478,11.0390387496319,5.140845070422535,9,534.5344555031501,639
90122A,intermittent,anchored 56d start a0,56,anchored,start,0,0.30357142857142855,12.825763235416009,0.007434944237918215,0.6666666666666666,0.9929929380792563,29.041380607268344,5.140845070422535,9,1406.2473121116245,639
90122A,intermittent,anchored 56d end a0,56,anchored,end,0,0.30357142857142855,11.074616438356164,0.005924721189591078,0.5425531914893617,0.21276595744680848,8.157416722557567,5.712050078247262,10,395.0,639
35265,intermittent,floating 7d first,7,floating,first,0,0.3181818181818182,11.057002197917708,0.002904275092936803,0.176056338028169,0.9896562897371655,2.8044051667511267,6.283255086071987,11,53.34821087170141,639
35265,intermittent,anchored 7d first a0,7,anchored,first,0,0.3181818181818182,13.047289858564888,0.0045306691449814125,0.23214285714285715,1.0,2.3265756153080095,7.42566510172144,13,44.258457374830854,639
35265,intermittent,anchored 7d start a0,7,anchored,start,0,0.3181818181818182,13.09537205034571,0.0037174721189591076,0.1893491124260355,1.0,4.692132593541044,7.42566510172144,13,89.25845737483085,639
35265,intermittent,anchored 7d end a0,7,anchored,end,0,0.3181818181818182,12.671631935047362,0.0024395910780669145,0.27631578947368424,0.7348382334850535,131.43946507326788,5.712050078247262,10,2500.3734776725305,639
35265,intermittent,floating 14d first,14,floating,first,0,0.3181818181818182,11.058894240750941,0.002904275092936803,0.176056338028169,1.0,2.8974902562926794,6.283255086071987,11,55.118968907933,639
35265,intermittent,anchored 14d first a0,14,anchored,first,0,0.3181818181818182,12.076340124908146,0.004182156133828996,0.23841059602649006,1.0,3.7557962419607094,6.854460093896714,12,71.44652715762335,639
35265,intermittent,anchored 14d start a0,14,anchored,start,0,0.3181818181818182,13.193569728294342,0.004182156133828996,0.23076923076923078,0.996609206171551,9.523280960831558,7.42566510172144,13,181.16141237803794,639
35265,intermittent,anchored 14d end a0,14,anchored,end,0,0.3181818181818182,18.468501418058462,0.0030204460966542753,0.23853211009174313,0.6668716939352937,72.2476170152226,9.710485133020343,17,1374.3667117726648,639
35265,intermittent,floating 28d first,28,floating,first,0,0.3181818181818182,8.29381740725181,0.004414498141263941,0.38,0.9965229838503064,14.455285674561964,4.569640062597809,8,274.9829580690015,639
35265,intermittent,anchored 28d first a0,28,anchored,first,0,0.3181818181818182,10.105701567894608,0.00383364312267658,0.2558139534883721,1.0,5.200326197338534,5.712050078247262,10,98.92582636290273,639
35265,intermittent,anchored 28d start a0,28,anchored,start,0,0.3181818181818182,10.45436286324981,0.005227695167286246,0.36585365853658536,0.9853341665083206,22.353832094634907,5.712050078247262,10,425.23703868251357,639
35265,intermittent,anchored 28d end a0,28,anchored,end,0,0.3181818181818182,11.361174968024173,0.0031366171003717473,0.30337078651685395,0.5833435846967646,66.9673495518566,5.712050078247262,10,1273.9201623815968,639
35265,intermittent,floating 56d first,56,floating,first,0,0.3181818181818182,7.330522319717968,0.005111524163568773,0.5116279069767442,0.9857541631737919,16.261101062836016,3.998435054773083,7,309.33499153091844,639
35265,intermittent,anchored 56d first a0,56,anchored,first,0,0.3181818181818182,7.361874447370216,0.005111524163568773,0.5569620253164557,0.9819990153381447,17.803569107726815,3.998435054773083,7,338.6773674105867,639
35265,intermittent,anchored 56d start a0,56,anchored,start,0,0.3181818181818182,7.8974919672492145,0.004182156133828996,0.46153846153846156,0.9859504929557801,44.154983527212686,3.998435054773083,7,839.9604308870852,639
35265,intermittent,anchored 56d end a0,56,anchored,end,0,0.3181818181818182,10.382906296921051,0.0031366171003717473,0.4576271186440678,0.47348997416656413,68.03649167733674,5.140845070422535,9,1294.2584573748309,639
90000B,intermittent,floating 7d first,7,floating,first,0,0.3333333333333333,13.28486211224622,0.00546003717472119,0.3092105263157895,1.0,14.843093548379844,6.854460093896714,12,385.03667567312806,639
90000B,intermittent,anchored 7d first a0,7,anchored,first,0,0.3333333333333333,14.24810964094389,0.004298327137546468,0.22839506172839505,1.0,14.418518518518516,7.42566510172144,13,374.02300405953986,639
90000B,intermittent,anchored 7d start a0,7,anchored,start,0,0.3333333333333333,14.496943155319109,0.004995353159851301,0.25748502994011974,1.0,17.293114241001565,7.42566510172144,13,448.5913396481732,639
90000B,intermittent,anchored 7d end a0,7,anchored,end,0,0.3333333333333333,23.494546113778338,0.005343866171003717,0.3333333333333333,0.724753169949381,86.5791340636411,9.139280125195619,16,2245.9025710419487,639
90000B,intermittent,floating 14d first,14,floating,first,0,0.3333333333333333,12.31511453790812,0.004995353159851301,0.31386861313868614,0.9931812162740631,15.192578197265615,6.283255086071987,11,394.1024682565384,639
90000B,intermittent,anchored 14d first a0,14,anchored,first,0,0.3333333333333333,14.24810964094389,0.00546003717472119,0.2865853658536585,1.0,14.418518518518516,7.42566510172144,13,374.02300405953986,639
90000B,intermittent,anchored 14d start a0,14,anchored,start,0,0.3333333333333333,16.038600332206936,0.004763011152416357,0.2411764705882353,0.9798486196517925,23.55049242272872,7.996870109546166,14,610.9106085841807,639
90000B,intermittent,anchored 14d end a0,14,anchored,end,0,0.3333333333333333,20.14368251802695,0.004414498141263941,0.31932773109243695,0.6448153159925826,94.07814293166405,6.854460093896714,12,2440.4303112313937,639
90000B,intermittent,floating 28d first,28,floating,first,0,0.3333333333333333,9.998876458042123,0.005343866171003717,0.45544554455445546,0.9990821880185482,23.091590899590482,4.569640062597809,8,599.0064919420157,639
90000B,intermittent,anchored 28d first a0,28,anchored,first,0,0.3333333333333333,12.38626251350031,0.0037174721189591076,0.22857142857142856,0.9826821237770804,16.014499901880672,6.283255086071987,11,415.4234954249696,639
90000B,intermittent,anchored 28d start a0,28,anchored,start,0,0.3333333333333333,14.865559236536253,0.00546003717472119,0.3333333333333333,1.0,33.10375752459012,6.854460093896714,12,858.7267006040497,639
90000B,intermittent,anchored 28d end a0,28,anchored,end,0,0.3333333333333333,14.758542465753425,0.004879182156133829,0.39622641509433965,0.5925925925925926,54.972039645279075,5.712050078247262,10,1426.0,639
90000B,intermittent,floating 56d first,56,floating,first,0,0.3333333333333333,10.08184489371582,0.006273234200743495,0.6067415730337079,0.9847833194388202,35.60235111847914,3.998435054773083,7,923.5413679854469,639
90000B,intermittent,anchored 56d first a0,56,anchored,first,0,0.3333333333333333,11.019722816179168,0.005111524163568773,0.43137254901960786,0.9867631765513575,23.3324139739282,5.140845070422535,9,605.2535532885029,639
90000B,intermittent,anchored 56d start a0,56,anchored,start,0,0.3333333333333333,14.159154513762088,0.004298327137546468,0.40217391304347827,1.0,59.60002427376592,5.140845070422535,9,1546.0520505116274,639
90000B,intermittent,anchored 56d end a0,56,anchored,end,0,0.3333333333333333,12.998805479452054,0.0033689591078066915,0.4264705882352941,0.5185185185185186,57.74762649973918,4.569640062597809,8,1498.0,639
90194,intermittent,floating 7d first,7,floating,first,0,0.2727272727272727,13.009315068493152,0.007202602230483271,0.3229166666666667,1.0,0.14018115426566133,7.42566510172144,13,4.0,639
90194,intermittent,anchored 7d first a0,7,anchored,first,0,0.2727272727272727,13.009315068493152,0.006737918215613383,0.3020833333333333,1.0,0.14018115426566133,7.42566510172144,13,4.0,639
90194,intermittent,anchored 7d start a0,7,anchored,start,0,0.2727272727272727,13.188630136986301,0.007202602230483271,0.31794871794871793,1.0,2.8386683738796417,7.42566510172144,13,81.0,639
90194,intermittent,anchored 7d end a0,7,anchored,end,0,0.2727272727272727,18.757260273972605,0.006854089219330855,0.38311688311688313,0.7586206896551724,41.49362166263575,9.139280125195619,16,1184.0,639
90194,intermittent,floating 14d first,14,floating,first,0,0.2727272727272727,13.009315068493152,0.006273234200743495,0.2872340425531915,1.0,0.14018115426566133,7.42566510172144,13,4.0,639
90194,intermittent,anchored 14d first a0,14,anchored,first,0,0.2727272727272727,13.009315068493152,0.00546003717472119,0.24479166666666666,1.0,0.14018115426566133,7.42566510172144,13,4.0,639
90194,intermittent,anchored 14d start a0,14,anchored,start,0,0.2727272727272727,13.472266915117803,0.0060408921933085506,0.27225130890052357,1.0,7.107078314171859,7.42566510172144,13,202.79696943293908,639
90194,intermittent,anchored 14d end a0,14,anchored,end,0,0.2727272727272727,17.503424657534246,0.005692379182156134,0.3356164383561644,0.6896551724137931,37.67368520889648,8.568075117370892,15,1075.0,639
90194,intermittent,floating 28d first,28,floating,first,0,0.2727272727272727,10.584673178181578,0.006854089219330855,0.4097222222222222,0.9878092723810546,8.798664341108298,5.712050078247262,10,251.0655412191484,639
90194,intermittent,anchored 28d first a0,28,anchored,first,0,0.2727272727272727,10.33295608931365,0.004763011152416357,0.2733333333333333,0.9951817296690592,5.0106093105044955,5.712050078247262,10,142.97526188174328,639
90194,intermittent,anchored 28d start a0,28,anchored,start,0,0.2727272727272727,9.220948500452568,0.005808550185873606,0.37037037037037035,0.9833899441363807,18.373882083445533,4.569640062597809,8,524.2896501943383,639
90194,intermittent,anchored 28d end a0,28,anchored,end,0,0.2727272727272727,11.743287671232878,0.005111524163568773,0.4731182795698925,0.6551724137931034,41.283349931237254,5.140845070422535,9,1178.0,639
90194,intermittent,floating 56d first,56,floating,first,0,0.2727272727272727,7.459305951813403,0.00662174721189591,0.6195652173913043,0.9907784896528871,21.96088981013606,3.427230046948357,6,626.6431440139905,639
90194,intermittent,anchored 56d first a0,56,anchored,first,0,0.2727272727272727,8.653512485957302,0.007318773234200744,0.5,0.9829847657260636,9.834617391796618,4.569640062597809,8,280.6259498522534,639
90194,intermittent,anchored 56d start a0,56,anchored,start,0,0.2727272727272727,16.85146250806926,0.005924721189591078,0.4322033898305085,1.0,42.91125782062897,7.996870109546166,14,1224.4515475826834,639
90194,intermittent,anchored 56d end a0,56,anchored,end,0,0.2727272727272727,8.726986301369863,0.003949814126394052,0.4857142857142857,0.4482758620689655,41.03803291127235,3.427230046948357,6,1171.0,639
20836,intermittent,floating 7d first,7,floating,first,0,0.375,15.068219178082192,0.020213754646840148,0.8130841121495327,1.0,0.7744382964453387,8.568075117370892,15,150.0,639
20836,intermittent,anchored 7d first a0,7,anchored,first,0,0.375,16.04638904109589,0.02300185873605948,0.8722466960352423,1.0,0.5266180415828303,9.139280125195619,16,102.0,639
20836,intermittent,anchored 7d start a0,7,anchored,start,0,0.375,16.23922191780822,0.022072490706319704,0.8296943231441049,1.0,2.715696959534988,9.139280125195619,16,526.0,639
20836,intermittent,anchored 7d end a0,7,anchored,end,0,0.375,19.6282042152483,0.017193308550185873,0.8409090909090909,0.7400234891617943,41.188128772635814,9.139280125195619,16,7977.677943166441,639
20836,intermittent,floating 14d first,14,floating,first,0,0.375,13.347116473944471,0.01696096654275093,0.8690476190476191,0.9990530865556584,3.9405383985393314,7.42566510172144,13,763.2380300586276,639
20836,intermittent,anchored 14d first a0,14,anchored,first,0,0.375,13.16671989766595,0.018238847583643122,0.8306878306878307,0.999832176811276,1.8926389493640492,7.42566510172144,13,366.58290751850143,639
20836,intermittent,anchored 14d start a0,14,anchored,start,0,0.375,19.52034486994823,0.018819702602230485,0.8571428571428571,0.9988149564416708,5.90706317454111,10.852895148669797,19,1144.131792356044,639
20836,intermittent,anchored 14d end a0,14,anchored,end,0,0.375,22.87409727324967,0.01742565055762082,0.8670520231213873,0.7347001302116578,43.9795579029734,10.852895148669797,19,8518.346414073072,639
20836,intermittent,floating 28d first,28,floating,first,0,0.375,9.922135819369817,0.012778810408921933,0.9243697478991597,1.0,10.4682775887974,5.140845070422535,9,2027.5877956023069,639
20836,intermittent,anchored 28d first a0,28,anchored,first,0,0.375,9.832867109837405,0.013940520446096654,0.9022556390977443,0.997858173550863,9.454880633869836,5.140845070422535,9,1831.3041872930892,639
20836,intermittent,anchored 28d start a0,28,anchored,start,0,0.375,13.681486022739444,0.013011152416356878,0.8888888888888888,0.9982171588378882,19.08857901187344,6.854460093896714,12,3697.2433632523907,639
20836,intermittent,anchored 28d end a0,28,anchored,end,0,0.375,8.753281494800452,0.011152416356877323,0.9411764705882353,0.6709602471468328,19.903616141292197,3.998435054773083,7,3855.106901217862,639
20836,intermittent,floating 56d first,56,floating,first,0,0.375,8.87216228137325,0.00766728624535316,0.88,1.0,32.605383512849734,3.427230046948357,6,6315.296582537564,639
20836,intermittent,anchored 56d first a0,56,anchored,first,0,0.375,9.385647968084182,0.010106877323420074,0.8877551020408163,1.0,15.730163892962306,4.569640062597809,8,3046.7560744019656,639
20836,intermittent,anchored 56d start a0,56,anchored,start,0,0.375,7.305251742019142,0.008945167286245352,0.9746835443037974,0.9996953901322465,37.52190513536091,2.2848200312989047,4,7267.571601427631,639
20836,intermittent,anchored 56d end a0,56,anchored,end,0,0.375,9.01168153928856,0.004646840148698885,0.8333333333333334,0.4894171113437332,45.54144310306281,2.856025039123631,5,8820.866035182678,639
37489A,intermittent,floating 7d first,7,floating,first,0,0.32,16.001068493150687,0.011268587360594795,0.4024896265560166,1.0,0.11564945226917059,9.139280125195619,16,5.0,639
37489A,intermittent,anchored 7d first a0,7,anchored,first,0,0.32,17.000213698630137,0.011268587360594795,0.38188976377952755,1.0,0.023129890453834116,9.710485133020343,17,1.0,639
37489A,intermittent,anchored 7d start a0,7,anchored,start,0,0.32,17.016668493150686,0.010106877323420074,0.3425196850393701,1.0,1.804131455399061,9.710485133020343,17,78.0,639
37489A,intermittent,anchored 7d end a0,7,anchored,end,0,0.32,17.409446575342464,0.009990706319702601,0.45989304812834225,0.7441860465116279,44.31687010954617,9.710485133020343,17,1916.0,639
37489A,intermittent,floating 14d first,14,floating,first,0,0.32,11.051252042971049,0.009758364312267658,0.4692737430167598,0.9908454142371963,5.547317447452237,6.283255086071987,11,239.83327800554665,639
37489A,intermittent,anchored 14d first a0,14,anchored,first,0,0.32,16.00824338427098,0.009990706319702601,0.39631336405529954,1.0,0.8922311529764274,9.139280125195619,16,38.574811011633095,639
37489A,intermittent,anchored 14d start a0,14,anchored,start,0,0.32,12.061431654093578,0.008596654275092937,0.3490566037735849,0.9631939819176215,6.64911809996845,6.854460093896714,12,287.4686377455913,639
37489A,intermittent,anchored 14d end a0,14,anchored,end,0,0.32,18.383161643835617,0.008015799256505576,0.4394904458598726,0.7209302325581395,41.471893583724565,10.28169014084507,18,1793.0,639
37489A,intermittent,floating 28d first,28,floating,first,0,0.32,8.094694167934046,0.009177509293680297,0.5602836879432624,0.9704829984010835,10.249320407563777,4.569640062597809,8,443.12014481957067,639
37489A,intermittent,anchored 28d first a0,28,anchored,first,0,0.32,10.042192428231042,0.008364312267657992,0.44171779141104295,0.9973771688736407,4.566740752337359,5.712050078247262,10,197.4389269785908,639
37489A,intermittent,anchored 28d start a0,28,anchored,start,0,0.32,10.126171781743794,0.009177509293680297,0.5096774193548387,0.9921698552658581,13.656332229309571,5.712050078247262,10,590.4192350831405,639
37489A,intermittent,anchored 28d end a0,28,anchored,end,0,0.32,11.351961643835617,0.006505576208178439,0.49557522123893805,0.4883720930232558,38.09492957746479,6.283255086071987,11,1647.0,639
37489A,intermittent,floating 56d first,56,floating,first,0,0.32,7.227080962503732,0.007434944237918215,0.6464646464646465,1.0,24.578340925702836,3.998435054773083,7,1062.6224527418208,639
37489A,intermittent,anchored 56d first a0,56,anchored,first,0,0.32,8.164710515381412,0.006505576208178439,0.5185185185185185,0.9966750216853574,17.827611599215572,4.569640062597809,8,770.7607450540426,639
37489A,intermittent,anchored 56d start a0,56,anchored,start,0,0.32,8.286267453578981,0.006737918215613383,0.6236559139784946,0.9889794578733445,30.984451503200766,4.569640062597809,8,1339.5848789272864,639
37489A,intermittent,anchored 56d end a0,56,anchored,end,0,0.32,7.138904109589041,0.004995353159851301,0.48314606741573035,0.32558139534883723,15.034428794992175,3.998435054773083,7,650.0,639
90003E,intermittent,floating 7d first,7,floating,first,0,0.4857142857142857,14.01849315068493,0.007551115241635688,0.33678756476683935,1.0,0.2973843058350101,7.996870109546166,14,9.0,639
90003E,intermittent,anchored 7d first a0,7,anchored,first,0,0.4857142857142857,15.016438356164384,0.005808550185873606,0.24271844660194175,1.0,0.26434160518667565,8.568075117370892,15,8.0,639
90003E,intermittent,anchored 7d start a0,7,anchored,start,0,0.4857142857142857,15.10068493150685,0.007318773234200744,0.30288461538461536,1.0,1.619092331768388,8.568075117370892,15,49.0,639
90003E,intermittent,anchored 7d end a0,7,anchored,end,0,0.4857142857142857,16.09794520547945,0.004995353159851301,0.41346153846153844,0.8571428571428572,130.2212832550861,4.569640062597809,8,3941.0,639
90003E,intermittent,floating 14d first,14,floating,first,0,0.4857142857142857,10.183605511168095,0.004995353159851301,0.3115942028985507,0.9734252984205739,2.9525200122170503,5.712050078247262,10,89.3546821018056,639
90003E,intermittent,anchored 14d first a0,14,anchored,first,0,0.4857142857142857,13.100647889873025,0.005111524163568773,0.24444444444444444,0.9999356181126402,1.6184966733676511,7.42566510172144,13,48.98197307153926,639
90003E,intermittent,anchored 14d start a0,14,anchored,start,0,0.4857142857142857,13.32073789502388,0.005692379182156134,0.2737430167597765,0.9775546968322374,5.157715842567478,7.42566510172144,13,156.09244224495484,639
90003E,intermittent,anchored 14d end a0,14,anchored,end,0,0.4857142857142857,11.013698630136986,0.00383364312267658,0.4177215189873418,0.75,80.62418958193606,3.427230046948357,6,2440.0,639
90003E,intermittent,floating 28d first,28,floating,first,0,0.4857142857142857,9.327375387204683,0.004298327137546468,0.296,0.9691388416560038,5.26445190059796,5.140845070422535,9,159.32268843961214,639
90003E,intermittent,anchored 28d first a0,28,anchored,first,0,0.4857142857142857,11.11018207774122,0.004763011152416357,0.2679738562091503,0.9716808144123927,1.7718138603191147,6.283255086071987,11,53.621944500726656,639
90003E,intermittent,anchored 28d start a0,28,anchored,start,0,0.4857142857142857,11.090507832662647,0.005924721189591078,0.3591549295774648,0.9891229576936211,17.536217616410113,5.712050078247262,10,530.7138118958217,639
90003E,intermittent,anchored 28d end a0,28,anchored,end,0,0.4857142857142857,11.410958904109588,0.004879182156133829,0.45161290322580644,0.7142857142857143,54.85088307623519,4.569640062597809,8,1660.0,639
90003E,intermittent,floating 56d first,56,floating,first,0,0.4857142857142857,9.28191679995241,0.00662174721189591,0.504424778761062,1.0,20.614223297423862,4.569640062597809,8,623.8661759768398,639
90003E,intermittent,anchored 56d first a0,56,anchored,first,0,0.4857142857142857,11.527189336340891,0.0055762081784386614,0.3779527559055118,1.0,8.47761625384367,6.283255086071987,11,256.5654770192337,639
90003E,intermittent,anchored 56d start a0,56,anchored,start,0,0.4857142857142857,11.703580964005202,0.004995353159851301,0.3644067796610169,0.9964585460843365,27.394912367594777,5.712050078247262,10,829.0760691491978,639
90003E,intermittent,anchored 56d end a0,56,anchored,end,0,0.4857142857142857,6.1876712328767125,0.004763011152416357,0.37962962962962965,0.3928571428571429,19.098680974737313,2.856025039123631,5,578.0,639
22929,intermittent,floating 7d first,7,floating,first,0,0.34782608695652173,14.92542811265718,0.0036013011152416356,0.2421875,0.991769376157224,6.953592580210427,5.712050078247262,10,138.29086623999004,639
22929,intermittent,anchored 7d first a0,7,anchored,first,0,0.34782608695652173,16.324433240031883,0.0037174721189591076,0.2077922077922078,1.0,6.105123494590734,6.854460093896714,12,121.41677943166441,639
22929,intermittent,anchored 7d start a0,7,anchored,start,0,0.34782608695652173,19.01576361984911,0.004182156133828996,0.23076923076923078,1.0,9.904674423351704,6.854460093896714,12,196.98105548037887,639
22929,intermittent,anchored 7d end a0,7,anchored,end,0,0.34782608695652173,56.089484123306214,0.004879182156133829,0.4666666666666667,0.7447196564099547,70.71504388650747,3.427230046948357,6,1406.3585926928283,639
22929,intermittent,floating 14d first,14,floating,first,0,0.34782608695652173,16.127950947383205,0.00383364312267658,0.28695652173913044,0.9999885780874453,10.063057603552837,5.140845070422535,9,200.1309304457592,639
22929,intermittent,anchored 14d first a0,14,anchored,first,0,0.34782608695652173,14.931240049005345,0.004298327137546468,0.2890625,0.9741128963403856,6.9617977222900365,5.712050078247262,10,138.45404752976543,639
22929,intermittent,anchored 14d start a0,14,anchored,start,0,0.34782608695652173,22.29453056037363,0.004879182156133829,0.3230769230769231,0.9820381593920067,15.945327412200191,6.283255086071987,11,317.11566573356725,639
22929,intermittent,anchored 14d end a0,14,anchored,end,0,0.34782608695652173,56.089484123306214,0.00383364312267658,0.4177215189873418,0.7447196564099547,70.71504388650747,3.427230046948357,6,1406.3585926928283,639
22929,intermittent,floating 28d first,28,floating,first,0,0.34782608695652173,15.403418257170971,0.004414498141263941,0.4418604651162791,0.9904952577022393,13.275503758475105,3.427230046948357,6,264.0190510667234,639
22929,intermittent,anchored 28d first a0,28,anchored,first,0,0.34782608695652173,14.913766764775822,0.004646840148698885,0.39215686274509803,0.9663033926478712,9.760677889767177,4.569640062597809,8,194.11729762639808,639
22929,intermittent,anchored 28d start a0,28,anchored,start,0,0.34782608695652173,24.032673519857063,0.005343866171003717,0.4423076923076923,0.9834851425773774,22.63451563573228,4.569640062597809,8,450.14814113444834,639
22929,intermittent,anchored 28d end a0,28,anchored,end,0,0.34782608695652173,48.2715146347341,0.0031366171003717473,0.4090909090909091,0.6577631346708243,61.089610124515225,2.856025039123631,5,1214.9309878213805,639
22929,intermittent,floating 56d first,56,floating,first,0,0.34782608695652173,23.299007300910905,0.00546003717472119,0.6811594202898551,0.9900228672313773,25.834067309975364,2.856025039123631,5,513.7798203717292,639
22929,intermittent,anchored 56d first a0,56,anchored,first,0,0.34782608695652173,22.399168155917653,0.004065985130111524,0.5223880597014925,1.0,24.56369757583415,2.856025039123631,5,488.51510591614954,639
22929,intermittent,anchored 56d start a0,56,anchored,start,0,0.34782608695652173,31.414802414709747,0.003949814126394052,0.5230769230769231,0.9882836438183759,34.468189370576596,3.998435054773083,7,685.4925293360814,639
22929,intermittent,anchored 56d end a0,56,anchored,end,0,0.34782608695652173,18.831282555100376,0.0027881040892193307,0.47058823529411764,0.2363358239689357,20.938422807375655,2.2848200312989047,4,416.4167794316644,639
21672,erratic,floating 7d first,7,floating,first,0,0.21471900089206067,102.3097432094194,0.1354553903345725,0.9676348547717842,1.0,3.059111141596267,46.838810641627546,82,29652.225085752318,639
21672,erratic,anchored 7d first a0,7,anchored,first,0,0.21471900089206067,99.47602739726028,0.13324814126394052,0.9598326359832636,1.0,2.331043152561917,47.98122065727699,84,22595.0,639
21672,erratic,anchored 7d start a0,7,anchored,start,0,0.21471900089206067,100.67123287671232,0.13115706319702602,0.9463537300922046,1.0,2.511068392713302,47.98122065727699,84,24340.0,639
21672,erratic,anchored 7d end a0,7,anchored,end,0,0.21471900089206067,122.09540196859882,0.11837825278810409,0.9631379962192816,0.7775108049204199,9.202362774127172,34.84350547730829,61,89199.28687415429,639
21672,erratic,floating 14d first,14,floating,first,0,0.21471900089206067,87.62771047303303,0.08015799256505576,0.9843081312410842,1.0,6.4207066876313865,25.704225352112676,45,62236.45729062824,639
21672,erratic,anchored 14d first a0,14,anchored,first,0,0.21471900089206067,91.87194330381223,0.07098048327137546,0.9683042789223455,0.9999281756720303,5.5537567073071035,31.41627543035994,55,53833.03722356586,639
21672,erratic,anchored 14d start a0,14,anchored,start,0,0.21471900089206067,100.22038609249293,0.06819237918215613,0.9654605263157895,0.9998577582882822,5.907485822745776,34.84350547730829,61,57261.76369503967,639
21672,erratic,anchored 14d end a0,14,anchored,end,0,0.21471900089206067,105.66780821917808,0.06098977695167286,0.9722222222222222,0.7342529668323359,9.28858022752433,25.13302034428795,44,90035.0,639
21672,erratic,floating 28d first,28,floating,first,0,0.21471900089206067,107.37063854979283,0.046933085501858735,0.9950738916256158,1.0,12.858767777612137,12.566510172143975,22,124641.13228269754,639
21672,erratic,anchored 28d first a0,28,anchored,first,0,0.21471900089206067,111.77814079718206,0.043912639405204464,0.9895287958115183,1.0,11.413918551889816,20.56338028169014,36,110636.0855638858,639
21672,erratic,anchored 28d start a0,28,anchored,start,0,0.21471900089206067,134.38581376414413,0.0362453531598513,0.9936305732484076,0.999997671532258,13.31292202254661,26.275430359937403,46,129043.28809565041,639
21672,erratic,anchored 28d end a0,28,anchored,end,0,0.21471900089206067,116.20342373069865,0.031482342007434945,0.9854545454545455,0.6478936221288503,13.134827081230567,16.564945226917057,29,127316.99864682002,639
21672,erratic,floating 56d first,56,floating,first,0,0.21471900089206067,184.74422189839714,0.02578996282527881,0.9955156950672646,1.0,26.16984762027206,6.283255086071987,11,253666.56397165984,639
21672,erratic,anchored 56d first a0,56,anchored,first,0,0.21471900089206067,172.74908837246838,0.028229553903345726,0.9959016393442623,1.0,23.30874671879303,10.28169014084507,18,225933.66902380384,639
21672,erratic,anchored 56d start a0,56,anchored,start,0,0.21471900089206067,220.4816007604415,0.018355018587360595,0.9813664596273292,1.0,28.992124783018564,15.993740219092333,28,281023.1371102446,639
21672,erratic,anchored 56d end a0,56,anchored,end,0,0.21471900089206067,116.21027397260274,0.016612453531598514,1.0,0.6058423775230753,14.039595906293146,13.137715179968701,23,136087.0,639
21578,erratic,floating 7d first,7,floating,first,0,0.24016393442622952,74.16872985550347,0.09491171003717472,0.8510416666666667,1.0,2.3715367356984665,38.841940532081374,68,5003.525327241706,639
21578,erratic,anchored 7d first a0,7,anchored,first,0,0.24016393442622952,82.47780821917809,0.09804832713754646,0.7576301615798923,1.0,1.7214705354165065,44.55399061032864,78,3632.0,639
21578,erratic,anchored 7d start a0,7,anchored,start,0,0.24016393442622952,83.6786301369863,0.09653810408921933,0.7432915921288015,1.0,2.1831203981631133,44.55399061032864,78,4606.0,639
21578,erratic,anchored 7d end a0,7,anchored,end,0,0.24016393442622952,141.63879566982408,0.08817379182156133,0.8178879310344828,0.7169517884914464,37.53673708920188,25.13302034428795,44,79195.91204330175,639
21578,erratic,floating 14d first,14,floating,first,0,0.24016393442622952,56.39947756271519,0.061802973977695165,0.8664495114006515,1.0,4.766915918228024,25.13302034428795,44,10057.354023091211,639
21578,erratic,anchored 14d first a0,14,anchored,first,0,0.24016393442622952,64.37168690360937,0.06098977695167286,0.8467741935483871,0.9993217096506793,4.371787040521924,30.273865414710485,53,9223.701599594266,639
21578,erratic,anchored 14d start a0,14,anchored,start,0,0.24016393442622952,72.63757976665842,0.05843401486988847,0.8273026315789473,0.9995492273584566,5.242897996869551,33.701095461658845,59,11061.592477400714,639
21578,erratic,anchored 14d end a0,14,anchored,end,0,0.24016393442622952,109.89942109848573,0.04948884758364312,0.9141630901287554,0.6800841230390635,28.0258106929373,21.134585289514867,37,59129.53044654954,639
21578,erratic,floating 28d first,28,floating,first,0,0.24016393442622952,54.965546693337814,0.04158921933085502,0.9421052631578948,0.9998890990708277,12.288991418922832,13.137715179968701,23,25927.610095707336,639
21578,erratic,anchored 28d first a0,28,anchored,first,0,0.24016393442622952,54.511475028095845,0.03729089219330855,0.8629032258064516,0.9992992556668739,9.80775647956226,16.564945226917057,29,20692.640856122183,639
21578,erratic,anchored 28d start a0,28,anchored,start,0,0.24016393442622952,67.13504368827641,0.03171468401486989,0.8892508143322475,0.9997420329215918,11.585263873221248,21.134585289514867,37,24442.868769379755,639
21578,erratic,anchored 28d end a0,28,anchored,end,0,0.24016393442622952,64.07931506849314,0.028345724907063198,0.9568627450980393,0.5946086054950752,9.257169886349061,22.848200312989047,40,19531.0,639
21578,erratic,floating 56d first,56,floating,first,0,0.24016393442622952,85.69300785401379,0.02509293680297398,0.968609865470852,1.0,28.715345974759074,6.283255086071987,11,60584.328592700076,639
21578,erratic,anchored 56d first a0,56,anchored,first,0,0.24016393442622952,68.09352056819264,0.022653345724907063,0.9241706161137441,1.0,20.411533233652086,8.568075117370892,15,43064.74446086737,639
21578,erratic,anchored 56d start a0,56,anchored,start,0,0.24016393442622952,93.6223316423005,0.0170771375464684,0.9423076923076923,0.9998952432756865,27.534840163985628,12.566510172143975,22,58093.668998754845,639
21578,erratic,anchored 56d end a0,56,anchored,end,0,0.24016393442622952,55.83904109589041,0.01370817843866171,0.9752066115702479,0.5339554173146708,12.240356987095616,13.708920187793428,24,25825.0,639
22983,erratic,floating 7d first,7,floating,first,0,0.23423944476576056,69.31359018672316,0.09014869888475836,0.9761006289308176,1.0,7.493971629769442,33.701095461658845,59,44815.00497802329,639
22983,erratic,anchored 7d first a0,7,anchored,first,0,0.23423944476576056,71.93158468867593,0.08887081784386618,0.9491315136476427,1.0,7.216402101316851,35.41471048513302,62,43155.100135317996,639
22983,erratic,anchored 7d start a0,7,anchored,start,0,0.23423944476576056,72.1483690585204,0.08898698884758365,0.9503722084367245,1.0,7.373920083705108,35.41471048513302,62,44097.079837618396,639
22983,erratic,anchored 7d end a0,7,anchored,end,0,0.23423944476576056,61.10551054924278,0.07446561338289963,0.9538690476190477,0.7753153832849011,18.241948768635208,20.56338028169014,36,109089.42083897161,639
22983,erratic,floating 14d first,14,floating,first,0,0.23423944476576056,48.994797266820356,0.05390334572490706,0.9893390191897654,1.0,11.622001143284608,18.849765258215964,33,69501.20240939799,639
22983,erratic,anchored 14d first a0,14,anchored,first,0,0.23423944476576056,58.949431638864276,0.04960501858736059,0.9884259259259259,0.9998927965498735,10.135815274842765,25.704225352112676,45,60613.60176411262,639
22983,erratic,anchored 14d start a0,14,anchored,start,0,0.23423944476576056,62.339776349384564,0.047513940520446094,0.9831730769230769,0.9999327670758785,11.14605551394513,26.84663536776213,47,66654.98056577815,639
22983,erratic,anchored 14d end a0,14,anchored,end,0,0.23423944476576056,61.05107515153762,0.042053903345724904,0.9836956521739131,0.741041150289067,15.29595001407455,22.848200312989047,40,91471.93369418132,639
22983,erratic,floating 28d first,28,floating,first,0,0.23423944476576056,45.549650351798306,0.030901486988847583,0.9962546816479401,1.0,20.017888476140765,10.28169014084507,18,119709.79021912356,639
22983,erratic,anchored 28d first a0,28,anchored,first,0,0.23423944476576056,50.67029540929349,0.029972118959107806,0.9847328244274809,1.0,16.47249382222306,15.993740219092333,28,98507.83124276335,639
22983,erratic,anchored 28d start a0,28,anchored,start,0,0.23423944476576056,61.05609106361472,0.02520910780669145,0.9819004524886877,1.0,18.932651354014766,19.992175273865413,35,113219.91950261159,639
22983,erratic,anchored 28d end a0,28,anchored,end,0,0.23423944476576056,55.190461512224964,0.022885687732342008,0.985,0.6365009536436073,13.217395692191838,21.134585289514867,37,79041.88633288228,639
22983,erratic,floating 56d first,56,floating,first,0,0.23423944476576056,50.77821609577725,0.0170771375464684,0.98,1.0,30.356525758331014,5.140845070422535,9,181536.2961304607,639
22983,erratic,anchored 56d first a0,56,anchored,first,0,0.23423944476576056,56.52441684050652,0.020446096654275093,1.0,1.0,33.078557717343905,6.283255086071987,11,197814.43031886758,639
22983,erratic,anchored 56d start a0,56,anchored,start,0,0.23423944476576056,73.59906471961392,0.013592007434944238,1.0,1.0,41.125522500039594,9.710485133020343,17,245936.41217451287,639
22983,erratic,anchored 56d end a0,56,anchored,end,0,0.23423944476576056,40.71897099004579,0.012081784386617101,0.9719626168224299,0.4723858151676683,15.781250707121723,10.852895148669797,19,94374.100135318,639
21440,erratic,floating 7d first,7,floating,first,0,0.26195426195426197,12.328463103452762,0.020678438661710038,0.8640776699029126,0.9976785263861286,1.1530229498382114,6.854460093896714,12,479.55613104103224,639
21440,erratic,anchored 7d first a0,7,anchored,first,0,0.26195426195426197,13.26095890410959,0.01928438661710037,0.7477477477477478,1.0,0.9160590709886484,7.42566510172144,13,381.0,639
21440,erratic,anchored 7d start a0,7,anchored,start,0,0.26195426195426197,13.355479452054794,0.018935873605947954,0.7477064220183486,1.0,1.2478599943388675,7.42566510172144,13,519.0,639
21440,erratic,anchored 7d end a0,7,anchored,end,0,0.26195426195426197,13.203550707175566,0.017193308550185873,0.7872340425531915,0.7632850241545894,28.797396529790916,2.856025039123631,5,11977.184032476327,639
21440,erratic,floating 14d first,14,floating,first,0,0.26195426195426197,7.764152678577729,0.0170771375464684,0.9545454545454546,1.0,2.682449158881489,3.998435054773083,7,1115.6629107234853,639
21440,erratic,anchored 14d first a0,14,anchored,first,0,0.26195426195426197,7.543826786914144,0.011036245353159852,0.7851239669421488,0.9976887232593943,1.9090264917348985,3.998435054773083,7,793.9871088946505,639
21440,erratic,anchored 14d start a0,14,anchored,start,0,0.26195426195426197,8.626210027080448,0.012894981412639405,0.9173553719008265,0.9990030287389917,2.1982211245422407,4.569640062597809,8,914.266639537454,639
21440,erratic,anchored 14d end a0,14,anchored,end,0,0.26195426195426197,10.612040521252336,0.01092007434944238,0.8952380952380953,0.7498774293502776,23.210626661330867,2.2848200312989047,4,9653.579161028409,639
21440,erratic,floating 28d first,28,floating,first,0,0.26195426195426197,5.57428060844501,0.009642193308550186,0.9880952380952381,1.0,5.526287890303061,2.2848200312989047,4,2298.449688329714,639
21440,erratic,anchored 28d first a0,28,anchored,first,0,0.26195426195426197,6.297144054045211,0.008945167286245352,0.9625,1.0,4.553439481751113,2.856025039123631,5,1893.8303189060084,639
21440,erratic,anchored 28d start a0,28,anchored,start,0,0.26195426195426197,7.348556868229111,0.006737918215613383,0.90625,0.9998089796026932,8.244274439359566,2.856025039123631,5,3428.893027614502,639
21440,erratic,anchored 28d end a0,28,anchored,end,0,0.26195426195426197,17.82260273972603,0.007551115241635688,0.9558823529411765,0.5652173913043479,27.46013293900618,5.712050078247262,10,11421.0,639
21440,erratic,floating 56d first,56,floating,first,0,0.26195426195426197,4.183836388022931,0.004995353159851301,1.0,1.0,11.176404245502685,0.5712050078247262,1,4648.401126513478,639
21440,erratic,anchored 56d first a0,56,anchored,first,0,0.26195426195426197,4.459343002186834,0.004995353159851301,1.0,1.0,8.633173386103751,1.1424100156494523,2,3590.640783192778,639
21440,erratic,anchored 56d start a0,56,anchored,start,0,0.26195426195426197,6.270052992963393,0.0031366171003717473,0.9310344827586207,1.0,14.989412954323521,1.1424100156494523,2,6234.277369726554,639
21440,erratic,anchored 56d end a0,56,anchored,end,0,0.26195426195426197,18.938356164383563,0.00383364312267658,0.9428571428571428,0.5748792270531401,55.949329611301444,1.7136150234741785,3,23270.0,639
21471,erratic,floating 7d first,7,floating,first,0,0.24171952078928824,75.87131854510979,0.08677973977695168,0.7838405036726128,0.9997683505310951,2.328779821014953,39.98435054773083,70,2857.375025286765,639
21471,erratic,anchored 7d first a0,7,anchored,first,0,0.24171952078928824,83.37876712328767,0.08991635687732343,0.6929274843330349,1.0,1.736779300814676,45.12519561815336,79,2131.0,639
21471,erratic,anchored 7d start a0,7,anchored,start,0,0.24171952078928824,85.52191780821917,0.09491171003717472,0.7301161751563896,1.0,2.5868313002279595,45.12519561815336,79,3174.0,639
21471,erratic,anchored 7d end a0,7,anchored,end,0,0.24171952078928824,103.63886870446927,0.07016728624535316,0.7531172069825436,0.7637961991470039,27.62132406056418,19.420970266040687,34,33890.916102841715,639
21471,erratic,floating 14d first,14,floating,first,0,0.24171952078928824,57.27751825354679,0.06424256505576208,0.8876404494382022,0.9999814644207057,6.456259484785539,23.419405320813773,41,7921.725550059437,639
21471,erratic,anchored 14d first a0,14,anchored,first,0,0.24171952078928824,64.55309276791422,0.0595957249070632,0.8274193548387097,0.9987631628261825,4.185742827339294,30.845070422535212,54,5135.838480384924,639
21471,erratic,anchored 14d start a0,14,anchored,start,0,0.24171952078928824,67.08561254168012,0.05855018587360595,0.8316831683168316,0.9979961966414921,5.190232858012136,30.845070422535212,54,6368.33143695099,639
21471,erratic,anchored 14d end a0,14,anchored,end,0,0.24171952078928824,85.84346858954152,0.04937267657992565,0.8568548387096774,0.7176811673194984,18.976470679058274,21.705790297339593,38,23283.82138024354,639
21471,erratic,floating 28d first,28,floating,first,0,0.24171952078928824,52.1974819529842,0.03961431226765799,0.9605633802816902,1.0,11.977426548614865,12.566510172143975,22,14696.107883785644,639
21471,erratic,anchored 28d first a0,28,anchored,first,0,0.24171952078928824,60.11993320908277,0.03856877323420074,0.9120879120879121,0.998999504541671,11.15339467999784,18.278560250391237,32,13685.034161753614,639
21471,erratic,anchored 28d start a0,28,anchored,start,0,0.24171952078928824,73.39665922736671,0.032992565055762084,0.9161290322580645,0.9993356163860898,14.832883740331235,20.56338028169014,36,18199.707490651806,639
21471,erratic,anchored 28d end a0,28,anchored,end,0,0.24171952078928824,88.5431506849315,0.023234200743494422,0.9302325581395349,0.6452362509682417,25.600175794410976,13.708920187793428,24,31411.0,639
21471,erratic,floating 56d first,56,floating,first,0,0.24171952078928824,77.49197859475375,0.024976765799256506,0.9907834101382489,1.0,26.3731522691425,6.283255086071987,11,32359.42958278016,639
21471,erratic,anchored 56d first a0,56,anchored,first,0,0.24171952078928824,80.6659447257307,0.024512081784386616,0.9254385964912281,0.9992608933536381,25.25224380588646,9.710485133020343,17,30984.09309985561,639
21471,erratic,anchored 56d start a0,56,anchored,start,0,0.24171952078928824,99.15516241762089,0.017309479553903346,0.9254658385093167,0.9996760889829748,32.58574423452338,9.710485133020343,17,39982.17904324217,639
21471,erratic,anchored 56d end a0,56,anchored,end,0,0.24171952078928824,78.95547945205479,0.01254646840148699,0.9152542372881356,0.5367931835786213,24.177174077272344,10.28169014084507,18,29665.0,639
22678,erratic,floating 7d first,7,floating,first,0,0.2430167597765363,63.67862756152523,0.07841542750929369,0.8587786259541985,1.0,6.695712597844082,33.129890453834115,58,8290.796239826836,639
22678,erratic,anchored 7d first a0,7,anchored,first,0,0.2430167597765363,70.89362800526443,0.07655669144981413,0.7662790697674419,1.0,5.770113698953497,37.69953051643193,66,7144.696887686062,639
22678,erratic,anchored 7d start a0,7,anchored,start,0,0.2430167597765363,71.32975327636385,0.07713754646840149,0.7738927738927739,1.0,6.284352296272982,37.69953051643193,66,7781.439783491204,639
22678,erratic,anchored 7d end a0,7,anchored,end,0,0.2430167597765363,52.98437725916177,0.06854089219330856,0.7773386034255599,0.7637869384114121,15.309977181524905,22.848200312989047,40,18957.190798376185,639
22678,erratic,floating 14d first,14,floating,first,0,0.2430167597765363,43.92209103757551,0.05401951672862453,0.9528688524590164,0.999958454266207,10.52010485141951,19.992175273865413,35,13026.252914860244,639
22678,erratic,anchored 14d first a0,14,anchored,first,0,0.2430167597765363,49.62504464331911,0.049837360594795536,0.9147121535181236,0.9989491623384019,8.990747662923384,23.990610328638496,42,11132.565179245896,639
22678,erratic,anchored 14d start a0,14,anchored,start,0,0.2430167597765363,57.04030605307079,0.04716542750929368,0.8942731277533039,0.999442411541258,10.659493068014141,27.417840375586856,48,13198.846837483361,639
22678,erratic,anchored 14d end a0,14,anchored,end,0,0.2430167597765363,47.244840306226514,0.03961431226765799,0.8788659793814433,0.7248773444410002,17.975306213444576,18.278560250391237,32,22257.46684709071,639
22678,erratic,floating 28d first,28,floating,first,0,0.2430167597765363,32.18733628874168,0.030436802973977696,0.9776119402985075,0.9998360555008335,17.907502792613013,9.710485133020343,17,22173.51098156286,639
22678,erratic,anchored 28d first a0,28,anchored,first,0,0.2430167597765363,43.96964675363938,0.031947026022304835,0.9548611111111112,0.9998732952218345,15.292608331335263,17.70735524256651,31,18935.68426031349,639
22678,erratic,anchored 28d start a0,28,anchored,start,0,0.2430167597765363,45.38538187005817,0.026138475836431228,0.9615384615384616,0.9999792106111696,19.320127375701123,16.564945226917057,29,23922.657530284927,639
22678,erratic,anchored 28d end a0,28,anchored,end,0,0.2430167597765363,38.99008563960925,0.021259293680297397,0.9631578947368421,0.678072625698324,21.21224569640063,11.995305164319248,21,26265.5250338295,639
22678,erratic,floating 56d first,56,floating,first,0,0.2430167597765363,37.72402798220057,0.01963289962825279,0.9825581395348837,1.0,35.04782563440987,4.569640062597809,8,43397.080854012835,639
22678,erratic,anchored 56d first a0,56,anchored,first,0,0.2430167597765363,38.972927121535356,0.021723977695167287,0.958974358974359,1.0,28.266659222805092,8.568075117370892,15,35000.47359744162,639
22678,erratic,anchored 56d start a0,56,anchored,start,0,0.2430167597765363,48.93998134905216,0.014986059479553903,0.9923076923076923,0.999928269691013,37.6606729666054,9.710485133020343,17,46632.37276961615,639
22678,erratic,anchored 56d end a0,56,anchored,end,0,0.2430167597765363,35.41816783139007,0.012197955390334572,0.9459459459459459,0.6201117318435754,18.17967800596253,11.424100156494523,20,22510.5250338295,639
22952,erratic,floating 7d first,7,floating,first,0,0.21873742310124764,118.35742918669061,0.06470724907063197,0.8276374442793462,1.0,7.651247560740402,27.98904538341158,49,230140.56048310973,639
22952,erratic,anchored 7d first a0,7,anchored,first,0,0.21873742310124764,115.74225740078225,0.062151486988847586,0.8243451463790447,1.0,7.2524355714128514,28.560250391236305,50,218144.7631935047,639
22952,erratic,anchored 7d start a0,7,anchored,start,0,0.21873742310124764,116.5463109718798,0.06133828996282528,0.8123076923076923,1.0,7.341135700536803,28.560250391236305,50,220812.7591339648,639
22952,erratic,anchored 7d end a0,7,anchored,end,0,0.21873742310124764,142.7788100543125,0.050766728624535316,0.9583333333333334,0.766888861624219,12.992909969446986,14.280125195618153,25,390811.50608930964,639
22952,erratic,floating 14d first,14,floating,first,0,0.21873742310124764,137.46089108334604,0.04460966542750929,0.8402625820568927,1.0,11.74436023317905,17.70735524256651,31,353256.59314019367,639
22952,erratic,anchored 14d first a0,14,anchored,first,0,0.21873742310124764,135.37268357720194,0.036942379182156135,0.7775061124694377,0.999997291392026,10.410835198014434,23.419405320813773,41,313145.7227788973,639
22952,erratic,anchored 14d start a0,14,anchored,start,0,0.21873742310124764,139.94920231365518,0.03438661710037175,0.7589743589743589,1.0,11.136331709786925,22.27699530516432,39,334967.8076771286,639
22952,erratic,anchored 14d end a0,14,anchored,end,0,0.21873742310124764,180.67498541160768,0.0262546468401487,0.8862745098039215,0.714885181982984,17.28378796643227,13.708920187793428,24,519876.0879566982,639
22952,erratic,floating 28d first,28,floating,first,0,0.21873742310124764,192.57685743270864,0.027648698884758363,0.918918918918919,1.0,19.368970532896665,9.710485133020343,17,582595.936026715,639
22952,erratic,anchored 28d first a0,28,anchored,first,0,0.21873742310124764,170.9323410733876,0.024163568773234202,0.8776371308016878,0.9999978587604765,16.20901653095536,13.708920187793428,24,487548.2226526042,639
22952,erratic,anchored 28d start a0,28,anchored,start,0,0.21873742310124764,196.34995028222866,0.018006505576208177,0.9451219512195121,1.0,19.23362280659763,12.566510172143975,22,578524.835027395,639
22952,erratic,anchored 28d end a0,28,anchored,end,0,0.21873742310124764,214.75663666190889,0.014637546468401487,0.9921259842519685,0.6249063382084794,22.146707924068167,7.996870109546166,14,666147.0216508794,639
22952,erratic,floating 56d first,56,floating,first,0,0.21873742310124764,304.72528942821805,0.009990706319702601,1.0,1.0,33.06455294727005,2.856025039123631,5,994543.0058299962,639
22952,erratic,anchored 56d first a0,56,anchored,first,0,0.21873742310124764,259.6065683268005,0.01858736059479554,0.9467455621301775,0.9999969106568944,27.094381652381998,7.996870109546166,14,814967.2494480199,639
22952,erratic,anchored 56d start a0,56,anchored,start,0,0.21873742310124764,328.47985323249185,0.00987453531598513,0.9883720930232558,1.0,34.36127167934607,9.710485133020343,17,1033546.7857259957,639
22952,erratic,anchored 56d end a0,56,anchored,end,0,0.21873742310124764,176.41527109941237,0.008596654275092937,0.9736842105263158,0.38173414763237845,18.13766681809556,6.854460093896714,12,545559.7631935047,639
21238,erratic,floating 7d first,7,floating,first,0,0.23130670560016686,94.34891783795861,0.13487453531598512,0.9563426688632619,1.0,2.6798417183388743,47.98122065727699,84,22219.73535796994,639
21238,erratic,anchored 7d first a0,7,anchored,first,0,0.23130670560016686,96.14972602739726,0.1354553903345725,0.9612530915086562,1.0,2.3693122221585736,49.694835680751176,87,19645.0,639
21238,erratic,anchored 7d start a0,7,anchored,start,0,0.23130670560016686,96.68953424657535,0.13220260223048327,0.9412737799834574,1.0,2.5090950099153457,49.694835680751176,87,20804.0,639
21238,erratic,anchored 7d end a0,7,anchored,end,0,0.23130670560016686,89.87579872838157,0.12174721189591078,0.9415992812219227,0.76496138996139,6.700511687638957,36.557120500782474,64,55556.86197564276,639
21238,erratic,floating 14d first,14,floating,first,0,0.23130670560016686,72.1126034884713,0.0866635687732342,0.979002624671916,1.0,6.50288305871628,26.84663536776213,47,53918.23690171776,639
21238,erratic,anchored 14d first a0,14,anchored,first,0,0.23130670560016686,82.54275187191902,0.0737685873605948,0.9844961240310077,0.9999315078465717,5.578473623825713,34.84350547730829,61,46253.555489708495,639
21238,erratic,anchored 14d start a0,14,anchored,start,0,0.23130670560016686,89.78507034274108,0.06970260223048327,0.9803921568627451,0.9999735014336987,6.159119704700976,37.69953051643193,66,51067.94514764997,639
21238,erratic,anchored 14d end a0,14,anchored,end,0,0.23130670560016686,86.28798012864283,0.06366171003717472,0.9785714285714285,0.7471857187266575,7.066194620824644,33.701095461658845,59,58588.89851149785,639
21238,erratic,floating 28d first,28,floating,first,0,0.23130670560016686,71.10829859988796,0.04879182156133829,0.995260663507109,1.0,12.457594852421236,13.137715179968701,23,103291.34699387707,639
21238,erratic,anchored 28d first a0,28,anchored,first,0,0.23130670560016686,76.39470896915671,0.04217007434944238,0.9784366576819407,1.0,11.23701562536122,18.849765258215964,33,93170.99278671882,639
21238,erratic,anchored 28d start a0,28,anchored,start,0,0.23130670560016686,89.2671858096618,0.03519981412639405,0.9711538461538461,1.0,13.275585473356426,21.705790297339593,38,110073.6636501562,639
21238,erratic,anchored 28d end a0,28,anchored,end,0,0.23130670560016686,75.87367123287672,0.032063197026022304,0.9822064056939501,0.6473214285714286,9.807348534958958,21.705790297339593,38,81317.0,639
21238,erratic,floating 56d first,56,floating,first,0,0.23130670560016686,110.40721377675295,0.02520910780669145,0.9908675799086758,1.0,25.48244763304202,6.854460093896714,12,211286.0766383225,639
21238,erratic,anchored 56d first a0,56,anchored,first,0,0.23130670560016686,108.51671078052068,0.02846189591078067,0.9879032258064516,1.0,23.69815891041702,9.710485133020343,17,196491.76138170614,639
21238,erratic,anchored 56d start a0,56,anchored,start,0,0.23130670560016686,133.5063356957672,0.018703531598513012,1.0,1.0,27.57970699294129,15.422535211267606,27,228675.3678173825,639
21238,erratic,anchored 56d end a0,56,anchored,end,0,0.23130670560016686,60.94783561643836,0.017657992565055763,1.0,0.5112210424710425,8.790757406398274,15.422535211267606,27,72888.0,639
84510A,erratic,floating 7d first,7,floating,first,0,0.21351888667992047,83.62053404418877,0.11640334572490706,0.8812664907651715,1.0,3.102063053066291,45.12519561815336,79,6745.9797045156165,639
84510A,erratic,anchored 7d first a0,7,anchored,first,0,0.21351888667992047,89.22123287671234,0.11570631970260223,0.8245033112582781,1.0,2.162621765494669,49.123630672926446,86,4703.0,639
84510A,erratic,anchored 7d start a0,7,anchored,start,0,0.21351888667992047,89.70342465753424,0.11570631970260223,0.8258706467661692,1.0,2.4863482640930625,49.123630672926446,86,5407.0,639
84510A,erratic,anchored 7d end a0,7,anchored,end,0,0.21351888667992047,76.80223274695535,0.10467007434944238,0.842843779232928,0.769755221065801,9.266330654570234,35.985915492957744,63,20151.25981055481,639
84510A,erratic,floating 14d first,14,floating,first,0,0.21351888667992047,52.91974958790507,0.0762081784386617,0.9618768328445748,1.0,5.988404235229812,25.13302034428795,44,13022.83439834141,639
84510A,erratic,anchored 14d first a0,14,anchored,first,0,0.21351888667992047,65.35366202154462,0.06761152416356878,0.9037267080745341,0.9994910142495664,5.608353074993142,32.55868544600939,57,12196.346551455146,639
84510A,erratic,anchored 14d start a0,14,anchored,start,0,0.21351888667992047,68.11594041053854,0.06517193308550186,0.9092382495948136,0.9996200734213514,6.120119811053214,33.701095461658845,59,13309.27299938627,639
84510A,erratic,anchored 14d end a0,14,anchored,end,0,0.21351888667992047,71.40523476745695,0.05855018587360595,0.9147005444646098,0.7316372487691756,9.671164873046541,32.55868544600939,57,21031.642760487142,639
84510A,erratic,floating 28d first,28,floating,first,0,0.21351888667992047,39.486735027349155,0.042983271375464684,0.9762532981530343,0.9999117073868508,12.4113397178171,11.995305164319248,21,26990.633139929763,639
84510A,erratic,anchored 28d first a0,28,anchored,first,0,0.21351888667992047,48.517474124377685,0.04077602230483272,0.9410187667560321,0.9998527927434789,10.417883019103568,18.849765258215964,33,22655.512221591416,639
84510A,erratic,anchored 28d start a0,28,anchored,start,0,0.21351888667992047,53.72198422781718,0.034502788104089216,0.9488817891373802,1.0,12.569277706382094,19.992175273865413,35,27334.096972613082,639
84510A,erratic,anchored 28d end a0,28,anchored,end,0,0.21351888667992047,51.010958904109586,0.031598513011152414,0.9611307420494699,0.6488340192043895,10.077826623980684,20.56338028169014,36,21916.0,639
84510A,erratic,floating 56d first,56,floating,first,0,0.21351888667992047,53.66387109333486,0.02695167286245353,0.9957081545064378,1.0,28.643013329999793,6.283255086071987,11,62289.2517962689,639
84510A,erratic,anchored 56d first a0,56,anchored,first,0,0.21351888667992047,52.138118294768,0.028113382899628253,0.9641434262948207,1.0,23.590489210562595,9.710485133020343,17,51301.65271036128,639
84510A,erratic,anchored 56d start a0,56,anchored,start,0,0.21351888667992047,69.78747670316837,0.017774163568773236,0.9503105590062112,0.9999542763968792,26.711903921769213,17.136150234741784,30,58089.715986625815,639
84510A,erratic,anchored 56d end a0,56,anchored,end,0,0.21351888667992047,41.782876712328765,0.01696096654275093,0.9358974358974359,0.553726566072245,8.581971084292368,16.564945226917057,29,18663.0,639
20975,erratic,floating 7d first,7,floating,first,0,0.1989006297363646,88.18051333258384,0.1191914498141264,0.957983193277311,1.0,2.803897629197667,41.12676056338028,72,45429.902818408475,639
20975,erratic,anchored 7d first a0,7,anchored,first,0,0.1989006297363646,88.79695890410959,0.1150092936802974,0.953757225433526,1.0,2.7374320399693253,41.69796557120501,73,44353.0,639
20975,erratic,anchored 7d start a0,7,anchored,start,0,0.1989006297363646,89.55167123287671,0.11419609665427509,0.9497584541062802,1.0,2.8682150420818098,41.69796557120501,73,46472.0,639
20975,erratic,anchored 7d end a0,7,anchored,end,0,0.1989006297363646,207.98131506849316,0.08341078066914498,0.9560585885486018,0.7659920911839962,30.148969122189165,19.420970266040687,34,488486.0,639
20975,erratic,floating 14d first,14,floating,first,0,0.1989006297363646,83.66708740599907,0.07655669144981413,0.9806547619047619,1.0,7.740294631359887,22.27699530516432,39,125411.43771684353,639
20975,erratic,anchored 14d first a0,14,anchored,first,0,0.1989006297363646,89.96669389419162,0.06447490706319703,0.9753954305799648,1.0,5.886038997898604,31.987480438184665,56,95368.02516446111,639
20975,erratic,anchored 14d start a0,14,anchored,start,0,0.1989006297363646,97.13162801993612,0.06052509293680297,0.9684014869888475,0.9999881090954348,6.781062922817832,33.129890453834115,58,109869.5709790514,639
20975,erratic,anchored 14d end a0,14,anchored,end,0,0.1989006297363646,248.68617921293148,0.042518587360594794,0.991869918699187,0.7122733014349247,39.628695489787475,11.424100156494523,20,642080.4262516922,639
20975,erratic,floating 28d first,28,floating,first,0,0.1989006297363646,107.37555793986368,0.04356412639405204,0.9765625,0.9999720348920267,15.487760484777192,10.28169014084507,18,250939.06652346344,639
20975,erratic,anchored 28d first a0,28,anchored,first,0,0.1989006297363646,104.0810569446682,0.03903345724907063,0.9655172413793104,1.0,13.010687191293991,16.564945226917057,29,210804.50603695304,639
20975,erratic,anchored 28d start a0,28,anchored,start,0,0.1989006297363646,135.00081477315285,0.031947026022304835,0.9615384615384616,1.0,16.462553062385037,22.848200312989047,40,266733.05686308304,639
20975,erratic,anchored 28d end a0,28,anchored,end,0,0.1989006297363646,239.20235616438356,0.022769516728624536,0.9849246231155779,0.5946731798092579,37.292103398966155,13.708920187793428,24,604222.0,639
20975,erratic,floating 56d first,56,floating,first,0,0.1989006297363646,169.36997498949367,0.021607806691449814,1.0,1.0,27.7902797905686,5.140845070422535,9,450269.54516280914,639
20975,erratic,anchored 56d first a0,56,anchored,first,0,0.1989006297363646,173.85190094158466,0.028113382899628253,0.9877551020408163,1.0,27.52721494606166,8.568075117370892,15,446007.26033598767,639
20975,erratic,anchored 56d start a0,56,anchored,start,0,0.1989006297363646,219.6483780085852,0.01754182156133829,0.9805194805194806,1.0,34.25020004754938,12.566510172143975,22,554935.8305625662,639
20975,erratic,anchored 56d end a0,56,anchored,end,0,0.1989006297363646,117.04054794520547,0.014637546468401487,0.9473684210526315,0.4930797859967434,16.816015458030854,11.424100156494523,20,272460.0,639
22379,erratic,floating 7d first,7,floating,first,0,0.26979782270606534,133.22069987495667,0.1390566914498141,0.9629927594529365,1.0,2.8273101498853004,50.2660406885759,88,39298.941557998056,639
22379,erratic,anchored 7d first a0,7,anchored,first,0,0.26979782270606534,129.14153424657536,0.13847583643122677,0.9770491803278688,1.0,2.6347930889292903,49.694835680751176,87,36623.0,639
22379,erratic,anchored 7d start a0,7,anchored,start,0,0.26979782270606534,129.8238904109589,0.13731412639405205,0.9688524590163935,1.0,2.6774556862516037,49.694835680751176,87,37216.0,639
22379,erratic,anchored 7d end a0,7,anchored,end,0,0.26979782270606534,269.2842260737391,0.11884293680297398,0.9660056657223796,0.7748901866110914,13.335058034399589,31.987480438184665,56,185354.14884979703,639
22379,erratic,floating 14d first,14,floating,first,0,0.26979782270606534,142.426141132322,0.08782527881040893,0.9908256880733946,1.0,6.028801152824874,26.275430359937403,46,83798.9083649941,639
22379,erratic,anchored 14d first a0,14,anchored,first,0,0.26979782270606534,160.7461411161391,0.07434944237918216,0.9907120743034056,0.9999771938413929,5.9862858677233115,37.1283255086072,65,83207.95596997804,639
22379,erratic,anchored 14d start a0,14,anchored,start,0,0.26979782270606534,171.47119515966935,0.07063197026022305,0.9854132901134521,0.9999706239120048,6.531797855016374,38.27073552425665,67,90790.44341256979,639
22379,erratic,anchored 14d end a0,14,anchored,end,0,0.26979782270606534,294.38439446122953,0.0604089219330855,0.9867172675521821,0.7497863682642276,15.717174920961687,24.561815336463223,43,218465.00947225897,639
22379,erratic,floating 28d first,28,floating,first,0,0.26979782270606534,230.53159314846204,0.051928438661710034,1.0,1.0,13.0379116535282,12.566510172143975,22,181223.8845218777,639
22379,erratic,anchored 28d first a0,28,anchored,first,0,0.26979782270606534,209.72859876543825,0.04368029739776952,0.9947089947089947,1.0,11.049509681322885,18.849765258215964,33,153585.5679747261,639
22379,erratic,anchored 28d start a0,28,anchored,start,0,0.26979782270606534,248.18735352255342,0.03612918215613383,0.9936102236421726,0.9999742318074636,12.703776556558624,25.704225352112676,45,176579.4857993619,639
22379,erratic,anchored 28d end a0,28,anchored,end,0,0.26979782270606534,261.0133170704581,0.03055297397769517,0.9850187265917603,0.6735169204458855,14.255957281619562,18.849765258215964,33,198154.4303112314,639
22379,erratic,floating 56d first,56,floating,first,0,0.26979782270606534,449.34539152478294,0.02741635687732342,1.0,1.0,27.343917008864388,6.854460093896714,12,380073.9712060613,639
22379,erratic,anchored 56d first a0,56,anchored,first,0,0.26979782270606534,397.2294733482067,0.02973977695167286,1.0,1.0,23.772888351033227,9.710485133020343,17,330437.5185049891,639
22379,erratic,anchored 56d start a0,56,anchored,start,0,0.26979782270606534,463.8199019581387,0.018703531598513012,1.0,1.0,27.311062099728964,15.422535211267606,27,379617.2957493348,639
22379,erratic,anchored 56d end a0,56,anchored,end,0,0.26979782270606534,291.84153424657535,0.01591542750929368,0.9927536231884058,0.5439928231315989,16.683593581534137,14.280125195618153,25,231898.0,639
21259,erratic,floating 7d first,7,floating,first,0,0.2992125984251969,100.10084875313706,0.11198884758364312,0.8281786941580757,1.0,2.5139105891684537,47.41001564945227,83,5245.218315037839,639
21259,erratic,anchored 7d first a0,7,anchored,first,0,0.2992125984251969,101.21805479452055,0.1100139405204461,0.785240464344942,1.0,2.0901254096388433,49.694835680751176,87,4361.0,639
21259,erratic,anchored 7d start a0,7,anchored,start,0,0.2992125984251969,105.22167123287672,0.10769052044609666,0.7699335548172758,1.0,2.678677118658907,49.694835680751176,87,5589.0,639
21259,erratic,anchored 7d end a0,7,anchored,end,0,0.2992125984251969,201.1409590524033,0.09305297397769517,0.8165137614678899,0.7655351379486592,22.071474479329815,29.131455399061032,51,46051.638700947224,639
21259,erratic,floating 14d first,14,floating,first,0,0.2992125984251969,87.52830952458837,0.07783457249070631,0.9396914446002805,1.0,6.3988799516393025,25.13302034428795,44,13351.120148298109,639
21259,erratic,anchored 14d first a0,14,anchored,first,0,0.2992125984251969,94.81518043841315,0.066682156133829,0.9053627760252366,0.9990953100968116,5.118006248191728,34.27230046948357,60,10678.60576472336,639
21259,erratic,anchored 14d start a0,14,anchored,start,0,0.2992125984251969,108.53866231528993,0.06354553903345725,0.8937908496732027,0.9995844300940567,6.253396845220976,37.69953051643193,66,13047.5728950259,639
21259,erratic,anchored 14d end a0,14,anchored,end,0,0.2992125984251969,230.89750251171975,0.04670074349442379,0.8933333333333333,0.751465319367428,28.209895927574703,22.27699530516432,39,58859.317997292186,639
21259,erratic,floating 28d first,28,floating,first,0,0.2992125984251969,120.27687305104335,0.04821096654275093,0.9834123222748815,1.0,14.447193551610116,12.566510172143975,22,30143.74677616035,639
21259,erratic,anchored 28d first a0,28,anchored,first,0,0.2992125984251969,98.35370095089546,0.03961431226765799,0.9393939393939394,0.9996579511989688,9.754327042999723,18.278560250391237,32,20352.185585778854,639
21259,erratic,anchored 28d start a0,28,anchored,start,0,0.2992125984251969,116.83849634389098,0.03438661710037175,0.9487179487179487,0.9997428984575557,11.883664659280905,20.56338028169014,36,24795.000979428743,639
21259,erratic,anchored 28d end a0,28,anchored,end,0,0.2992125984251969,132.17379338980854,0.02973977695167286,0.9446494464944649,0.5580212667591309,14.43204032409218,19.420970266040687,34,30112.129905277405,639
21259,erratic,floating 56d first,56,floating,first,0,0.2992125984251969,222.74325744635726,0.024395910780669144,0.9905660377358491,1.0,31.27432651964005,5.712050078247262,10,65253.18400665579,639
21259,erratic,anchored 56d first a0,56,anchored,first,0,0.2992125984251969,202.37684302383173,0.027067843866171004,0.9748953974895398,0.999697376490541,27.398331276828984,9.139280125195619,16,57166.006473696274,639
21259,erratic,anchored 56d start a0,56,anchored,start,0,0.2992125984251969,239.90441112085028,0.01858736059479554,0.9937888198757764,0.9999093600995246,31.151011899949594,15.993740219092333,28,64995.890805975076,639
21259,erratic,anchored 56d end a0,56,anchored,end,0,0.2992125984251969,134.4455890410959,0.016612453531598514,0.9533333333333334,0.5349052242256126,15.795040816339766,15.422535211267606,27,32956.0,639
22902,erratic,floating 7d first,7,floating,first,0,0.32498748122183274,63.97374481401345,0.06470724907063197,0.8569230769230769,1.0,7.032696853253494,28.560250391236305,50,12143.8496597974,639
22902,erratic,anchored 7d first a0,7,anchored,first,0,0.32498748122183274,69.90511553932564,0.0683085501858736,0.7808764940239044,1.0,5.991598508874422,33.129890453834115,58,10346.112313937752,639
22902,erratic,anchored 7d start a0,7,anchored,start,0,0.32498748122183274,71.50955649062969,0.0695864312267658,0.7944297082228117,1.0,6.799080467336373,33.129890453834115,58,11740.447902571043,639
22902,erratic,anchored 7d end a0,7,anchored,end,0,0.32498748122183274,92.53836239271847,0.05006970260223048,0.8240917782026769,0.7550859442072447,33.48738209034976,14.85133020344288,26,57825.00541271961,639
22902,erratic,floating 14d first,14,floating,first,0,0.32498748122183274,51.03711522388508,0.04530669144981413,0.9397590361445783,1.0,10.587545143101492,17.136150234741784,30,18282.254896947743,639
22902,erratic,anchored 14d first a0,14,anchored,first,0,0.32498748122183274,55.89441701746324,0.047397769516728624,0.9577464788732394,0.9991849062070097,9.005890112099083,21.705790297339593,38,15551.100503271628,639
22902,erratic,anchored 14d start a0,14,anchored,start,0,0.32498748122183274,60.77441012762345,0.045887546468401486,0.9495192307692307,0.9995989422803503,10.95861042434527,22.27699530516432,39,18922.999277577517,639
22902,erratic,anchored 14d end a0,14,anchored,end,0,0.32498748122183274,97.54541301647919,0.030320631970260224,0.9702602230483272,0.7292149320055864,38.52372377031904,11.995305164319248,21,66521.60893098786,639
22902,erratic,floating 28d first,28,floating,first,0,0.32498748122183274,54.905134119846416,0.02904275092936803,0.9765625,1.0,19.076870301757822,9.710485133020343,17,32941.36655653319,639
22902,erratic,anchored 28d first a0,28,anchored,first,0,0.32498748122183274,56.883190934049885,0.027764869888475836,0.9676113360323887,0.9997788394309,16.046150801946165,14.280125195618153,25,27708.011168876685,639
22902,erratic,anchored 28d start a0,28,anchored,start,0,0.32498748122183274,73.11517348877652,0.02474442379182156,0.9638009049773756,0.9998447242534454,20.6924167475506,18.278560250391237,32,35731.043627151026,639
22902,erratic,anchored 28d end a0,28,anchored,end,0,0.32498748122183274,83.8709666895286,0.017657992565055763,0.9620253164556962,0.7183291852528454,33.151495631553736,10.28169014084507,18,57245.00676589985,639
22902,erratic,floating 56d first,56,floating,first,0,0.32498748122183274,64.6719259658752,0.017774163568773236,0.9935064935064936,1.0,28.521808628445587,4.569640062597809,8,49250.602327486784,639
22902,erratic,anchored 56d first a0,56,anchored,first,0,0.32498748122183274,69.84051482516506,0.018355018587360595,0.9693251533742331,1.0,30.116493889738955,5.712050078247262,10,52004.256931393444,639
22902,erratic,anchored 56d start a0,56,anchored,start,0,0.32498748122183274,102.42425561940522,0.013011152416356878,0.9739130434782609,0.9999056120776986,42.992261679463574,9.710485133020343,17,74237.74595495929,639
22902,erratic,anchored 56d end a0,56,anchored,end,0,0.32498748122183274,54.88538951192837,0.011036245353159852,0.9405940594059405,0.5161903884243144,18.060374599457873,10.852895148669797,19,31186.112313937752,639
82582,erratic,floating 7d first,7,floating,first,0,0.2611598376750884,100.38839584097798,0.1324349442379182,0.9539748953974896,1.0,2.6824627576985596,45.69640062597809,80,17718.48686180229,639
82582,erratic,anchored 7d first a0,7,anchored,first,0,0.2611598376750884,97.51802739726028,0.12151486988847583,0.9372759856630825,1.0,2.3048137993793074,45.69640062597809,80,15224.0,639
82582,erratic,anchored 7d start a0,7,anchored,start,0,0.2611598376750884,99.9068493150685,0.11942379182156133,0.9244604316546763,1.0,2.6191065902037582,45.69640062597809,80,17300.0,639
82582,erratic,anchored 7d end a0,7,anchored,end,0,0.2611598376750884,137.87556972584204,0.10641263940520446,0.9346938775510204,0.7645021645021645,11.298486618683754,29.70266040688576,52,74629.95940460081,639
82582,erratic,floating 14d first,14,floating,first,0,0.2611598376750884,89.50399609970538,0.08050650557620818,0.9829787234042553,1.0,6.381579215541403,23.419405320813773,41,42152.28232474395,639
82582,erratic,anchored 14d first a0,14,anchored,first,0,0.2611598376750884,105.79981232232142,0.06726301115241635,0.9570247933884297,0.9999956472095256,5.7626586350982825,35.41471048513302,62,38064.12261344599,639
82582,erratic,anchored 14d start a0,14,anchored,start,0,0.2611598376750884,107.44568627762828,0.06482342007434944,0.9755244755244755,0.9999174050499181,6.768611839810254,31.987480438184665,56,44708.751169843614,639
82582,erratic,anchored 14d end a0,14,anchored,end,0,0.2611598376750884,185.16711053441338,0.05343866171003717,0.9745762711864406,0.736280649135859,18.836226505079257,23.990610328638496,42,124419.03653585924,639
82582,erratic,floating 28d first,28,floating,first,0,0.2611598376750884,128.3492801926921,0.04879182156133829,0.995260663507109,1.0,13.992174060676941,12.566510172143975,22,92422.58873888719,639
82582,erratic,anchored 28d first a0,28,anchored,first,0,0.2611598376750884,120.78530699535987,0.04065985130111524,0.9859154929577465,1.0,11.549747146604952,18.849765258215964,33,76289.61203168178,639
82582,erratic,anchored 28d start a0,28,anchored,start,0,0.2611598376750884,149.77403957424326,0.03403810408921933,0.9832214765100671,1.0,14.574331300773913,22.27699530516432,39,96267.91534428284,639
82582,erratic,anchored 28d end a0,28,anchored,end,0,0.2611598376750884,127.32542465753426,0.03020446096654275,1.0,0.6647907647907647,11.620809407945103,22.27699530516432,39,76759.0,639
82582,erratic,floating 56d first,56,floating,first,0,0.2611598376750884,216.13467783043245,0.023931226765799257,0.9951690821256038,1.0,26.857614257927935,6.854460093896714,12,177402.75573359008,639
82582,erratic,anchored 56d first a0,56,anchored,first,0,0.2611598376750884,208.83438391671393,0.02683550185873606,0.9914163090128756,1.0,25.63399214200556,7.996870109546166,14,169320.35745142994,639
82582,erratic,anchored 56d start a0,56,anchored,start,0,0.2611598376750884,254.1414283315025,0.01858736059479554,0.9937888198757764,1.0,30.016137108610078,14.85133020344288,26,198265.76509761525,639
82582,erratic,anchored 56d end a0,56,anchored,end,0,0.2611598376750884,173.68690410958905,0.01591542750929368,0.9927536231884058,0.5558441558441558,19.562455327154268,14.280125195618153,25,129216.0,639
22070,erratic,floating 7d first,7,floating,first,0,0.2671343766864544,69.96766403851777,0.08387546468401487,0.7969094922737306,0.999793914891635,2.116347424517465,35.985915492957744,63,3390.9298320786484,639
22070,erratic,anchored 7d first a0,7,anchored,first,0,0.2671343766864544,74.97671232876712,0.08701208178438662,0.7558022199798183,1.0,1.5116188526493857,39.98435054773083,70,2422.0,639
22070,erratic,anchored 7d start a0,7,anchored,start,0,0.2671343766864544,78.17397260273972,0.08828996282527882,0.7684529828109201,1.0,2.482749709264763,39.98435054773083,70,3978.0,639
22070,erratic,anchored 7d end a0,7,anchored,end,0,0.2671343766864544,84.62879400151989,0.07818308550185873,0.7852975495915986,0.6904372989358539,11.733049734516678,26.275430359937403,46,18799.346414073018,639
22070,erratic,floating 14d first,14,floating,first,0,0.2671343766864544,60.000695574196826,0.0595957249070632,0.9015817223198594,1.0,6.68245701265889,21.705790297339593,38,10707.005179442454,639
22070,erratic,anchored 14d first a0,14,anchored,first,0,0.2671343766864544,60.54811678921307,0.058317843866171004,0.8465430016863407,0.9997600798603702,3.8113454527357966,27.417840375586856,48,6106.750170750361,639
22070,erratic,anchored 14d start a0,14,anchored,start,0,0.2671343766864544,68.41185994897008,0.058317843866171004,0.8700173310225303,0.9994681497249176,5.592389668642561,28.560250391236305,50,8960.43850849877,639
22070,erratic,anchored 14d end a0,14,anchored,end,0,0.2671343766864544,81.6149637607281,0.04925650557620818,0.8670756646216768,0.6592281887849406,11.728848958716016,24.561815336463223,43,18792.615696887682,639
22070,erratic,floating 28d first,28,floating,first,0,0.2671343766864544,59.95536642966142,0.040892193308550186,0.9696969696969697,1.0,11.2247654498208,13.137715179968701,23,17984.944995768557,639
22070,erratic,anchored 28d first a0,28,anchored,first,0,0.2671343766864544,62.20283089976551,0.03763940520446097,0.9473684210526315,0.9997145218918333,10.084976151685392,16.564945226917057,29,16158.711037885882,639
22070,erratic,anchored 28d start a0,28,anchored,start,0,0.2671343766864544,82.26990458579537,0.03171468401486989,0.91,0.9995893582595583,13.750210321374851,21.134585289514867,37,22031.353565087084,639
22070,erratic,anchored 28d end a0,28,anchored,end,0,0.2671343766864544,76.57671232876712,0.027764869888475836,0.9263565891472868,0.46442185514612455,12.628445856526701,19.992175273865413,35,20234.0,639
22070,erratic,floating 56d first,56,floating,first,0,0.2671343766864544,115.67521188311008,0.023466542750929367,0.9853658536585366,1.0,31.793885849692295,6.283255086071987,11,50941.936449780245,639
22070,erratic,anchored 56d first a0,56,anchored,first,0,0.2671343766864544,91.03244674138433,0.023350371747211895,0.9220183486238532,0.9998643408542633,23.39771541282411,7.996870109546166,14,37489.12408080704,639
22070,erratic,anchored 56d start a0,56,anchored,start,0,0.2671343766864544,130.27318863457288,0.017309479553903346,0.9371069182389937,0.9997829071288259,33.19046814788524,11.995305164319248,21,53179.61846882548,639
22070,erratic,anchored 56d end a0,56,anchored,end,0,0.2671343766864544,72.21643835616439,0.014637546468401487,0.875,0.37102922490470136,14.9489243429637,13.137715179968701,23,23952.0,639
20692,erratic,floating 7d first,7,floating,first,0,0.4424972617743702,21.579196120700967,0.016263940520446097,0.7035175879396985,1.0,4.666522212204546,7.42566510172144,13,3684.0077459480617,639
20692,erratic,anchored 7d first a0,7,anchored,first,0,0.4424972617743702,22.465408827182237,0.016728624535315983,0.7128712871287128,1.0,4.604629358235332,7.996870109546166,14,3635.146143437077,639
20692,erratic,anchored 7d start a0,7,anchored,start,0,0.4424972617743702,23.22458690937402,0.016844795539033456,0.6971153846153846,1.0,5.017572637969719,7.996870109546166,14,3961.146143437077,639
20692,erratic,anchored 7d end a0,7,anchored,end,0,0.4424972617743702,310.35468348564336,0.01428903345724907,0.803921568627451,0.7190765198391351,165.5490643752989,3.427230046948357,6,130693.48173207037,639
20692,erratic,floating 14d first,14,floating,first,0,0.4424972617743702,18.720981645994712,0.011384758364312268,0.8672566371681416,1.0,6.375448285638111,3.998435054773083,7,5033.127412691845,639
20692,erratic,anchored 14d first a0,14,anchored,first,0,0.4424972617743702,20.52460841337051,0.01092007434944238,0.8545454545454545,0.9992909180319538,6.268634076121199,5.140845070422535,9,4948.802436329689,639
20692,erratic,anchored 14d start a0,14,anchored,start,0,0.4424972617743702,20.10367331710782,0.010571561338289962,0.8425925925925926,0.9992852437927878,6.583607553540368,4.569640062597809,8,5197.4597185227685,639
20692,erratic,anchored 14d end a0,14,anchored,end,0,0.4424972617743702,409.8611587298645,0.009409851301115242,0.9204545454545454,0.6354021266965109,218.5862168263322,4.569640062597809,8,172563.90933694178,639
20692,erratic,floating 28d first,28,floating,first,0,0.4424972617743702,35.658700892663134,0.005111524163568773,0.9166666666666666,1.0,17.764199698107006,1.7136150234741785,3,14024.030383320049,639
20692,erratic,anchored 28d first a0,28,anchored,first,0,0.4424972617743702,23.41901631641823,0.007202602230483271,0.8611111111111112,1.0,8.930872224524258,3.998435054773083,7,7050.518771167826,639
20692,erratic,anchored 28d start a0,28,anchored,start,0,0.4424972617743702,32.04174127935315,0.00546003717472119,0.9215686274509803,1.0,14.165005953338238,3.427230046948357,6,11182.630078781058,639
20692,erratic,anchored 28d end a0,28,anchored,end,0,0.4424972617743702,267.3916438356165,0.007899628252788104,0.9444444444444444,0.47110332749562167,140.00423889325975,5.712050078247262,10,110527.0,639
20692,erratic,floating 56d first,56,floating,first,0,0.4424972617743702,37.07913349923343,0.004298327137546468,0.9736842105263158,1.0,19.080756909621318,1.1424100156494523,2,15063.392620259057,639
20692,erratic,anchored 56d first a0,56,anchored,first,0,0.4424972617743702,73.7121983243442,0.0036013011152416356,1.0,1.0,39.00675094244464,1.1424100156494523,2,30794.061633394856,639
20692,erratic,anchored 56d start a0,56,anchored,start,0,0.4424972617743702,73.70651194156291,0.0032527881040892194,1.0,1.0,37.915788581369675,2.2848200312989047,4,29932.796304318184,639
20692,erratic,anchored 56d end a0,56,anchored,end,0,0.4424972617743702,398.45178082191785,0.0045306691449814125,0.975,0.23467600700525393,212.924195287338,3.998435054773083,7,168094.0,639
21889,erratic,floating 7d first,7,floating,first,0,0.2567261185006046,103.55206774999573,0.13115706319702602,0.9600340136054422,1.0,2.877778153660353,46.267605633802816,81,32926.018914993765,639
21889,erratic,anchored 7d first a0,7,anchored,first,0,0.2567261185006046,109.82054794520548,0.13231877323420074,0.9436619718309859,1.0,2.9120378255019843,49.694835680751176,87,33318.0,639
21889,erratic,anchored 7d start a0,7,anchored,start,0,0.2567261185006046,111.12739726027397,0.13197026022304834,0.9419568822553898,1.0,3.078799581041266,49.694835680751176,87,35226.0,639
21889,erratic,anchored 7d end a0,7,anchored,end,0,0.2567261185006046,170.089841881847,0.10467007434944238,0.9564755838641189,0.779901558654635,15.706996885248074,26.84663536776213,47,179711.16914749664,639
21889,erratic,floating 14d first,14,floating,first,0,0.2567261185006046,106.03998605447175,0.08434014869888476,0.983739837398374,1.0,7.406247877485292,27.417840375586856,48,84738.37963952876,639
21889,erratic,anchored 14d first a0,14,anchored,first,0,0.2567261185006046,116.54222362396789,0.0745817843866171,0.9907407407407407,0.9999794272359082,6.4494887384549715,37.69953051643193,66,73791.64649099312,639
21889,erratic,anchored 14d start a0,14,anchored,start,0,0.2567261185006046,117.73032538389515,0.06923791821561338,0.9738562091503268,0.9999075791947223,7.1115214207436415,35.41471048513302,62,81366.27506048692,639
21889,erratic,anchored 14d end a0,14,anchored,end,0,0.2567261185006046,163.63604000222438,0.056226765799256506,0.9758064516129032,0.7431501230516817,15.5214831072962,23.990610328638496,42,177588.61840324762,639
21889,erratic,floating 28d first,28,floating,first,0,0.2567261185006046,145.12796713380686,0.04821096654275093,0.9975961538461539,1.0,15.584255938956444,13.137715179968701,23,178306.83201535803,639
21889,erratic,anchored 28d first a0,28,anchored,first,0,0.2567261185006046,131.9691622103261,0.04309944237918216,0.9840848806366048,0.9999829549992969,12.501448553041762,19.420970266040687,34,143034.9768270761,639
21889,erratic,anchored 28d start a0,28,anchored,start,0,0.2567261185006046,147.27158382910676,0.035896840148698886,0.9903846153846154,0.9999732026707753,13.178069130151645,25.13302034428795,44,150776.51239049586,639
21889,erratic,anchored 28d end a0,28,anchored,end,0,0.2567261185006046,144.01755982723785,0.029855947955390334,0.9846743295019157,0.6392124692370795,13.400866065667145,22.27699530516432,39,153325.63734776725,639
21889,erratic,floating 56d first,56,floating,first,0,0.2567261185006046,225.5982673252688,0.026603159851301114,1.0,1.0,27.256410994441026,6.854460093896714,12,311853.47029489244,639
21889,erratic,anchored 56d first a0,56,anchored,first,0,0.2567261185006046,219.3375768550064,0.028694237918215612,0.9919678714859438,1.0,25.56426791643966,10.852895148669797,19,292492.86220830935,639
21889,erratic,anchored 56d start a0,56,anchored,start,0,0.2567261185006046,262.49479973104883,0.018703531598513012,1.0,1.0,30.050538934141,15.422535211267606,27,343822.4076073313,639
21889,erratic,anchored 56d end a0,56,anchored,end,0,0.2567261185006046,71.82191780821918,0.01754182156133829,0.9741935483870968,0.4025430680885972,5.336725782614537,17.136150234741784,30,61060.0,639
21115,erratic,floating 7d first,7,floating,first,0,0.23454833597464342,85.23247555520314,0.08445631970260223,0.6864966949952785,1.0,2.5352689473538526,42.840375586854464,75,2766.5582056660337,639
21115,erratic,anchored 7d first a0,7,anchored,first,0,0.23454833597464342,93.32191780821918,0.08492100371747212,0.6163575042158516,1.0,2.061895939822772,48.55242566510172,85,2250.0,639
21115,erratic,anchored 7d start a0,7,anchored,start,0,0.23454833597464342,95.53739726027398,0.08619888475836432,0.6261603375527426,1.0,2.6108184589133674,48.55242566510172,85,2849.0,639
21115,erratic,anchored 7d end a0,7,anchored,end,0,0.23454833597464342,102.71220939069829,0.07307156133828996,0.6649048625792812,0.7580496780128795,15.290244017370645,23.419405320813773,41,16685.152909336943,639
21115,erratic,floating 14d first,14,floating,first,0,0.23454833597464342,75.74130570034063,0.06552044609665428,0.88125,1.0,8.607746293399515,23.419405320813773,41,9393.019689351353,639
21115,erratic,anchored 14d first a0,14,anchored,first,0,0.23454833597464342,78.99958181700266,0.05692379182156134,0.7777777777777778,0.9978723548294578,5.94630245651411,31.41627543035994,55,6488.775824597016,639
21115,erratic,anchored 14d start a0,14,anchored,start,0,0.23454833597464342,84.20873628695676,0.05413568773234201,0.762684124386252,0.9986739179121694,6.989191693309206,31.987480438184665,56,7626.806477584605,639
21115,erratic,anchored 14d end a0,14,anchored,end,0,0.23454833597464342,112.19957625076452,0.04054368029739777,0.7878103837471784,0.6764542950081727,21.85293731042707,13.708920187793428,24,23846.552097428925,639
21115,erratic,floating 28d first,28,floating,first,0,0.23454833597464342,89.36596514872413,0.04019516728624535,0.9177718832891246,1.0,16.938824584760518,11.995305164319248,21,18484.131317988373,639
21115,erratic,anchored 28d first a0,28,anchored,first,0,0.23454833597464342,73.40706118117131,0.036942379182156135,0.8857938718662952,0.9996965358364469,11.002600753697207,16.564945226917057,29,12006.353578612983,639
21115,erratic,anchored 28d start a0,28,anchored,start,0,0.23454833597464342,88.70432157479698,0.03125,0.864951768488746,1.0,13.30615432138067,19.992175273865413,35,14520.05731466733,639
21115,erratic,anchored 28d end a0,28,anchored,end,0,0.23454833597464342,88.00350195562311,0.026370817843866173,0.8598484848484849,0.5390984360625575,13.132514403200325,19.992175273865413,35,14330.576454668471,639
21115,erratic,floating 56d first,56,floating,first,0,0.23454833597464342,85.35510003225058,0.026022304832713755,0.9824561403508771,1.0,18.422734085428452,6.283255086071987,11,20103.415934645524,639
21115,erratic,anchored 56d first a0,56,anchored,first,0,0.23454833597464342,110.39263151034362,0.02509293680297398,0.9473684210526315,0.9998054740901281,23.139604614978683,9.710485133020343,17,25250.600371315126,639
21115,erratic,anchored 56d start a0,56,anchored,start,0,0.23454833597464342,133.74014952011575,0.017657992565055763,0.9440993788819876,1.0,27.93327955257504,11.995305164319248,21,30481.595981364626,639
21115,erratic,anchored 56d end a0,56,anchored,end,0,0.23454833597464342,52.372602739726034,0.016612453531598514,0.9285714285714286,0.468261269549218,6.286491620970762,15.422535211267606,27,6860.0,639
22365,erratic,floating 7d first,7,floating,first,0,0.36044049131723843,109.49094667375519,0.09921003717472118,0.7827681026581118,1.0,3.9908087616561487,42.26917057902973,74,8147.292789887195,639
22365,erratic,anchored 7d first a0,7,anchored,first,0,0.36044049131723843,101.62504109589041,0.09433085501858736,0.6823529411764706,1.0,1.9818622781917161,47.98122065727699,84,4046.0,639
22365,erratic,anchored 7d start a0,7,anchored,start,0,0.36044049131723843,107.74109589041096,0.09735130111524164,0.704201680672269,1.0,2.6695871023590834,47.98122065727699,84,5450.0,639
22365,erratic,anchored 7d end a0,7,anchored,end,0,0.36044049131723843,425.31059754944965,0.06412639405204461,0.7253613666228647,0.7300949815799174,43.6639053105402,21.134585289514867,37,89140.483085251,639
22365,erratic,floating 14d first,14,floating,first,0,0.36044049131723843,96.115817399697,0.06993494423791821,0.9107413010590015,1.0,5.635314408904405,26.275430359937403,46,11504.574434521635,639
22365,erratic,anchored 14d first a0,14,anchored,first,0,0.36044049131723843,93.2426924564285,0.06133828996282528,0.8262910798122066,0.9993909586346734,4.187785260534848,31.987480438184665,56,8549.42311106692,639
22365,erratic,anchored 14d start a0,14,anchored,start,0,0.36044049131723843,104.6380289078555,0.06098977695167286,0.8467741935483871,0.9992291815955899,5.35669743895798,32.55868544600939,57,10935.773931677519,639
22365,erratic,anchored 14d end a0,14,anchored,end,0,0.36044049131723843,226.7328365247367,0.048327137546468404,0.8757894736842106,0.7093058639957012,22.121786012796562,17.136150234741784,30,45161.94046008107,639
22365,erratic,floating 28d first,28,floating,first,0,0.36044049131723843,162.30143990466007,0.0412407063197026,0.9568733153638814,1.0,15.776311091147576,12.566510172143975,22,32207.56324855404,639
22365,erratic,anchored 28d first a0,28,anchored,first,0,0.36044049131723843,131.47814491183084,0.03984665427509294,0.9220430107526881,0.9996389181936409,11.74813114872596,15.422535211267606,27,23983.976662149842,639
22365,erratic,anchored 28d start a0,28,anchored,start,0,0.36044049131723843,153.04587966836263,0.03392193308550186,0.9299363057324841,0.9999342969584818,13.161320445748192,20.56338028169014,36,26869.022691165002,639
22365,erratic,anchored 28d end a0,28,anchored,end,0,0.36044049131723843,444.19991410087687,0.017309479553903346,0.9085365853658537,0.560287081339713,47.924400750590415,10.28169014084507,18,97838.3450608931,639
22365,erratic,floating 56d first,56,floating,first,0,0.36044049131723843,204.33039811183355,0.024395910780669144,0.9813084112149533,1.0,21.73919602008582,6.283255086071987,11,44380.877553974366,639
22365,erratic,anchored 56d first a0,56,anchored,first,0,0.36044049131723843,217.33659065866482,0.026370817843866173,0.9458333333333333,1.0,22.639458942264437,9.139280125195619,16,46218.77710088846,639
22365,erratic,anchored 56d start a0,56,anchored,start,0,0.36044049131723843,290.9301866012388,0.018006505576208177,0.9748427672955975,1.0,30.68985986823849,10.28169014084507,18,62653.78497449821,639
22365,erratic,anchored 56d end a0,56,anchored,end,0,0.36044049131723843,257.03249315068496,0.01254646840148699,0.9230769230769231,0.369377990430622,26.42842248085908,12.566510172143975,22,53954.0,639
21918,erratic,floating 7d first,7,floating,first,0,0.28196787965033543,92.78886867601834,0.1349907063197026,0.9635157545605307,1.0,2.6523660652166483,48.55242566510172,85,33844.48888984158,639
21918,erratic,anchored 7d first a0,7,anchored,first,0,0.28196787965033543,93.71309589041095,0.13615241635687733,0.9582992641046607,1.0,2.2860300350286007,49.694835680751176,87,29170.0,639
21918,erratic,anchored 7d start a0,7,anchored,start,0,0.28196787965033543,94.92269589041096,0.137546468401487,0.9712879409351928,1.0,2.6979386351009462,49.694835680751176,87,34426.0,639
21918,erratic,anchored 7d end a0,7,anchored,end,0,0.28196787965033543,138.9614794520548,0.10559944237918216,0.9680511182108626,0.7745225694444444,31.99697541486638,25.704225352112676,45,408285.0,639
21918,erratic,floating 14d first,14,floating,first,0,0.28196787965033543,68.74161667141536,0.08782527881040893,0.9895287958115183,1.0,6.722670044880603,27.98904538341158,49,85782.02482222146,639
21918,erratic,anchored 14d first a0,14,anchored,first,0,0.28196787965033543,81.96307663780087,0.07388475836431227,0.9754601226993865,0.9999805153630722,5.7764857397457545,37.1283255086072,65,73708.60681901564,639
21918,erratic,anchored 14d start a0,14,anchored,start,0,0.28196787965033543,87.35521643822428,0.07144516728624535,0.9967585089141004,0.9999790428312635,6.9316209550583325,38.27073552425665,67,88448.26190418881,639
21918,erratic,anchored 14d end a0,14,anchored,end,0,0.28196787965033543,121.86074342595512,0.055762081784386616,0.9795918367346939,0.7263563514884979,27.87627664142415,22.848200312989047,40,355704.4208389716,639
21918,erratic,floating 28d first,28,floating,first,0,0.28196787965033543,63.517445365784695,0.04948884758364312,0.9976580796252927,1.0,13.797523312771265,13.137715179968701,23,176057.94712513586,639
21918,erratic,anchored 28d first a0,28,anchored,first,0,0.28196787965033543,70.16275274564072,0.04379646840148699,1.0,1.0,12.314607190988129,19.420970266040687,34,157135.77085903403,639
21918,erratic,anchored 28d start a0,28,anchored,start,0,0.28196787965033543,83.96533373534689,0.036013011152416355,0.9904153354632588,1.0,15.652708557196515,21.705790297339593,38,199730.31920716207,639
21918,erratic,anchored 28d end a0,28,anchored,end,0,0.28196787965033543,123.71253854338516,0.027184014869888477,1.0,0.6398292824074074,32.93380155493433,15.422535211267606,27,420239.00676589983,639
21918,erratic,floating 56d first,56,floating,first,0,0.28196787965033543,101.18515672719711,0.026603159851301114,1.0,1.0,30.37048036932251,6.854460093896714,12,387530.74054079695,639
21918,erratic,anchored 56d first a0,56,anchored,first,0,0.28196787965033543,89.43025298922694,0.028229553903345726,1.0,1.0,25.68648306208279,7.996870109546166,14,327762.4088222361,639
21918,erratic,anchored 56d start a0,56,anchored,start,0,0.28196787965033543,113.31587578037445,0.018703531598513012,1.0,1.0,29.393395797546738,15.422535211267606,27,375063.0316647223,639
21918,erratic,anchored 56d end a0,56,anchored,end,0,0.28196787965033543,53.64894246575342,0.01742565055762082,0.9933774834437086,0.41536458333333337,9.074841753039829,15.422535211267606,27,115796.0,639
20977,erratic,floating 7d first,7,floating,first,0,0.2697095435684647,78.3516521986093,0.10827137546468402,0.9128305582761999,1.0,2.343404674367821,41.69796557120501,73,7813.412209969583,639
20977,erratic,anchored 7d first a0,7,anchored,first,0,0.2697095435684647,82.53767123287672,0.11071096654275094,0.8679417122040073,1.0,1.9869751589296036,44.55399061032864,78,6625.0,639
20977,erratic,anchored 7d start a0,7,anchored,start,0,0.2697095435684647,83.98972602739727,0.10978159851301116,0.8645928636779506,1.0,2.6228072097870765,44.55399061032864,78,8745.0,639
20977,erratic,anchored 7d end a0,7,anchored,end,0,0.2697095435684647,72.82876712328768,0.09758364312267657,0.8898305084745762,0.7681203007518798,11.310012565016656,26.84663536776213,47,37710.0,639
20977,erratic,floating 14d first,14,floating,first,0,0.2697095435684647,56.12800251817563,0.07353624535315985,0.966412213740458,1.0,6.186431014552208,23.990610328638496,42,20626.883676536414,639
20977,erratic,anchored 14d first a0,14,anchored,first,0,0.2697095435684647,69.83246501612193,0.06505576208178439,0.9165302782324058,0.9997918095108077,4.743366760699176,33.701095461658845,59,15815.39892353802,639
20977,erratic,anchored 14d start a0,14,anchored,start,0,0.2697095435684647,68.15256476926707,0.06308085501858736,0.9297945205479452,0.999627135870223,6.197186439584438,30.845070422535212,54,20662.744563129934,639
20977,erratic,anchored 14d end a0,14,anchored,end,0,0.2697095435684647,68.99178082191781,0.05425185873605948,0.9491869918699187,0.7305263157894737,11.381393710348767,24.561815336463223,43,37948.0,639
20977,erratic,floating 28d first,28,floating,first,0,0.2697095435684647,51.11588191040795,0.04356412639405204,0.9868421052631579,1.0,12.74938864392608,12.566510172143975,22,42509.18758919561,639
20977,erratic,anchored 28d first a0,28,anchored,first,0,0.2697095435684647,53.01939102417592,0.0391496282527881,0.9768115942028985,1.0,10.51771511163399,16.564945226917057,29,35068.31089529684,639
20977,erratic,anchored 28d start a0,28,anchored,start,0,0.2697095435684647,60.70211891678907,0.03310873605947955,0.946843853820598,0.9998631344232134,12.13032397291557,18.849765258215964,33,40445.09361851204,639
20977,erratic,anchored 28d end a0,28,anchored,end,0,0.2697095435684647,59.89041095890411,0.029623605947955392,0.9586466165413534,0.6171428571428572,8.709699413632556,22.848200312989047,40,29040.0,639
20977,erratic,floating 56d first,56,floating,first,0,0.2697095435684647,66.02288268800154,0.02358271375464684,0.9902439024390244,1.0,24.09365850078263,6.283255086071987,11,80333.40872448226,639
20977,erratic,anchored 56d first a0,56,anchored,first,0,0.2697095435684647,67.19699226090344,0.02741635687732342,0.979253112033195,1.0,21.104707997283732,10.852895148669797,19,70367.60870091902,639
20977,erratic,anchored 56d start a0,56,anchored,start,0,0.2697095435684647,82.8786084038681,0.01696096654275093,0.9864864864864865,1.0,25.782020399186617,13.708920187793428,24,85962.76826964742,639
20977,erratic,anchored 56d end a0,56,anchored,end,0,0.2697095435684647,52.00958904109589,0.015683085501858735,0.9854014598540146,0.4715789473684211,10.951307313683856,15.422535211267606,27,36514.0,639
20718,erratic,floating 7d first,7,floating,first,0,0.2201052709615242,110.12113122064139,0.14614312267657992,0.970679012345679,1.0,2.8941814780975332,49.694835680751176,87,33756.85158213643,639
20718,erratic,anchored 7d first a0,7,anchored,first,0,0.2201052709615242,106.63698630136986,0.1391728624535316,0.9684721099434115,1.0,2.45805456042488,49.694835680751176,87,28670.0,639
20718,erratic,anchored 7d start a0,7,anchored,start,0,0.2201052709615242,107.24246575342465,0.13801115241635686,0.9627228525121556,1.0,2.533845290505647,49.694835680751176,87,29554.0,639
20718,erratic,anchored 7d end a0,7,anchored,end,0,0.2201052709615242,128.43822826107106,0.12465148698884758,0.9728014505893019,0.7688229909677115,8.191212894619635,35.985915492957744,63,95539.81326116374,639
20718,erratic,floating 14d first,14,floating,first,0,0.2201052709615242,101.8665836805702,0.09502788104089219,0.9915151515151515,1.0,7.118259554016066,25.704225352112676,45,83025.21217363249,639
20718,erratic,anchored 14d first a0,14,anchored,first,0,0.2201052709615242,106.05058538340501,0.07469795539033457,0.9831804281345565,1.0,5.388845625627256,35.985915492957744,63,62853.8546597713,639
20718,erratic,anchored 14d start a0,14,anchored,start,0,0.2201052709615242,112.48634661444608,0.07028345724907063,0.9758064516129032,0.999938470952061,5.693741392736335,38.27073552425665,67,66410.06605709127,639
20718,erratic,anchored 14d end a0,14,anchored,end,0,0.2201052709615242,140.06326950525516,0.06273234200743494,0.9872029250457038,0.7050841483831174,11.148471176479394,29.131455399061032,51,130032.37347767253,639
20718,erratic,floating 28d first,28,floating,first,0,0.2201052709615242,120.55459760459519,0.04855947955390334,0.9928741092636579,1.0,12.336545658022626,12.566510172143975,22,143889.71250270898,639
20718,erratic,anchored 28d first a0,28,anchored,first,0,0.2201052709615242,117.77642143940707,0.04321561338289963,0.992,1.0,10.737040840190062,18.278560250391237,32,125233.57530153432,639
20718,erratic,anchored 28d start a0,28,anchored,start,0,0.2201052709615242,142.59292330300613,0.03566449814126394,0.9777070063694268,1.0,11.590294655965016,28.560250391236305,50,135185.66802238894,639
20718,erratic,anchored 28d end a0,28,anchored,end,0,0.2201052709615242,90.16849315068492,0.0341542750929368,1.0,0.6254295532646048,5.653954169577228,25.704225352112676,45,65946.0,639
20718,erratic,floating 56d first,56,floating,first,0,0.2201052709615242,224.65738710727484,0.026603159851301114,0.9956521739130435,1.0,26.744506854947726,6.283255086071987,11,311939.7851766213,639
20718,erratic,anchored 56d first a0,56,anchored,first,0,0.2201052709615242,193.72295661731243,0.028113382899628253,0.9918032786885246,1.0,21.996074563355812,10.28169014084507,18,256555.51666127617,639
20718,erratic,anchored 56d start a0,56,anchored,start,0,0.2201052709615242,225.473865865988,0.018703531598513012,1.0,1.0,25.469787280153163,12.566510172143975,22,297071.84416434244,639
20718,erratic,anchored 56d end a0,56,anchored,end,0,0.2201052709615242,79.08287671232877,0.018006505576208177,0.9872611464968153,0.5454225041853908,6.018761360180921,17.70735524256651,31,70201.0,639
22349,erratic,floating 7d first,7,floating,first,0,0.4664351851851852,77.961953764966,0.08933550185873607,0.8052356020942408,0.9998277328819972,1.511719860952606,40.55555555555556,71,3388.15083228345,639
22349,erratic,anchored 7d first a0,7,anchored,first,0,0.4664351851851852,82.91506849315068,0.09502788104089219,0.7546125461254612,1.0,1.0672588342124074,44.55399061032864,78,2392.0,639
22349,erratic,anchored 7d start a0,7,anchored,start,0,0.4664351851851852,83.8013698630137,0.09456319702602231,0.7509225092250923,1.0,1.4768506443323866,43.98278560250391,77,3310.0,639
22349,erratic,anchored 7d end a0,7,anchored,end,0,0.4664351851851852,841.7564915565276,0.07283921933085502,0.8059125964010283,0.5500769449000229,173.8764049488978,23.419405320813773,41,389701.49255751015,639
22349,erratic,floating 14d first,14,floating,first,0,0.4664351851851852,71.62704590678185,0.06656598513011153,0.925686591276252,1.0,6.216081766509047,24.561815336463223,43,13931.829007967168,639
22349,erratic,anchored 14d first a0,14,anchored,first,0,0.4664351851851852,78.2244631767684,0.06029275092936803,0.8398058252427184,0.9992682357682614,5.260104180742822,30.845070422535212,54,11789.238746027288,639
22349,erratic,anchored 14d start a0,14,anchored,start,0,0.4664351851851852,76.70884739009605,0.058317843866171004,0.8338870431893688,0.9995299741885328,5.799563804336413,28.560250391236305,50,12998.305729846748,639
22349,erratic,anchored 14d end a0,14,anchored,end,0,0.4664351851851852,919.9520547945204,0.04158921933085502,0.8994974874371859,0.5073355418835779,191.94150413454665,20.56338028169014,36,430190.0,639
22349,erratic,floating 28d first,28,floating,first,0,0.4664351851851852,67.66859945074104,0.042053903345724904,0.9731182795698925,1.0,9.916487690422306,12.566510172143975,22,22225.38506602731,639
22349,erratic,anchored 28d first a0,28,anchored,first,0,0.4664351851851852,67.18022174951145,0.03856877323420074,0.9299719887955182,0.9994096649478491,8.073319868367875,17.136150234741784,30,18094.374584762234,639
22349,erratic,anchored 28d start a0,28,anchored,start,0,0.4664351851851852,79.9425047326838,0.034502788104089216,0.945859872611465,0.9999928009015093,9.324543005459974,21.134585289514867,37,20898.685636572787,639
22349,erratic,anchored 28d end a0,28,anchored,end,0,0.4664351851851852,296.6006849315068,0.023815055762081785,0.9360730593607306,0.46095598674869853,58.32399981162696,15.993740219092333,28,130719.0,639
22349,erratic,floating 56d first,56,floating,first,0,0.4664351851851852,99.53636300308976,0.023931226765799257,0.9903846153846154,1.0,19.007661207582597,6.854460093896714,12,42601.02999483702,639
22349,erratic,anchored 56d first a0,56,anchored,first,0,0.4664351851851852,125.77981623342127,0.023118029739776953,0.943127962085308,0.9997103769234251,24.054748716585436,8.568075117370892,15,53912.84390026503,639
22349,erratic,anchored 56d start a0,56,anchored,start,0,0.4664351851851852,163.7835529906596,0.016844795539033456,0.9602649006622517,1.0,30.786905550995616,12.566510172143975,22,69001.32912212101,639
22349,erratic,anchored 56d end a0,56,anchored,end,0,0.4664351851851852,275.9006849315068,0.012314126394052044,0.9217391304347826,0.3374349266445812,55.13203923472247,12.566510172143975,22,123565.0,639
22107,erratic,floating 7d first,7,floating,first,0,0.21953125,75.94426692586482,0.05657527881040892,0.7290419161676647,1.0,11.407923903312712,28.560250391236305,50,12626.209903920884,639
22107,erratic,anchored 7d first a0,7,anchored,first,0,0.21953125,77.29278273119913,0.05692379182156134,0.7010014306151645,1.0,11.121460534037555,29.70266040688576,52,12309.15426251691,639
22107,erratic,anchored 7d start a0,7,anchored,start,0,0.21953125,77.92771423804844,0.05599442379182156,0.6945244956772334,1.0,11.4006455399061,29.70266040688576,52,12618.15426251691,639
22107,erratic,anchored 7d end a0,7,anchored,end,0,0.21953125,74.68799099115789,0.045771375464684017,0.7309833024118738,0.7832096884966088,18.330578785211223,18.849765258215964,33,20288.15561569684,639
22107,erratic,floating 14d first,14,floating,first,0,0.21953125,61.157682771874406,0.03612918215613383,0.7974358974358975,1.0,14.57972672546874,15.993740219092333,28,16136.738948978878,639
22107,erratic,anchored 14d first a0,14,anchored,first,0,0.21953125,67.31399226572478,0.0391496282527881,0.7522321428571429,0.9988091908255394,13.329330829087237,21.134585289514867,37,14752.809569319394,639
22107,erratic,anchored 14d start a0,14,anchored,start,0,0.21953125,69.91486418230791,0.0362453531598513,0.7139588100686499,0.999031047191492,14.033248386500434,21.705790297339593,38,15531.900568723186,639
22107,erratic,anchored 14d end a0,14,anchored,end,0,0.21953125,72.87784955604548,0.029158921933085502,0.8625429553264605,0.7078967231285,18.414061277386423,17.70735524256651,31,20380.5534506088,639
22107,erratic,floating 28d first,28,floating,first,0,0.21953125,63.298981197502215,0.02683550185873606,0.8988326848249028,1.0,19.47865429921143,10.852895148669797,19,21558.837516117746,639
22107,erratic,anchored 28d first a0,28,anchored,first,0,0.21953125,62.48390147048747,0.025441449814126393,0.8233082706766918,0.999372612274247,18.240838815763464,11.995305164319248,21,20188.83204897057,639
22107,erratic,anchored 28d start a0,28,anchored,start,0,0.21953125,71.68442273214879,0.023931226765799257,0.8477366255144033,0.9992128094764793,18.768718645109796,16.564945226917057,29,20773.085729645747,639
22107,erratic,anchored 28d end a0,28,anchored,end,0,0.21953125,52.50684931506849,0.02462825278810409,0.8548387096774194,0.6301507537688442,6.37879010172144,21.705790297339593,38,7060.0,639
22107,erratic,floating 56d first,56,floating,first,0,0.21953125,96.07675724353705,0.018238847583643122,0.9691358024691358,1.0,38.288421223078814,5.140845070422535,9,42377.3551918547,639
22107,erratic,anchored 56d first a0,56,anchored,first,0,0.21953125,94.24766422392858,0.0191682156133829,0.953757225433526,0.9998361898217207,36.16502626082645,6.854460093896714,12,40027.19658897858,639
22107,erratic,anchored 56d start a0,56,anchored,start,0,0.21953125,107.9892020495619,0.012778810408921933,0.9166666666666666,1.0,39.12934013895178,10.852895148669797,19,43308.0783307868,639
22107,erratic,anchored 56d end a0,56,anchored,end,0,0.21953125,57.781506849315065,0.011617100371747211,0.9174311926605505,0.5135678391959799,17.931989681142408,9.710485133020343,17,19847.0,639
22274,erratic,floating 7d first,7,floating,first,0,0.24387063119457486,90.66809696761554,0.12046933085501858,0.8848122866894198,0.9999462280773129,2.3639794859246854,44.55399061032864,78,7837.043039287579,639
22274,erratic,anchored 7d first a0,7,anchored,first,0,0.24387063119457486,94.9895890410959,0.11698420074349443,0.8419732441471572,1.0,1.8641461007393694,48.55242566510172,85,6180.0,639
22274,erratic,anchored 7d start a0,7,anchored,start,0,0.24387063119457486,96.34578082191781,0.11663568773234201,0.8444070647603028,1.0,2.11722354062939,48.55242566510172,85,7019.0,639
22274,erratic,anchored 7d end a0,7,anchored,end,0,0.24387063119457486,156.63859384210446,0.08445631970260223,0.8844282238442822,0.8123802217622064,22.32562493724303,21.134585289514867,37,74013.70635994597,639
22274,erratic,floating 14d first,14,floating,first,0,0.24387063119457486,76.43415111962699,0.07864776951672862,0.9630156472261735,1.0,5.86589198000445,25.704225352112676,45,19446.551116379404,639
22274,erratic,anchored 14d first a0,14,anchored,first,0,0.24387063119457486,84.78899800024573,0.0683085501858736,0.9088098918083463,0.9996314427573001,4.812456234822203,33.701095461658845,59,15954.210627270662,639
22274,erratic,anchored 14d start a0,14,anchored,start,0,0.24387063119457486,87.66235428025084,0.06331319702602231,0.8847402597402597,0.9998912370330204,5.348650054545032,33.701095461658845,59,17731.79544456196,639
22274,erratic,anchored 14d end a0,14,anchored,end,0,0.24387063119457486,129.65278558585277,0.04937267657992565,0.91792656587473,0.7733708026054642,17.663051047256122,19.992175273865413,35,58556.38430311231,639
22274,erratic,floating 28d first,28,floating,first,0,0.24387063119457486,84.65226794032733,0.04437732342007435,0.9896373056994818,1.0,11.69147003975519,12.566510172143975,22,38759.45389528724,639
22274,erratic,anchored 28d first a0,28,anchored,first,0,0.24387063119457486,80.25132252332628,0.042518587360594794,0.9682539682539683,0.9999304433006948,9.190734519749945,17.70735524256651,31,30469.03851019337,639
22274,erratic,anchored 28d start a0,28,anchored,start,0,0.24387063119457486,91.82556599836309,0.03403810408921933,0.9421221864951769,0.9998676506831334,10.790764558525835,19.420970266040687,34,35773.44337186869,639
22274,erratic,anchored 28d end a0,28,anchored,end,0,0.24387063119457486,82.1438904109589,0.03066914498141264,0.967032967032967,0.6240364400840925,8.424251181464257,21.134585289514867,37,27928.0,639
22274,erratic,floating 56d first,56,floating,first,0,0.24387063119457486,141.34498608702194,0.025557620817843865,0.995475113122172,1.0,24.323532886633473,6.283255086071987,11,80637.15240976779,639
22274,erratic,anchored 56d first a0,56,anchored,first,0,0.24387063119457486,119.25015804484153,0.027648698884758363,1.0,0.9999089867098361,19.45400604782385,8.568075117370892,15,64493.74184130026,639
22274,erratic,anchored 56d start a0,56,anchored,start,0,0.24387063119457486,137.33896911174685,0.01858736059479554,0.9937888198757764,1.0,21.523276748266944,12.566510172143975,22,71353.76902675864,639
22274,erratic,anchored 56d end a0,56,anchored,end,0,0.24387063119457486,73.49419178082192,0.017193308550185873,0.9866666666666667,0.5553608969866853,8.862838306136593,14.85133020344288,26,29382.0,639
47590B,erratic,floating 7d first,7,floating,first,0,0.2248316352961492,126.43937504880932,0.1270910780669145,0.9154811715481171,1.0,2.971832478119878,46.838810641627546,82,14881.075131023306,639
47590B,erratic,anchored 7d first a0,7,anchored,first,0,0.2248316352961492,129.32227397260274,0.12616171003717472,0.8916256157635468,1.0,2.897127618837606,49.123630672926446,86,14507.0,639
47590B,erratic,anchored 7d start a0,7,anchored,start,0,0.2248316352961492,132.0965479452055,0.1270910780669145,0.899671052631579,1.0,3.082654023876562,49.123630672926446,86,15436.0,639
47590B,erratic,anchored 7d end a0,7,anchored,end,0,0.2248316352961492,173.26268493150684,0.11466078066914498,0.9005474452554745,0.7816676077545643,7.774934339049127,32.55868544600939,57,38932.0,639
47590B,erratic,floating 14d first,14,floating,first,0,0.2248316352961492,159.12098336495484,0.08945167286245354,0.9734513274336283,0.9999973804784767,7.631710491573125,25.704225352112676,45,38214.82470477846,639
47590B,erratic,anchored 14d first a0,14,anchored,first,0,0.2248316352961492,138.77865260758995,0.07190985130111524,0.9537750385208013,0.9998441098772212,5.602601758438304,31.41627543035994,55,28054.319451165447,639
47590B,erratic,anchored 14d start a0,14,anchored,start,0,0.2248316352961492,153.3061535994181,0.0683085501858736,0.9499192245557351,0.9998264525230893,6.306616369953242,33.701095461658845,59,31579.583544759276,639
47590B,erratic,anchored 14d end a0,14,anchored,end,0,0.2248316352961492,171.57747945205477,0.06366171003717472,0.9664902998236331,0.7225672877846792,7.9966074387189225,29.70266040688576,52,40042.0,639
47590B,erratic,floating 28d first,28,floating,first,0,0.2248316352961492,243.6874720603039,0.04995353159851301,0.9885057471264368,1.0,14.691348917211132,13.708920187793428,24,73565.07091927607,639
47590B,erratic,anchored 28d first a0,28,anchored,first,0,0.2248316352961492,223.79517637185918,0.0433317843866171,0.966321243523316,0.9999592935012593,12.625461907104258,19.992175273865413,35,63220.403096998714,639
47590B,erratic,anchored 28d start a0,28,anchored,start,0,0.2248316352961492,261.96567964268866,0.03531598513011153,0.9681528662420382,0.9999341694946307,14.776827590188372,23.419405320813773,41,73993.09455924894,639
47590B,erratic,anchored 28d end a0,28,anchored,end,0,0.2248316352961492,266.94384243794843,0.03055297397769517,0.9776951672862454,0.6055596263868311,15.444105836886283,20.56338028169014,36,77334.4059539919,639
47590B,erratic,floating 56d first,56,floating,first,0,0.2248316352961492,418.903604967717,0.026138475836431228,0.995575221238938,1.0,27.144340236650617,7.42566510172144,13,135921.84936992358,639
47590B,erratic,anchored 56d first a0,56,anchored,first,0,0.2248316352961492,407.16688263254235,0.02799721189591078,0.9678714859437751,0.9999701711867325,26.225712611177727,8.568075117370892,15,131321.93776227336,639
47590B,erratic,anchored 56d start a0,56,anchored,start,0,0.2248316352961492,486.51145348118587,0.01812267657992565,0.968944099378882,1.0,30.86305162872553,14.280125195618153,25,154542.8261657182,639
47590B,erratic,anchored 56d end a0,56,anchored,end,0,0.2248316352961492,213.89767123287672,0.017193308550185873,0.9801324503311258,0.5603237342367777,12.49856841696778,15.422535211267606,27,62585.0,639
23184,erratic,floating 7d first,7,floating,first,0,0.21967963386727687,60.99437868376796,0.053322490706319704,0.8547486033519553,1.0,10.730044315456018,22.27699530516432,39,8109.038605631623,639
23184,erratic,anchored 7d first a0,7,anchored,first,0,0.21967963386727687,61.327749457801175,0.04890799256505576,0.8065134099616859,1.0,10.404826620541964,22.848200312989047,40,7863.261163734776,639
23184,erratic,anchored 7d start a0,7,anchored,start,0,0.21967963386727687,62.224594361132226,0.04937267657992565,0.8173076923076923,1.0,10.842355940883031,22.848200312989047,40,8193.916102841678,639
23184,erratic,anchored 7d end a0,7,anchored,end,0,0.21967963386727687,67.3545713756094,0.042402416356877325,0.8649289099526066,0.7654462242562929,21.150698495575536,13.708920187793428,24,15984.261163734776,639
23184,erratic,floating 14d first,14,floating,first,0,0.21967963386727687,52.54832357174692,0.03427044609665428,0.9424920127795527,1.0,14.903120038105103,12.566510172143975,22,11262.76576130063,639
23184,erratic,anchored 14d first a0,14,anchored,first,0,0.21967963386727687,57.950486828460456,0.028113382899628253,0.8612099644128114,0.9993936205644526,15.099316967721897,15.422535211267606,27,11411.038073119258,639
23184,erratic,anchored 14d start a0,14,anchored,start,0,0.21967963386727687,59.526775022043736,0.028694237918215612,0.9047619047619048,0.9998477234247869,15.868315374735827,15.422535211267606,27,11992.194831359559,639
23184,erratic,anchored 14d end a0,14,anchored,end,0,0.21967963386727687,58.15147548519844,0.025673791821561338,0.9094650205761317,0.7334096109839817,18.124493720522985,11.995305164319248,21,13697.261163734776,639
23184,erratic,floating 28d first,28,floating,first,0,0.21967963386727687,58.89430180008391,0.019516728624535316,0.9545454545454546,1.0,23.36542387314599,6.283255086071987,11,17658.000158616793,639
23184,erratic,anchored 28d first a0,28,anchored,first,0,0.21967963386727687,61.50042498319119,0.018471189591078067,0.9408284023668639,0.9996709385582407,22.6854155750901,8.568075117370892,15,17144.096079661394,639
23184,erratic,anchored 28d start a0,28,anchored,start,0,0.21967963386727687,73.94830039365357,0.01486988847583643,0.8951048951048951,0.9997040311185647,24.85532912209612,13.137715179968701,23,18783.96933705409,639
23184,erratic,anchored 28d end a0,28,anchored,end,0,0.21967963386727687,59.326494522401624,0.01312732342007435,0.9416666666666667,0.6922196796338673,20.161293210572868,10.28169014084507,18,15236.535859269283,639
23184,erratic,floating 56d first,56,floating,first,0,0.21967963386727687,81.7748126862183,0.011849442379182156,1.0,1.0,36.96704097936403,3.427230046948357,6,27937.17841461583,639
23184,erratic,anchored 56d first a0,56,anchored,first,0,0.21967963386727687,87.08298790952819,0.01312732342007435,0.9826086956521739,1.0,38.09309335802162,5.140845070422535,9,28788.172310078568,639
23184,erratic,anchored 56d start a0,56,anchored,start,0,0.21967963386727687,103.59157952767836,0.00871282527881041,0.9615384615384616,1.0,45.171166953821654,6.283255086071987,11,34137.29952283091,639
23184,erratic,anchored 56d end a0,56,anchored,end,0,0.21967963386727687,52.6892015125957,0.007899628252788104,0.9855072463768116,0.54869280337397,20.33824124508045,6.283255086071987,11,15370.261163734776,639
23174,erratic,floating 7d first,7,floating,first,0,0.521099116781158,98.21884693853187,0.04867565055762082,0.9436936936936937,1.0,11.515618640717292,16.564945226917057,29,30439.61341272787,639
23174,erratic,anchored 7d first a0,7,anchored,first,0,0.521099116781158,101.34291771553562,0.04321561338289963,0.914004914004914,1.0,11.702625084275143,17.70735524256651,31,30933.933694181327,639
23174,erratic,anchored 7d start a0,7,anchored,start,0,0.521099116781158,102.31449481898902,0.04275092936802974,0.913151364764268,1.0,11.864261862382088,17.70735524256651,31,31361.193504736133,639
23174,erratic,anchored 7d end a0,7,anchored,end,0,0.521099116781158,446.22845452017725,0.021259293680297397,0.9336734693877551,0.7105004906771344,72.73967082398437,5.140845070422535,9,192275.16373477672,639
23174,erratic,floating 14d first,14,floating,first,0,0.521099116781158,118.66949998718371,0.031133828996282528,0.9745454545454545,1.0,16.91428333506492,9.710485133020343,17,44710.08131966512,639
23174,erratic,anchored 14d first a0,14,anchored,first,0,0.521099116781158,106.3069979290298,0.026138475836431228,0.9868421052631579,0.9998513365226864,13.693033639446499,13.708920187793428,24,36195.24607722395,639
23174,erratic,anchored 14d start a0,14,anchored,start,0,0.521099116781158,107.70304862758945,0.022885687732342008,0.9471153846153846,1.0,14.590749576057954,11.424100156494523,20,38568.20813140982,639
23174,erratic,anchored 14d end a0,14,anchored,end,0,0.521099116781158,200.74372910449142,0.015683085501858735,0.9507042253521126,0.696777023650328,31.23405376101336,7.42566510172144,13,82562.00135317996,639
23174,erratic,floating 28d first,28,floating,first,0,0.521099116781158,152.1046863220323,0.01591542750929368,1.0,1.0,24.14039390383512,3.998435054773083,7,63811.0969970383,639
23174,erratic,anchored 28d first a0,28,anchored,first,0,0.521099116781158,146.76939500704802,0.016031598513011152,0.9857142857142858,0.99997101039982,22.254594042408495,7.42566510172144,13,58826.3002139428,639
23174,erratic,anchored 28d start a0,28,anchored,start,0,0.521099116781158,178.0623875204672,0.01324349442379182,0.9743589743589743,0.9999284479082858,27.460664120856407,7.42566510172144,13,72587.67643972352,639
23174,erratic,anchored 28d end a0,28,anchored,end,0,0.521099116781158,184.6053952212357,0.010106877323420074,0.9886363636363636,0.6448914025486882,28.881924703456452,6.283255086071987,11,76344.54127198919,639
23174,erratic,floating 56d first,56,floating,first,0,0.521099116781158,239.05593952727196,0.00871282527881041,1.0,1.0,39.10516685196001,2.2848200312989047,4,103367.9734065714,639
23174,erratic,anchored 56d first a0,56,anchored,first,0,0.521099116781158,200.25545896154287,0.010803903345724907,0.9893617021276596,0.9999369506213694,32.3173800665175,3.427230046948357,6,85425.59339875077,639
23174,erratic,anchored 56d start a0,56,anchored,start,0,0.521099116781158,305.10716714264396,0.007434944237918215,0.9846153846153847,0.9998601352301553,49.26197653401917,5.140845070422535,9,130215.80241815065,639
23174,erratic,anchored 56d end a0,56,anchored,end,0,0.521099116781158,311.50352045526165,0.0034851301115241635,1.0,0.44092685524426956,50.82520426963336,3.427230046948357,6,134347.93369418132,639
22894,erratic,floating 7d first,7,floating,first,0,0.24232633279483037,69.02891693307535,0.04855947955390334,0.660347551342812,1.0,6.863571854360912,27.98904538341158,49,3673.645568126887,639
22894,erratic,anchored 7d first a0,7,anchored,first,0,0.24232633279483037,71.09996040558326,0.052276951672862455,0.6437768240343348,1.0,5.859867877160648,30.845070422535212,54,3136.424898511502,639
22894,erratic,anchored 7d start a0,7,anchored,start,0,0.24232633279483037,74.58135191947652,0.05157992565055762,0.6324786324786325,1.0,7.052882002118616,30.845070422535212,54,3774.971583220568,639
22894,erratic,anchored 7d end a0,7,anchored,end,0,0.24232633279483037,101.43241281257528,0.04309944237918216,0.7013232514177694,0.7673776508883113,25.16404873325394,15.993740219092333,28,13468.759133964813,639
22894,erratic,floating 14d first,14,floating,first,0,0.24232633279483037,61.60449074063933,0.03938197026022305,0.8475,1.0,10.48764254035218,17.70735524256651,31,5613.3864926298265,639
22894,erratic,anchored 14d first a0,14,anchored,first,0,0.24232633279483037,67.83582514677212,0.03775557620817844,0.7647058823529411,1.0,8.853501310335073,23.990610328638496,42,4738.731748026042,639
22894,erratic,anchored 14d start a0,14,anchored,start,0,0.24232633279483037,71.19141417496795,0.03671003717472119,0.7596153846153846,0.9983115776368965,11.716820673641553,21.134585289514867,37,6271.2895346046735,639
22894,erratic,anchored 14d end a0,14,anchored,end,0,0.24232633279483037,391.3208542458339,0.00546003717472119,0.8703703703703703,0.7152288491849221,133.0710040172827,1.7136150234741785,3,71224.67929634642,639
22894,erratic,floating 28d first,28,floating,first,0,0.24232633279483037,62.297550270376924,0.0262546468401487,0.9262295081967213,1.0,15.865389228154672,9.139280125195619,16,8491.761733008832,639
22894,erratic,anchored 28d first a0,28,anchored,first,0,0.24232633279483037,65.26288185129572,0.02578996282527881,0.8671875,0.9988248074843388,14.825459569545542,12.566510172143975,22,7935.151696343184,639
22894,erratic,anchored 28d start a0,28,anchored,start,0,0.24232633279483037,98.03743351124834,0.021491635687732342,0.8371040723981901,0.9992223878502915,24.34332974084457,15.422535211267606,27,13029.479010857107,639
22894,erratic,anchored 28d end a0,28,anchored,end,0,0.24232633279483037,391.3208542458339,0.0037174721189591076,0.9411764705882353,0.7152288491849221,133.0710040172827,1.7136150234741785,3,71224.67929634642,639
22894,erratic,floating 56d first,56,floating,first,0,0.24232633279483037,84.49054754647574,0.014056691449814127,0.9603174603174603,1.0,26.212019901968546,4.569640062597809,8,14029.673293700325,639
22894,erratic,anchored 56d first a0,56,anchored,first,0,0.24232633279483037,85.48565587272469,0.01638011152416357,0.94,1.0,25.86766048245098,5.712050078247262,10,13845.358991730911,639
22894,erratic,anchored 56d start a0,56,anchored,start,0,0.24232633279483037,127.20286249752931,0.011849442379182156,0.8793103448275862,1.0,37.42197823068214,10.28169014084507,18,20029.670759597084,639
22894,erratic,anchored 56d end a0,56,anchored,end,0,0.24232633279483037,62.60420698092572,0.009409851301115242,0.81,0.40182012543694157,16.31315843363899,8.568075117370892,15,8731.424898511501,639
22972,erratic,floating 7d first,7,floating,first,0,0.20239880059970014,58.69411371591846,0.06064126394052045,0.9173989455184535,0.9999569383187452,8.754056516492707,25.704225352112676,45,15146.519716091636,639
22972,erratic,anchored 7d first a0,7,anchored,first,0,0.20239880059970014,62.72467325337832,0.06528810408921933,0.8632872503840245,1.0,8.134335023411614,28.560250391236305,50,14074.259810554806,639
22972,erratic,anchored 7d start a0,7,anchored,start,0,0.20239880059970014,63.871167405045696,0.06447490706319703,0.8538461538461538,1.0,8.867239306794177,28.560250391236305,50,15342.351826792965,639
22972,erratic,anchored 7d end a0,7,anchored,end,0,0.20239880059970014,60.696795521530476,0.060757434944237916,0.8894557823129252,0.7773224348583477,15.14833975813351,21.134585289514867,37,26210.092016238257,639
22972,erratic,floating 14d first,14,floating,first,0,0.20239880059970014,47.22726645073299,0.04031133828996283,0.9747191011235955,0.9998690549114758,12.930419401880751,15.422535211267606,27,22372.582589447095,639
22972,erratic,anchored 14d first a0,14,anchored,first,0,0.20239880059970014,56.19898207911429,0.042053903345724904,0.9576719576719577,1.0,11.633824646717505,21.705790297339593,38,20129.177148111263,639
22972,erratic,anchored 14d start a0,14,anchored,start,0,0.20239880059970014,59.466832580804294,0.04019516728624535,0.9505494505494505,0.999764902350319,13.08356370063473,22.27699530516432,39,22637.55724846535,639
22972,erratic,anchored 14d end a0,14,anchored,end,0,0.20239880059970014,70.35580491964366,0.031482342007434945,0.9442508710801394,0.7062659468641852,31.551038252392,11.995305164319248,21,54590.51150203011,639
22972,erratic,floating 28d first,28,floating,first,0,0.20239880059970014,46.507521996094056,0.023350371747211895,0.9804878048780488,1.0,20.780657344340657,7.996870109546166,14,35955.28948052827,639
22972,erratic,anchored 28d first a0,28,anchored,first,0,0.20239880059970014,46.012562314527045,0.024976765799256506,0.9641255605381166,0.999969802648513,15.989452743417624,11.995305164319248,21,27665.40983273446,639
22972,erratic,anchored 28d start a0,28,anchored,start,0,0.20239880059970014,61.47160690080635,0.021491635687732342,0.9487179487179487,0.9997277595718064,20.11844148440552,17.136150234741784,30,34809.50460240702,639
22972,erratic,anchored 28d end a0,28,anchored,end,0,0.20239880059970014,47.37259228502049,0.020213754646840148,0.9666666666666667,0.5726676580518942,12.384063054544718,15.993740219092333,28,21427.26116373478,639
22972,erratic,floating 56d first,56,floating,first,0,0.20239880059970014,61.73663687068933,0.014986059479553903,0.9923076923076923,1.0,34.35151525180025,4.569640062597809,8,59435.97714485335,639
22972,erratic,anchored 56d first a0,56,anchored,first,0,0.20239880059970014,52.73689242738049,0.0170771375464684,0.98,0.9999727575231684,26.68059596345773,6.283255086071987,11,46163.532533314785,639
22972,erratic,anchored 56d start a0,56,anchored,start,0,0.20239880059970014,76.59064941224997,0.011849442379182156,0.9807692307692307,1.0,37.454476202912545,10.28169014084507,18,64804.80919839769,639
22972,erratic,anchored 56d end a0,56,anchored,end,0,0.20239880059970014,36.28398832187147,0.010687732342007435,0.9484536082474226,0.45122837769207413,12.327422360807079,9.710485133020343,17,21329.259810554806,639
22694,erratic,floating 7d first,7,floating,first,0,0.2167056074766355,97.50484349445378,0.0845724907063197,0.8465116279069768,1.0,7.339213079312737,34.27230046948357,60,32593.494941608646,639
22694,erratic,anchored 7d first a0,7,anchored,first,0,0.2167056074766355,97.63383105640722,0.07946096654275094,0.807556080283353,1.0,6.3860189085360215,37.1283255086072,65,28360.35317997294,639
22694,erratic,anchored 7d start a0,7,anchored,start,0,0.2167056074766355,98.14370281943388,0.08050650557620818,0.8201183431952662,1.0,6.485794221890707,37.1283255086072,65,28803.45602165088,639
22694,erratic,anchored 7d end a0,7,anchored,end,0,0.2167056074766355,95.81361632713589,0.06726301115241635,0.8693693693693694,0.7805685358255452,10.7263161871889,23.419405320813773,41,47635.64276048714,639
22694,erratic,floating 14d first,14,floating,first,0,0.2167056074766355,92.4573712352593,0.05471654275092937,0.9326732673267327,1.0,11.047977775315983,20.56338028169014,36,49064.14404968962,639
22694,erratic,anchored 14d first a0,14,anchored,first,0,0.2167056074766355,94.83987446211968,0.047397769516728624,0.8947368421052632,0.9998145821451404,10.340080417052803,23.990610328638496,42,45920.367092080196,639
22694,erratic,anchored 14d start a0,14,anchored,start,0,0.2167056074766355,102.21745003518598,0.04716542750929368,0.918552036199095,0.9998990040270542,10.60965414997839,27.417840375586856,48,47117.54586391161,639
22694,erratic,anchored 14d end a0,14,anchored,end,0,0.2167056074766355,112.18105229206411,0.03322490706319703,0.9315960912052117,0.7355260329063027,14.907647207230859,20.56338028169014,36,66204.96211096046,639
22694,erratic,floating 28d first,28,floating,first,0,0.2167056074766355,107.313187676716,0.03136617100371747,0.9747292418772563,1.0,17.477436354293832,10.28169014084507,18,77617.41310000318,639
22694,erratic,anchored 28d first a0,28,anchored,first,0,0.2167056074766355,112.76376054971716,0.028345724907063198,0.9242424242424242,1.0,17.369920567507645,13.708920187793428,24,77139.93476344467,639
22694,erratic,anchored 28d start a0,28,anchored,start,0,0.2167056074766355,126.7928796991043,0.02532527881040892,0.9316239316239316,0.999918787412489,17.5713058825129,21.134585289514867,37,78034.28830993587,639
22694,erratic,anchored 28d end a0,28,anchored,end,0,0.2167056074766355,100.26807763174969,0.018471189591078067,0.9298245614035088,0.6065613420510161,13.946241571965544,16.564945226917057,29,61935.35317997294,639
22694,erratic,floating 56d first,56,floating,first,0,0.2167056074766355,169.38183309747424,0.02032992565055762,0.9831460674157303,1.0,31.188964546587247,5.712050078247262,10,138510.40257280497,639
22694,erratic,anchored 56d first a0,56,anchored,first,0,0.2167056074766355,184.6070209995445,0.020678438661710038,0.9726775956284153,0.9999756328419751,33.581275794631736,7.42566510172144,13,149134.6730115089,639
22694,erratic,anchored 56d start a0,56,anchored,start,0,0.2167056074766355,212.6195283223082,0.014521375464684015,0.9920634920634921,0.9999628277809887,38.28021308886099,9.710485133020343,17,170002.68532772022,639
22694,erratic,anchored 56d end a0,56,anchored,end,0,0.2167056074766355,115.17569407010586,0.010223048327137546,0.967032967032967,0.5438666380011719,19.211714297554103,9.710485133020343,17,85319.35317997294,639
85199S,erratic,floating 7d first,7,floating,first,0,0.24090318388564003,105.49179768864545,0.06865706319702602,0.9009146341463414,0.9999787268358425,44.48255076129405,29.131455399061032,51,236779.8351947094,639
85199S,erratic,anchored 7d first a0,7,anchored,first,0,0.24090318388564003,110.30814332585686,0.07342007434944238,0.8540540540540541,1.0,44.332630684111884,31.987480438184665,56,235981.8132611637,639
85199S,erratic,anchored 7d start a0,7,anchored,start,0,0.24090318388564003,110.599957024487,0.07156133828996282,0.8301886792452831,1.0,44.57084300619978,31.987480438184665,56,237249.8132611637,639
85199S,erratic,anchored 7d end a0,7,anchored,end,0,0.24090318388564003,92.1483735221607,0.06203531598513011,0.8797364085667215,0.8349934137491745,48.283790207856086,18.849765258215964,33,257013.76589986493,639
85199S,erratic,floating 14d first,14,floating,first,0,0.24090318388564003,87.39205540048513,0.04937267657992565,0.9725400457665904,1.0,46.85007883634278,17.136150234741784,30,249382.1454902033,639
85199S,erratic,anchored 14d first a0,14,anchored,first,0,0.24090318388564003,93.73820151057811,0.04437732342007435,0.9271844660194175,0.9999415013838239,46.31632715109934,21.134585289514867,37,246540.9946590596,639
85199S,erratic,anchored 14d start a0,14,anchored,start,0,0.24090318388564003,99.84545682881782,0.041821561338289966,0.906801007556675,0.9998177618136865,46.403881431566965,24.561815336463223,43,247007.04455379173,639
85199S,erratic,anchored 14d end a0,14,anchored,end,0,0.24090318388564003,66.88058623463769,0.03787174721189591,0.9261363636363636,0.7687187694674833,30.1062291734669,17.136150234741784,30,160254.9282814614,639
85199S,erratic,floating 28d first,28,floating,first,0,0.24090318388564003,79.05461494491101,0.02857806691449814,0.9879518072289156,1.0,51.472519333039024,9.139280125195619,16,273987.3149391966,639
85199S,erratic,anchored 28d first a0,28,anchored,first,0,0.24090318388564003,85.02785305367922,0.02799721189591078,0.964,1.0,49.001723815549184,14.280125195618153,25,260835.31386420134,639
85199S,erratic,anchored 28d start a0,28,anchored,start,0,0.24090318388564003,86.86623854582936,0.023698884758364312,0.9622641509433962,0.9999907510239994,51.318744579960445,13.708920187793428,24,273168.77463366324,639
85199S,erratic,anchored 28d end a0,28,anchored,end,0,0.24090318388564003,50.77661369863014,0.021956319702602232,0.9792746113989638,0.7030456852791878,22.674506645678704,13.137715179968701,23,120696.0,639
85199S,erratic,floating 56d first,56,floating,first,0,0.24090318388564003,84.11928494896998,0.01754182156133829,1.0,1.0,61.3211079030146,5.140845070422535,9,326411.17864731,639
85199S,erratic,anchored 56d first a0,56,anchored,first,0,0.24090318388564003,85.71250421345647,0.01928438661710037,1.0,0.9999885845164906,58.54009675219959,7.996870109546166,14,311607.90521323343,639
85199S,erratic,anchored 56d start a0,56,anchored,start,0,0.24090318388564003,93.5793590562212,0.01370817843866171,0.9915966386554622,1.0,63.32930686128001,9.139280125195619,16,337100.7863752468,639
85199S,erratic,anchored 56d end a0,56,anchored,end,0,0.24090318388564003,35.57152876712329,0.015102230483271376,0.9848484848484849,0.5150331901600937,12.711295060813221,11.424100156494523,20,67662.0,639
22361,erratic,floating 7d first,7,floating,first,0,0.2708333333333333,89.60881049485918,0.10467007434944238,0.8161231884057971,0.9998729896557099,2.766152418741294,46.838810641627546,82,4707.145475633223,639
22361,erratic,anchored 7d first a0,7,anchored,first,0,0.2708333333333333,93.15920547945205,0.10559944237918216,0.7789203084832905,1.0,2.6027003257121772,49.123630672926446,86,4429.0,639
22361,erratic,anchored 7d start a0,7,anchored,start,0,0.2708333333333333,94.05956164383562,0.1029275092936803,0.7592116538131962,1.0,2.9300211840146573,49.123630672926446,86,4986.0,639
22361,erratic,anchored 7d end a0,7,anchored,end,0,0.2708333333333333,130.129642834634,0.07771840148698884,0.8060240963855422,0.7664038692146056,30.58499290685395,26.275430359937403,46,52046.304465493915,639
22361,erratic,floating 14d first,14,floating,first,0,0.2708333333333333,64.18430691005629,0.07086431226765799,0.9145427286356822,1.0,7.337923505598114,25.13302034428795,44,12486.901732492448,639
22361,erratic,anchored 14d first a0,14,anchored,first,0,0.2708333333333333,71.92177049847442,0.06110594795539034,0.8594771241830066,0.9989055411780643,5.788295556152349,31.987480438184665,56,9849.90886770027,639
22361,erratic,anchored 14d start a0,14,anchored,start,0,0.2708333333333333,76.8861582484862,0.061222118959107806,0.8842281879194631,0.9988457750456838,6.502440813116257,33.701095461658845,59,11065.165696097396,639
22361,erratic,anchored 14d end a0,14,anchored,end,0,0.2708333333333333,132.87977377796724,0.041008364312267655,0.8847117794486216,0.7296328536695365,34.493159726198186,21.705790297339593,38,58696.80920162379,639
22361,erratic,floating 28d first,28,floating,first,0,0.2708333333333333,64.7566650490677,0.04112453531598513,0.9779005524861878,1.0,15.180467446533026,13.137715179968701,23,25832.51312357578,639
22361,erratic,anchored 28d first a0,28,anchored,first,0,0.2708333333333333,69.03511227166528,0.03891728624535316,0.9305555555555556,0.9992571143579676,13.827511919037581,17.70735524256651,31,23530.196574843776,639
22361,erratic,anchored 28d start a0,28,anchored,start,0,0.2708333333333333,80.0755419409301,0.03322490706319703,0.9285714285714286,1.0,16.023485803676007,20.56338028169014,36,27267.072556677093,639
22361,erratic,anchored 28d end a0,28,anchored,end,0,0.2708333333333333,144.99592763267654,0.020562267657992565,0.9619565217391305,0.6853237730618172,45.07822022469051,11.995305164319248,21,76709.3450608931,639
22361,erratic,floating 56d first,56,floating,first,0,0.2708333333333333,97.22199546429599,0.02300185873605948,0.9753694581280788,1.0,31.34565928056764,6.283255086071987,11,53340.726007572935,639
22361,erratic,anchored 56d first a0,56,anchored,first,0,0.2708333333333333,88.90662199696989,0.027881040892193308,0.967741935483871,0.9996332160368233,26.141362896976098,9.710485133020343,17,44484.60513371866,639
22361,erratic,anchored 56d start a0,56,anchored,start,0,0.2708333333333333,108.82017867222018,0.01812267657992565,0.968944099378882,1.0,32.29021832429574,11.424100156494523,20,54948.076636204,639
22361,erratic,anchored 56d end a0,56,anchored,end,0,0.2708333333333333,59.86390023541625,0.015683085501858735,0.9440559440559441,0.503921334037427,12.674630552056696,14.280125195618153,25,21568.3450608931,639
23177,erratic,floating 7d first,7,floating,first,0,0.26469428007889545,66.64364688597887,0.05309014869888476,0.8908382066276803,1.0,10.9692667705704,21.134585289514867,37,24044.291363071745,639
23177,erratic,anchored 7d first a0,7,anchored,first,0,0.26469428007889545,67.30528426047788,0.050302044609665426,0.8677354709418837,1.0,10.844059844493213,21.705790297339593,38,23769.841677943165,639
23177,erratic,anchored 7d start a0,7,anchored,start,0,0.26469428007889545,67.9179939570319,0.05053438661710037,0.8770161290322581,1.0,11.070785528423663,21.705790297339593,38,24266.81732070365,639
23177,erratic,anchored 7d end a0,7,anchored,end,0,0.26469428007889545,103.15182178805124,0.041008364312267655,0.9121447028423773,0.7554336714948768,31.13934618008291,10.852895148669797,19,68256.47767253045,639
23177,erratic,floating 14d first,14,floating,first,0,0.26469428007889545,61.843789897077194,0.03438661710037175,0.9456869009584664,1.0,15.48377957132658,11.424100156494523,20,33939.96291651817,639
23177,erratic,anchored 14d first a0,14,anchored,first,0,0.26469428007889545,66.66723345527433,0.029275092936802975,0.9097472924187726,0.9999079364469996,13.938296251791105,16.564945226917057,29,30552.31158038917,639
23177,erratic,anchored 14d start a0,14,anchored,start,0,0.26469428007889545,70.50013117377793,0.02753252788104089,0.9011406844106464,0.9995849327044969,14.98657519424148,17.136150234741784,30,32850.10639650876,639
23177,erratic,anchored 14d end a0,14,anchored,end,0,0.26469428007889545,97.47703394071961,0.023466542750929367,0.9351851851851852,0.6654634841581859,28.66942306920639,11.424100156494523,20,62842.48308525035,639
23177,erratic,floating 28d first,28,floating,first,0,0.26469428007889545,75.99514818167013,0.02079460966542751,0.9781420765027322,1.0,24.050654831363236,6.283255086071987,11,52718.28685846578,639
23177,erratic,anchored 28d first a0,28,anchored,first,0,0.26469428007889545,65.71146855696188,0.020213754646840148,0.9886363636363636,0.9998640549761247,18.025079553902625,9.710485133020343,17,39510.413385091306,639
23177,erratic,anchored 28d start a0,28,anchored,start,0,0.26469428007889545,74.16193319201629,0.016147769516728624,0.972027972027972,1.0,20.41199462033155,10.852895148669797,19,44742.456922413214,639
23177,erratic,anchored 28d end a0,28,anchored,end,0,0.26469428007889545,83.07823011474224,0.013824349442379182,0.952,0.562871090257371,23.341322888018443,11.424100156494523,20,51163.45331529093,639
23177,erratic,floating 56d first,56,floating,first,0,0.26469428007889545,96.17585826436739,0.012778810408921933,1.0,1.0,32.99842905830511,3.998435054773083,7,72331.529481098,639
23177,erratic,anchored 56d first a0,56,anchored,first,0,0.26469428007889545,91.25102209499421,0.014521375464684015,0.9920634920634921,1.0,30.065940947470267,5.712050078247262,10,65903.6068103842,639
23177,erratic,anchored 56d start a0,56,anchored,start,0,0.26469428007889545,110.29590113492691,0.008945167286245352,0.9871794871794872,0.9998837874676738,36.37318870211683,6.854460093896714,12,79728.8975872185,639
23177,erratic,anchored 56d end a0,56,anchored,end,0,0.26469428007889545,49.38829795910801,0.008248141263940521,0.9726027397260274,0.4437965906270268,13.095004213314072,7.996870109546166,14,28703.841677943165,639
21910,erratic,floating 7d first,7,floating,first,0,0.3936269915651359,29.840986482008812,0.035432156133828996,0.7210401891252955,0.9989801315478147,1.0082009455478405,16.564945226917057,29,930.1820179794449,639
21910,erratic,anchored 7d first a0,7,anchored,first,0,0.3936269915651359,36.438493150684934,0.03984665427509294,0.6305147058823529,1.0,0.5256793284962299,20.56338028169014,36,485.0,639
21910,erratic,anchored 7d start a0,7,anchored,start,0,0.3936269915651359,36.96830136986301,0.03961431226765799,0.6222627737226277,1.0,1.1608300223081696,20.56338028169014,36,1071.0,639
21910,erratic,anchored 7d end a0,7,anchored,end,0,0.3936269915651359,81.46517622852062,0.004995353159851301,0.8431372549019608,1.0,97.66300583884443,0.0,0,90105.4221921516,639
21910,erratic,floating 14d first,14,floating,first,0,0.3936269915651359,23.790473671715123,0.029623605947955392,0.8388157894736842,0.9999353899521887,3.3453072725134,11.995305164319248,21,3086.4330005333945,639
21910,erratic,anchored 14d first a0,14,anchored,first,0,0.3936269915651359,24.3523720651131,0.026370817843866173,0.739413680781759,0.9975796444655536,1.6212660059917912,13.137715179968701,23,1495.805465958432,639
21910,erratic,anchored 14d start a0,14,anchored,start,0,0.3936269915651359,28.631897661619078,0.02648698884758364,0.7574750830564784,0.9973584323288396,4.354032716234519,14.280125195618153,25,4017.0989287604957,639
21910,erratic,anchored 14d end a0,14,anchored,end,0,0.3936269915651359,33.506370252284604,0.011152416356877323,0.8571428571428571,0.8937176784047164,30.577835858219135,4.569640062597809,8,28211.591339648123,639
21910,erratic,floating 28d first,28,floating,first,0,0.3936269915651359,16.05914062248593,0.019052044609665426,0.9060773480662984,0.9990949969966005,4.866224964670808,6.854460093896714,12,4489.655536992013,639
21910,erratic,anchored 28d first a0,28,anchored,first,0,0.3936269915651359,15.083428882476781,0.017890334572490705,0.9112426035502958,0.9998232006166455,3.6965111584398014,6.854460093896714,12,3410.459218497045,639
21910,erratic,anchored 28d start a0,28,anchored,start,0,0.3936269915651359,20.832671726922072,0.016147769516728624,0.879746835443038,0.9989790128673862,4.59472695664187,9.710485133020343,17,4239.167213110776,639
21910,erratic,anchored 28d end a0,28,anchored,end,0,0.3936269915651359,29.44027397260274,0.011617100371747211,0.9259259259259259,0.689922480620155,20.907946900396443,6.854460093896714,12,19290.0,639
21910,erratic,floating 56d first,56,floating,first,0,0.3936269915651359,13.82627333820688,0.012430297397769517,0.9385964912280702,1.0,9.38238170112863,3.427230046948357,6,8656.332631653064,639
21910,erratic,anchored 56d first a0,56,anchored,first,0,0.3936269915651359,13.591603923416777,0.011733271375464684,0.9181818181818182,0.9993757901910443,9.10105265370161,3.427230046948357,6,8396.774036506435,639
21910,erratic,anchored 56d start a0,56,anchored,start,0,0.3936269915651359,21.624607368691294,0.008480483271375464,0.9358974358974359,0.9998496026022015,15.13477488470666,5.140845070422535,9,13963.580877491884,639
21910,erratic,anchored 56d end a0,56,anchored,end,0,0.3936269915651359,41.75838356164384,0.003949814126394052,0.8292682926829268,0.8811369509043928,44.06710197664169,2.856025039123631,5,40657.0,639
85015,erratic,floating 7d first,7,floating,first,0,0.227008547008547,69.51169817233847,0.08120353159851301,0.8165887850467289,1.0,2.1594591168551767,35.41471048513302,62,5461.692894230161,639
85015,erratic,anchored 7d first a0,7,anchored,first,0,0.227008547008547,77.15878356164383,0.08596654275092937,0.7269155206286837,1.0,1.7705239222610116,40.55555555555556,71,4478.0,639
85015,erratic,anchored 7d start a0,7,anchored,start,0,0.227008547008547,79.18053698630138,0.08631505576208179,0.7277179236043095,1.0,2.3517365541778688,40.55555555555556,71,5948.0,639
85015,erratic,anchored 7d end a0,7,anchored,end,0,0.227008547008547,332.844384970434,0.0412407063197026,0.8808933002481389,0.8151098141129876,90.22382194400977,10.852895148669797,19,228193.62652232754,639
85015,erratic,floating 14d first,14,floating,first,0,0.227008547008547,58.66529804717271,0.05494888475836431,0.8890977443609023,1.0,5.940849225655736,21.705790297339593,38,15025.56531318335,639
85015,erratic,anchored 14d first a0,14,anchored,first,0,0.227008547008547,65.16104434206127,0.06017657992565056,0.8422764227642277,0.9997237708561469,4.645968693321518,27.98904538341158,49,11750.56012918798,639
85015,erratic,anchored 14d start a0,14,anchored,start,0,0.227008547008547,76.20696657637609,0.05866635687732342,0.8388704318936877,0.9996947575884456,6.9590062680181495,29.70266040688576,52,17600.682869277432,639
85015,erratic,anchored 14d end a0,14,anchored,end,0,0.227008547008547,206.31822554729635,0.027184014869888477,0.9322709163346613,0.7705485114217704,54.13762636598315,10.28169014084507,18,136924.60622462782,639
85015,erratic,floating 28d first,28,floating,first,0,0.227008547008547,67.93220976714413,0.03473513011152416,0.940251572327044,1.0,13.204567976948589,12.566510172143975,22,33396.925428302005,639
85015,erratic,anchored 28d first a0,28,anchored,first,0,0.227008547008547,68.45171824586777,0.037407063197026025,0.9070422535211268,0.9997469541342777,11.341559616354896,16.564945226917057,29,28685.01426243373,639
85015,erratic,anchored 28d start a0,28,anchored,start,0,0.227008547008547,85.48700931769382,0.031947026022304835,0.9046052631578947,0.9997947888665274,14.801458887170462,19.420970266040687,34,37435.773707088134,639
85015,erratic,anchored 28d end a0,28,anchored,end,0,0.227008547008547,88.22505916547722,0.021491635687732342,0.8851674641148325,0.627520759193357,19.325825341412195,11.995305164319248,21,48878.778078484436,639
85015,erratic,floating 56d first,56,floating,first,0,0.227008547008547,105.92027595412837,0.019981412639405203,0.9717514124293786,1.0,27.57511146589685,5.712050078247262,10,69742.83012600968,639
85015,erratic,anchored 56d first a0,56,anchored,first,0,0.227008547008547,107.75145667359061,0.026603159851301114,0.9423868312757202,1.0,25.22674351172916,11.424100156494523,20,63803.349971833806,639
85015,erratic,anchored 56d start a0,56,anchored,start,0,0.227008547008547,134.99295410558278,0.018006505576208177,0.9627329192546584,1.0,32.77063566092691,11.995305164319248,21,82883.3232042584,639
85015,erratic,anchored 56d end a0,56,anchored,end,0,0.227008547008547,79.6588493150685,0.013359665427509293,0.92,0.5571372083827599,18.87557214129984,7.996870109546166,14,47740.0,639
23133,erratic,floating 7d first,7,floating,first,0,0.3695652173913043,69.5929949619989,0.041008364312267655,0.8404761904761905,1.0,11.971365851731749,18.849765258215964,33,8094.8140370482415,639
23133,erratic,anchored 7d first a0,7,anchored,first,0,0.3695652173913043,69.63783602424601,0.037987918215613384,0.7381489841986456,0.9997629339433602,11.986035565481552,18.849765258215964,33,8104.733423545332,639
23133,erratic,anchored 7d start a0,7,anchored,start,0,0.3695652173913043,71.32400040780766,0.03659386617100372,0.7175398633257403,0.9997629339433602,12.537662748299972,18.849765258215964,33,8477.73342354533,639
23133,erratic,anchored 7d end a0,7,anchored,end,0,0.3695652173913043,92.24471481268652,0.03264405204460966,0.7453580901856764,0.751918158567775,24.289092611937615,10.28169014084507,18,16423.830852503383,639
23133,erratic,floating 14d first,14,floating,first,0,0.3695652173913043,64.23861778376647,0.0262546468401487,0.9112903225806451,1.0,15.781221030719827,9.139280125195619,16,10670.966964287734,639
23133,erratic,anchored 14d first a0,14,anchored,first,0,0.3695652173913043,65.56882610907056,0.022304832713754646,0.8421052631578947,0.9976438817725445,14.907801051871873,11.424100156494523,20,10080.37668473379,639
23133,erratic,anchored 14d start a0,14,anchored,start,0,0.3695652173913043,74.80865815964623,0.021956319702602232,0.8590909090909091,0.9992833819734435,17.603454800265634,11.995305164319248,21,11903.127411073256,639
23133,erratic,anchored 14d end a0,14,anchored,end,0,0.3695652173913043,84.78399540289541,0.019400557620817844,0.8789473684210526,0.7213712454446979,22.175473986287713,9.710485133020343,17,14994.641407307168,639
23133,erratic,floating 28d first,28,floating,first,0,0.3695652173913043,77.66197163044832,0.01696096654275093,0.954248366013072,1.0,22.135554017340386,5.712050078247262,10,14967.64826976584,639
23133,erratic,anchored 28d first a0,28,anchored,first,0,0.3695652173913043,86.34542219020021,0.014405204460966542,0.9051094890510949,1.0,23.99488982796961,7.42566510172144,13,16224.896423892773,639
23133,erratic,anchored 28d start a0,28,anchored,start,0,0.3695652173913043,93.9460473949871,0.012894981412639405,0.9487179487179487,1.0,26.154278510386153,7.996870109546166,14,17685.034726769874,639
23133,erratic,anchored 28d end a0,28,anchored,end,0,0.3695652173913043,81.45249355849259,0.009990706319702601,0.8775510204081632,0.6941363354778871,22.72132167829369,6.854460093896714,12,15363.73342354533,639
23133,erratic,floating 56d first,56,floating,first,0,0.3695652173913043,120.04908189023782,0.009758364312267658,0.9882352941176471,1.0,37.638205116694486,2.856025039123631,5,25450.251448446546,639
23133,erratic,anchored 56d first a0,56,anchored,first,0,0.3695652173913043,134.48849191984624,0.010455390334572491,0.9782608695652174,1.0,42.68919441645752,2.2848200312989047,4,28865.636091359927,639
23133,erratic,anchored 56d start a0,56,anchored,start,0,0.3695652173913043,159.63282303566385,0.007318773234200744,0.984375,0.9994757705026321,48.95224536410876,5.712050078247262,10,33100.59418667715,639
23133,erratic,anchored 56d end a0,56,anchored,end,0,0.3695652173913043,54.152904517396706,0.006737918215613383,0.9508196721311475,0.4498908111812119,13.790285332340734,6.854460093896714,12,9324.73342354533,639
22745,erratic,floating 7d first,7,floating,first,0,0.2601903832072248,91.40896476201297,0.08062267657992565,0.8762626262626263,1.0,7.705038491811632,34.27230046948357,60,27295.886043177932,639
22745,erratic,anchored 7d first a0,7,anchored,first,0,0.2601903832072248,93.00099386434835,0.08434014869888476,0.8875305623471883,1.0,7.359644428554349,35.985915492957744,63,26072.29228687415,639
22745,erratic,anchored 7d start a0,7,anchored,start,0,0.2601903832072248,95.12303282851687,0.0858503717472119,0.9023199023199023,1.0,7.880208924198513,35.985915492957744,63,27916.44519621109,639
22745,erratic,anchored 7d end a0,7,anchored,end,0,0.2601903832072248,95.28430281572655,0.07818308550185873,0.9070080862533693,0.7792569433457862,13.316664393924635,23.419405320813773,41,47175.64411366711,639
22745,erratic,floating 14d first,14,floating,first,0,0.2601903832072248,78.35799822679586,0.056226765799256506,0.9738430583501007,0.999801084234035,11.372236030293967,18.278560250391237,32,40287.30798281068,639
22745,erratic,anchored 14d first a0,14,anchored,first,0,0.2601903832072248,87.53027729081677,0.048327137546468404,0.9607390300230947,0.9998864230266342,10.678558323279209,25.13302034428795,44,37829.88383606695,639
22745,erratic,anchored 14d start a0,14,anchored,start,0,0.2601903832072248,96.71514870507795,0.04495817843866171,0.9302884615384616,0.9998358697610112,11.705163166020231,27.98904538341158,49,41466.736374651075,639
22745,erratic,anchored 14d end a0,14,anchored,end,0,0.2601903832072248,116.60835241996774,0.036477695167286245,0.9486404833836858,0.7223295833810872,22.227438833636427,14.85133020344288,26,78742.97293640053,639
22745,erratic,floating 28d first,28,floating,first,0,0.2601903832072248,93.63501672534817,0.030901486988847583,0.9925373134328358,1.0,19.044906341666728,9.139280125195619,16,67468.5264398859,639
22745,erratic,anchored 28d first a0,28,anchored,first,0,0.2601903832072248,88.78594820260109,0.028345724907063198,0.9644268774703557,0.9999221796869175,16.383484954446487,12.566510172143975,22,58040.169271308085,639
22745,erratic,anchored 28d start a0,28,anchored,start,0,0.2601903832072248,114.913337796725,0.02474442379182156,0.9638009049773756,1.0,20.33974898723797,18.278560250391237,32,72055.63879953482,639
22745,erratic,anchored 28d end a0,28,anchored,end,0,0.2601903832072248,115.8934962092424,0.01963289962825279,0.976878612716763,0.6845736492228542,22.542701766970982,13.708920187793428,24,79859.8240866035,639
22745,erratic,floating 56d first,56,floating,first,0,0.2601903832072248,146.76928368089943,0.018819702602230485,1.0,1.0,33.79664505958122,5.140845070422535,9,119728.06796078163,639
22745,erratic,anchored 56d first a0,56,anchored,first,0,0.2601903832072248,126.05142339648718,0.01928438661710037,0.9707602339181286,0.999981879687873,27.733023849214003,7.42566510172144,13,98247.07033266147,639
22745,erratic,anchored 56d start a0,56,anchored,start,0,0.2601903832072248,162.01347355895234,0.01324349442379182,0.9743589743589743,1.0,35.32842822165367,10.28169014084507,18,125154.56630718475,639
22745,erratic,anchored 56d end a0,56,anchored,end,0,0.2601903832072248,63.16269249448533,0.012197955390334572,0.963302752293578,0.4145998771998257,9.852444801971593,13.137715179968701,23,34903.29228687415,639
22919,erratic,floating 7d first,7,floating,first,0,0.2744135297326787,51.06593938845545,0.0604089219330855,0.8754208754208754,1.0,8.974094051737247,26.275430359937403,46,14223.599052201844,639
22919,erratic,anchored 7d first a0,7,anchored,first,0,0.2744135297326787,56.544668137245814,0.06517193308550186,0.825,1.0,8.050684418080282,29.70266040688576,52,12760.029769959401,639
22919,erratic,anchored 7d start a0,7,anchored,start,0,0.2744135297326787,56.80515732107439,0.06273234200743494,0.7988165680473372,1.0,8.512129819591612,29.70266040688576,52,13491.403247631933,639
22919,erratic,anchored 7d end a0,7,anchored,end,0,0.2744135297326787,42.06565640350715,0.05808550185873606,0.8460236886632826,0.7690809080553703,16.05942096172842,18.849765258215964,33,25453.57374830852,639
22919,erratic,floating 14d first,14,floating,first,0,0.2744135297326787,34.27928824871977,0.04054368029739777,0.9306666666666666,1.0,12.894946497501193,15.422535211267606,27,20438.001621405518,639
22919,erratic,anchored 14d first a0,14,anchored,first,0,0.2744135297326787,44.37410230759795,0.041008364312267655,0.9313984168865436,1.0,11.291448479256202,21.705790297339593,38,17896.518017486545,639
22919,erratic,anchored 14d start a0,14,anchored,start,0,0.2744135297326787,50.90877328617027,0.03891728624535316,0.9203296703296703,0.9999663187130428,12.23859515443689,25.13302034428795,44,19397.709611170394,639
22919,erratic,anchored 14d end a0,14,anchored,end,0,0.2744135297326787,35.064852874117186,0.03392193308550186,0.9329073482428115,0.7349568540079006,19.60091164676121,13.708920187793428,24,31066.702300405952,639
22919,erratic,floating 28d first,28,floating,first,0,0.2744135297326787,27.10525560573393,0.028229553903345726,0.9838056680161943,1.0,19.67248335058025,9.139280125195619,16,31180.140739176033,639
22919,erratic,anchored 28d first a0,28,anchored,first,0,0.2744135297326787,30.548197753547083,0.02520910780669145,0.9559471365638766,0.9993865707767334,18.685679290275914,11.424100156494523,20,29616.093692651422,639
22919,erratic,anchored 28d start a0,28,anchored,start,0,0.2744135297326787,38.89237006834142,0.021723977695167287,0.958974358974359,0.999958981993729,21.066822815639636,15.422535211267606,27,33390.11596111245,639
22919,erratic,anchored 28d end a0,28,anchored,end,0,0.2744135297326787,32.521764769125255,0.020097583643122675,0.9829545454545454,0.6376024574279835,13.324483239376859,14.280125195618153,25,21118.801082543978,639
22919,erratic,floating 56d first,56,floating,first,0,0.2744135297326787,28.2693097703177,0.01533457249070632,1.0,1.0,37.677668771429964,3.998435054773083,7,59717.67743204585,639
22919,erratic,anchored 56d first a0,56,anchored,first,0,0.2744135297326787,33.00189913612553,0.017309479553903346,0.9933333333333333,1.0,33.661048215029346,7.996870109546166,14,53351.486036044764,639
22919,erratic,anchored 56d start a0,56,anchored,start,0,0.2744135297326787,34.96757501952284,0.011617100371747211,0.9615384615384616,0.9999298534017528,42.45752977373143,6.283255086071987,11,67293.57601635258,639
22919,erratic,anchored 56d end a0,56,anchored,end,0,0.2744135297326787,24.236065397519788,0.010106877323420074,0.9560439560439561,0.5033962381153813,16.361293175797222,8.568075117370892,15,25932.0297699594,639
84884A,erratic,floating 7d first,7,floating,first,0,0.42069741282339707,74.64739513887729,0.08131970260223048,0.7291666666666666,1.0,1.69717166503352,39.413145539906104,69,2609.23952619014,639
84884A,erratic,anchored 7d first a0,7,anchored,first,0,0.42069741282339707,83.06249315068493,0.08329460966542751,0.6547945205479452,1.0,1.5213952129223283,44.55399061032864,78,2339.0,639
84884A,erratic,anchored 7d start a0,7,anchored,start,0,0.42069741282339707,84.9714794520548,0.08131970260223048,0.6375227686703097,1.0,2.095089346226088,44.55399061032864,78,3221.0,639
84884A,erratic,anchored 7d end a0,7,anchored,end,0,0.42069741282339707,542.8635550447663,0.04774628252788104,0.822,0.7001640564186598,156.53143533114698,12.566510172143975,22,240652.14884979703,639
84884A,erratic,floating 14d first,14,floating,first,0,0.42069741282339707,60.155880147296756,0.06517193308550186,0.8976,1.0,6.057303912437815,22.848200312989047,40,9312.526903497868,639
84884A,erratic,anchored 14d first a0,14,anchored,first,0,0.42069741282339707,66.53514673638907,0.057853159851301114,0.8313856427378965,0.9982789873396702,5.570236378836384,27.417840375586856,48,8563.70703643292,639
84884A,erratic,anchored 14d start a0,14,anchored,start,0,0.42069741282339707,76.32544560216195,0.05436802973977695,0.7932203389830509,0.9983176254368701,5.507216382115135,33.129890453834115,58,8466.81980353052,639
84884A,erratic,anchored 14d end a0,14,anchored,end,0,0.42069741282339707,521.0224291990341,0.026603159851301114,0.916,0.6782438731017882,150.86924521758885,10.852895148669797,19,231947.07171854106,639
84884A,erratic,floating 28d first,28,floating,first,0,0.42069741282339707,57.28797987023145,0.03961431226765799,0.9419889502762431,1.0,10.304323755636002,13.137715179968701,23,15841.914750170228,639
84884A,erratic,anchored 28d first a0,28,anchored,first,0,0.42069741282339707,59.97391216837016,0.03438661710037175,0.8530259365994236,0.9996264226821149,9.308370460127817,16.564945226917057,29,14310.731571462162,639
84884A,erratic,anchored 28d start a0,28,anchored,start,0,0.42069741282339707,68.81856550987474,0.03055297397769517,0.842948717948718,0.9991260529632524,10.764299817985025,18.849765258215964,33,16549.084064688963,639
84884A,erratic,anchored 28d end a0,28,anchored,end,0,0.42069741282339707,89.99660273972603,0.02253717472118959,0.8434782608695652,0.6068917018284107,18.631399948245907,15.993740219092333,28,28644.0,639
84884A,erratic,floating 56d first,56,floating,first,0,0.42069741282339707,89.99342827057318,0.02300185873605948,0.9473684210526315,1.0,23.438812632111315,6.854460093896714,12,36034.93837817621,639
84884A,erratic,anchored 56d first a0,56,anchored,first,0,0.42069741282339707,89.76237730556394,0.02462825278810409,0.8945147679324894,0.9996013657306483,22.167284850799746,9.139280125195619,16,34080.085717127644,639
84884A,erratic,anchored 56d start a0,56,anchored,start,0,0.42069741282339707,115.7324928340959,0.017657992565055763,0.9440993788819876,1.0,29.37085390913412,10.28169014084507,18,45154.88592967721,639
84884A,erratic,anchored 56d end a0,56,anchored,end,0,0.42069741282339707,84.51156164383562,0.012778810408921933,0.9166666666666666,0.5822784810126582,19.687725654011558,10.852895148669797,19,30268.0,639
21529,erratic,floating 7d first,7,floating,first,0,0.33657587548638135,18.241851983695003,0.02404739776951673,0.7288732394366197,1.0,1.478066828103089,9.710485133020343,17,656.9217015198203,639
21529,erratic,anchored 7d first a0,7,anchored,first,0,0.33657587548638135,20.005698630136987,0.02404739776951673,0.6369230769230769,1.0,1.1969943308793531,10.852895148669797,19,532.0,639
21529,erratic,anchored 7d start a0,7,anchored,start,0,0.33657587548638135,19.242,0.02427973977695167,0.6490683229813664,1.0,1.478242998849126,10.28169014084507,18,657.0,639
21529,erratic,anchored 7d end a0,7,anchored,end,0,0.33657587548638135,48.817370863996196,0.02242100371747212,0.7201492537313433,0.7958843526188982,42.63025581069649,7.42566510172144,13,18946.870094722624,639
21529,erratic,floating 14d first,14,floating,first,0,0.33657587548638135,13.077414235424454,0.019400557620817844,0.7952380952380952,0.9993870310475449,3.6627745958734574,5.712050078247262,10,1627.9075303332254,639
21529,erratic,anchored 14d first a0,14,anchored,first,0,0.33657587548638135,15.376602589853698,0.01591542750929368,0.7527472527472527,0.9992299784269587,2.8286603377600086,7.42566510172144,13,1257.1883265168117,639
21529,erratic,anchored 14d start a0,14,anchored,start,0,0.33657587548638135,15.54653489338974,0.015450743494423791,0.76,0.9993449226545768,3.0309157628650483,7.42566510172144,13,1347.0800523003702,639
21529,erratic,anchored 14d end a0,14,anchored,end,0,0.33657587548638135,25.645218343930534,0.013475836431226766,0.8,0.8688020506727389,17.430911017336634,6.283255086071987,11,7747.108254398036,639
21529,erratic,floating 28d first,28,floating,first,0,0.33657587548638135,9.299354774495438,0.01150092936802974,0.9428571428571428,1.0,7.497566097153538,1.7136150234741785,3,3332.2673807113542,639
21529,erratic,anchored 28d first a0,28,anchored,first,0,0.33657587548638135,12.393442244127591,0.010106877323420074,0.7073170731707317,1.0,6.419338355135855,3.998435054773083,7,2853.052781313871,639
21529,erratic,anchored 28d start a0,28,anchored,start,0,0.33657587548638135,14.056077338059824,0.00766728624535316,0.7764705882352941,0.9980154226563115,10.778649695670822,2.856025039123631,5,4790.533664335993,639
21529,erratic,anchored 28d end a0,28,anchored,end,0,0.33657587548638135,73.60298630136987,0.006970260223048327,0.8571428571428571,0.8130081300813008,80.46186892213636,3.427230046948357,6,35761.0,639
21529,erratic,floating 56d first,56,floating,first,0,0.33657587548638135,13.5057087437295,0.008015799256505576,0.9324324324324325,1.0,12.504018034111255,1.7136150234741785,3,5557.367668784445,639
21529,erratic,anchored 56d first a0,56,anchored,first,0,0.33657587548638135,12.380812161673363,0.006505576208178439,0.835820895522388,1.0,12.355364654075288,1.1424100156494523,2,5491.299186972141,639
21529,erratic,anchored 56d start a0,56,anchored,start,0,0.33657587548638135,16.67827654786268,0.004298327137546468,0.9024390243902439,0.9996430357810454,13.899622017312353,2.856025039123631,5,6177.639043434606,639
21529,erratic,anchored 56d end a0,56,anchored,end,0,0.33657587548638135,31.91372602739726,0.0045306691449814125,0.8478260869565217,0.6138211382113821,29.652609561389088,3.998435054773083,7,13179.0,639
20727,erratic,floating 7d first,7,floating,first,0,0.23070117230701173,152.39650570289734,0.14440055762081785,0.9772012578616353,1.0,3.083836120185582,49.694835680751176,87,72332.49873199251,639
20727,erratic,anchored 7d first a0,7,anchored,first,0,0.23070117230701173,149.00383561643835,0.14184479553903345,0.9870654810024252,1.0,2.923851447548374,49.694835680751176,87,68580.0,639
20727,erratic,anchored 7d start a0,7,anchored,start,0,0.23070117230701173,151.48109589041096,0.14114776951672864,0.9838056680161943,1.0,3.0406690761030917,49.694835680751176,87,71320.0,639
20727,erratic,anchored 7d end a0,7,anchored,end,0,0.23070117230701173,195.40329223126403,0.12616171003717472,0.981029810298103,0.8007362161724849,5.913514766826855,39.98435054773083,70,138703.64140730718,639
20727,erratic,floating 14d first,14,floating,first,0,0.23070117230701173,199.62056534392107,0.09363382899628253,0.9938347718865598,1.0,7.2441278493252055,26.275430359937403,46,169913.65560767028,639
20727,erratic,anchored 14d first a0,14,anchored,first,0,0.23070117230701173,195.91109135376243,0.0745817843866171,0.9861751152073732,0.9999805777341335,6.361864323768554,34.84350547730829,61,149219.84346704025,639
20727,erratic,anchored 14d start a0,14,anchored,start,0,0.23070117230701173,207.87154648657167,0.0716775092936803,0.9935587761674718,0.999987338044382,6.737247363088746,37.1283255086072,65,158024.5892957535,639
20727,erratic,anchored 14d end a0,14,anchored,end,0,0.23070117230701173,629.1074923906798,0.052393122676579924,0.9933920704845814,0.7015088386392136,28.01571925923388,19.992175273865413,35,657118.8930987822,639
20727,erratic,floating 28d first,28,floating,first,0,0.23070117230701173,337.6789919496409,0.0504182156133829,0.9977011494252873,1.0,14.88615129041896,12.566510172143975,22,349160.097156421,639
20727,erratic,anchored 28d first a0,28,anchored,first,0,0.23070117230701173,318.5046509615585,0.04356412639405204,0.9973404255319149,1.0,13.416094783137241,19.420970266040687,34,314679.3866696026,639
20727,erratic,anchored 28d start a0,28,anchored,start,0,0.23070117230701173,361.98011766117554,0.0362453531598513,0.9936305732484076,1.0,15.041819098615825,24.561815336463223,43,352811.3422616032,639
20727,erratic,anchored 28d end a0,28,anchored,end,0,0.23070117230701173,473.3353181085155,0.029391263940520447,0.9921568627450981,0.6906066013353146,20.6701301882585,19.992175273865413,35,484825.4276048732,639
20727,erratic,floating 56d first,56,floating,first,0,0.23070117230701173,683.9994128457098,0.02648698884758364,0.9956331877729258,1.0,31.735944847361147,6.283255086071987,11,744378.1384505578,639
20727,erratic,anchored 56d first a0,56,anchored,first,0,0.23070117230701173,574.7032245941548,0.028113382899628253,1.0,1.0,26.25188446653015,10.28169014084507,18,615747.5059905045,639
20727,erratic,anchored 56d start a0,56,anchored,start,0,0.23070117230701173,647.7862336914404,0.01858736059479554,0.9937888198757764,1.0,29.462405279048593,13.137715179968701,23,691051.4402950781,639
20727,erratic,anchored 56d end a0,56,anchored,end,0,0.23070117230701173,185.13813698630136,0.018703531598513012,1.0,0.5206504591238219,7.174222491757875,18.849765258215964,33,168274.0,639
22028,erratic,floating 7d first,7,floating,first,0,0.20333957553058676,73.37838240301132,0.10885223048327138,0.9464646464646465,1.0,2.6493751705342827,39.98435054773083,70,14679.875917846786,639
22028,erratic,anchored 7d first a0,7,anchored,first,0,0.20333957553058676,81.59502465753425,0.12163104089219332,0.9407008086253369,1.0,2.035054968456878,45.12519561815336,79,11276.0,639
22028,erratic,anchored 7d start a0,7,anchored,start,0,0.20333957553058676,81.25413698630138,0.12302509293680297,0.9549143372407575,1.0,2.5519401608708985,44.55399061032864,78,14140.0,639
22028,erratic,anchored 7d end a0,7,anchored,end,0,0.20333957553058676,67.84283808923567,0.11036245353159851,0.9557344064386318,0.7647659533927594,8.503106689798896,32.55868544600939,57,47114.71312584549,639
22028,erratic,floating 14d first,14,floating,first,0,0.20333957553058676,50.40250220140653,0.07365241635687732,0.9768875192604006,1.0,6.589360838170201,23.990610328638496,42,36510.87266087359,639
22028,erratic,anchored 14d first a0,14,anchored,first,0,0.20333957553058676,67.54529949190314,0.07132899628252788,0.9669291338582677,0.999925038644786,5.1329162566386834,34.84350547730829,61,28440.884696960078,639
22028,erratic,anchored 14d start a0,14,anchored,start,0,0.20333957553058676,67.97400041094657,0.06796003717472118,0.9637561779242174,1.0,6.253323685252824,34.27230046948357,60,34648.93035708926,639
22028,erratic,anchored 14d end a0,14,anchored,end,0,0.20333957553058676,64.41563131221426,0.061802973977695165,0.9761467889908257,0.7316620296128089,9.736513337202066,29.70266040688576,52,53948.87415426434,639
22028,erratic,floating 28d first,28,floating,first,0,0.20333957553058676,38.1112639657669,0.04379646840148699,0.9766839378238342,1.0,12.634680632594915,12.566510172143975,22,70007.27794648713,639
22028,erratic,anchored 28d first a0,28,anchored,first,0,0.20333957553058676,48.19486920026781,0.04263475836431227,0.9786666666666667,1.0,10.347602688931007,19.992175273865413,35,57334.84831068751,639
22028,erratic,anchored 28d start a0,28,anchored,start,0,0.20333957553058676,57.95599736965587,0.03508364312267658,0.9617834394904459,0.9999750850453597,13.297132492393107,23.419405320813773,41,73677.84571338561,639
22028,erratic,anchored 28d end a0,28,anchored,end,0,0.20333957553058676,50.05740273972603,0.03008828996282528,0.9810606060606061,0.6369080021774632,11.808227782564439,19.992175273865413,35,65428.0,639
22028,erratic,floating 56d first,56,floating,first,0,0.20333957553058676,44.8826152911674,0.02578996282527881,1.0,1.0,25.787011090573113,6.854460093896714,12,142882.79263423927,639
22028,erratic,anchored 56d first a0,56,anchored,first,0,0.20333957553058676,49.42100960219161,0.02741635687732342,0.9711934156378601,1.0,23.856585160635383,10.852895148669797,19,132186.52981904687,639
22028,erratic,anchored 56d start a0,56,anchored,start,0,0.20333957553058676,64.634997863086,0.01858736059479554,0.9937888198757764,1.0,28.72968247304462,15.993740219092333,28,159187.78833364748,639
22028,erratic,anchored 56d end a0,56,anchored,end,0,0.20333957553058676,35.33500273972603,0.016728624535315983,0.993103448275862,0.4636182181092361,11.241711504984966,11.995305164319248,21,62289.0,639
22371,erratic,floating 7d first,7,floating,first,0,0.2133051742344245,93.58452651501909,0.10850371747211895,0.8265486725663717,0.9998614219246813,3.299699754413421,46.267605633802816,81,5403.943738802319,639
22371,erratic,anchored 7d first a0,7,anchored,first,0,0.2133051742344245,96.77849315068494,0.10699349442379182,0.7643153526970954,1.0,2.5639495780266484,49.694835680751176,87,4199.0,639
22371,erratic,anchored 7d start a0,7,anchored,start,0,0.2133051742344245,97.94287671232877,0.10943308550185873,0.7804473902236951,1.0,2.8692543622641633,49.694835680751176,87,4699.0,639
22371,erratic,anchored 7d end a0,7,anchored,end,0,0.2133051742344245,99.11498340964279,0.09375,0.829393627954779,0.7710148695939151,13.140295604437368,27.98904538341158,49,21519.963464140725,639
22371,erratic,floating 14d first,14,floating,first,0,0.2133051742344245,72.9427261427034,0.08538568773234201,0.9645669291338582,1.0,6.802258867644265,26.84663536776213,47,11140.111814219694,639
22371,erratic,anchored 14d first a0,14,anchored,first,0,0.2133051742344245,82.12518087293267,0.06377788104089219,0.8742038216560509,0.9991191452126612,6.3256931682403055,33.129890453834115,58,10359.636492494617,639
22371,erratic,anchored 14d start a0,14,anchored,start,0,0.2133051742344245,87.7141621522865,0.06342936802973978,0.8921568627450981,0.9992892743932953,7.004531651473604,34.84350547730829,61,11471.37551245244,639
22371,erratic,anchored 14d end a0,14,anchored,end,0,0.2133051742344245,99.07747177787347,0.049837360594795536,0.8900414937759336,0.7484231491473283,14.703677538661358,24.561815336463223,43,24080.32611638096,639
22371,erratic,floating 28d first,28,floating,first,0,0.2133051742344245,79.11120536272665,0.041821561338289966,0.9448818897637795,1.0,14.450319651183216,13.708920187793428,24,23665.399949876733,639
22371,erratic,anchored 28d first a0,28,anchored,first,0,0.2133051742344245,85.11032942112381,0.03903345724907063,0.9056603773584906,1.0,12.87687238265543,20.56338028169014,36,21088.553222011986,639
22371,erratic,anchored 28d start a0,28,anchored,start,0,0.2133051742344245,93.0169857861503,0.03345724907063197,0.9201277955271565,0.9994567526275656,14.687817934265738,21.134585289514867,37,24054.352719935127,639
22371,erratic,anchored 28d end a0,28,anchored,end,0,0.2133051742344245,82.17110793927372,0.02695167286245353,0.9098039215686274,0.6897994539584168,12.892808688337936,18.849765258215964,33,21114.652232746954,639
22371,erratic,floating 56d first,56,floating,first,0,0.2133051742344245,117.16593863420525,0.02474442379182156,0.9906976744186047,1.0,27.574817492719735,6.854460093896714,12,45159.4912958646,639
22371,erratic,anchored 56d first a0,56,anchored,first,0,0.2133051742344245,120.58494618448461,0.028229553903345726,0.9455252918287937,0.9998565551942074,26.635870771697107,10.852895148669797,19,43621.77100863162,639
22371,erratic,anchored 56d start a0,56,anchored,start,0,0.2133051742344245,140.23890935780702,0.017890334572490705,0.9565217391304348,0.9997914091871233,31.264791683255698,11.995305164319248,21,51202.59048894065,639
22371,erratic,anchored 56d end a0,56,anchored,end,0,0.2133051742344245,62.557945205479456,0.015566914498141264,0.9115646258503401,0.4980102330869812,9.323397501045225,15.422535211267606,27,15269.0,639
22297,erratic,floating 7d first,7,floating,first,0,0.2165081181603605,106.21599852379316,0.1391728624535316,0.9607056936647955,1.0,2.683020791716256,47.98122065727699,84,32435.357844738024,639
22297,erratic,anchored 7d first a0,7,anchored,first,0,0.2165081181603605,105.7972602739726,0.13533921933085502,0.9486970684039088,1.0,2.1493708373951277,50.2660406885759,88,25984.0,639
22297,erratic,anchored 7d start a0,7,anchored,start,0,0.2165081181603605,106.52328767123288,0.13696561338289961,0.960880195599022,1.0,2.3578227505045692,49.694835680751176,87,28504.0,639
22297,erratic,anchored 7d end a0,7,anchored,end,0,0.2165081181603605,128.95230596696757,0.1212825278810409,0.9648798521256932,0.7602635181653807,9.414281219347652,29.131455399061032,51,113810.36671177266,639
22297,erratic,floating 14d first,14,floating,first,0,0.2165081181603605,94.6064269284679,0.08631505576208179,0.9854111405835544,1.0,6.111725993235526,25.13302034428795,44,73885.38331556311,639
22297,erratic,anchored 14d first a0,14,anchored,first,0,0.2165081181603605,112.69740436061397,0.07493029739776952,0.9817351598173516,1.0,5.639634279077031,37.69953051643193,66,68178.21036649641,639
22297,erratic,anchored 14d start a0,14,anchored,start,0,0.2165081181603605,118.16036376803811,0.07098048327137546,0.9838969404186796,0.9998966631506171,5.695545775222896,40.55555555555556,71,68854.13110133565,639
22297,erratic,anchored 14d end a0,14,anchored,end,0,0.2165081181603605,128.60011585444974,0.0625,0.9746376811594203,0.7432276908261111,9.734056581819795,27.417840375586856,48,117676.16914749662,639
22297,erratic,floating 28d first,28,floating,first,0,0.2165081181603605,125.91306963532128,0.04972118959107807,0.9976689976689976,1.0,12.187247118219968,14.280125195618153,25,147333.08166756906,639
22297,erratic,anchored 28d first a0,28,anchored,first,0,0.2165081181603605,121.74261717448272,0.04309944237918216,0.9946380697050938,0.999952949079153,10.9589640237479,17.70735524256651,31,132484.22107474477,639
22297,erratic,anchored 28d start a0,28,anchored,start,0,0.2165081181603605,147.49688540130285,0.03554832713754647,0.9745222929936306,1.0,12.378524166866935,25.704225352112676,45,149645.45268590213,639
22297,erratic,anchored 28d end a0,28,anchored,end,0,0.2165081181603605,97.5472602739726,0.03345724907063197,0.9829351535836177,0.6889424733034792,5.983810691438045,27.417840375586856,48,72339.0,639
22297,erratic,floating 56d first,56,floating,first,0,0.2165081181603605,201.32873041320485,0.027764869888475836,0.9958333333333333,1.0,22.86518517832252,6.854460093896714,12,276419.9464032791,639
22297,erratic,anchored 56d first a0,56,anchored,first,0,0.2165081181603605,217.5528254392337,0.02799721189591078,0.9877049180327869,1.0,24.341486190839458,9.139280125195619,16,294267.12514128117,639
22297,erratic,anchored 56d start a0,56,anchored,start,0,0.2165081181603605,249.9843629244545,0.018703531598513012,1.0,1.0,26.80899805265686,15.993740219092333,28,324097.1698697036,639
22297,erratic,anchored 56d end a0,56,anchored,end,0,0.2165081181603605,106.32054794520548,0.018006505576208177,0.9935897435897436,0.5695831898036514,9.217214196015407,17.136150234741784,30,111428.0,639
20671,erratic,floating 7d first,7,floating,first,0,0.20200752823086573,30.992621349558966,0.04321561338289963,0.851258581235698,1.0,4.221462092575545,16.564945226917057,29,2909.227170356091,639
20671,erratic,anchored 7d first a0,7,anchored,first,0,0.20200752823086573,35.8472602739726,0.04902416356877323,0.7686703096539163,1.0,1.7949607585566376,19.992175273865413,35,1237.0,639
20671,erratic,anchored 7d start a0,7,anchored,start,0,0.20200752823086573,36.21643835616438,0.04821096654275093,0.75591985428051,1.0,2.577081897491179,19.992175273865413,35,1776.0,639
20671,erratic,anchored 7d end a0,7,anchored,end,0,0.20200752823086573,43.95739336756452,0.03485130111524164,0.8064516129032258,0.7525762464869366,65.58469456078461,7.42566510172144,13,45197.794316644206,639
20671,erratic,floating 14d first,14,floating,first,0,0.20200752823086573,19.798093617744907,0.03264405204460966,0.9525423728813559,1.0,8.046440049893064,9.139280125195619,16,5545.216681907563,639
20671,erratic,anchored 14d first a0,14,anchored,first,0,0.20200752823086573,25.49221596278684,0.03078531598513011,0.9075342465753424,0.9990648337080416,5.279876789308171,13.137715179968701,23,3638.6353056687863,639
20671,erratic,anchored 14d start a0,14,anchored,start,0,0.20200752823086573,24.373302358262457,0.028926579925650557,0.8892857142857142,0.9993419919138368,7.146499777969608,11.995305164319248,21,4925.021443063188,639
20671,erratic,anchored 14d end a0,14,anchored,end,0,0.20200752823086573,39.000611711494614,0.023350371747211895,0.8375,0.7032652472956418,44.49078410235567,10.28169014084507,18,30660.893098782137,639
20671,erratic,floating 28d first,28,floating,first,0,0.20200752823086573,14.368811552466703,0.018238847583643122,0.98125,1.0,11.374079905314773,5.140845070422535,9,7838.4648666013845,639
20671,erratic,anchored 28d first a0,28,anchored,first,0,0.20200752823086573,16.008407528630507,0.01812267657992565,0.9397590361445783,1.0,10.610547021873105,6.283255086071987,11,7312.274991800541,639
20671,erratic,anchored 28d start a0,28,anchored,start,0,0.20200752823086573,21.037948867122974,0.01638011152416357,0.9724137931034482,0.9998460649503241,10.673131737548006,9.139280125195619,16,7355.405345999541,639
20671,erratic,anchored 28d end a0,28,anchored,end,0,0.20200752823086573,32.36375702077966,0.01428903345724907,0.8978102189781022,0.5236686390532544,28.31174808505291,10.852895148669797,19,19511.085250338296,639
20671,erratic,floating 56d first,56,floating,first,0,0.20200752823086573,17.909973832938718,0.01092007434944238,0.9894736842105263,1.0,29.468934104046077,2.2848200312989047,4,20308.561796090526,639
20671,erratic,anchored 56d first a0,56,anchored,first,0,0.20200752823086573,16.885113092234036,0.01092007434944238,0.9306930693069307,0.9999656288820773,20.942077233551863,3.998435054773083,7,14432.265114661695,639
20671,erratic,anchored 56d start a0,56,anchored,start,0,0.20200752823086573,19.4894714333306,0.008015799256505576,0.9857142857142858,1.0,24.340985872840285,4.569640062597809,8,16774.628292662677,639
20671,erratic,anchored 56d end a0,56,anchored,end,0,0.20200752823086573,15.825342465753424,0.007434944237918215,0.9014084507042254,0.5103550295857988,10.222715071973736,6.283255086071987,11,7045.0,639
22846,erratic,floating 7d first,7,floating,first,0,0.32438739789964993,102.17113554034819,0.06191914498141264,0.7849779086892489,1.0,7.5802968648547715,28.560250391236305,50,5617.24615699914,639
22846,erratic,anchored 7d first a0,7,anchored,first,0,0.32438739789964993,103.79249611655884,0.06308085501858736,0.7418032786885246,1.0,6.94409475131614,31.987480438184665,56,5145.799729364004,639
22846,erratic,anchored 7d start a0,7,anchored,start,0,0.32438739789964993,108.32323328451997,0.06447490706319703,0.7623626373626373,1.0,7.602396174010219,31.987480438184665,56,5633.622462787549,639
22846,erratic,anchored 7d end a0,7,anchored,end,0,0.32438739789964993,163.5697839360854,0.056342936802973975,0.7772435897435898,0.7572928821470245,18.5354760483033,20.56338028169014,36,13735.389715832203,639
22846,erratic,floating 14d first,14,floating,first,0,0.32438739789964993,112.0755847236105,0.04472583643122677,0.9101654846335697,0.9996846809210617,12.21590990286816,15.993740219092333,28,9052.38596581647,639
22846,erratic,anchored 14d first a0,14,anchored,first,0,0.32438739789964993,104.71239379774165,0.04054368029739777,0.8681592039800995,0.9991719703667544,9.693094549588233,21.705790297339593,38,7182.897857278968,639
22846,erratic,anchored 14d start a0,14,anchored,start,0,0.32438739789964993,117.6154879979439,0.03949814126394052,0.8717948717948718,0.9987627013399554,10.841388516510104,24.561815336463223,43,8033.820979129652,639
22846,erratic,anchored 14d end a0,14,anchored,end,0,0.32438739789964993,207.1094797857156,0.03136617100371747,0.8490566037735849,0.7082689243877138,26.605213805848173,13.708920187793428,24,19715.327469553446,639
22846,erratic,floating 28d first,28,floating,first,0,0.32438739789964993,151.32503259468126,0.02857806691449814,0.9571984435797666,1.0,19.80758529550285,8.568075117370892,15,14678.063981433232,639
22846,erratic,anchored 28d first a0,28,anchored,first,0,0.32438739789964993,129.53684681627726,0.02509293680297398,0.9191489361702128,0.9999769376870998,15.915348744237097,11.424100156494523,20,11793.790291428082,639
22846,erratic,anchored 28d start a0,28,anchored,start,0,0.32438739789964993,155.92034078505276,0.022304832713754646,0.9230769230769231,0.9995147517229372,18.441114063832654,16.564945226917057,29,13665.464420809512,639
22846,erratic,anchored 28d end a0,28,anchored,end,0,0.32438739789964993,140.57790286762935,0.018355018587360595,0.8926553672316384,0.6231038506417736,16.647797846328587,14.85133020344288,26,12336.558863328823,639
22846,erratic,floating 56d first,56,floating,first,0,0.32438739789964993,244.59265865965358,0.015566914498141264,0.9640287769784173,1.0,34.52144307185731,3.998435054773083,7,25581.510445655913,639
22846,erratic,anchored 56d first a0,56,anchored,first,0,0.32438739789964993,214.45183318151777,0.018238847583643122,0.9573170731707317,0.999168299985129,29.27029829174606,7.42566510172144,13,21690.241625738636,639
22846,erratic,anchored 56d start a0,56,anchored,start,0,0.32438739789964993,291.98679210631184,0.013475836431226766,0.9914529914529915,1.0,39.518799162246914,11.424100156494523,20,29284.713604366905,639
22846,erratic,anchored 56d end a0,56,anchored,end,0,0.32438739789964993,135.53138231968416,0.01092007434944238,0.94,0.5169194865810969,17.076928836078835,10.28169014084507,18,12654.558863328823,639
22227,erratic,floating 7d first,7,floating,first,0,0.20923427085026824,90.21453702738357,0.13359665427509293,0.92,1.0,2.7527268628589474,48.55242566510172,85,14640.815499961573,639
22227,erratic,anchored 7d first a0,7,anchored,first,0,0.20923427085026824,91.03249315068493,0.1316217472118959,0.9166666666666666,1.0,2.1287320737953976,49.694835680751176,87,11322.0,639
22227,erratic,anchored 7d start a0,7,anchored,start,0,0.20923427085026824,91.6568493150685,0.13231877323420074,0.924512987012987,1.0,2.458326432156406,49.694835680751176,87,13075.0,639
22227,erratic,anchored 7d end a0,7,anchored,end,0,0.20923427085026824,74.7432602739726,0.11663568773234201,0.9374416433239963,0.7728712871287129,10.422363985753426,31.41627543035994,55,55433.0,639
22227,erratic,floating 14d first,14,floating,first,0,0.20923427085026824,59.93421084116787,0.08387546468401487,0.978319783197832,1.0,5.772112797087306,27.98904538341158,49,30699.89966943287,639
22227,erratic,anchored 14d first a0,14,anchored,first,0,0.20923427085026824,72.74930895917446,0.07260687732342007,0.9645061728395061,0.9998680761312309,5.146609281955116,35.985915492957744,63,27373.05976998983,639
22227,erratic,anchored 14d start a0,14,anchored,start,0,0.20923427085026824,77.09390331066398,0.06935408921933085,0.961352657004831,0.9998891659012032,5.856413617710451,37.69953051643193,66,31148.26698763347,639
22227,erratic,anchored 14d end a0,14,anchored,end,0,0.20923427085026824,76.13074866072253,0.06296468401486989,0.966131907308378,0.7327105132705362,7.459548417512408,35.41471048513302,62,39674.79431664402,639
22227,erratic,floating 28d first,28,floating,first,0,0.20923427085026824,47.66226738025418,0.04937267657992565,1.0,1.0,13.546976924035622,12.566510172143975,22,72051.7507214829,639
22227,erratic,anchored 28d first a0,28,anchored,first,0,0.20923427085026824,52.005003953735,0.043912639405204464,0.9792746113989638,1.0,10.032642329981975,18.849765258215964,33,53360.20340856364,639
22227,erratic,anchored 28d start a0,28,anchored,start,0,0.20923427085026824,68.56274965222657,0.03612918215613383,0.9904458598726115,0.9998715638548961,11.91075770322204,26.275430359937403,46,63349.25863894384,639
22227,erratic,anchored 28d end a0,28,anchored,end,0,0.20923427085026824,53.31756164383562,0.03229553903345725,0.9686411149825784,0.636039603960396,8.086060792944593,21.705790297339593,38,43007.0,639
22227,erratic,floating 56d first,56,floating,first,0,0.20923427085026824,55.3849944728878,0.026603159851301114,1.0,1.0,23.430606773285987,6.283255086071987,11,124619.40755849266,639
22227,erratic,anchored 56d first a0,56,anchored,first,0,0.20923427085026824,62.14042872252104,0.027648698884758363,1.0,1.0,23.30150179095784,10.28169014084507,18,123932.74218246291,639
22227,erratic,anchored 56d start a0,56,anchored,start,0,0.20923427085026824,71.87348881801616,0.018471189591078067,0.9875776397515528,0.9999907315583093,26.855849050701575,11.995305164319248,21,142837.1032198146,639
22227,erratic,anchored 56d end a0,56,anchored,end,0,0.20923427085026824,45.96969863013699,0.01754182156133829,0.9869281045751634,0.5065346534653465,8.430320502105463,17.136150234741784,30,44838.0,639
21651,erratic,floating 7d first,7,floating,first,0,0.29441624365482233,35.70721939687973,0.046468401486988845,0.8403361344537815,0.9997688216907387,3.0089472933421164,18.278560250391237,32,4100.409332912429,639
21651,erratic,anchored 7d first a0,7,anchored,first,0,0.29441624365482233,40.14816438356164,0.0546003717472119,0.8289241622574955,1.0,1.7435475798956173,21.705790297339593,38,2376.0,639
21651,erratic,anchored 7d start a0,7,anchored,start,0,0.29441624365482233,41.27920547945205,0.05448420074349442,0.8242530755711776,1.0,2.661551798098234,21.705790297339593,38,3627.0,639
21651,erratic,anchored 7d end a0,7,anchored,end,0,0.29441624365482233,126.12635753610026,0.03868494423791822,0.8626943005181347,0.7450693937180424,91.81847926248977,7.42566510172144,13,125124.60757780785,639
21651,erratic,floating 14d first,14,floating,first,0,0.29441624365482233,30.538911056080217,0.032992565055762084,0.8958990536277602,1.0,7.742212567128224,11.995305164319248,21,10550.613743846303,639
21651,erratic,anchored 14d first a0,14,anchored,first,0,0.29441624365482233,36.51174647012136,0.03566449814126394,0.908284023668639,0.9998464194739588,5.285228582018396,17.136150234741784,30,7202.386247255446,639
21651,erratic,anchored 14d start a0,14,anchored,start,0,0.29441624365482233,36.56185724964956,0.03217936802973978,0.8575851393188855,0.9995258540280946,7.760836737872234,15.422535211267606,27,10575.993624612398,639
21651,erratic,anchored 14d end a0,14,anchored,end,0,0.29441624365482233,107.57112410328676,0.02358271375464684,0.9354838709677419,0.7564098128776473,75.94656546157957,7.996870109546166,14,103495.33423545354,639
21651,erratic,floating 28d first,28,floating,first,0,0.29441624365482233,33.37173457790206,0.021956319702602232,0.949748743718593,1.0,18.15791378902588,6.283255086071987,11,24744.494305861375,639
21651,erratic,anchored 28d first a0,28,anchored,first,0,0.29441624365482233,29.984603467814974,0.020446096654275093,0.9214659685863874,0.9996540597548853,9.72724738023653,10.28169014084507,18,13255.697775007471,639
21651,erratic,anchored 28d start a0,28,anchored,start,0,0.29441624365482233,31.230203909390156,0.018006505576208177,0.9393939393939394,1.0,12.361523806435441,9.139280125195619,16,16845.528566446686,639
21651,erratic,anchored 28d end a0,28,anchored,end,0,0.29441624365482233,79.96191780821918,0.013940520446096654,0.8955223880597015,0.5244704163623082,55.16097288752254,6.854460093896714,12,75170.0,639
21651,erratic,floating 56d first,56,floating,first,0,0.29441624365482233,34.94924959849904,0.01370817843866171,0.9915966386554622,1.0,22.68487778228875,3.998435054773083,7,30913.563949854994,639
21651,erratic,anchored 56d first a0,56,anchored,first,0,0.29441624365482233,34.859819532693265,0.012894981412639405,0.9487179487179487,1.0,21.800646962135286,4.569640062597809,8,29708.588271009216,639
21651,erratic,anchored 56d start a0,56,anchored,start,0,0.29441624365482233,46.88311538170042,0.008828996282527882,0.9620253164556962,1.0,28.31271753148776,6.854460093896714,12,38582.83974036561,639
21651,erratic,anchored 56d end a0,56,anchored,end,0,0.29441624365482233,68.0908493150685,0.008480483271375464,0.948051948051948,0.31336742147552954,47.14916628933216,5.712050078247262,10,64252.0,639
37413,erratic,floating 7d first,7,floating,first,0,0.8960293414128528,39.430796566230185,0.035432156133828996,0.7840616966580977,0.9999535530662166,7.275681031799276,17.70735524256651,31,39451.80444453866,639
37413,erratic,anchored 7d first a0,7,anchored,first,0,0.8960293414128528,43.37073554414518,0.039962825278810406,0.7610619469026548,1.0,7.223849056528435,19.992175273865413,35,39170.74966170499,639
37413,erratic,anchored 7d start a0,7,anchored,start,0,0.8960293414128528,47.10332334328137,0.03961431226765799,0.7494505494505495,1.0,10.44502964561764,19.992175273865413,35,56637.34641407306,639
37413,erratic,anchored 7d end a0,7,anchored,end,0,0.8960293414128528,1055.7874459154355,0.006970260223048327,0.759493670886076,0.13104785242289563,908.5435273630834,1.7136150234741785,3,4926505.355886332,639
37413,erratic,floating 14d first,14,floating,first,0,0.8960293414128528,28.8794363020563,0.02427973977695167,0.920704845814978,0.9999737936911253,7.662851993691089,11.424100156494523,20,41551.208336545504,639
37413,erratic,anchored 14d first a0,14,anchored,first,0,0.8960293414128528,34.52374463083366,0.029623605947955392,0.8823529411764706,0.9999715333929209,7.355894148705305,14.85133020344288,26,39886.75372120878,639
37413,erratic,anchored 14d start a0,14,anchored,start,0,0.8960293414128528,39.55724045783826,0.028694237918215612,0.8636363636363636,0.9999639595643252,10.836754925008101,15.422535211267606,27,58761.44573219186,639
37413,erratic,anchored 14d end a0,14,anchored,end,0,0.8960293414128528,690.695570927021,0.005227695167286246,0.9375,0.13104785242289563,594.3364025824716,1.1424100156494523,2,3222742.094722598,639
37413,erratic,floating 28d first,28,floating,first,0,0.8960293414128528,24.458992440954688,0.020562267657992565,0.9725274725274725,1.0,9.025990879579767,7.996870109546166,14,48942.72103780077,639
37413,erratic,anchored 28d first a0,28,anchored,first,0,0.8960293414128528,28.143550922554816,0.018703531598513012,0.9252873563218391,1.0,8.753768456225751,10.28169014084507,18,47466.61649657061,639
37413,erratic,anchored 28d start a0,28,anchored,start,0,0.8960293414128528,33.34918185006876,0.0170771375464684,0.9423076923076923,1.0,12.383179855929798,10.852895148669797,19,67146.81250352686,639
37413,erratic,anchored 28d end a0,28,anchored,end,0,0.8960293414128528,25.86599581811778,0.013011152416356878,0.9491525423728814,0.09500894315802566,11.9661958355138,6.854460093896714,12,64885.74966170499,639
37413,erratic,floating 56d first,56,floating,first,0,0.8960293414128528,19.974927893577366,0.01254646840148699,0.9908256880733946,1.0,10.334225840705235,4.569640062597809,8,56036.5215532787,639
37413,erratic,anchored 56d first a0,56,anchored,first,0,0.8960293414128528,21.311720350397145,0.013592007434944238,0.9512195121951219,1.0,9.76188531461659,5.712050078247262,10,52933.05035762767,639
37413,erratic,anchored 56d start a0,56,anchored,start,0,0.8960293414128528,215.85561560527916,0.0026719330855018587,1.0,1.0,182.82897373109316,2.2848200312989047,4,991375.6371272677,639
37413,erratic,anchored 56d end a0,56,anchored,end,0,0.8960293414128528,22.79472458524107,0.00871282527881041,0.974025974025974,0.08894930354711827,11.041701011362385,5.712050078247262,10,59872.74966170499,639
85135C,lumpy,floating 7d first,7,floating,first,0,0.27906976744186046,36.92076670768954,0.022885687732342008,0.47815533980582525,0.9978717908362752,6.076222047341308,18.278560250391237,32,1129.6099674884786,639
85135C,lumpy,anchored 7d first a0,7,anchored,first,0,0.27906976744186046,41.24838615678351,0.022072490706319704,0.3941908713692946,0.999638258819116,5.245958437966299,21.134585289514867,37,975.2584573748309,639
85135C,lumpy,anchored 7d start a0,7,anchored,start,0,0.27906976744186046,42.211098485550636,0.02253717472118959,0.40082644628099173,0.999638258819116,6.43472722640754,21.134585289514867,37,1196.2584573748309,639
85135C,lumpy,anchored 7d end a0,7,anchored,end,0,0.27906976744186046,50.69843861567835,0.016147769516728624,0.4894366197183099,0.6538270877155374,37.90680205262582,11.424100156494523,20,7047.1258457374815,639
85135C,lumpy,floating 14d first,14,floating,first,0,0.27906976744186046,29.890982142852152,0.017309479553903346,0.5340501792114696,0.9980470964315069,8.509067816363396,13.137715179968701,23,1581.892127132727,639
85135C,lumpy,anchored 14d first a0,14,anchored,first,0,0.27906976744186046,32.69268868131999,0.01812267657992565,0.45614035087719296,0.9976291422245671,7.029400605404439,15.422535211267606,27,1306.8121815608783,639
85135C,lumpy,anchored 14d start a0,14,anchored,start,0,0.27906976744186046,36.63378434391215,0.01742565055762082,0.43859649122807015,0.9936610177634214,9.426288928236348,16.564945226917057,29,1752.4096135395814,639
85135C,lumpy,anchored 14d end a0,14,anchored,end,0,0.27906976744186046,64.68241210818024,0.010687732342007435,0.5317919075144508,0.57665563579362,56.409193143356255,10.852895148669797,19,10486.843031123139,639
85135C,lumpy,floating 28d first,28,floating,first,0,0.27906976744186046,31.855929786402623,0.020213754646840148,0.725,1.0,20.813905287671407,8.568075117370892,15,3869.4430012811044,639
85135C,lumpy,anchored 28d first a0,28,anchored,first,0,0.27906976744186046,29.41387680973925,0.01486988847583643,0.5182186234817814,0.9926542964671616,11.6243685629125,11.424100156494523,20,2161.0471921728467,639
85135C,lumpy,anchored 28d start a0,28,anchored,start,0,0.27906976744186046,33.885346372046854,0.014056691449814127,0.5084033613445378,0.9961581676473648,15.910981024788748,11.995305164319248,21,2957.956871570504,639
85135C,lumpy,anchored 28d end a0,28,anchored,end,0,0.27906976744186046,58.29260273972603,0.009642193308550186,0.50920245398773,0.5346534653465347,48.51897951013575,10.852895148669797,19,9020.0,639
85135C,lumpy,floating 56d first,56,floating,first,0,0.27906976744186046,36.83339989476355,0.014521375464684015,0.8865248226950354,0.9998093353660342,34.36901770383621,5.140845070422535,9,6389.428277728739,639
85135C,lumpy,anchored 56d first a0,56,anchored,first,0,0.27906976744186046,30.86678003861012,0.011384758364312268,0.7538461538461538,0.9978524148417931,27.00136358168284,5.140845070422535,9,5019.7325245865995,639
85135C,lumpy,anchored 56d start a0,56,anchored,start,0,0.27906976744186046,36.969186877819155,0.00871282527881041,0.6302521008403361,0.9989643555859099,33.30187705297969,5.712050078247262,10,6191.039754971063,639
85135C,lumpy,anchored 56d end a0,56,anchored,end,0,0.27906976744186046,62.97043835616439,0.005692379182156134,0.6049382716049383,0.3712871287128713,67.87815991556575,4.569640062597809,8,12619.0,639
20700,lumpy,floating 7d first,7,floating,first,0,0.6817102137767221,29.971459390280195,0.012081784386617101,0.3365695792880259,1.0,8.462486783484918,13.137715179968701,23,3080.608568344153,639
20700,lumpy,anchored 7d first a0,7,anchored,first,0,0.6817102137767221,33.827307157024485,0.014405204460966542,0.3415977961432507,1.0,8.28750385660492,15.422535211267606,27,3016.909336941812,639
20700,lumpy,anchored 7d start a0,7,anchored,start,0,0.6817102137767221,48.04775555267204,0.01092007434944238,0.5193370165745856,1.0,42.54362703006103,7.42566510172144,13,15487.204330175899,639
20700,lumpy,anchored 7d end a0,7,anchored,end,0,0.6817102137767221,33.269030403914954,0.01475371747211896,0.3981191222570533,0.7790257104194859,13.679204814529829,12.566510172143975,22,4979.656292286874,639
20700,lumpy,floating 14d first,14,floating,first,0,0.6817102137767221,25.56172873065113,0.01475371747211896,0.5474137931034483,1.0,9.179000530742742,10.28169014084507,18,3341.441872503223,639
20700,lumpy,anchored 14d first a0,14,anchored,first,0,0.6817102137767221,26.227349232280638,0.011849442379182156,0.4214876033057851,0.99230548564287,8.773105304619236,10.852895148669797,19,3193.683377460571,639
20700,lumpy,anchored 14d start a0,14,anchored,start,0,0.6817102137767221,57.363693375005646,0.005808550185873606,0.7142857142857143,0.9962374210557303,63.563027239068816,2.856025039123631,5,23138.92019597707,639
20700,lumpy,anchored 14d end a0,14,anchored,end,0,0.6817102137767221,29.77666510463974,0.011733271375464684,0.5459459459459459,0.7095128552097429,14.29541036134994,10.28169014084507,18,5203.974289580514,639
20700,lumpy,floating 28d first,28,floating,first,0,0.6817102137767221,123.06793528805271,0.00023234200743494423,1.0,1.0,149.38920497736203,0.0,0,54382.32007280779,639
20700,lumpy,anchored 28d first a0,28,anchored,first,0,0.6817102137767221,20.23578981912521,0.009409851301115242,0.5785714285714286,0.9938624666213343,9.997227064548039,6.854460093896714,12,3639.301796586805,639
20700,lumpy,anchored 28d start a0,28,anchored,start,0,0.6817102137767221,99.76373600104034,0.00046468401486988845,0.5714285714285714,1.0,121.10079828578772,0.0,0,44084.45961305051,639
20700,lumpy,anchored 28d end a0,28,anchored,end,0,0.6817102137767221,87.35836164383562,0.0024395910780669145,0.7,0.98,102.40058508878555,1.7136150234741785,3,37277.0,639
20700,lumpy,floating 56d first,56,floating,first,0,0.6817102137767221,273.9534612106165,0.00011617100371747211,1.0,1.0,332.5455137868361,0.0,0,121056.91687878332,639
20700,lumpy,anchored 56d first a0,56,anchored,first,0,0.6817102137767221,273.9200528109155,0.00011617100371747211,1.0,1.0,332.5049601344228,0.0,0,121042.15408714788,639
20700,lumpy,anchored 56d start a0,56,anchored,start,0,0.6817102137767221,229.6331645219672,0.00023234200743494423,1.0,1.0,278.7461722184488,0.0,0,101472.28214348428,639
20700,lumpy,anchored 56d end a0,56,anchored,end,0,0.6817102137767221,87.35836164383562,0.002091078066914498,0.8181818181818182,0.98,102.40058508878555,1.7136150234741785,3,37277.0,639
21824,lumpy,floating 7d first,7,floating,first,0,0.24188369603995719,42.14818658187677,0.045887546468401486,0.8758314855875832,1.0,4.2313243205073965,19.420970266040687,34,10255.476215120765,639
21824,lumpy,anchored 7d first a0,7,anchored,first,0,0.24188369603995719,42.54453886221662,0.045422862453531596,0.8390557939914163,1.0,3.398555761572248,20.56338028169014,36,8237.092016238159,639
21824,lumpy,anchored 7d start a0,7,anchored,start,0,0.24188369603995719,43.491998702430166,0.04658457249070632,0.8568376068376068,1.0,3.8905682878337933,20.56338028169014,36,9429.584573748309,639
21824,lumpy,anchored 7d end a0,7,anchored,end,0,0.24188369603995719,66.8536580718112,0.03717472118959108,0.8533333333333334,0.7175039824600469,22.253752267439797,13.708920187793428,24,53936.500676589945,639
21824,lumpy,floating 14d first,14,floating,first,0,0.24188369603995719,35.95877856169689,0.029623605947955392,0.9205776173285198,1.0,9.325929853365269,10.28169014084507,18,22603.29025868747,639
21824,lumpy,anchored 14d first a0,14,anchored,first,0,0.24188369603995719,38.44755272473793,0.027184014869888477,0.8068965517241379,0.9999892522796795,6.983266316219174,14.280125195618153,25,16925.368084583948,639
21824,lumpy,anchored 14d start a0,14,anchored,start,0,0.24188369603995719,40.55504396054026,0.027184014869888477,0.8210526315789474,0.9998246705563663,8.077679021635232,14.280125195618153,25,19577.900157231707,639
21824,lumpy,anchored 14d end a0,14,anchored,end,0,0.24188369603995719,65.14449700632099,0.021259293680297397,0.8318181818181818,0.6546209994934753,22.924080336460424,11.995305164319248,21,55561.17726657643,639
21824,lumpy,floating 28d first,28,floating,first,0,0.24188369603995719,44.64695307811019,0.019052044609665426,0.9213483146067416,0.9997449017272874,16.434150210453435,7.42566510172144,13,39831.50990865592,639
21824,lumpy,anchored 28d first a0,28,anchored,first,0,0.24188369603995719,44.28453699320825,0.019516728624535316,0.9333333333333333,0.9999528584028006,14.168763048446822,9.710485133020343,17,34340.88276731384,639
21824,lumpy,anchored 28d start a0,28,anchored,start,0,0.24188369603995719,54.66657638490732,0.018006505576208177,0.9337349397590361,0.9999001491766449,18.00222985718617,11.424100156494523,20,43632.07027755577,639
21824,lumpy,anchored 28d end a0,28,anchored,end,0,0.24188369603995719,43.43237447865498,0.014172862453531599,0.9606299212598425,0.6043766685345281,12.687645195707484,10.852895148669797,19,30751.09201623816,639
21824,lumpy,floating 56d first,56,floating,first,0,0.24188369603995719,69.68438606734793,0.010687732342007435,0.9484536082474226,0.9999584471992711,32.55177880594776,3.998435054773083,7,78895.86522269654,639
21824,lumpy,anchored 56d first a0,56,anchored,first,0,0.24188369603995719,55.32288399727224,0.011268587360594795,0.941747572815534,1.0,24.574605399878724,4.569640062597809,8,59561.56089311851,639
21824,lumpy,anchored 56d start a0,56,anchored,start,0,0.24188369603995719,73.68081728944551,0.009409851301115242,0.9418604651162791,1.0,31.511332663415388,7.42566510172144,13,76374.13210568143,639
21824,lumpy,anchored 56d end a0,56,anchored,end,0,0.24188369603995719,38.34905941016183,0.006389405204460966,0.9821428571428571,0.5135990916810018,14.202269310156735,6.283255086071987,11,34422.09201623816,639
21768,lumpy,floating 7d first,7,floating,first,0,0.7015418502202643,33.62312944856399,0.023350371747211895,0.7335766423357665,1.0,2.895556675321794,8.568075117370892,15,2273.3920564300524,639
21768,lumpy,anchored 7d first a0,7,anchored,first,0,0.7015418502202643,24.315863013698632,0.022072490706319704,0.6551724137931034,1.0,0.9820014063824948,10.28169014084507,18,771.0,639
21768,lumpy,anchored 7d start a0,7,anchored,start,0,0.7015418502202643,31.368986301369866,0.02253717472118959,0.6736111111111112,1.0,2.0786333271287045,10.28169014084507,18,1632.0,639
21768,lumpy,anchored 7d end a0,7,anchored,end,0,0.7015418502202643,3305.246109589041,0.01324349442379182,0.7307692307692307,0.5120405576679341,513.4389895417537,1.7136150234741785,3,403117.0,639
21768,lumpy,floating 14d first,14,floating,first,0,0.7015418502202643,23.517978054488736,0.01858736059479554,0.903954802259887,1.0,2.101798824984625,5.712050078247262,10,1650.1879564844105,639
21768,lumpy,anchored 14d first a0,14,anchored,first,0,0.7015418502202643,30.651103934320165,0.015450743494423791,0.806060606060606,1.0,2.588942705986264,7.996870109546166,14,2032.6598448250365,639
21768,lumpy,anchored 14d start a0,14,anchored,start,0,0.7015418502202643,52.85394060080775,0.01428903345724907,0.7987012987012987,0.9995894203884294,6.663005490738328,5.712050078247262,10,5231.333886051782,639
21768,lumpy,anchored 14d end a0,14,anchored,end,0,0.7015418502202643,1907.4224342410148,0.00987453531598513,0.8252427184466019,0.49249748315385267,296.10292444830515,1.7136150234741785,3,232479.6617050068,639
21768,lumpy,floating 28d first,28,floating,first,0,0.7015418502202643,153.81094704798565,0.011268587360594795,0.97,1.0,23.137385812403206,2.856025039123631,5,18165.88484030594,639
21768,lumpy,anchored 28d first a0,28,anchored,first,0,0.7015418502202643,115.17764370800826,0.012197955390334572,0.9375,1.0,16.664167133731333,4.569640062597809,8,13083.558512850506,639
21768,lumpy,anchored 28d start a0,28,anchored,start,0,0.7015418502202643,184.93893639489008,0.009758364312267658,0.9333333333333333,1.0,27.355292950859173,5.140845070422535,9,21477.49557997822,639
21768,lumpy,anchored 28d end a0,28,anchored,end,0,0.7015418502202643,1773.2112804789888,0.006273234200743495,0.8181818181818182,0.5064803428741954,274.76909474467953,3.427230046948357,6,215729.8051420839,639
21768,lumpy,floating 56d first,56,floating,first,0,0.7015418502202643,166.0006157484711,0.004763011152416357,0.9318181818181818,1.0,25.343620271535073,1.7136150234741785,3,19898.06847765617,639
21768,lumpy,anchored 56d first a0,56,anchored,first,0,0.7015418502202643,253.3148564466508,0.0070864312267657995,1.0,0.9994772768164064,38.76390908600271,2.2848200312989047,4,30434.756723420578,639
21768,lumpy,anchored 56d start a0,56,anchored,start,0,0.7015418502202643,166.04737057927355,0.0060408921933085506,0.9122807017543859,1.0,24.417999320603737,5.140845070422535,9,19171.334535596936,639
21768,lumpy,anchored 56d end a0,56,anchored,end,0,0.7015418502202643,562.7398082191781,0.005924721189591078,0.9444444444444444,0.21546261089987329,86.09643199382295,5.140845070422535,9,67597.0,639
90000D,lumpy,floating 7d first,7,floating,first,0,0.2222222222222222,21.523947845107237,0.004995353159851301,0.2945205479452055,1.0,66.02422767055006,6.283255086071987,11,3082.857916102842,639
90000D,lumpy,anchored 7d first a0,7,anchored,first,0,0.2222222222222222,22.469328667025046,0.005343866171003717,0.2967741935483871,1.0,65.68156262678954,6.854460093896714,12,3066.857916102842,639
90000D,lumpy,anchored 7d start a0,7,anchored,start,0,0.2222222222222222,22.619766993530693,0.00546003717472119,0.29936305732484075,1.0,66.62536950095637,6.854460093896714,12,3110.926928281462,639
90000D,lumpy,anchored 7d end a0,7,anchored,end,0,0.2222222222222222,24.107207911468667,0.0032527881040892194,0.3684210526315789,0.8199229728323099,107.3257114704689,3.998435054773083,7,5011.34100135318,639
90000D,lumpy,floating 14d first,14,floating,first,0,0.2222222222222222,21.523947845107237,0.005111524163568773,0.30985915492957744,1.0,66.02422767055006,6.283255086071987,11,3082.857916102842,639
90000D,lumpy,anchored 14d first a0,14,anchored,first,0,0.2222222222222222,21.523947845107237,0.004646840148698885,0.2777777777777778,1.0,66.02422767055006,6.283255086071987,11,3082.857916102842,639
90000D,lumpy,anchored 14d start a0,14,anchored,start,0,0.2222222222222222,23.152441490095,0.0036013011152416356,0.2152777777777778,0.9943743137735664,69.9672163775359,6.854460093896714,12,3266.967210180316,639
90000D,lumpy,anchored 14d end a0,14,anchored,end,0,0.2222222222222222,26.081635197508668,0.0033689591078066915,0.3972602739726027,0.7907428611082198,107.16527560424274,5.140845070422535,9,5003.849797023004,639
90000D,lumpy,floating 28d first,28,floating,first,0,0.2222222222222222,19.87145628008144,0.004298327137546468,0.32456140350877194,1.0,68.20439583233357,5.140845070422535,9,3184.656133410693,639
90000D,lumpy,anchored 28d first a0,28,anchored,first,0,0.2222222222222222,19.79089899979354,0.0045306691449814125,0.319672131147541,0.996450814424393,67.69900258138536,5.140845070422535,9,3161.057893197947,639
90000D,lumpy,anchored 28d start a0,28,anchored,start,0,0.2222222222222222,20.520656178786247,0.0037174721189591076,0.2689075630252101,0.9793103395982351,72.27728963099604,5.140845070422535,9,3374.8310636091333,639
90000D,lumpy,anchored 28d end a0,28,anchored,end,0,0.2222222222222222,14.192663013698631,0.005227695167286246,0.4838709677419355,0.5897435897435898,45.12470295021156,3.998435054773083,7,2107.0,639
90000D,lumpy,floating 56d first,56,floating,first,0,0.2222222222222222,20.591962380140636,0.0060408921933085506,0.6046511627906976,0.9985386705690592,78.99835719842787,4.569640062597809,8,3688.6567164938456,639
90000D,lumpy,anchored 56d first a0,56,anchored,first,0,0.2222222222222222,18.93181637135382,0.004879182156133829,0.4077669902912621,0.9904915837342952,68.5830777174054,4.569640062597809,8,3202.33786159241,639
90000D,lumpy,anchored 56d start a0,56,anchored,start,0,0.2222222222222222,22.382317043854343,0.003949814126394052,0.3953488372093023,0.9891717590912902,83.95681547145847,5.140845070422535,9,3920.181156506287,639
90000D,lumpy,anchored 56d end a0,56,anchored,end,0,0.2222222222222222,9.00085479452055,0.004298327137546468,0.46835443037974683,0.3846153846153846,25.10021445545702,2.856025039123631,5,1172.0,639
62096A,lumpy,floating 7d first,7,floating,first,0,0.2683544303797468,28.589022982319353,0.03438661710037175,0.7418546365914787,0.999958164567471,2.5178600128509436,15.993740219092333,28,859.9735541862549,639
62096A,lumpy,anchored 7d first a0,7,anchored,first,0,0.2683544303797468,34.31780821917808,0.037523234200743494,0.6886993603411514,1.0,1.3585150848834215,19.420970266040687,34,464.0,639
62096A,lumpy,anchored 7d start a0,7,anchored,start,0,0.2683544303797468,33.56027397260274,0.03973048327137547,0.7261146496815286,1.0,2.394968403953963,18.849765258215964,33,818.0,639
62096A,lumpy,anchored 7d end a0,7,anchored,end,0,0.2683544303797468,53.42611730031325,0.03612918215613383,0.7622549019607843,0.6686911917424554,125.78599869257732,13.708920187793428,24,42962.131258457346,639
62096A,lumpy,floating 14d first,14,floating,first,0,0.2683544303797468,23.498034076169304,0.026370817843866173,0.8730769230769231,1.0,14.952829326448002,11.424100156494523,20,5107.129751207182,639
62096A,lumpy,anchored 14d first a0,14,anchored,first,0,0.2683544303797468,24.191084488424927,0.02695167286245353,0.7918088737201365,0.9993051823376432,5.091454994715591,13.137715179968701,23,1738.983353100391,639
62096A,lumpy,anchored 14d start a0,14,anchored,start,0,0.2683544303797468,26.50568171124028,0.026603159851301114,0.7979094076655052,0.9997745012478022,6.4362442325848725,14.280125195618153,25,2198.2952984108047,639
62096A,lumpy,anchored 14d end a0,14,anchored,end,0,0.2683544303797468,39.810962611451984,0.018355018587360595,0.9028571428571428,0.6490543474840293,106.05788316396267,8.568075117370892,15,36224.00541271989,639
62096A,lumpy,floating 28d first,28,floating,first,0,0.2683544303797468,14.800375881333476,0.018471189591078067,0.9244186046511628,1.0,11.970593107925522,6.854460093896714,12,4088.548786746876,639
62096A,lumpy,anchored 28d first a0,28,anchored,first,0,0.2683544303797468,18.436588220416944,0.01963289962825279,0.8894736842105263,0.9998803230887527,10.415532554967847,9.139280125195619,16,3557.4188018087407,639
62096A,lumpy,anchored 28d start a0,28,anchored,start,0,0.2683544303797468,20.363575335704727,0.017309479553903346,0.8922155688622755,0.9994512650177256,14.378066887364582,9.710485133020343,17,4910.8199901289,639
62096A,lumpy,anchored 28d end a0,28,anchored,end,0,0.2683544303797468,27.0868815689473,0.012197955390334572,0.7954545454545454,0.6042140891560283,43.11776708068383,9.710485133020343,17,14726.84709066306,639
62096A,lumpy,floating 56d first,56,floating,first,0,0.2683544303797468,13.51861013484423,0.011268587360594795,0.9509803921568627,1.0,32.139336458821475,3.427230046948357,6,10977.170796872577,639
62096A,lumpy,anchored 56d first a0,56,anchored,first,0,0.2683544303797468,13.555289281230616,0.013359665427509293,0.92,0.9997360102014897,19.472212583312377,5.140845070422535,9,6650.722350596699,639
62096A,lumpy,anchored 56d start a0,56,anchored,start,0,0.2683544303797468,16.907516605053964,0.010571561338289962,0.9479166666666666,1.0,33.80177082806174,5.140845070422535,9,11544.974243378787,639
62096A,lumpy,anchored 56d end a0,56,anchored,end,0,0.2683544303797468,19.628767123287673,0.008364312267657992,0.8089887640449438,0.43927648578811374,28.335579723064125,7.42566510172144,13,9678.0,639
17090D,lumpy,floating 7d first,7,floating,first,0,0.35789473684210527,17.127208385854765,0.011617100371747211,0.44052863436123346,0.9973138338084598,2.2609375806628704,9.710485133020343,17,185.72424334795608,639
17090D,lumpy,anchored 7d first a0,7,anchored,first,0,0.35789473684210527,20.060148849797024,0.012081784386617101,0.39543726235741444,1.0,1.069055267276172,11.424100156494523,20,87.81732070365359,639
17090D,lumpy,anchored 7d start a0,7,anchored,start,0,0.35789473684210527,20.214667173336792,0.012430297397769517,0.4037735849056604,1.0,3.8153858825467424,11.424100156494523,20,313.4140730717185,639
17090D,lumpy,anchored 7d end a0,7,anchored,end,0,0.35789473684210527,15.469737890892914,0.006157063197026022,0.5463917525773195,0.7831325301204819,97.2163577958982,5.712050078247262,10,7985.817320703653,639
17090D,lumpy,floating 14d first,14,floating,first,0,0.35789473684210527,16.18417045903903,0.01150092936802974,0.495,1.0,3.273352690479745,9.139280125195619,16,268.8888701969863,639
17090D,lumpy,anchored 14d first a0,14,anchored,first,0,0.35789473684210527,17.10801400409156,0.01312732342007435,0.553921568627451,0.9910555978376748,1.9197863367852919,9.710485133020343,17,157.70044597368218,639
17090D,lumpy,anchored 14d start a0,14,anchored,start,0,0.35789473684210527,15.58071945836645,0.011384758364312268,0.47804878048780486,0.9856940817093627,10.321414255990423,8.568075117370892,15,847.8504092150183,639
17090D,lumpy,anchored 14d end a0,14,anchored,end,0,0.35789473684210527,15.295305577696627,0.008015799256505576,0.6388888888888888,0.6795898071310955,58.56909645004528,6.854460093896714,12,4811.146143437075,639
17090D,lumpy,floating 28d first,28,floating,first,0,0.35789473684210527,11.639546916695478,0.010223048327137546,0.5714285714285714,0.9963178172732294,11.366983778921327,6.283255086071987,11,933.738498375398,639
17090D,lumpy,anchored 28d first a0,28,anchored,first,0,0.35789473684210527,14.17701327125722,0.01266263940520446,0.6022099447513812,0.9909412238101347,3.1461444508733276,7.996870109546166,14,258.4393760355417,639
17090D,lumpy,anchored 28d start a0,28,anchored,start,0,0.35789473684210527,13.049195185585877,0.011268587360594795,0.6139240506329114,0.9954329750850851,18.647865143497672,6.854460093896714,12,1531.8249709553802,639
17090D,lumpy,anchored 28d end a0,28,anchored,end,0,0.35789473684210527,15.594573377574285,0.009177509293680297,0.5895522388059702,0.6409671160963204,28.341141586360266,7.996870109546166,14,2328.077131258457,639
17090D,lumpy,floating 56d first,56,floating,first,0,0.35789473684210527,7.507047267782962,0.00929368029739777,0.8,1.0,26.785496731764255,3.427230046948357,6,2200.2890109631244,639
17090D,lumpy,anchored 56d first a0,56,anchored,first,0,0.35789473684210527,9.050156213109421,0.010339219330855019,0.7063492063492064,0.9952407232481253,18.664945961161,4.569640062597809,8,1533.2280711397543,639
17090D,lumpy,anchored 56d start a0,56,anchored,start,0,0.35789473684210527,16.1665770908751,0.008828996282527882,0.7169811320754716,0.9972053601237524,38.50764659301178,7.996870109546166,14,3163.202552677645,639
17090D,lumpy,anchored 56d end a0,56,anchored,end,0,0.35789473684210527,8.98013698630137,0.0055762081784386614,0.64,0.5180722891566265,52.967449139280134,3.427230046948357,6,4351.0,639
21062,lumpy,floating 7d first,7,floating,first,0,0.23376623376623376,54.61765060733745,0.06552044609665428,0.7966101694915254,0.9995481794720759,1.422694443293045,30.845070422535212,54,1326.1321863421754,639
21062,lumpy,anchored 7d first a0,7,anchored,first,0,0.23376623376623376,62.56635616438356,0.07063197026022305,0.7264038231780168,1.0,1.304542986635542,35.41471048513302,62,1216.0,639
21062,lumpy,anchored 7d start a0,7,anchored,start,0,0.23376623376623376,62.09312328767123,0.07237453531598513,0.7434367541766109,1.0,2.51789670200133,34.84350547730829,61,2347.0,639
21062,lumpy,anchored 7d end a0,7,anchored,end,0,0.23376623376623376,53.10459988507239,0.061802973977695165,0.73582295988935,0.7816834522195011,14.061315947633856,26.84663536776213,47,13106.9350473613,639
21062,lumpy,floating 14d first,14,floating,first,0,0.23376623376623376,41.283225129274115,0.052857806691449814,0.9063745019920318,0.999566672756352,5.259173496498491,22.27699530516432,39,4902.218659912061,639
21062,lumpy,anchored 14d first a0,14,anchored,first,0,0.23376623376623376,48.47770294285678,0.055297397769516726,0.8235294117647058,0.9989764442411674,3.403736255846549,26.84663536776213,47,3172.715142016033,639
21062,lumpy,anchored 14d start a0,14,anchored,start,0,0.23376623376623376,57.457739592646135,0.05309014869888476,0.8017543859649123,0.998535757758479,5.661149556044403,31.41627543035994,55,5276.911478328469,639
21062,lumpy,anchored 14d end a0,14,anchored,end,0,0.23376623376623376,39.67938502604408,0.042518587360594794,0.8318181818181818,0.7553574035802824,19.992067847198637,17.70735524256651,31,18635.150202976998,639
21062,lumpy,floating 28d first,28,floating,first,0,0.23376623376623376,27.395560517188418,0.03461895910780669,0.9551282051282052,0.9995743056578625,12.42811692413899,12.566510172143975,22,11584.585816316307,639
21062,lumpy,anchored 28d first a0,28,anchored,first,0,0.23376623376623376,35.45979752935558,0.036361524163568776,0.9072463768115943,0.9993000556374282,7.969286618452138,18.278560250391237,32,7428.388813028157,639
21062,lumpy,anchored 28d start a0,28,anchored,start,0,0.23376623376623376,46.54847404905649,0.03241171003717472,0.9029126213592233,0.9997115213431752,12.780337466802782,23.419405320813773,41,11912.900164150693,639
21062,lumpy,anchored 28d end a0,28,anchored,end,0,0.23376623376623376,36.33,0.025906133828996283,0.9139344262295082,0.6740823136818688,19.18729549011239,15.993740219092333,28,17885.0,639
21062,lumpy,floating 56d first,56,floating,first,0,0.23376623376623376,22.803267932645618,0.02184014869888476,0.9690721649484536,1.0,27.187609792633793,6.283255086071987,11,25342.310561268532,639
21062,lumpy,anchored 56d first a0,56,anchored,first,0,0.23376623376623376,25.993571396407305,0.02404739776951673,0.9539170506912442,1.0,20.715763732807886,9.710485133020343,17,19309.726821698037,639
21062,lumpy,anchored 56d start a0,56,anchored,start,0,0.23376623376623376,36.08623936608405,0.01754182156133829,0.94375,1.0,27.839405291870754,13.708920187793428,24,25949.866874239287,639
21062,lumpy,anchored 56d end a0,56,anchored,end,0,0.23376623376623376,23.722712328767123,0.01475371747211896,0.9071428571428571,0.4961067853170189,13.181677365781995,10.28169014084507,18,12287.0,639
84564,lumpy,floating 7d first,7,floating,first,0,0.3181818181818182,68.61985166923093,0.00034851301115241634,1.0,1.0,828.0687864561104,0.0,0,15752.355886332884,639
84564,lumpy,anchored 7d first a0,7,anchored,first,0,0.3181818181818182,68.61985166923093,0.00034851301115241634,1.0,1.0,828.0687864561104,0.0,0,15752.355886332884,639
84564,lumpy,anchored 7d start a0,7,anchored,start,0,0.3181818181818182,68.61985166923093,0.00034851301115241634,1.0,1.0,828.0687864561104,0.0,0,15752.355886332884,639
84564,lumpy,anchored 7d end a0,7,anchored,end,0,0.3181818181818182,65.83626262813505,0.00034851301115241634,1.0,1.0,794.4778773652015,0.0,0,15113.355886332885,639
84564,lumpy,floating 14d first,14,floating,first,0,0.3181818181818182,68.61985166923093,0.00034851301115241634,1.0,1.0,828.0687864561104,0.0,0,15752.355886332884,639
84564,lumpy,anchored 14d first a0,14,anchored,first,0,0.3181818181818182,68.61985166923093,0.00034851301115241634,1.0,1.0,828.0687864561104,0.0,0,15752.355886332884,639
84564,lumpy,anchored 14d start a0,14,anchored,start,0,0.3181818181818182,68.61985166923093,0.00034851301115241634,1.0,1.0,828.0687864561104,0.0,0,15752.355886332884,639
84564,lumpy,anchored 14d end a0,14,anchored,end,0,0.3181818181818182,38.00037221717613,0.00046468401486988845,0.6666666666666666,1.0,458.56878645611044,0.0,0,8723.355886332884,639
84564,lumpy,floating 28d first,28,floating,first,0,0.3181818181818182,68.61985166923093,0.00023234200743494423,1.0,1.0,828.0687864561104,0.0,0,15752.355886332884,639
84564,lumpy,anchored 28d first a0,28,anchored,first,0,0.3181818181818182,68.61985166923093,0.00034851301115241634,1.0,1.0,828.0687864561104,0.0,0,15752.355886332884,639
84564,lumpy,anchored 28d start a0,28,anchored,start,0,0.3181818181818182,68.61985166923093,0.00034851301115241634,1.0,1.0,828.0687864561104,0.0,0,15752.355886332884,639
84564,lumpy,anchored 28d end a0,28,anchored,end,0,0.3181818181818182,44.727692957903145,0.00046468401486988845,0.6666666666666666,1.0,539.7506046379286,0.0,0,10267.677943166444,639
84564,lumpy,floating 56d first,56,floating,first,0,0.3181818181818182,71.74130860535756,0.00011617100371747211,1.0,1.0,865.7369100995838,0.0,0,16468.91675531793,639
84564,lumpy,anchored 56d first a0,56,anchored,first,0,0.3181818181818182,71.48231399704413,0.00011617100371747211,1.0,1.0,862.6114974706179,0.0,0,16409.462018189373,639
84564,lumpy,anchored 56d start a0,56,anchored,start,0,0.3181818181818182,71.08657232996342,0.00023234200743494423,1.0,1.0,857.8358922479592,0.0,0,16318.615660651976,639
84564,lumpy,anchored 56d end a0,56,anchored,end,0,0.3181818181818182,0.22216438356164386,0.0017425650557620818,0.4411764705882353,0.25,2.6809645753307723,0.0,0,51.0,639
77101A,lumpy,floating 7d first,7,floating,first,0,0.42948717948717946,30.01851373354195,0.03171468401486989,0.6842105263157895,1.0,3.1210843517913083,15.993740219092333,28,2947.0300509712497,639
77101A,lumpy,anchored 7d first a0,7,anchored,first,0,0.42948717948717946,34.43904109589041,0.03810408921933085,0.6693877551020408,1.0,0.6788580485763585,19.420970266040687,34,641.0,639
77101A,lumpy,anchored 7d start a0,7,anchored,start,0,0.42948717948717946,35.179452054794524,0.041356877323420076,0.7191919191919192,1.0,1.8237029011676897,19.420970266040687,34,1722.0,639
77101A,lumpy,anchored 7d end a0,7,anchored,end,0,0.42948717948717946,188.57041818822177,0.037987918215613384,0.7414965986394558,0.58124952128067,246.73239866549721,16.564945226917057,29,232972.8105548038,639
77101A,lumpy,floating 14d first,14,floating,first,0,0.42948717948717946,20.97391506054091,0.026138475836431228,0.8364312267657993,1.0,6.144582474075234,9.710485133020343,17,5801.915988389728,639
77101A,lumpy,anchored 14d first a0,14,anchored,first,0,0.42948717948717946,26.47195685783291,0.029391263940520447,0.7689969604863222,0.9996411589379305,2.275982292888731,14.280125195618153,25,2149.057012436051,639
77101A,lumpy,anchored 14d start a0,14,anchored,start,0,0.42948717948717946,30.896806514101122,0.02950743494423792,0.7767584097859327,0.9997182771298762,6.025355008002813,15.422535211267606,27,5689.337510587641,639
77101A,lumpy,anchored 14d end a0,14,anchored,end,0,0.42948717948717946,129.93095260162747,0.024860594795539034,0.8392156862745098,0.5630811652666787,169.97842037982875,11.424100156494523,20,160499.1907983761,639
77101A,lumpy,floating 28d first,28,floating,first,0,0.42948717948717946,20.48495992610104,0.021723977695167287,0.9444444444444444,1.0,11.573461656932276,7.42566510172144,13,10928.041492107523,639
77101A,lumpy,anchored 28d first a0,28,anchored,first,0,0.42948717948717946,20.850421544573,0.02137546468401487,0.8803827751196173,0.9992212753530666,5.9536332257098,9.710485133020343,17,5621.615455076577,639
77101A,lumpy,anchored 28d start a0,28,anchored,start,0,0.42948717948717946,30.36767828723844,0.01963289962825279,0.8894736842105263,0.9997507513006268,14.484575273912764,11.995305164319248,21,13676.81029936812,639
77101A,lumpy,anchored 28d end a0,28,anchored,end,0,0.42948717948717946,34.38148089791833,0.015799256505576207,0.85,0.5527076365307528,20.690833032382336,11.995305164319248,21,19536.962110960765,639
77101A,lumpy,floating 56d first,56,floating,first,0,0.42948717948717946,34.47780303361349,0.01266263940520446,0.9819819819819819,1.0,40.94074533395091,4.569640062597809,8,38657.592429075696,639
77101A,lumpy,anchored 56d first a0,56,anchored,first,0,0.42948717948717946,22.51507400456451,0.015683085501858735,0.9642857142857143,0.9996577594307129,17.80494067895239,6.283255086071987,11,16812.008046664185,639
77101A,lumpy,anchored 56d start a0,56,anchored,start,0,0.42948717948717946,34.25590618189918,0.010455390334572491,0.9574468085106383,1.0,29.774039415837336,8.568075117370892,15,28113.623025572804,639
77101A,lumpy,anchored 56d end a0,56,anchored,end,0,0.42948717948717946,29.261174856803898,0.009409851301115242,0.9204545454545454,0.445872801082544,22.051041290477908,8.568075117370892,15,20821.315290933693,639
85125,lumpy,floating 7d first,7,floating,first,0,0.234375,32.41137443346986,0.02950743494423792,0.635,1.0,1.8805873820955705,17.70735524256651,31,520.3552204207067,639
85125,lumpy,anchored 7d first a0,7,anchored,first,0,0.234375,36.200712328767125,0.03264405204460966,0.5758196721311475,1.0,0.26743935837245697,20.56338028169014,36,74.0,639
85125,lumpy,anchored 7d start a0,7,anchored,start,0,0.234375,37.84709589041096,0.036013011152416355,0.625,1.0,2.4611649061032863,20.56338028169014,36,681.0,639
85125,lumpy,anchored 7d end a0,7,anchored,end,0,0.234375,48.366240347007256,0.028810408921933085,0.6869806094182825,0.6872650729213653,32.46682316118937,13.708920187793428,24,8983.512855209745,639
85125,lumpy,floating 14d first,14,floating,first,0,0.234375,28.65380875526593,0.028113382899628253,0.7707006369426752,0.9987650942507948,3.536070330662137,14.85133020344288,26,978.4244400727925,639
85125,lumpy,anchored 14d first a0,14,anchored,first,0,0.234375,30.97337946402681,0.02846189591078067,0.6550802139037433,0.9974098731949117,1.296980513909003,17.136150234741784,30,358.8722266361474,639
85125,lumpy,anchored 14d start a0,14,anchored,start,0,0.234375,34.41799654725455,0.02857806691449814,0.6577540106951871,0.9998075300681656,5.886764251838155,17.136150234741784,30,1628.8573128766793,639
85125,lumpy,anchored 14d end a0,14,anchored,end,0,0.234375,42.77752186405169,0.02404739776951673,0.8149606299212598,0.6311056789907894,31.682384585289423,10.852895148669797,19,8766.460081190773,639
85125,lumpy,floating 28d first,28,floating,first,0,0.234375,26.139983414707633,0.019865241635687734,0.7737556561085973,1.0,12.178580732827903,9.710485133020343,17,3369.79186501847,639
85125,lumpy,anchored 28d first a0,28,anchored,first,0,0.234375,26.04517540637161,0.020910780669144983,0.7468879668049793,0.9982268420172576,8.05490047302863,11.424100156494523,20,2228.776791238017,639
85125,lumpy,anchored 28d start a0,28,anchored,start,0,0.234375,33.520340764583736,0.01963289962825279,0.728448275862069,0.9954801638007073,14.017839368523827,13.137715179968701,23,3878.7114940131964,639
85125,lumpy,anchored 28d end a0,28,anchored,end,0,0.234375,45.757123287671234,0.01370817843866171,0.7564102564102564,0.6666666666666667,35.65255770735524,10.852895148669797,19,9865.0,639
85125,lumpy,floating 56d first,56,floating,first,0,0.234375,28.94997763593979,0.014521375464684015,0.9057971014492754,0.9996306568685586,26.582369161243786,5.140845070422535,9,7355.294784967698,639
85125,lumpy,anchored 56d first a0,56,anchored,first,0,0.234375,26.736958332967422,0.016728624535315983,0.8421052631578947,0.9995947041929608,18.30382490763942,7.42566510172144,13,5064.636153063746,639
85125,lumpy,anchored 56d start a0,56,anchored,start,0,0.234375,44.44624343521916,0.014405204460966542,0.8378378378378378,1.0,32.573423362136815,11.424100156494523,20,9013.00894328787,639
85125,lumpy,anchored 56d end a0,56,anchored,end,0,0.234375,28.28413698630137,0.012197955390334572,0.7777777777777778,0.4086021505376344,16.36801154147105,9.139280125195619,16,4529.0,639
85064,lumpy,floating 7d first,7,floating,first,0,0.30245535714285715,59.04958164106198,0.05262546468401487,0.8435754189944135,1.0,5.41342866701984,19.420970266040687,34,8388.16265962167,639
85064,lumpy,anchored 7d first a0,7,anchored,first,0,0.30245535714285715,48.24666676552913,0.047978624535315983,0.8178217821782178,1.0,2.214392256315672,21.705790297339593,38,3431.2232746955347,639
85064,lumpy,anchored 7d start a0,7,anchored,start,0,0.30245535714285715,49.9040640258031,0.046352230483271376,0.7948207171314741,1.0,2.572569968421641,21.705790297339593,38,3986.2232746955347,639
85064,lumpy,anchored 7d end a0,7,anchored,end,0,0.30245535714285715,368.6116876564032,0.042518587360594794,0.8280542986425339,0.7221450148986868,74.9057478551866,12.566510172143975,22,116067.21650879557,639
85064,lumpy,floating 14d first,14,floating,first,0,0.30245535714285715,46.09767888218479,0.03276022304832714,0.9155844155844156,1.0,5.639931437893186,11.424100156494523,20,8739.13100183252,639
85064,lumpy,anchored 14d first a0,14,anchored,first,0,0.30245535714285715,61.55243817005374,0.02695167286245353,0.8197879858657244,0.9996188868651394,7.683185720624272,14.85133020344288,26,11905.174249605152,639
85064,lumpy,anchored 14d start a0,14,anchored,start,0,0.30245535714285715,65.53464007470998,0.025673791821561338,0.8371212121212122,0.9998012379494091,8.11155649217032,15.993740219092333,28,12568.939107586371,639
85064,lumpy,anchored 14d end a0,14,anchored,end,0,0.30245535714285715,321.8746333623742,0.023234200743494422,0.8849557522123894,0.7119028817326796,66.10212228230493,9.139280125195619,16,102425.90933694181,639
85064,lumpy,floating 28d first,28,floating,first,0,0.30245535714285715,85.89893781329158,0.018471189591078067,0.9408284023668639,0.9997278035464949,16.618517641806022,5.140845070422535,9,25750.561744817824,639
85064,lumpy,anchored 28d first a0,28,anchored,first,0,0.30245535714285715,65.57263296651672,0.018006505576208177,0.8959537572254336,0.9998851933782101,10.280852541042147,10.28169014084507,18,15930.285351173032,639
85064,lumpy,anchored 28d start a0,28,anchored,start,0,0.30245535714285715,77.13365817815614,0.014405204460966542,0.8857142857142857,1.0,13.859831620236315,7.42566510172144,13,21475.949756905495,639
85064,lumpy,anchored 28d end a0,28,anchored,end,0,0.30245535714285715,219.9417333679352,0.01324349442379182,0.926829268292683,0.5278848738542328,43.4252258341717,10.852895148669797,19,67287.82814614344,639
85064,lumpy,floating 56d first,56,floating,first,0,0.30245535714285715,190.09596619791074,0.010687732342007435,0.968421052631579,0.9999665436866562,39.78471158435822,3.427230046948357,6,61646.81436902515,639
85064,lumpy,anchored 56d first a0,56,anchored,first,0,0.30245535714285715,192.78064978249932,0.011965613382899629,0.9626168224299065,1.0,39.932677558311816,4.569640062597809,8,61876.08914735069,639
85064,lumpy,anchored 56d start a0,56,anchored,start,0,0.30245535714285715,187.61593176590546,0.008131970260223048,0.958904109589041,1.0,37.73599512697723,7.42566510172144,13,58472.3074261977,639
85064,lumpy,anchored 56d end a0,56,anchored,end,0,0.30245535714285715,396.40217172409956,0.007551115241635688,1.0,0.4102709177484365,83.0725944206908,6.854460093896714,12,128721.82814614344,639
21282,lumpy,floating 7d first,7,floating,first,0,0.25203252032520324,62.67576769792574,0.006273234200743495,0.8571428571428571,1.0,78.967780788919,2.2848200312989047,4,25196.0649526387,639
21282,lumpy,anchored 7d first a0,7,anchored,first,0,0.25203252032520324,62.67576769792574,0.006273234200743495,0.8852459016393442,1.0,78.967780788919,2.2848200312989047,4,25196.0649526387,639
21282,lumpy,anchored 7d start a0,7,anchored,start,0,0.25203252032520324,63.083235768439394,0.00662174721189591,0.9344262295081968,1.0,79.51616473911216,2.2848200312989047,4,25371.036535859264,639
21282,lumpy,anchored 7d end a0,7,anchored,end,0,0.25203252032520324,103.775121693514,0.0055762081784386614,0.8727272727272727,0.90625,131.5889792231255,3.427230046948357,6,41985.78755074424,639
21282,lumpy,floating 14d first,14,floating,first,0,0.25203252032520324,61.91859336099818,0.004182156133828996,0.9473684210526315,0.9990729092669436,79.2945835643023,1.7136150234741785,3,25300.33714913451,639
21282,lumpy,anchored 14d first a0,14,anchored,first,0,0.25203252032520324,62.85399927929485,0.004995353159851301,0.9772727272727273,1.0,79.20765072159165,2.2848200312989047,4,25272.599690520725,639
21282,lumpy,anchored 14d start a0,14,anchored,start,0,0.25203252032520324,63.84640285115918,0.0045306691449814125,0.8863636363636364,1.0,83.23492601028488,1.1424100156494523,2,26557.572989027176,639
21282,lumpy,anchored 14d end a0,14,anchored,end,0,0.25203252032520324,84.7196346414073,0.005343866171003717,0.7796610169491526,0.8348214285714286,108.6351429867976,2.2848200312989047,4,34661.96075778078,639
21282,lumpy,floating 28d first,28,floating,first,0,0.25203252032520324,62.392606786463084,0.0036013011152416356,0.9393939393939394,1.0,81.27835938230749,1.1424100156494523,2,25933.295855363554,639
21282,lumpy,anchored 28d first a0,28,anchored,first,0,0.25203252032520324,61.95682451363277,0.003949814126394052,0.9714285714285714,1.0,79.34603630874867,1.7136150234741785,3,25316.754055854068,639
21282,lumpy,anchored 28d start a0,28,anchored,start,0,0.25203252032520324,63.62729968080968,0.0030204460966542753,0.896551724137931,0.9987940501209003,80.2483838723735,2.2848200312989047,4,25604.663980582976,639
21282,lumpy,anchored 28d end a0,28,anchored,end,0,0.25203252032520324,32.724931506849316,0.005808550185873606,0.9259259259259259,0.7321428571428572,35.967293068861835,3.427230046948357,6,11476.0,639
21282,lumpy,floating 56d first,56,floating,first,0,0.25203252032520324,73.67105959416783,0.0017425650557620818,0.9375,1.0,96.45727265264006,1.1424100156494523,2,30776.39617867206,639
21282,lumpy,anchored 56d first a0,56,anchored,first,0,0.25203252032520324,77.18793892474386,0.002091078066914498,0.9473684210526315,1.0,102.53623762951479,0.5712050078247262,1,32715.99730297824,639
21282,lumpy,anchored 56d start a0,56,anchored,start,0,0.25203252032520324,73.89100852429398,0.002091078066914498,1.0,1.0,98.09912010462124,0.5712050078247262,1,31300.256601608588,639
21282,lumpy,anchored 56d end a0,56,anchored,end,0,0.25203252032520324,7.911917808219179,0.0060408921933085506,0.8125,0.3883928571428571,2.5731219597016,3.427230046948357,6,821.0,639
20762,lumpy,floating 7d first,7,floating,first,0,0.34763948497854075,110.4816940204808,0.01092007434944238,0.573170731707317,1.0,117.73682831773712,7.42566510172144,13,47441.091089967325,639
20762,lumpy,anchored 7d first a0,7,anchored,first,0,0.34763948497854075,112.42356664874787,0.009526022304832713,0.4019607843137255,1.0,117.66662300939642,8.568075117370892,15,47412.80243572396,639
20762,lumpy,anchored 7d start a0,7,anchored,start,0,0.34763948497854075,112.58518916714554,0.008945167286245352,0.375609756097561,1.0,117.8618280978192,8.568075117370892,15,47491.45872801084,639
20762,lumpy,anchored 7d end a0,7,anchored,end,0,0.34763948497854075,109.1933953695294,0.008828996282527882,0.4662576687116564,0.9567034056750919,119.80419378454808,5.712050078247262,10,48274.11907983765,639
20762,lumpy,floating 14d first,14,floating,first,0,0.34763948497854075,107.69982577088602,0.00871282527881041,0.5952380952380952,1.0,118.0002843512639,5.712050078247262,10,47547.2485418312,639
20762,lumpy,anchored 14d first a0,14,anchored,first,0,0.34763948497854075,108.5687494990557,0.008131970260223048,0.47297297297297297,0.9974612462221525,117.84197253007444,6.283255086071987,11,47483.45808954044,639
20762,lumpy,anchored 14d start a0,14,anchored,start,0,0.34763948497854075,108.10877900954266,0.010106877323420074,0.5878378378378378,0.9978610412451724,118.49421152121629,5.712050078247262,10,47746.27245131077,639
20762,lumpy,anchored 14d end a0,14,anchored,end,0,0.34763948497854075,109.54368176172906,0.008015799256505576,0.5307692307692308,0.9472208162464233,117.81169611853282,6.854460093896714,12,47471.25845737482,639
20762,lumpy,floating 28d first,28,floating,first,0,0.34763948497854075,104.58714776702098,0.007899628252788104,0.8395061728395061,0.9983247048873045,119.07197764271967,3.427230046948357,6,47979.07857995021,639
20762,lumpy,anchored 28d first a0,28,anchored,first,0,0.34763948497854075,104.00670206738151,0.007551115241635688,0.7303370786516854,0.9982422335958941,118.3709246258131,3.427230046948357,6,47696.59500612567,639
20762,lumpy,anchored 28d start a0,28,anchored,start,0,0.34763948497854075,106.51433980143393,0.007318773234200744,0.6631578947368421,0.9976288386072578,118.98404134831466,4.569640062597809,8,47943.64537003118,639
20762,lumpy,anchored 28d end a0,28,anchored,end,0,0.34763948497854075,35.1917808219178,0.013475836431226766,0.6628571428571428,0.6603053435114503,23.179525411889554,9.139280125195619,16,9340.0,639
20762,lumpy,floating 56d first,56,floating,first,0,0.34763948497854075,131.94653942199616,0.001974907063197026,0.7391304347826086,0.9984784830966578,158.15513246507817,0.5712050078247262,1,63727.31585203814,639
20762,lumpy,anchored 56d first a0,56,anchored,first,0,0.34763948497854075,135.2509173947517,0.0015102230483271376,0.4482758620689655,1.0,160.93832326293702,1.1424100156494523,2,64848.77979877917,639
20762,lumpy,anchored 56d start a0,56,anchored,start,0,0.34763948497854075,137.49661557964595,0.0017425650557620818,0.6818181818181818,1.0,163.65064155310537,1.1424100156494523,2,65941.68624876103,639
20762,lumpy,anchored 56d end a0,56,anchored,end,0,0.34763948497854075,25.30958904109589,0.011036245353159852,0.7196969696969697,0.5152671755725191,13.659540456856542,7.996870109546166,14,5504.0,639
20894,lumpy,floating 7d first,7,floating,first,0,0.24468085106382978,29.562106075643815,0.03066914498141264,0.6096997690531177,0.9981404252415121,1.426111901332118,16.564945226917057,29,347.74358916947904,639
20894,lumpy,anchored 7d first a0,7,anchored,first,0,0.24468085106382978,33.450986301369866,0.031947026022304835,0.5566801619433198,1.0,1.1441913894715812,18.849765258215964,33,279.0,639
20894,lumpy,anchored 7d start a0,7,anchored,start,0,0.24468085106382978,34.071698630136986,0.032527881040892194,0.5645161290322581,1.0,2.7189924416475213,18.849765258215964,33,663.0,639
20894,lumpy,anchored 7d end a0,7,anchored,end,0,0.24468085106382978,32.70493061708716,0.020562267657992565,0.686046511627907,0.7346069144843324,57.60437962685494,5.712050078247262,10,14046.270635994597,639
20894,lumpy,floating 14d first,14,floating,first,0,0.24468085106382978,24.31174840609193,0.023698884758364312,0.6710526315789473,1.0,5.865106352101262,12.566510172143975,22,1430.149437667041,639
20894,lumpy,anchored 14d first a0,14,anchored,first,0,0.24468085106382978,27.964427078848644,0.025906133828996283,0.5915119363395226,0.9996719886396941,2.4468352055040645,15.422535211267606,27,596.6370911521265,639
20894,lumpy,anchored 14d start a0,14,anchored,start,0,0.24468085106382978,31.603062854766243,0.025673791821561338,0.5924932975871313,0.9987269169727346,6.6041963927285625,16.564945226917057,29,1610.3693932028439,639
20894,lumpy,anchored 14d end a0,14,anchored,end,0,0.24468085106382978,33.34808248836822,0.016844795539033456,0.7552083333333334,0.720119928891719,49.08776457008403,7.996870109546166,14,11969.576454668473,639
20894,lumpy,floating 28d first,28,floating,first,0,0.24468085106382978,22.10078609493214,0.01974907063197026,0.7359307359307359,0.9986354810400321,15.478223834352084,9.139280125195619,16,3774.2151265258144,639
20894,lumpy,anchored 28d first a0,28,anchored,first,0,0.24468085106382978,22.502083529584336,0.018006505576208177,0.5698529411764706,0.9948555472060923,8.885089874324976,10.852895148669797,19,2166.543200505564,639
20894,lumpy,anchored 28d start a0,28,anchored,start,0,0.24468085106382978,31.93981754376003,0.01742565055762082,0.5836575875486382,0.9961487938195296,15.069832648927157,14.85133020344288,26,3674.632887241374,639
20894,lumpy,anchored 28d end a0,28,anchored,end,0,0.24468085106382978,31.438356164383563,0.008945167286245352,0.6936936936936937,0.6509803921568628,59.46514389726856,4.569640062597809,8,14500.0,639
20894,lumpy,floating 56d first,56,floating,first,0,0.24468085106382978,22.171461967903902,0.013475836431226766,0.7532467532467533,1.0,30.880055422204673,5.712050078247262,10,7529.802742855802,639
20894,lumpy,anchored 56d first a0,56,anchored,first,0,0.24468085106382978,18.960161224499892,0.01475371747211896,0.7094972067039106,1.0,17.658533126653694,6.854460093896714,12,4305.862452444848,639
20894,lumpy,anchored 56d start a0,56,anchored,start,0,0.24468085106382978,24.911450890365906,0.010571561338289962,0.6893939393939394,0.9990301819391649,27.683297957113904,7.996870109546166,14,6750.304364378906,639
20894,lumpy,anchored 56d end a0,56,anchored,end,0,0.24468085106382978,14.736164383561643,0.009061338289962825,0.75,0.36078431372549025,12.016060111654957,5.712050078247262,10,2930.0,639
90182C,lumpy,floating 7d first,7,floating,first,0,0.42105263157894735,8.205212560977941,0.0025557620817843866,0.20952380952380953,1.0,7.860655989733428,4.569640062597809,8,129.14238751198044,639
90182C,lumpy,anchored 7d first a0,7,anchored,first,0,0.42105263157894735,8.197537805624039,0.0017425650557620818,0.14423076923076922,1.0,7.566674903220495,4.569640062597809,8,124.31258457374834,639
90182C,lumpy,anchored 7d start a0,7,anchored,start,0,0.42105263157894735,8.25226403692513,0.001974907063197026,0.1619047619047619,1.0,9.662960217445024,4.569640062597809,8,158.75236806495266,639
90182C,lumpy,anchored 7d end a0,7,anchored,end,0,0.42105263157894735,10.78493610395388,0.0024395910780669145,0.3620689655172414,0.6640505187189898,68.37188040523841,5.140845070422535,9,1123.2787550744245,639
90182C,lumpy,floating 14d first,14,floating,first,0,0.42105263157894735,7.218697283256681,0.0024395910780669145,0.23076923076923078,1.0,8.377187543382611,3.998435054773083,7,137.6284627391181,639
90182C,lumpy,anchored 14d first a0,14,anchored,first,0,0.42105263157894735,7.220212928065766,0.0024395910780669145,0.23076923076923078,1.0,8.435244235380724,3.998435054773083,7,138.58227369655935,639
90182C,lumpy,anchored 14d start a0,14,anchored,start,0,0.42105263157894735,7.323894847616526,0.0025557620817843866,0.23655913978494625,0.9749931265233933,12.406774526020945,3.998435054773083,7,203.83037824143474,639
90182C,lumpy,anchored 14d end a0,14,anchored,end,0,0.42105263157894735,8.490490444324985,0.0022072490706319704,0.3333333333333333,0.6080288678394227,57.09315542377068,3.998435054773083,7,937.9810554803787,639
90182C,lumpy,floating 28d first,28,floating,first,0,0.42105263157894735,7.218402386731295,0.0027881040892193307,0.26373626373626374,1.0,8.365891548012856,3.998435054773083,7,137.44288130503935,639
90182C,lumpy,anchored 28d first a0,28,anchored,first,0,0.42105263157894735,7.217212479026383,0.0022072490706319704,0.20430107526881722,1.0,8.320312198077946,3.998435054773083,7,136.6940600769477,639
90182C,lumpy,anchored 28d start a0,28,anchored,start,0,0.42105263157894735,6.825510582750293,0.0025557620817843866,0.2682926829268293,0.9611672447432612,31.62113798473542,3.427230046948357,6,519.5023494894083,639
90182C,lumpy,anchored 28d end a0,28,anchored,end,0,0.42105263157894735,8.069424657534247,0.0026719330855018587,0.2948717948717949,0.6,40.96425335639569,3.998435054773083,7,673.0,639
90182C,lumpy,floating 56d first,56,floating,first,0,0.42105263157894735,4.923862274448819,0.002091078066914498,0.4864864864864865,1.0,73.69343981187316,1.7136150234741785,3,1210.7064313341705,639
90182C,lumpy,anchored 56d first a0,56,anchored,first,0,0.42105263157894735,5.787341940514693,0.0022072490706319704,0.37254901960784315,0.9704797804430382,68.46403584388192,2.2848200312989047,4,1124.7927729101089,639
90182C,lumpy,anchored 56d start a0,56,anchored,start,0,0.42105263157894735,5.8624101576992,0.0025557620817843866,0.44,0.9676268070603504,71.33951982126588,2.2848200312989047,4,1172.0339785520825,639
90182C,lumpy,anchored 56d end a0,56,anchored,end,0,0.42105263157894735,5.043013698630137,0.0012778810408921933,0.4074074074074074,0.5333333333333333,116.56247426076929,1.1424100156494523,2,1915.0,639
44234,lumpy,floating 7d first,7,floating,first,0,0.43980738362760835,30.050458072516278,0.03659386617100372,0.7645631067961165,1.0,0.4070050225309522,17.136150234741784,30,438.5046778200392,639
44234,lumpy,anchored 7d first a0,7,anchored,first,0,0.43980738362760835,37.031068493150684,0.0383364312267658,0.6483300589390962,1.0,0.2506047521081545,21.134585289514867,37,270.0,639
44234,lumpy,anchored 7d start a0,7,anchored,start,0,0.43980738362760835,37.32265205479452,0.03926579925650558,0.66015625,1.0,2.6025767589306126,21.134585289514867,37,2804.0,639
44234,lumpy,anchored 7d end a0,7,anchored,end,0,0.43980738362760835,41.004601279033125,0.009409851301115242,0.8617021276595744,0.6571586010630135,306.5528037136678,1.7136150234741785,3,330278.08254397835,639
44234,lumpy,floating 14d first,14,floating,first,0,0.43980738362760835,26.317979129034423,0.03183085501858736,0.7988338192419825,1.0,2.5648839942365163,14.85133020344288,26,2763.3900499420147,639
44234,lumpy,anchored 14d first a0,14,anchored,first,0,0.43980738362760835,27.065300847557914,0.0341542750929368,0.7696335078534031,0.9991420962392973,0.5267298492827908,15.422535211267606,27,567.495460919976,639
44234,lumpy,anchored 14d start a0,14,anchored,start,0,0.43980738362760835,26.08084735290366,0.034967472118959106,0.8135135135135135,0.9997136287385783,8.718333445637523,14.280125195618153,25,9393.078185948474,639
44234,lumpy,anchored 14d end a0,14,anchored,end,0,0.43980738362760835,48.633666153817636,0.012314126394052044,0.8617886178861789,0.5539904858892624,343.8917776320846,3.427230046948357,6,370506.86062246276,639
44234,lumpy,floating 28d first,28,floating,first,0,0.43980738362760835,18.268937879120173,0.024976765799256506,0.9227467811158798,0.9993058237343551,10.235509688069557,9.710485133020343,17,11027.674425687219,639
44234,lumpy,anchored 28d first a0,28,anchored,first,0,0.43980738362760835,22.31495253915718,0.029158921933085502,0.8451178451178452,0.999990640601072,2.540470907890776,12.566510172143975,22,2737.0875426754915,639
44234,lumpy,anchored 28d start a0,28,anchored,start,0,0.43980738362760835,34.238182898201984,0.02799721189591078,0.8485915492957746,0.9989998660277292,9.98743378906434,18.849765258215964,33,10760.398996279153,639
44234,lumpy,anchored 28d end a0,28,anchored,end,0,0.43980738362760835,25.81293698630137,0.01533457249070632,0.8461538461538461,0.41030927835051545,111.41794462153696,6.854460093896714,12,120041.0,639
44234,lumpy,floating 56d first,56,floating,first,0,0.43980738362760835,10.259489477396347,0.018471189591078067,0.9695121951219512,1.0,10.159296967989002,5.140845070422535,9,10945.56331546825,639
44234,lumpy,anchored 56d first a0,56,anchored,first,0,0.43980738362760835,16.65046451286482,0.020446096654275093,0.8888888888888888,0.999904690805983,13.312980713410479,8.568075117370892,15,14343.322552277594,639
44234,lumpy,anchored 56d start a0,56,anchored,start,0,0.43980738362760835,23.534922760940898,0.013940520446096654,0.9230769230769231,1.0,52.71200925672915,9.710485133020343,17,56791.59066055779,639
44234,lumpy,anchored 56d end a0,56,anchored,end,0,0.43980738362760835,25.87761095890411,0.009409851301115242,0.8617021276595744,0.2804123711340206,128.07202264774665,5.712050078247262,10,137984.0,639
85165,lumpy,floating 7d first,7,floating,first,0,0.24444444444444444,11.77042191780822,0.010106877323420074,0.4416243654822335,1.0,2.133089897409146,6.283255086071987,11,166.0,639
85165,lumpy,anchored 7d first a0,7,anchored,first,0,0.24444444444444444,12.900372602739726,0.011036245353159852,0.4398148148148148,1.0,2.4928881933576768,6.854460093896714,12,194.0,639
85165,lumpy,anchored 7d start a0,7,anchored,start,0,0.24444444444444444,11.923578082191781,0.01092007434944238,0.4372093023255814,1.0,2.5571378890627714,6.283255086071987,11,199.0,639
85165,lumpy,anchored 7d end a0,7,anchored,end,0,0.24444444444444444,34.33790684931507,0.010455390334572491,0.45226130653266333,0.7631578947368421,67.38508085550339,5.712050078247262,10,5244.0,639
85165,lumpy,floating 14d first,14,floating,first,0,0.24444444444444444,8.239634812805189,0.00929368029739777,0.6299212598425197,1.0,6.200942993251905,3.427230046948357,6,482.56594254657256,639
85165,lumpy,anchored 14d first a0,14,anchored,first,0,0.24444444444444444,7.9650266094045685,0.008480483271375464,0.5748031496062992,0.9955196912957438,5.440627157370724,3.427230046948357,6,423.3971147772535,639
85165,lumpy,anchored 14d start a0,14,anchored,start,0,0.24444444444444444,9.947188607680772,0.008248141263940521,0.5725806451612904,0.9968253150000554,5.3912385556351365,4.569640062597809,8,419.55362562189,639
85165,lumpy,anchored 14d end a0,14,anchored,end,0,0.24444444444444444,24.59841095890411,0.008480483271375464,0.6033057851239669,0.7236842105263157,37.65032168318553,6.283255086071987,11,2930.0,639
85165,lumpy,floating 28d first,28,floating,first,0,0.24444444444444444,8.810879896141415,0.008248141263940521,0.8765432098765432,1.0,13.320025127663286,2.2848200312989047,4,1036.5827403138235,639
85165,lumpy,anchored 28d first a0,28,anchored,first,0,0.24444444444444444,9.30031191013489,0.006505576208178439,0.7272727272727273,1.0,11.906400478991022,2.856025039123631,5,926.572519007813,639
85165,lumpy,anchored 28d start a0,28,anchored,start,0,0.24444444444444444,9.91684294037712,0.005227695167286246,0.6716417910447762,0.9972010940735364,13.613408134991174,2.856025039123631,5,1059.41421088409,639
85165,lumpy,anchored 28d end a0,28,anchored,end,0,0.24444444444444444,54.459534246575345,0.005343866171003717,0.6865671641791045,0.6578947368421053,125.86515388628064,5.140845070422535,9,9795.0,639
85165,lumpy,floating 56d first,56,floating,first,0,0.24444444444444444,11.73456954744179,0.004995353159851301,0.9555555555555556,1.0,26.952389953220095,1.1424100156494523,2,2097.4721870225817,639
85165,lumpy,anchored 56d first a0,56,anchored,first,0,0.24444444444444444,9.162052968979353,0.004995353159851301,0.8958333333333334,0.99654715769982,22.59851690068629,0.5712050078247262,1,1758.6477766691048,639
85165,lumpy,anchored 56d start a0,56,anchored,start,0,0.24444444444444444,14.37725821183396,0.0030204460966542753,0.8387096774193549,1.0,34.26928003865487,1.1424100156494523,2,2666.8826725616264,639
85165,lumpy,anchored 56d end a0,56,anchored,end,0,0.24444444444444444,4.109221917808219,0.0033689591078066915,0.725,0.513157894736842,3.07113545470353,1.7136150234741785,3,239.0,639
21586,lumpy,floating 7d first,7,floating,first,0,0.30036231884057973,64.23289823209353,0.07690520446096655,0.8619791666666666,1.0,2.768823263288526,31.41627543035994,55,6607.858538655177,639
21586,lumpy,anchored 7d first a0,7,anchored,first,0,0.30036231884057973,69.10183561643835,0.08190055762081784,0.8047945205479452,1.0,1.8298592683314054,35.985915492957744,63,4367.0,639
21586,lumpy,anchored 7d start a0,7,anchored,start,0,0.30036231884057973,70.82369863013699,0.0837592936802974,0.8258877434135166,1.0,2.6461097502891744,35.41471048513302,62,6315.0,639
21586,lumpy,anchored 7d end a0,7,anchored,end,0,0.30036231884057973,75.10860273972602,0.07121282527881041,0.8340136054421768,0.7952859013531209,9.329055816379759,25.13302034428795,44,22264.0,639
21586,lumpy,floating 14d first,14,floating,first,0,0.30036231884057973,55.519224374931426,0.05297397769516728,0.9138276553106213,0.9999091906829245,5.553668845729629,21.134585289514867,37,13253.95469970582,639
21586,lumpy,anchored 14d first a0,14,anchored,first,0,0.30036231884057973,57.35744691298627,0.05390334572490706,0.8451730418943534,0.9996716442034429,4.305607190158801,24.561815336463223,43,10275.427692627427,639
21586,lumpy,anchored 14d start a0,14,anchored,start,0,0.30036231884057973,63.974392739150574,0.05390334572490706,0.8560885608856088,0.9998161661441658,5.6901677785546685,25.704225352112676,45,13579.712450568546,639
21586,lumpy,anchored 14d end a0,14,anchored,end,0,0.30036231884057973,107.03811885739763,0.03403810408921933,0.9512987012987013,0.7109522524156203,23.402592932798242,16.564945226917057,29,55850.810554804186,639
21586,lumpy,floating 28d first,28,floating,first,0,0.30036231884057973,60.108111677993776,0.036477695167286245,0.9691358024691358,1.0,11.428115363305714,12.566510172143975,22,27273.452475426915,639
21586,lumpy,anchored 28d first a0,28,anchored,first,0,0.30036231884057973,57.84337009182285,0.035432156133828996,0.9384615384615385,0.9998412001951142,9.24951607628545,15.422535211267606,27,22074.176634343803,639
21586,lumpy,anchored 28d start a0,28,anchored,start,0,0.30036231884057973,74.67747080676071,0.031133828996282528,0.9115646258503401,0.9999273567625568,11.298971899095495,21.134585289514867,37,26965.24871464246,639
21586,lumpy,anchored 28d end a0,28,anchored,end,0,0.30036231884057973,80.32479452054795,0.01974907063197026,0.9239130434782609,0.577040593627237,18.6903761538636,10.28169014084507,18,44605.0,639
21586,lumpy,floating 56d first,56,floating,first,0,0.30036231884057973,106.29988003723639,0.021026951672862452,0.9945054945054945,1.0,28.579165306783025,6.283255086071987,11,68204.81610508094,639
21586,lumpy,anchored 56d first a0,56,anchored,first,0,0.30036231884057973,88.29553013787222,0.024512081784386616,0.9678899082568807,0.9999609370962591,21.38058033912368,9.710485133020343,17,51025.232353575215,639
21586,lumpy,anchored 56d start a0,56,anchored,start,0,0.30036231884057973,119.328326699873,0.016496282527881042,0.9594594594594594,1.0,28.587696082200583,13.708920187793428,24,68225.17499108557,639
21586,lumpy,anchored 56d end a0,56,anchored,end,0,0.30036231884057973,40.75797260273973,0.01370817843866171,0.959349593495935,0.38323876036665216,8.32424644485269,7.42566510172144,13,19866.0,639
84595E,lumpy,floating 7d first,7,floating,first,0,0.33687002652519893,24.259533138593547,0.017657992565055763,0.44314868804664725,0.9999655371858118,0.44163351056878136,13.708920187793428,24,143.96595073958207,639
84595E,lumpy,anchored 7d first a0,7,anchored,first,0,0.33687002652519893,26.21272328767123,0.019052044609665426,0.44086021505376344,1.0,0.3619797179777753,14.85133020344288,26,118.0,639
84595E,lumpy,anchored 7d start a0,7,anchored,start,0,0.33687002652519893,25.930213698630137,0.017193308550185873,0.3978494623655914,1.0,1.5828943599706105,14.280125195618153,25,516.0,639
84595E,lumpy,anchored 7d end a0,7,anchored,end,0,0.33687002652519893,74.51336438356165,0.007551115241635688,0.6018518518518519,0.7732793522267206,111.48055026296892,5.140845070422535,9,36341.0,639
84595E,lumpy,floating 14d first,14,floating,first,0,0.33687002652519893,18.820896471639525,0.016263940520446097,0.5668016194331984,1.0,1.3968751449172423,10.28169014084507,18,455.36050478484225,639
84595E,lumpy,anchored 14d first a0,14,anchored,first,0,0.33687002652519893,21.490650444860897,0.016612453531598514,0.46579804560260585,1.0,0.834913335539029,11.995305164319248,21,272.16931971767076,639
84595E,lumpy,anchored 14d start a0,14,anchored,start,0,0.33687002652519893,24.12533984563182,0.017890334572490705,0.506578947368421,0.9979326196176387,3.616575911132714,12.566510172143975,22,1178.9499143702358,639
84595E,lumpy,anchored 14d end a0,14,anchored,end,0,0.33687002652519893,91.01568219178083,0.0045306691449814125,0.5735294117647058,0.6923076923076923,151.47317385005582,1.1424100156494523,2,49378.0,639
84595E,lumpy,floating 28d first,28,floating,first,0,0.33687002652519893,13.236817618473436,0.013940520446096654,0.7317073170731707,0.9970308118126515,3.8062716102531775,6.283255086071987,11,1240.787888666876,639
84595E,lumpy,anchored 28d first a0,28,anchored,first,0,0.33687002652519893,17.050811366316015,0.01324349442379182,0.5229357798165137,0.9958345801014902,3.4897548271818932,8.568075117370892,15,1137.6081287315287,639
84595E,lumpy,anchored 28d start a0,28,anchored,start,0,0.33687002652519893,18.87663199185283,0.013475836431226766,0.5742574257425742,0.9967798408404331,8.298301010750135,7.996870109546166,14,2705.1226094624353,639
84595E,lumpy,anchored 28d end a0,28,anchored,end,0,0.33687002652519893,39.975018881494805,0.007783457249070632,0.8170731707317073,0.5390367769115723,54.41016093614442,4.569640062597809,8,17736.90257104195,639
84595E,lumpy,floating 56d first,56,floating,first,0,0.33687002652519893,17.93758057450139,0.01254646840148699,0.864,0.998894985880699,16.91024359918206,4.569640062597809,8,5512.4877047006175,639
84595E,lumpy,anchored 56d first a0,56,anchored,first,0,0.33687002652519893,14.837916708768166,0.011849442379182156,0.7786259541984732,0.9983145554115501,9.934067242715981,5.140845070422535,9,3238.358052736141,639
84595E,lumpy,anchored 56d start a0,56,anchored,start,0,0.33687002652519893,23.73172569778838,0.009177509293680297,0.79,0.9987798668745895,19.96324335698175,6.854460093896714,12,6507.720181903889,639
84595E,lumpy,anchored 56d end a0,56,anchored,end,0,0.33687002652519893,34.43281095890411,0.00662174721189591,0.7037037037037037,0.3076923076923077,48.38257721987688,3.427230046948357,6,15772.0,639
51008,lumpy,floating 7d first,7,floating,first,0,0.3301204819277108,83.672535006201,0.027881040892193308,0.8333333333333334,1.0,11.732793069192894,11.424100156494523,20,33681.84822791792,639
51008,lumpy,anchored 7d first a0,7,anchored,first,0,0.3301204819277108,73.92442033848039,0.03241171003717472,0.775,1.0,8.646656108000078,15.422535211267606,27,24822.338294993242,639
51008,lumpy,anchored 7d start a0,7,anchored,start,0,0.3301204819277108,76.00517189093,0.03287639405204461,0.7971830985915493,1.0,9.03007145954711,15.422535211267606,27,25923.02571041949,639
51008,lumpy,anchored 7d end a0,7,anchored,end,0,0.3301204819277108,897.4609961258275,0.012430297397769517,0.84251968503937,0.6972291023009822,164.26748826291083,3.427230046948357,6,471569.94722598116,639
51008,lumpy,floating 14d first,14,floating,first,0,0.3301204819277108,91.59500020924021,0.021956319702602232,0.8146551724137931,0.9999217051990589,13.745450866157293,9.710485133020343,17,39459.67402372852,639
51008,lumpy,anchored 14d first a0,14,anchored,first,0,0.3301204819277108,75.91238569973646,0.02300185873605948,0.8181818181818182,0.9998857652292872,10.30284802318645,11.424100156494523,20,29576.84171073016,639
51008,lumpy,anchored 14d start a0,14,anchored,start,0,0.3301204819277108,83.82138348686442,0.021723977695167287,0.7957446808510639,0.9998884508606843,11.575953316449695,11.995305164319248,21,33231.60140971813,639
51008,lumpy,anchored 14d end a0,14,anchored,end,0,0.3301204819277108,206.0729444084009,0.011965613382899629,0.9537037037037037,0.6948929700907851,37.23552142843676,2.2848200312989047,4,106893.65899864685,639
51008,lumpy,floating 28d first,28,floating,first,0,0.3301204819277108,141.61028792227867,0.013940520446096654,0.7894736842105263,0.9998848250113421,23.882992685661222,6.854460093896714,12,68561.96390091552,639
51008,lumpy,anchored 28d first a0,28,anchored,first,0,0.3301204819277108,88.67951223258326,0.016612453531598514,0.8461538461538461,0.9999768114013118,13.3924882574838,9.139280125195619,16,38446.4086447723,639
51008,lumpy,anchored 28d start a0,28,anchored,start,0,0.3301204819277108,134.1327079211751,0.014986059479553903,0.8958333333333334,0.9998325574606355,21.215241978404304,10.852895148669797,19,60903.53390033176,639
51008,lumpy,anchored 28d end a0,28,anchored,end,0,0.3301204819277108,540.2093698630138,0.0070864312267657995,0.9682539682539683,0.6422995031937544,98.62181213115372,2.856025039123631,5,283118.0,639
51008,lumpy,floating 56d first,56,floating,first,0,0.3301204819277108,150.53008728805244,0.009526022304832713,0.9425287356321839,0.9997769864721265,26.81649787190049,2.856025039123631,5,76983.30704367992,639
51008,lumpy,anchored 56d first a0,56,anchored,first,0,0.3301204819277108,210.36270276821955,0.004298327137546468,1.0,1.0,38.39452088218541,1.1424100156494523,2,110220.85001507266,639
51008,lumpy,anchored 56d start a0,56,anchored,start,0,0.3301204819277108,247.93253219078989,0.003949814126394052,0.9714285714285714,1.0,45.13316009529217,1.7136150234741785,3,129565.7597820845,639
51008,lumpy,anchored 56d end a0,56,anchored,end,0,0.3301204819277108,337.375698630137,0.007783457249070632,0.9571428571428572,0.4059616749467707,60.32477468559684,5.712050078247262,10,173177.0,639
21292,lumpy,floating 7d first,7,floating,first,0,0.31085991118288253,34.838604906812606,0.035896840148698886,0.8583333333333333,1.0,7.85778771450209,15.422535211267606,27,16829.94582933295,639
21292,lumpy,anchored 7d first a0,7,anchored,first,0,0.31085991118288253,39.479736556249655,0.04414498141263941,0.8899297423887588,1.0,7.498041133356459,18.278560250391237,32,16059.434370771316,639
21292,lumpy,anchored 7d start a0,7,anchored,start,0,0.31085991118288253,40.85888223626893,0.04356412639405204,0.8761682242990654,1.0,8.88056188925596,18.278560250391237,32,19020.541271989176,639
21292,lumpy,anchored 7d end a0,7,anchored,end,0,0.31085991118288253,173.4749968302223,0.021723977695167287,0.8990384615384616,0.7049525816649105,163.87505646628168,5.712050078247262,10,350990.43437077134,639
21292,lumpy,floating 14d first,14,floating,first,0,0.31085991118288253,32.363419835060476,0.030436802973977696,0.9323843416370107,0.9998588513472373,11.391228647978366,11.995305164319248,21,24397.930822335726,639
21292,lumpy,anchored 14d first a0,14,anchored,first,0,0.31085991118288253,34.28147605019922,0.03392193308550186,0.926984126984127,0.9999623143676599,9.304189884135498,14.280125195618153,25,19927.875048957132,639
21292,lumpy,anchored 14d start a0,14,anchored,start,0,0.31085991118288253,40.40601560570895,0.03287639405204461,0.9158576051779935,0.9998011266295095,11.43392865994101,16.564945226917057,29,24489.38644755157,639
21292,lumpy,anchored 14d end a0,14,anchored,end,0,0.31085991118288253,111.22976076519546,0.011965613382899629,0.8956521739130435,0.7038767394208847,102.47993970190855,5.140845070422535,9,219493.30987821377,639
21292,lumpy,floating 28d first,28,floating,first,0,0.31085991118288253,33.04991824923617,0.021026951672862452,0.9836956521739131,1.0,17.091643187128145,9.139280125195619,16,36607.17741747766,639
21292,lumpy,anchored 28d first a0,28,anchored,first,0,0.31085991118288253,33.885609604673746,0.021723977695167287,0.9540816326530612,1.0,15.924485220641047,10.28169014084507,18,34107.33826885834,639
21292,lumpy,anchored 28d start a0,28,anchored,start,0,0.31085991118288253,42.94081292283059,0.022072490706319704,0.979381443298969,0.9999289656320327,17.984718077916604,14.280125195618153,25,38519.980687253905,639
21292,lumpy,anchored 28d end a0,28,anchored,end,0,0.31085991118288253,84.10591554674032,0.011036245353159852,0.8878504672897196,0.595890410958904,75.28971640816955,5.140845070422535,9,161256.81867388362,639
21292,lumpy,floating 56d first,56,floating,first,0,0.31085991118288253,42.8826702265577,0.014056691449814127,0.9603174603174603,0.9999943169104585,33.965588648227005,5.140845070422535,9,72748.086074668,639
21292,lumpy,anchored 56d first a0,56,anchored,first,0,0.31085991118288253,42.183216048513025,0.017193308550185873,0.9736842105263158,1.0,28.252186639575708,7.996870109546166,14,60511.02269239561,639
21292,lumpy,anchored 56d start a0,56,anchored,start,0,0.31085991118288253,61.25729377382594,0.015102230483271376,0.9774436090225563,0.9999273384979402,38.35091787121417,13.137715179968701,23,82140.6601614498,639
21292,lumpy,anchored 56d end a0,56,anchored,end,0,0.31085991118288253,38.48372602739727,0.013475836431226766,0.8992248062015504,0.5273972602739726,24.543643144472178,7.996870109546166,14,52568.0,639
84251F,lumpy,floating 7d first,7,floating,first,0,0.259946949602122,16.04945205479452,0.021491635687732342,0.7520325203252033,1.0,1.4571217460969768,9.139280125195619,16,475.0,639
84251F,lumpy,anchored 7d first a0,7,anchored,first,0,0.259946949602122,19.044142465753424,0.021491635687732342,0.6445993031358885,1.0,1.300672884937091,10.852895148669797,19,424.0,639
84251F,lumpy,anchored 7d start a0,7,anchored,start,0,0.259946949602122,18.09390684931507,0.023350371747211895,0.674496644295302,1.0,2.766997505219943,10.28169014084507,18,902.0,639
84251F,lumpy,anchored 7d end a0,7,anchored,end,0,0.259946949602122,9.299287671232877,0.018935873605947954,0.7951219512195122,0.7483660130718954,38.28395661324267,4.569640062597809,8,12480.0,639
84251F,lumpy,floating 14d first,14,floating,first,0,0.259946949602122,11.204195671885294,0.017193308550185873,0.8862275449101796,1.0,6.016695467948749,6.283255086071987,11,1961.353164161377,639
84251F,lumpy,anchored 14d first a0,14,anchored,first,0,0.259946949602122,13.126861791852386,0.01928438661710037,0.8469387755102041,0.9996583157477628,3.7380261836445063,7.42566510172144,13,1218.540895424239,639
84251F,lumpy,anchored 14d start a0,14,anchored,start,0,0.259946949602122,16.3080801170762,0.018471189591078067,0.8153846153846154,0.9996534851537144,9.077686255851482,9.139280125195619,16,2959.1905982319213,639
84251F,lumpy,anchored 14d end a0,14,anchored,end,0,0.259946949602122,5.593189041095891,0.012778810408921933,0.9090909090909091,0.7352941176470589,46.943861222151654,2.2848200312989047,4,15303.0,639
84251F,lumpy,floating 28d first,28,floating,first,0,0.259946949602122,7.5007575412368945,0.012197955390334572,0.9545454545454546,1.0,14.754992606276533,3.998435054773083,7,4809.907961880698,639
84251F,lumpy,anchored 28d first a0,28,anchored,first,0,0.259946949602122,9.324447026840465,0.010803903345724907,0.7948717948717948,1.0,9.559942862437651,5.140845070422535,9,3116.399073599212,639
84251F,lumpy,anchored 28d start a0,28,anchored,start,0,0.259946949602122,7.8235221464394975,0.010455390334572491,0.8737864077669902,0.999456881451663,24.26536233844041,3.998435054773083,7,7910.146932905697,639
84251F,lumpy,anchored 28d end a0,28,anchored,end,0,0.259946949602122,6.278958904109589,0.006970260223048327,0.8955223880597015,0.7222222222222222,67.15030530960594,2.2848200312989047,4,21890.0,639
84251F,lumpy,floating 56d first,56,floating,first,0,0.259946949602122,3.9178849235734656,0.007434944237918215,0.9696969696969697,0.9985372829646028,27.045793913130872,1.7136150234741785,3,8816.526239587234,639
84251F,lumpy,anchored 56d first a0,56,anchored,first,0,0.259946949602122,4.742282360094234,0.009177509293680297,0.9634146341463414,0.9993380110096163,21.871604185744356,2.2848200312989047,4,7129.8174061682985,639
84251F,lumpy,anchored 56d start a0,56,anchored,start,0,0.259946949602122,8.950421382732513,0.006389405204460966,0.9649122807017544,0.9998871172705788,28.004491835363538,4.569640062597809,8,9129.047492035972,639
84251F,lumpy,anchored 56d end a0,56,anchored,end,0,0.259946949602122,5.366646575342466,0.00383364312267658,0.9428571428571428,0.7418300653594772,40.26870981266319,2.2848200312989047,4,13127.0,639
21801,lumpy,floating 7d first,7,floating,first,0,0.2590933052187665,47.97546368425471,0.05971189591078067,0.8786324786324786,0.9999893120940172,3.941073061656437,25.704225352112676,45,12929.098151821068,639
21801,lumpy,anchored 7d first a0,7,anchored,first,0,0.2590933052187665,54.436674528704096,0.06540427509293681,0.8291605301914581,1.0,3.227433894057251,29.70266040688576,52,10587.93098782138,639
21801,lumpy,anchored 7d start a0,7,anchored,start,0,0.2590933052187665,54.75012110404656,0.06354553903345725,0.8032305433186491,1.0,3.642601405893335,29.70266040688576,52,11949.93098782138,639
21801,lumpy,anchored 7d end a0,7,anchored,end,0,0.2590933052187665,52.59356976291547,0.03984665427509294,0.9220430107526881,0.7665729774681076,35.22382140320399,14.85133020344288,26,115555.39242219222,639
21801,lumpy,floating 14d first,14,floating,first,0,0.2590933052187665,37.87686625514505,0.042983271375464684,0.8958837772397095,1.0,7.784050401176808,18.278560250391237,32,25536.383132475523,639
21801,lumpy,anchored 14d first a0,14,anchored,first,0,0.2590933052187665,47.78952039710118,0.042867100371747215,0.8764845605700713,0.9999645079856075,6.343834715629363,24.561815336463223,43,20811.60648740392,639
21801,lumpy,anchored 14d start a0,14,anchored,start,0,0.2590933052187665,46.868450814037985,0.04077602230483272,0.8645320197044335,0.9997823078057091,7.772903947457836,23.419405320813773,41,25499.816037188855,639
21801,lumpy,anchored 14d end a0,14,anchored,end,0,0.2590933052187665,81.5284686525664,0.0191682156133829,0.9482758620689655,0.699958603014623,85.46950542946072,9.710485133020343,17,280391.56021650875,639
21801,lumpy,floating 28d first,28,floating,first,0,0.2590933052187665,29.65062528017285,0.02753252788104089,0.92578125,0.9998666106764723,15.431532801464401,10.28169014084507,18,50624.740800751075,639
21801,lumpy,anchored 28d first a0,28,anchored,first,0,0.2590933052187665,33.353602452107296,0.027184014869888477,0.8931297709923665,1.0,12.38907093657811,13.708920187793428,24,40643.6297026091,639
21801,lumpy,anchored 28d start a0,28,anchored,start,0,0.2590933052187665,39.69306986983202,0.024163568773234202,0.8776371308016878,0.9999787908172342,14.163227678902352,16.564945226917057,29,46463.934553436775,639
21801,lumpy,anchored 28d end a0,28,anchored,end,0,0.2590933052187665,38.8019920588726,0.01963289962825279,0.9234972677595629,0.6018730031261861,15.632021732692177,15.422535211267606,27,51282.46549391069,639
21801,lumpy,floating 56d first,56,floating,first,0,0.2590933052187665,32.64718132493653,0.018238847583643122,0.9936708860759493,0.9998820014722194,29.996735202806658,5.712050078247262,10,98407.39504287897,639
21801,lumpy,anchored 56d first a0,56,anchored,first,0,0.2590933052187665,35.80911877115061,0.018819702602230485,0.9642857142857143,1.0,27.56217723636332,8.568075117370892,15,90420.57561273774,639
21801,lumpy,anchored 56d start a0,56,anchored,start,0,0.2590933052187665,45.07988421705393,0.014056691449814127,0.952755905511811,0.9999891653507389,34.5434325691308,10.852895148669797,19,113323.30641934148,639
21801,lumpy,anchored 56d end a0,56,anchored,end,0,0.2590933052187665,31.096427397260275,0.008015799256505576,0.8518518518518519,0.3043007844197998,27.942724407123347,5.712050078247262,10,91669.0,639
84510F,lumpy,floating 7d first,7,floating,first,0,0.9164396003633061,13.094264443771543,0.01312732342007435,0.6075268817204301,1.0,3.2117418920100644,6.283255086071987,11,3057.626087906453,639
84510F,lumpy,anchored 7d first a0,7,anchored,first,0,0.9164396003633061,17.132876712328766,0.012314126394052044,0.4711111111111111,1.0,6.338136194297687,7.42566510172144,13,6034.0,639
84510F,lumpy,anchored 7d start a0,7,anchored,start,0,0.9164396003633061,16.194520547945206,0.011733271375464684,0.4469026548672566,1.0,6.432672531302458,6.854460093896714,12,6124.0,639
84510F,lumpy,anchored 7d end a0,7,anchored,end,0,0.9164396003633061,11.48519009398113,0.011268587360594795,0.5271739130434783,0.9869050434710682,5.344850818504731,4.569640062597809,8,5088.377537212449,639
84510F,lumpy,floating 14d first,14,floating,first,0,0.9164396003633061,16.565416318615124,0.012894981412639405,0.6981132075471698,1.0,10.06865331247678,5.712050078247262,10,9585.50782517808,639
84510F,lumpy,anchored 14d first a0,14,anchored,first,0,0.9164396003633061,14.179401262184218,0.011617100371747211,0.5952380952380952,0.9998914210714681,6.409485753911354,5.712050078247262,10,6101.925842788958,639
84510F,lumpy,anchored 14d start a0,14,anchored,start,0,0.9164396003633061,13.335861893377167,0.011036245353159852,0.5757575757575758,0.9998468524385359,6.649432129903758,5.140845070422535,9,6330.358364330663,639
84510F,lumpy,anchored 14d end a0,14,anchored,end,0,0.9164396003633061,748.1498711698516,0.008945167286245352,0.6363636363636364,0.04624721964812162,1142.753993737376,1.7136150234741785,3,1087918.8119079834,639
84510F,lumpy,floating 28d first,28,floating,first,0,0.9164396003633061,87.50374371969251,0.0055762081784386614,0.8275862068965517,1.0,131.12764075470588,1.1424100156494523,2,124835.46583075105,639
84510F,lumpy,anchored 28d first a0,28,anchored,first,0,0.9164396003633061,11.38456218403497,0.00871282527881041,0.75,0.9998989654385336,6.724118382694761,3.998435054773083,7,6401.460788691054,639
84510F,lumpy,anchored 28d start a0,28,anchored,start,0,0.9164396003633061,10.58475297744036,0.006970260223048327,0.6451612903225806,0.9999288193910646,7.031128874844895,3.427230046948357,6,6693.739347062926,639
84510F,lumpy,anchored 28d end a0,28,anchored,end,0,0.9164396003633061,5.067456021650879,0.005808550185873606,0.6172839506172839,0.04570956647835889,1.6370393112535337,2.2848200312989047,4,1558.485791610284,639
84510F,lumpy,floating 56d first,56,floating,first,0,0.9164396003633061,143.02429959806406,0.003949814126394052,0.9714285714285714,1.0,217.80696991685642,0.5712050078247262,1,207355.47741317353,639
84510F,lumpy,anchored 56d first a0,56,anchored,first,0,0.9164396003633061,7.791587406233707,0.0060408921933085506,0.7761194029850746,0.999659908174076,7.3483279762483615,1.7136150234741785,3,6995.717613101212,639
84510F,lumpy,anchored 56d start a0,56,anchored,start,0,0.9164396003633061,9.370807397124086,0.004298327137546468,0.8409090909090909,1.0,8.236613653334159,2.2848200312989047,4,7841.378799801164,639
84510F,lumpy,anchored 56d end a0,56,anchored,end,0,0.9164396003633061,8.682191780821917,0.0031366171003717473,0.7714285714285715,0.04011461318051579,7.180559997384652,2.2848200312989047,4,6836.0,639
21655,lumpy,floating 7d first,7,floating,first,0,0.30260380014074595,17.05076735916781,0.025557620817843865,0.9205020920502092,1.0,3.56010632191933,7.42566510172144,13,4374.349367148671,639
21655,lumpy,anchored 7d first a0,7,anchored,first,0,0.30260380014074595,18.402115068493153,0.02846189591078067,0.8941605839416058,1.0,2.1111518591571325,9.139280125195619,16,2594.0,639
21655,lumpy,anchored 7d start a0,7,anchored,start,0,0.30260380014074595,17.996624657534248,0.02904275092936803,0.9090909090909091,1.0,2.633649736404194,8.568075117370892,15,3236.0,639
21655,lumpy,anchored 7d end a0,7,anchored,end,0,0.30260380014074595,64.81740487515525,0.023466542750929367,0.8820960698689956,0.8037766830870279,46.41974231816735,6.854460093896714,12,57036.546684709065,639
21655,lumpy,floating 14d first,14,floating,first,0,0.30260380014074595,15.237081163181983,0.018471189591078067,0.9695121951219512,0.9998702885939031,6.3604685524523905,4.569640062597809,8,7815.191196927289,639
21655,lumpy,anchored 14d first a0,14,anchored,first,0,0.30260380014074595,18.420417847110645,0.018006505576208177,0.9281437125748503,1.0,3.8849818139782495,7.996870109546166,14,4773.528148507058,639
21655,lumpy,anchored 14d start a0,14,anchored,start,0,0.30260380014074595,17.73651319227987,0.017890334572490705,0.9565217391304348,1.0,5.04166126336241,6.854460093896714,12,6194.755370361396,639
21655,lumpy,anchored 14d end a0,14,anchored,end,0,0.30260380014074595,67.88189621665708,0.014056691449814127,0.968,0.7331691297208538,52.628526495590954,4.569640062597809,8,64665.361299052776,639
21655,lumpy,floating 28d first,28,floating,first,0,0.30260380014074595,21.23451024500083,0.012197955390334572,0.9545454545454546,1.0,14.268057736192805,2.856025039123631,5,17531.34982078492,639
21655,lumpy,anchored 28d first a0,28,anchored,first,0,0.30260380014074595,19.13186771373567,0.011849442379182156,0.9532710280373832,1.0,10.662359774033646,3.998435054773083,7,13100.981406844732,639
21655,lumpy,anchored 28d start a0,28,anchored,start,0,0.30260380014074595,25.244108137633056,0.010455390334572491,0.967741935483871,1.0,13.397620979141767,5.712050078247262,10,16461.83275217771,639
21655,lumpy,anchored 28d end a0,28,anchored,end,0,0.30260380014074595,32.94624099949951,0.009642193308550186,0.9880952380952381,0.692049345518619,18.409066330109834,6.854460093896714,12,22619.461434370773,639
21655,lumpy,floating 56d first,56,floating,first,0,0.30260380014074595,29.582061592391707,0.008596654275092937,0.9866666666666667,1.0,21.60448752575687,2.856025039123631,5,26545.717400067966,639
21655,lumpy,anchored 56d first a0,56,anchored,first,0,0.30260380014074595,36.186883872257354,0.007318773234200744,0.984375,1.0,30.04589763094893,1.1424100156494523,2,36917.7887969643,639
21655,lumpy,anchored 56d start a0,56,anchored,start,0,0.30260380014074595,46.02833941664121,0.004995353159851301,0.9772727272727273,1.0,36.937533951022736,2.2848200312989047,4,45385.6328019942,639
21655,lumpy,anchored 56d end a0,56,anchored,end,0,0.30260380014074595,37.85697534246576,0.005692379182156134,0.9423076923076923,0.6075533661740558,26.240461928660086,4.569640062597809,8,32242.0,639
20770,lumpy,floating 7d first,7,floating,first,0,0.23200757575757575,82.53580453375261,0.028113382899628253,0.5031185031185031,0.9998427013954224,36.47451929980487,20.56338028169014,36,33305.036578077845,639
20770,lumpy,anchored 7d first a0,7,anchored,first,0,0.23200757575757575,84.34974196896954,0.031017657992565055,0.5276679841897233,1.0,36.3286844382795,21.705790297339593,38,33171.87415426251,639
20770,lumpy,anchored 7d start a0,7,anchored,start,0,0.23200757575757575,84.60963237992843,0.03125,0.5326732673267327,1.0,36.53238517807179,21.705790297339593,38,33357.87415426251,639
20770,lumpy,anchored 7d end a0,7,anchored,end,0,0.23200757575757575,68.51863851558011,0.024163568773234202,0.7147766323024055,0.8501646269614651,41.16383316735429,9.139280125195619,16,37586.86874154262,639
20770,lumpy,floating 14d first,14,floating,first,0,0.23200757575757575,71.87693329863606,0.022885687732342008,0.6214511041009464,0.9997106586371912,37.52568898534851,13.708920187793428,24,34264.864027455216,639
20770,lumpy,anchored 14d first a0,14,anchored,first,0,0.23200757575757575,74.5788322331884,0.023931226765799257,0.6023391812865497,0.9970892640273392,37.29203893515808,15.422535211267606,27,34051.51718649758,639
20770,lumpy,anchored 14d start a0,14,anchored,start,0,0.23200757575757575,79.2421860892645,0.021259293680297397,0.552870090634441,0.9977179752552817,37.811972205216804,17.70735524256651,31,34526.27043643439,639
20770,lumpy,anchored 14d end a0,14,anchored,end,0,0.23200757575757575,54.840969136374525,0.021026951672862452,0.7357723577235772,0.809628839225926,25.740579207568597,12.566510172143975,22,23503.830852503335,639
20770,lumpy,floating 28d first,28,floating,first,0,0.23200757575757575,69.55470881643596,0.022188661710037173,0.8414096916299559,0.9999265911562906,41.97589963022402,9.139280125195619,16,38328.3700352924,639
20770,lumpy,anchored 28d first a0,28,anchored,first,0,0.23200757575757575,69.90992900887153,0.016147769516728624,0.6376146788990825,0.9992933476617428,38.335345600230305,11.995305164319248,21,35004.16487889824,639
20770,lumpy,anchored 28d start a0,28,anchored,start,0,0.23200757575757575,70.37613002745695,0.015102230483271376,0.6532663316582915,0.9985732365203754,39.48454626164788,11.424100156494523,20,36053.504823572126,639
20770,lumpy,anchored 28d end a0,28,anchored,end,0,0.23200757575757575,51.662082191780826,0.01696096654275093,0.7849462365591398,0.644640234948605,20.113805306586997,14.85133020344288,26,18366.0,639
20770,lumpy,floating 56d first,56,floating,first,0,0.23200757575757575,78.95029073725124,0.011036245353159852,0.811965811965812,0.9997228792904242,55.61046542013985,4.569640062597809,8,50778.14925313078,639
20770,lumpy,anchored 56d first a0,56,anchored,first,0,0.23200757575757575,79.82139457476096,0.010339219330855019,0.7672413793103449,0.9993187521377661,55.50943728463158,5.140845070422535,9,50685.900038799504,639
20770,lumpy,anchored 56d start a0,56,anchored,start,0,0.23200757575757575,81.23751209606762,0.008945167286245352,0.8651685393258427,1.0,58.186972264625915,3.998435054773083,7,53130.76846091113,639
20770,lumpy,anchored 56d end a0,56,anchored,end,0,0.23200757575757575,30.87164383561644,0.01254646840148699,0.8925619834710744,0.33773861967694563,7.737342616303884,11.995305164319248,21,7065.0,639
85162C,lumpy,floating 7d first,7,floating,first,0,0.3185840707964602,7.4590025459662455,0.011268587360594795,0.8508771929824561,1.0,0.5495642856923689,3.998435054773083,7,429.5793058402044,639
85162C,lumpy,anchored 7d first a0,7,anchored,first,0,0.3185840707964602,8.16027397260274,0.014172862453531599,0.8531468531468531,1.0,0.19189621504840249,4.569640062597809,8,150.0,639
85162C,lumpy,anchored 7d start a0,7,anchored,start,0,0.3185840707964602,8.188164383561643,0.01428903345724907,0.8913043478260869,1.0,1.422590607558824,3.998435054773083,7,1112.0,639
85162C,lumpy,anchored 7d end a0,7,anchored,end,0,0.3185840707964602,18.30690410958904,0.01254646840148699,0.84375,0.8030973451327433,14.735070699516667,3.427230046948357,6,11518.0,639
85162C,lumpy,floating 14d first,14,floating,first,0,0.3185840707964602,6.383534931413172,0.008131970260223048,0.8860759493670886,1.0,2.8538091640590104,2.2848200312989047,4,2230.7442306815587,639
85162C,lumpy,anchored 14d first a0,14,anchored,first,0,0.3185840707964602,7.870476684120609,0.008828996282527882,0.8351648351648352,1.0,2.2395239238794256,3.427230046948357,6,1750.574332574416,639
85162C,lumpy,anchored 14d start a0,14,anchored,start,0,0.3185840707964602,7.871889117650012,0.009061338289962825,0.8764044943820225,1.0,3.4385162030126963,2.856025039123631,5,2687.7936613903953,639
85162C,lumpy,anchored 14d end a0,14,anchored,end,0,0.3185840707964602,37.12010421339453,0.008480483271375464,0.8588235294117647,0.8418066748895303,32.470932527317174,5.712050078247262,10,25381.635994587188,639
85162C,lumpy,floating 28d first,28,floating,first,0,0.3185840707964602,13.719580111887053,0.006273234200743495,1.0,1.0,12.834565818605617,1.7136150234741785,3,10032.427540612242,639
85162C,lumpy,anchored 28d first a0,28,anchored,first,0,0.3185840707964602,9.110213551668153,0.006273234200743495,0.9818181818181818,0.9998461766201978,6.118464668526035,2.2848200312989047,4,4782.635759894554,639
85162C,lumpy,anchored 28d start a0,28,anchored,start,0,0.3185840707964602,17.665021787626397,0.005692379182156134,0.98,1.0,15.163845414720278,2.856025039123631,5,11853.161416624705,639
85162C,lumpy,anchored 28d end a0,28,anchored,end,0,0.3185840707964602,113.64780821917809,0.0055762081784386614,0.9230769230769231,0.6216814159292036,132.47875032891545,1.7136150234741785,3,103555.0,639
85162C,lumpy,floating 56d first,56,floating,first,0,0.3185840707964602,11.19758826375151,0.004182156133828996,0.972972972972973,1.0,9.8149820260475,1.7136150234741785,3,7672.101836587951,639
85162C,lumpy,anchored 56d first a0,56,anchored,first,0,0.3185840707964602,8.240028797945277,0.004646840148698885,0.975609756097561,1.0,6.273892614883248,1.7136150234741785,3,4904.129516025708,639
85162C,lumpy,anchored 56d start a0,56,anchored,start,0,0.3185840707964602,15.958918310583776,0.0032527881040892194,1.0,1.0,15.51572806575555,1.7136150234741785,3,12128.218418879687,639
85162C,lumpy,anchored 56d end a0,56,anchored,end,0,0.3185840707964602,136.15134246575343,0.0032527881040892194,0.8235294117647058,0.08407079646017701,159.4222582298115,1.7136150234741785,3,124616.0,639
84856L,lumpy,floating 7d first,7,floating,first,0,0.2719665271966527,26.845729085845996,0.019516728624535316,0.448,1.0,2.739425779775981,14.280125195618153,25,566.1269885157883,639
84856L,lumpy,anchored 7d first a0,7,anchored,first,0,0.2719665271966527,28.574712328767124,0.023350371747211895,0.47183098591549294,1.0,2.3371834914648284,15.422535211267606,27,483.0,639
84856L,lumpy,anchored 7d start a0,7,anchored,start,0,0.2719665271966527,29.145260273972603,0.020446096654275093,0.40930232558139534,1.0,3.1839891043144037,15.422535211267606,27,658.0,639
84856L,lumpy,anchored 7d end a0,7,anchored,end,0,0.2719665271966527,214.1641637903869,0.022072490706319704,0.5864197530864198,0.6545454545454545,294.11467971005953,9.139280125195619,16,60781.4451962111,639
84856L,lumpy,floating 14d first,14,floating,first,0,0.2719665271966527,19.998467815966656,0.01742565055762082,0.6550218340611353,1.0,5.934514387111716,9.139280125195619,16,1226.4208006956542,639
84856L,lumpy,anchored 14d first a0,14,anchored,first,0,0.2719665271966527,22.789419016736552,0.01591542750929368,0.5018315018315018,0.9969793283977209,5.624244762910789,10.852895148669797,19,1162.3007908477653,639
84856L,lumpy,anchored 14d start a0,14,anchored,start,0,0.2719665271966527,25.372742133645183,0.015218401486988848,0.48518518518518516,0.9964942943389512,7.974208361272084,11.424100156494523,20,1647.9419149415887,639
84856L,lumpy,anchored 14d end a0,14,anchored,end,0,0.2719665271966527,165.1778629395518,0.014056691449814127,0.6302083333333334,0.6680526510025833,224.3777476574931,7.996870109546166,14,46369.68064952639,639
84856L,lumpy,floating 28d first,28,floating,first,0,0.2719665271966527,19.474968915263513,0.013940520446096654,0.8633093525179856,0.999207219571486,17.031115730720934,4.569640062597809,8,3519.633322748892,639
84856L,lumpy,anchored 28d first a0,28,anchored,first,0,0.2719665271966527,19.842806455128837,0.011965613382899629,0.6130952380952381,0.9982991711648282,13.124467807606853,6.283255086071987,11,2712.2893748924575,639
84856L,lumpy,anchored 28d start a0,28,anchored,start,0,0.2719665271966527,28.74132885156919,0.008480483271375464,0.7448979591836735,1.0,32.2684175046616,3.998435054773083,7,6668.558849430885,639
84856L,lumpy,anchored 28d end a0,28,anchored,end,0,0.2719665271966527,229.6712876712329,0.0070864312267657995,0.61,0.5818181818181818,321.58289953575473,7.42566510172144,13,66458.0,639
84856L,lumpy,floating 56d first,56,floating,first,0,0.2719665271966527,28.87568367281361,0.008828996282527882,0.7378640776699029,1.0,33.95202365496822,3.427230046948357,6,7016.49121056888,639
84856L,lumpy,anchored 56d first a0,56,anchored,first,0,0.2719665271966527,26.682986560845503,0.0060408921933085506,0.7761194029850746,0.9980122072339765,33.66602315778699,2.2848200312989047,4,6957.386634208913,639
84856L,lumpy,anchored 56d start a0,56,anchored,start,0,0.2719665271966527,24.440386942590244,0.0060408921933085506,0.7222222222222222,0.9994328299197681,30.337563279750032,2.2848200312989047,4,6269.530448777678,639
84856L,lumpy,anchored 56d end a0,56,anchored,end,0,0.2719665271966527,17.566547945205482,0.004879182156133829,0.7777777777777778,0.31818181818181823,15.682839949974136,3.998435054773083,7,3241.0,639
47422,lumpy,floating 7d first,7,floating,first,0,0.4244663382594417,41.22562014311973,0.046933085501858735,0.7345454545454545,1.0,0.9308672276987179,23.419405320813773,41,980.3732409368979,639
47422,lumpy,anchored 7d first a0,7,anchored,first,0,0.4244663382594417,46.14314520547945,0.04902416356877323,0.6963696369636964,1.0,0.5905907989443686,26.275430359937403,46,622.0,639
47422,lumpy,anchored 7d start a0,7,anchored,start,0,0.4244663382594417,46.580405479452054,0.05216078066914498,0.7397034596375618,1.0,2.3946462941120545,26.275430359937403,46,2522.0,639
47422,lumpy,anchored 7d end a0,7,anchored,end,0,0.4244663382594417,41.617347263054434,0.027881040892193308,0.7453416149068323,0.8230055438323931,80.93756793635356,12.566510172143975,22,85242.0446549389,639
47422,lumpy,floating 14d first,14,floating,first,0,0.4244663382594417,28.27057849742788,0.03671003717472119,0.8705234159779615,0.9997227084065234,5.2421732701706345,15.422535211267606,27,5520.966090013999,639
47422,lumpy,anchored 14d first a0,14,anchored,first,0,0.4244663382594417,36.76095345384371,0.03891728624535316,0.8052884615384616,0.9995487955396171,3.139554040666383,20.56338028169014,36,3306.5239363446917,639
47422,lumpy,anchored 14d start a0,14,anchored,start,0,0.4244663382594417,39.4780110494598,0.03775557620817844,0.7888349514563107,0.9996265336567156,6.098001841035254,21.705790297339593,38,6422.309917295561,639
47422,lumpy,anchored 14d end a0,14,anchored,end,0,0.4244663382594417,38.31190687155914,0.021143122676579924,0.8310502283105022,0.7730195209198659,71.42574476231597,11.995305164319248,21,75224.35723951292,639
47422,lumpy,floating 28d first,28,floating,first,0,0.4244663382594417,18.425807849994133,0.02427973977695167,0.9414414414414415,0.9999365912941529,14.13425331558419,8.568075117370892,15,14885.950776760224,639
47422,lumpy,anchored 28d first a0,28,anchored,first,0,0.4244663382594417,26.116315567344422,0.02683550185873606,0.825,0.999275392372063,8.731528922327493,13.708920187793428,24,9195.895024770409,639
47422,lumpy,anchored 28d start a0,28,anchored,start,0,0.4244663382594417,26.64224694900323,0.025441449814126393,0.8622047244094488,0.9998907205371772,19.1530573820192,12.566510172143975,22,20171.668290311645,639
47422,lumpy,anchored 28d end a0,28,anchored,end,0,0.4244663382594417,20.943638356164385,0.01533457249070632,0.8407643312101911,0.6243144424131627,32.77399132984369,7.42566510172144,13,34517.0,639
47422,lumpy,floating 56d first,56,floating,first,0,0.4244663382594417,18.105088266940164,0.01928438661710037,0.9880952380952381,0.9997846868171338,21.06265556121967,7.42566510172144,13,22182.824017061423,639
47422,lumpy,anchored 56d first a0,56,anchored,first,0,0.4244663382594417,19.295661358987495,0.01928438661710037,0.9021739130434783,0.9997889037824699,17.723108961292105,8.568075117370892,15,18665.671381314703,639
47422,lumpy,anchored 56d start a0,56,anchored,start,0,0.4244663382594417,27.900577887759475,0.016612453531598514,0.9285714285714286,0.9997095964782563,36.72214789305685,10.852895148669797,19,38675.13010752629,639
47422,lumpy,anchored 56d end a0,56,anchored,end,0,0.4244663382594417,16.498323287671234,0.00929368029739777,0.8247422680412371,0.5521023765996343,30.936703233449226,5.140845070422535,9,32582.0,639
72134,lumpy,floating 7d first,7,floating,first,0,0.45588235294117646,18.15351963964632,0.013592007434944238,0.5043103448275862,1.0,1.121172788364172,10.28169014084507,18,329.6156968876861,639
72134,lumpy,anchored 7d first a0,7,anchored,first,0,0.45588235294117646,19.086451146495634,0.01638011152416357,0.5755102040816327,1.0,0.6313633434594496,10.852895148669797,19,185.61569688768608,639
72134,lumpy,anchored 7d start a0,7,anchored,start,0,0.45588235294117646,19.4199854301444,0.016844795539033456,0.5870445344129555,1.0,3.0672051919359293,10.852895148669797,19,901.7334235453316,639
72134,lumpy,anchored 7d end a0,7,anchored,end,0,0.45588235294117646,53.6757229873765,0.00662174721189591,0.7916666666666666,0.6540827661422253,318.9691705790297,5.712050078247262,10,93774.34641407306,639
72134,lumpy,floating 14d first,14,floating,first,0,0.45588235294117646,16.17654683181305,0.013592007434944238,0.5969387755102041,0.9998517994929247,1.2893432016692687,9.139280125195619,16,379.05643301037253,639
72134,lumpy,anchored 14d first a0,14,anchored,first,0,0.45588235294117646,18.09664189663736,0.015102230483271376,0.5603448275862069,0.999472671644323,0.7057876436873874,10.28169014084507,18,207.4958368978644,639
72134,lumpy,anchored 14d start a0,14,anchored,start,0,0.45588235294117646,22.118368088416315,0.01591542750929368,0.5854700854700855,0.9977064054936589,8.167579542239295,11.995305164319248,21,2401.202072187969,639
72134,lumpy,anchored 14d end a0,14,anchored,end,0,0.45588235294117646,54.72366062987748,0.006389405204460966,0.7857142857142857,0.6490780199139621,326.6223879223051,5.712050078247262,10,96024.3301759134,639
72134,lumpy,floating 28d first,28,floating,first,0,0.45588235294117646,13.247469169922478,0.012430297397769517,0.6331360946745562,0.9998196292073512,1.8072977497560392,7.42566510172144,13,531.3308648335549,639
72134,lumpy,anchored 28d first a0,28,anchored,first,0,0.45588235294117646,17.072261046372514,0.013824349442379182,0.6071428571428571,0.9998122339630271,7.830854149901452,9.139280125195619,16,2302.207540740987,639
72134,lumpy,anchored 28d start a0,28,anchored,start,0,0.45588235294117646,19.406773772872715,0.011384758364312268,0.6282051282051282,0.9980763047672265,24.8800873885402,9.139280125195619,16,7314.543688814945,639
72134,lumpy,anchored 28d end a0,28,anchored,end,0,0.45588235294117646,30.708623130109185,0.004182156133828996,0.8181818181818182,0.7114131642194979,165.84386449415447,4.569640062597809,8,48756.749661705006,639
72134,lumpy,floating 56d first,56,floating,first,0,0.45588235294117646,12.154122363032517,0.011152416356877323,0.7868852459016393,0.9981901896549965,15.731820253114345,5.712050078247262,10,4625.027426510991,639
72134,lumpy,anchored 56d first a0,56,anchored,first,0,0.45588235294117646,13.711503220113418,0.008480483271375464,0.5983606557377049,0.9992539938921196,27.1055639780283,5.712050078247262,10,7968.815737302339,639
72134,lumpy,anchored 56d start a0,56,anchored,start,0,0.45588235294117646,20.055685315547876,0.009409851301115242,0.7043478260869566,0.9979583278295238,66.13478235860816,6.283255086071987,11,19443.089059852788,639
72134,lumpy,anchored 56d end a0,56,anchored,end,0,0.45588235294117646,79.23120603555341,0.0025557620817843866,0.7333333333333333,0.3940298507462686,542.1196170486974,2.856025039123631,5,159378.76589986467,639
90108,lumpy,floating 7d first,7,floating,first,0,0.3944954128440367,15.109447147847156,0.011152416356877323,0.49230769230769234,1.0,2.018343593641546,8.568075117370892,15,190.22956649624805,639
90108,lumpy,anchored 7d first a0,7,anchored,first,0,0.3944954128440367,18.018986301369864,0.011617100371747211,0.42735042735042733,1.0,0.3501313692552871,10.28169014084507,18,33.0,639
90108,lumpy,anchored 7d start a0,7,anchored,start,0,0.3944954128440367,18.133479452054793,0.012430297397769517,0.45147679324894513,1.0,2.461529626279594,10.28169014084507,18,232.0,639
90108,lumpy,anchored 7d end a0,7,anchored,end,0,0.3944954128440367,14.266468496858028,0.008828996282527882,0.6785714285714286,0.7324150432762275,97.12032849492468,5.140845070422535,9,9153.623815967523,639
90108,lumpy,floating 14d first,14,floating,first,0,0.3944954128440367,14.130470929922614,0.010571561338289962,0.5,1.0,2.4060486796194342,7.996870109546166,14,226.7709020083535,639
90108,lumpy,anchored 14d first a0,14,anchored,first,0,0.3944954128440367,16.07905521102656,0.010803903345724907,0.44711538461538464,1.0,1.4578779059849378,9.139280125195619,16,137.40548583187675,639
90108,lumpy,anchored 14d start a0,14,anchored,start,0,0.3944954128440367,19.36827864402364,0.011617100371747211,0.47393364928909953,0.996163908117976,6.791523182295704,10.852895148669797,19,640.1033574696592,639
90108,lumpy,anchored 14d end a0,14,anchored,end,0,0.3944954128440367,13.527515153762028,0.007783457249070632,0.6442307692307693,0.6706666326244032,101.93435844424346,4.569640062597809,8,9607.347767253046,639
90108,lumpy,floating 28d first,28,floating,first,0,0.3944954128440367,12.674860679783958,0.009526022304832713,0.5857142857142857,1.0,12.445283010432684,6.854460093896714,12,1172.9721339102123,639
90108,lumpy,anchored 28d first a0,28,anchored,first,0,0.3944954128440367,15.104722426311366,0.010339219330855019,0.5174418604651163,0.9988155949607316,1.9312137631153068,8.568075117370892,15,182.0175504935646,639
90108,lumpy,anchored 28d start a0,28,anchored,start,0,0.3944954128440367,17.01476450948659,0.010571561338289962,0.5416666666666666,0.9970748934009969,18.71353879077146,9.139280125195619,16,1763.7573617266887,639
90108,lumpy,anchored 28d end a0,28,anchored,end,0,0.3944954128440367,13.518008193226686,0.007783457249070632,0.7052631578947368,0.6439604769321112,64.87651290003015,5.712050078247262,10,6114.633288227335,639
90108,lumpy,floating 56d first,56,floating,first,0,0.3944954128440367,10.910167922316662,0.008248141263940521,0.6893203883495146,0.9989096395513465,16.784645660308072,5.712050078247262,10,1581.958531645626,639
90108,lumpy,anchored 56d first a0,56,anchored,first,0,0.3944954128440367,9.883063867737054,0.009061338289962825,0.639344262295082,0.9977882411328376,16.284812672436523,5.140845070422535,9,1534.8491034477354,639
90108,lumpy,anchored 56d start a0,56,anchored,start,0,0.3944954128440367,12.818214726439203,0.008131970260223048,0.546875,0.9985315875392724,33.53017522300493,6.283255086071987,11,3160.230357858615,639
90108,lumpy,anchored 56d end a0,56,anchored,end,0,0.3944954128440367,10.715532059243332,0.005343866171003717,0.696969696969697,0.5754716981132075,68.51910238187534,3.998435054773083,7,6457.948579161029,639
22597,lumpy,floating 7d first,7,floating,first,0,0.20893278934936654,58.865816922851565,0.06389405204460967,0.8870967741935484,1.0,5.793535450599055,27.417840375586856,48,23329.548099063646,639
22597,lumpy,anchored 7d first a0,7,anchored,first,0,0.20893278934936654,63.23110022800156,0.0703996282527881,0.8782608695652174,1.0,5.455111409515957,30.273865414710485,53,21966.77401894452,639
22597,lumpy,anchored 7d start a0,7,anchored,start,0,0.20893278934936654,64.22904784325357,0.06923791821561338,0.865021770682148,1.0,5.987206228327423,30.273865414710485,53,24109.426251691475,639
22597,lumpy,anchored 7d end a0,7,anchored,end,0,0.20893278934936654,92.82523721430294,0.042983271375464684,0.9462915601023018,0.754133562379214,36.16367908978457,14.280125195618153,25,145624.77401894453,639
22597,lumpy,floating 14d first,14,floating,first,0,0.20893278934936654,47.43924449092714,0.045887546468401486,0.9360189573459715,0.999901178017417,9.83160469193827,16.564945226917057,29,39590.142583461195,639
22597,lumpy,anchored 14d first a0,14,anchored,first,0,0.20893278934936654,59.90531832251982,0.04519052044609666,0.8741573033707866,0.9999785591954671,8.480542807673082,25.13302034428795,44,34149.6540454102,639
22597,lumpy,anchored 14d start a0,14,anchored,start,0,0.20893278934936654,61.11874619034475,0.04368029739776952,0.8785046728971962,0.9998732681023502,9.660718482510632,24.561815336463223,43,38902.0138792696,639
22597,lumpy,anchored 14d end a0,14,anchored,end,0,0.20893278934936654,75.66219611841252,0.024976765799256506,0.9598214285714286,0.7116169207644406,27.54572130130051,13.708920187793428,24,110921.77401894452,639
22597,lumpy,floating 28d first,28,floating,first,0,0.20893278934936654,51.62674976881218,0.029623605947955392,0.9695817490494296,1.0,17.39622826019707,10.852895148669797,19,70051.55097421438,639
22597,lumpy,anchored 28d first a0,28,anchored,first,0,0.20893278934936654,57.79530072820101,0.02857806691449814,0.8817204301075269,0.999842308664261,16.952908671219195,14.85133020344288,26,68266.3809752551,639
22597,lumpy,anchored 28d start a0,28,anchored,start,0,0.20893278934936654,63.25394754945494,0.025673791821561338,0.9132231404958677,1.0,19.330210682107158,15.422535211267606,27,77839.35797382973,639
22597,lumpy,anchored 28d end a0,28,anchored,end,0,0.20893278934936654,134.09766415185274,0.012314126394052044,0.9380530973451328,0.6586485111388185,61.90201231726483,10.28169014084507,18,249268.51420838968,639
22597,lumpy,floating 56d first,56,floating,first,0,0.20893278934936654,67.38361926892337,0.016031598513011152,0.9928057553956835,1.0,31.12951105014734,5.140845070422535,9,125353.0649009237,639
22597,lumpy,anchored 56d first a0,56,anchored,first,0,0.20893278934936654,69.04858354723294,0.020678438661710038,0.9888888888888889,1.0,28.818117133652404,8.568075117370892,15,116045.48820435305,639
22597,lumpy,anchored 56d start a0,56,anchored,start,0,0.20893278934936654,94.9445814816922,0.014986059479553903,0.9923076923076923,0.9999103638195255,35.16093389955977,16.564945226917057,29,141586.89553422146,639
22597,lumpy,anchored 56d end a0,56,anchored,end,0,0.20893278934936654,35.746470091015254,0.01266263940520446,0.9478260869565217,0.3732498664108884,9.995414041762563,9.710485133020343,17,40249.77401894452,639
85230F,lumpy,floating 7d first,7,floating,first,0,0.42828282828282827,22.29254881754098,0.035896840148698886,0.939209726443769,1.0,0.7168864121892364,12.566510172143975,22,1841.0399724561553,639
85230F,lumpy,anchored 7d first a0,7,anchored,first,0,0.42828282828282827,27.10106301369863,0.0433317843866171,0.9209876543209876,1.0,0.24765337253600164,15.422535211267606,27,636.0,639
85230F,lumpy,anchored 7d start a0,7,anchored,start,0,0.42828282828282827,27.610191780821918,0.04402881040892193,0.9221411192214112,1.0,1.495265645500387,15.422535211267606,27,3840.0,639
85230F,lumpy,anchored 7d end a0,7,anchored,end,0,0.42828282828282827,186.9547274176507,0.009642193308550186,0.9222222222222223,1.0,458.12970603267945,0.0,0,1176525.4397834914,639
85230F,lumpy,floating 14d first,14,floating,first,0,0.42828282828282827,20.90100381140114,0.029623605947955392,0.9306569343065694,1.0,2.207896087748547,11.424100156494523,20,5670.110192438195,639
85230F,lumpy,anchored 14d first a0,14,anchored,first,0,0.42828282828282827,25.269170321377242,0.03566449814126394,0.9504643962848297,1.0,0.6595977641677749,14.280125195618153,25,1693.9166776326501,639
85230F,lumpy,anchored 14d start a0,14,anchored,start,0,0.42828282828282827,33.63578456596176,0.03508364312267658,0.9320987654320988,0.9996830190843911,4.008465111784601,18.278560250391237,32,10294.161492690351,639
85230F,lumpy,anchored 14d end a0,14,anchored,end,0,0.42828282828282827,90.42552018833301,0.007551115241635688,0.9701492537313433,1.0,221.58635704989385,0.0,0,569057.1529093371,639
85230F,lumpy,floating 28d first,28,floating,first,0,0.42828282828282827,16.928913113867136,0.020213754646840148,0.9560439560439561,1.0,7.1772568813070174,7.996870109546166,14,18431.95321657767,639
85230F,lumpy,anchored 28d first a0,28,anchored,first,0,0.42828282828282827,18.870861245495107,0.023350371747211895,0.9436619718309859,1.0,4.584516926987782,9.710485133020343,17,11773.52335527094,639
85230F,lumpy,anchored 28d start a0,28,anchored,start,0,0.42828282828282827,26.587914152403652,0.022653345724907063,0.9420289855072463,0.9999911302725957,8.7921288678576,13.137715179968701,23,22579.11492460919,639
85230F,lumpy,anchored 28d end a0,28,anchored,end,0,0.42828282828282827,122.22127123287672,0.004763011152416357,1.0,0.9823269513991163,297.05087494664957,0.5712050078247262,1,762858.0,639
85230F,lumpy,floating 56d first,56,floating,first,0,0.42828282828282827,14.67096900583444,0.01370817843866171,0.9147286821705426,1.0,13.896622992364534,5.140845070422535,9,35687.99460568225,639
85230F,lumpy,anchored 56d first a0,56,anchored,first,0,0.42828282828282827,13.208502203524695,0.01591542750929368,0.9383561643835616,1.0,10.312870415046925,5.140845070422535,9,26484.53972907782,639
85230F,lumpy,anchored 56d start a0,56,anchored,start,0,0.42828282828282827,21.65552583821939,0.012778810408921933,0.9401709401709402,1.0,21.210233956605126,7.42566510172144,13,54470.119499139255,639
85230F,lumpy,anchored 56d end a0,56,anchored,end,0,0.42828282828282827,122.81779726027398,0.0025557620817843866,1.0,0.9823269513991163,298.51265287196424,0.5712050078247262,1,766612.0,639
22647,lumpy,floating 7d first,7,floating,first,0,0.301498127340824,42.80189246911732,0.03903345724907063,0.680161943319838,1.0,3.8187274060520533,22.848200312989047,40,3526.5198318200755,639
22647,lumpy,anchored 7d first a0,7,anchored,first,0,0.301498127340824,45.32343073757577,0.042053903345724904,0.6510791366906474,1.0,3.166627103444638,24.561815336463223,43,2924.3179972936405,639
22647,lumpy,anchored 7d start a0,7,anchored,start,0,0.301498127340824,46.06930060985783,0.04263475836431227,0.6565295169946332,1.0,4.183180648602392,24.561815336463223,43,3863.0852503382953,639
22647,lumpy,anchored 7d end a0,7,anchored,end,0,0.301498127340824,42.774631805290355,0.028345724907063198,0.7845659163987139,0.7222332030834259,36.491414780819724,9.139280125195619,16,33699.10554803786,639
22647,lumpy,floating 14d first,14,floating,first,0,0.301498127340824,32.73179200624148,0.03264405204460966,0.8753894080996885,1.0,6.449006881290047,15.993740219092333,28,5955.531318200481,639
22647,lumpy,anchored 14d first a0,14,anchored,first,0,0.301498127340824,37.28010530859158,0.03368959107806691,0.7178217821782178,0.9998080858947284,4.4704884911595135,19.420970266040687,34,4128.408405641127,639
22647,lumpy,anchored 14d start a0,14,anchored,start,0,0.301498127340824,44.3374397851901,0.034502788104089216,0.7388059701492538,0.9995556316805744,8.637360376479439,21.705790297339593,38,7976.432833084094,639
22647,lumpy,anchored 14d end a0,14,anchored,end,0,0.301498127340824,76.89624375776225,0.016496282527881042,0.8402366863905325,0.7328635214101453,88.44774284491803,6.854460093896714,12,81679.7550744249,639
22647,lumpy,floating 28d first,28,floating,first,0,0.301498127340824,28.560310006865784,0.025673791821561338,0.9608695652173913,0.9995738740440528,17.118572743385275,9.139280125195619,16,15808.66604312418,639
22647,lumpy,anchored 28d first a0,28,anchored,first,0,0.301498127340824,30.07402764486983,0.025673791821561338,0.876984126984127,0.999368670285129,8.278353323062877,13.708920187793428,24,7644.896863370645,639
22647,lumpy,anchored 28d start a0,28,anchored,start,0,0.301498127340824,39.97075622350412,0.02253717472118959,0.8398268398268398,0.999739116845378,17.677974017153986,15.422535211267606,27,16325.262143375876,639
22647,lumpy,anchored 28d end a0,28,anchored,end,0,0.301498127340824,148.49409954214323,0.009177509293680297,0.9404761904761905,0.5789342313988435,186.02918007420305,6.854460093896714,12,171794.29769959408,639
22647,lumpy,floating 56d first,56,floating,first,0,0.301498127340824,29.006132291979217,0.016263940520446097,0.9523809523809523,1.0,24.54073866797662,6.283255086071987,11,22662.890643353152,639
22647,lumpy,anchored 56d first a0,56,anchored,first,0,0.301498127340824,26.12532560393818,0.01591542750929368,0.9785714285714285,0.9998701835190645,17.888638179217985,7.42566510172144,13,16519.806363577365,639
22647,lumpy,anchored 56d start a0,56,anchored,start,0,0.301498127340824,39.87866500958829,0.013475836431226766,0.9830508474576272,1.0,28.455742378654577,10.852895148669797,19,26278.31975344733,639
22647,lumpy,anchored 56d end a0,56,anchored,end,0,0.301498127340824,35.525293751274404,0.008945167286245352,0.9058823529411765,0.37287710389077255,25.2483090385844,9.710485133020343,17,23316.31799729364,639
22573,lumpy,floating 7d first,7,floating,first,0,0.30017554125219426,57.64499751120015,0.057853159851301114,0.8630849220103987,1.0,6.124109594902337,25.704225352112676,45,27149.55347992974,639
22573,lumpy,anchored 7d first a0,7,anchored,first,0,0.30017554125219426,58.756786179027564,0.06017657992565056,0.8533772652388797,1.0,5.693939202473144,26.84663536776213,47,25242.51150202977,639
22573,lumpy,anchored 7d start a0,7,anchored,start,0,0.30017554125219426,59.48067351289228,0.06006040892193309,0.8461538461538461,1.0,6.04452569828088,26.84663536776213,47,26796.740189445198,639
22573,lumpy,anchored 7d end a0,7,anchored,end,0,0.30017554125219426,93.52045741190429,0.045422862453531596,0.9513381995133819,0.7464404134971718,33.669512382358214,13.708920187793428,24,149264.51150202978,639
22573,lumpy,floating 14d first,14,floating,first,0,0.30017554125219426,46.79720562914831,0.036942379182156135,0.9111747851002865,0.9999834770349175,11.040934219778897,13.708920187793428,24,48946.941497877255,639
22573,lumpy,anchored 14d first a0,14,anchored,first,0,0.30017554125219426,50.93053809829838,0.03380576208178439,0.8220338983050848,0.9999936515947567,8.68395429198696,18.849765258215964,33,38497.92003458181,639
22573,lumpy,anchored 14d start a0,14,anchored,start,0,0.30017554125219426,54.17404902093829,0.03310873605947955,0.8142857142857143,0.9998414077493972,9.286200133946178,19.992175273865413,35,41167.81113319103,639
22573,lumpy,anchored 14d end a0,14,anchored,end,0,0.30017554125219426,154.92470802824997,0.022769516728624536,0.9849246231155779,0.714355241546716,65.82981197764573,10.852895148669797,19,291838.3437077131,639
22573,lumpy,floating 28d first,28,floating,first,0,0.30017554125219426,53.818536512180316,0.021607806691449814,0.8942307692307693,1.0,17.831617010979137,9.710485133020343,17,79051.56368791655,639
22573,lumpy,anchored 28d first a0,28,anchored,first,0,0.30017554125219426,52.27137855784605,0.022653345724907063,0.8552631578947368,0.9999383732898882,13.2078247500159,14.280125195618153,25,58553.25396243416,639
22573,lumpy,anchored 28d start a0,28,anchored,start,0,0.30017554125219426,58.97631337883496,0.021026951672862452,0.8786407766990292,0.9999985854498423,15.970786628384403,14.85133020344288,26,70802.08460749857,639
22573,lumpy,anchored 28d end a0,28,anchored,end,0,0.30017554125219426,55.042403729586454,0.014521375464684015,0.984251968503937,0.5588870827134228,16.487105760933634,11.995305164319248,21,73091.04330175914,639
22573,lumpy,floating 56d first,56,floating,first,0,0.30017554125219426,81.57935303759717,0.014521375464684015,0.9765625,1.0,35.63527960564125,4.569640062597809,8,157979.1991689586,639
22573,lumpy,anchored 56d first a0,56,anchored,first,0,0.30017554125219426,74.90445895065345,0.01428903345724907,0.9761904761904762,0.999935511460259,30.949623348687794,6.283255086071987,11,137206.63245287357,639
22573,lumpy,anchored 56d start a0,56,anchored,start,0,0.30017554125219426,91.14908475870988,0.010106877323420074,1.0,1.0,37.36413943856174,7.996870109546166,14,165643.62315840647,639
22573,lumpy,anchored 56d end a0,56,anchored,end,0,0.30017554125219426,51.593991658479624,0.00871282527881041,0.9493670886075949,0.40396499943386555,18.207178358275694,7.996870109546166,14,80716.51150202977,639
84874B,lumpy,floating 7d first,7,floating,first,0,0.3218390804597701,20.078150571418945,0.015102230483271376,0.4391891891891892,1.0,1.1490406946639489,11.424100156494523,20,86.43926838762235,639
84874B,lumpy,anchored 7d first a0,7,anchored,first,0,0.3218390804597701,23.059671232876713,0.013592007434944238,0.3391304347826087,1.0,0.8773406723868113,13.137715179968701,23,66.0,639
84874B,lumpy,anchored 7d start a0,7,anchored,start,0,0.3218390804597701,23.24682191780822,0.013940520446096654,0.3438395415472779,1.0,3.6290000539636287,13.137715179968701,23,273.0,639
84874B,lumpy,anchored 7d end a0,7,anchored,end,0,0.3218390804597701,21.433613435408784,0.013475836431226766,0.3918918918918919,0.7717697399700106,35.78119547424971,10.852895148669797,19,2691.7239512854726,639
84874B,lumpy,floating 14d first,14,floating,first,0,0.3218390804597701,15.261901421531253,0.012081784386617101,0.4727272727272727,0.9959746635893602,3.8507126162456773,8.568075117370892,15,289.6788450269904,639
84874B,lumpy,anchored 14d first a0,14,anchored,first,0,0.3218390804597701,20.088093157041772,0.01486988847583643,0.43097643097643096,0.9984701751014021,1.2952256205496826,11.424100156494523,20,97.4363706674134,639
84874B,lumpy,anchored 14d start a0,14,anchored,start,0,0.3218390804597701,20.543473244374134,0.014056691449814127,0.4074074074074074,0.9900136694654575,7.990637341591236,11.424100156494523,20,601.114346050178,639
84874B,lumpy,anchored 14d end a0,14,anchored,end,0,0.3218390804597701,18.782911969154917,0.011617100371747211,0.5434782608695652,0.753757817357276,55.61980824924007,8.568075117370892,15,4184.129905277407,639
84874B,lumpy,floating 28d first,28,floating,first,0,0.3218390804597701,11.20698222852356,0.009990706319702601,0.5733333333333334,1.0,17.746149172410657,5.712050078247262,10,1334.9954951851496,639
84874B,lumpy,anchored 28d first a0,28,anchored,first,0,0.3218390804597701,13.552593947813486,0.011617100371747211,0.5208333333333334,0.9987105633403699,8.124738209000093,7.42566510172144,13,611.2023968240082,639
84874B,lumpy,anchored 28d start a0,28,anchored,start,0,0.3218390804597701,17.150586923363043,0.011733271375464684,0.5489130434782609,0.9974103530941254,16.916974165230652,9.139280125195619,16,1272.618869780335,639
84874B,lumpy,anchored 28d end a0,28,anchored,end,0,0.3218390804597701,21.360583202031624,0.009990706319702601,0.6564885496183206,0.5675675675675675,78.81616390552769,9.139280125195619,16,5929.129905277402,639
84874B,lumpy,floating 56d first,56,floating,first,0,0.3218390804597701,8.544950014022378,0.008828996282527882,0.7307692307692307,0.9989279477105143,22.715258572031143,3.998435054773083,7,1708.8083488429327,639
84874B,lumpy,anchored 56d first a0,56,anchored,first,0,0.3218390804597701,9.367272647038249,0.00766728624535316,0.5365853658536586,0.9897673391898422,20.10288451668278,4.569640062597809,8,1512.2864126332151,639
84874B,lumpy,anchored 56d start a0,56,anchored,start,0,0.3218390804597701,12.909317974928372,0.007318773234200744,0.6116504854368932,0.9982802905299748,42.77543575451807,5.712050078247262,10,3217.882002572291,639
84874B,lumpy,anchored 56d end a0,56,anchored,end,0,0.3218390804597701,15.54309589041096,0.00546003717472119,0.5280898876404494,0.2702702702702703,81.49963124853849,5.712050078247262,10,6131.0,639
22286,lumpy,floating 7d first,7,floating,first,0,0.2505091649694501,41.13773378701873,0.05309014869888476,0.8059964726631393,1.0,1.3923058333579545,22.27699530516432,39,2364.46312806617,639
22286,lumpy,anchored 7d first a0,7,anchored,first,0,0.2505091649694501,43.69430136986301,0.06133828996282528,0.8173374613003096,1.0,1.1034983378433079,23.990610328638496,42,1874.0,639
22286,lumpy,anchored 7d start a0,7,anchored,start,0,0.2505091649694501,45.18969863013699,0.061222118959107806,0.8120184899845917,1.0,2.0774504460571985,23.990610328638496,42,3528.0,639
22286,lumpy,anchored 7d end a0,7,anchored,end,0,0.2505091649694501,190.70986301369862,0.02474442379182156,0.8987341772151899,0.8706766917293233,117.04501847017838,6.283255086071987,11,198770.0,639
22286,lumpy,floating 14d first,14,floating,first,0,0.2505091649694501,31.326940210452058,0.03891728624535316,0.907859078590786,0.9996906897307738,4.772035534838083,13.708920187793428,24,8104.039929742429,639
22286,lumpy,anchored 14d first a0,14,anchored,first,0,0.2505091649694501,34.226035305712976,0.03822026022304833,0.8392857142857143,0.9989450172898233,3.40371634937117,16.564945226917057,29,5780.311777531017,639
22286,lumpy,anchored 14d start a0,14,anchored,start,0,0.2505091649694501,40.531467616739896,0.03763940520446097,0.8481675392670157,0.9993116708442366,4.905244217128339,18.849765258215964,33,8330.259636697156,639
22286,lumpy,anchored 14d end a0,14,anchored,end,0,0.2505091649694501,138.97438356164383,0.021956319702602232,0.9086538461538461,0.8225563909774436,78.79060570710982,10.28169014084507,18,133805.0,639
22286,lumpy,floating 28d first,28,floating,first,0,0.2505091649694501,33.837965371090235,0.025441449814126393,0.9776785714285714,1.0,12.920465156066713,7.996870109546166,14,21941.99200135738,639
22286,lumpy,anchored 28d first a0,28,anchored,first,0,0.2505091649694501,31.25794617013527,0.027184014869888477,0.8931297709923665,0.999642775119509,7.983599296275524,10.852895148669797,19,13558.031369998103,639
22286,lumpy,anchored 28d start a0,28,anchored,start,0,0.2505091649694501,43.358503861964834,0.02427973977695167,0.8969957081545065,0.9998161878189112,10.654292171611134,15.422535211267606,27,18093.49669580959,639
22286,lumpy,anchored 28d end a0,28,anchored,end,0,0.2505091649694501,135.14057778931172,0.012081784386617101,0.8253968253968254,0.7821105537863604,80.85274773784137,6.283255086071987,11,137307.00270635993,639
22286,lumpy,floating 56d first,56,floating,first,0,0.2505091649694501,36.30054919433244,0.016263940520446097,0.9859154929577465,1.0,18.43214527916221,4.569640062597809,8,31302.122593731336,639
22286,lumpy,anchored 56d first a0,56,anchored,first,0,0.2505091649694501,34.3760389817617,0.017774163568773236,0.9386503067484663,1.0,15.876112112069253,5.712050078247262,10,26961.37644952431,639
22286,lumpy,anchored 56d start a0,56,anchored,start,0,0.2505091649694501,51.83569113336548,0.013940520446096654,0.916030534351145,1.0,20.08328300806932,11.995305164319248,21,34106.14322326788,639
22286,lumpy,anchored 56d end a0,56,anchored,end,0,0.2505091649694501,127.05530023912357,0.006505576208178439,0.7671232876712328,0.6347421327337288,77.54070690265145,4.569640062597809,8,131682.37753721242,639
21792,lumpy,floating 7d first,7,floating,first,0,0.21686746987951808,51.3669322636928,0.04158921933085502,0.557632398753894,1.0,2.114013287595822,27.417840375586856,48,910.3187231465735,639
21792,lumpy,anchored 7d first a0,7,anchored,first,0,0.21686746987951808,56.415205479452055,0.046816914498141265,0.5316622691292876,1.0,1.5164476371841042,30.845070422535212,54,653.0,639
21792,lumpy,anchored 7d start a0,7,anchored,start,0,0.21686746987951808,58.2645205479452,0.047513940520446094,0.536745406824147,1.0,2.677586716191841,30.845070422535212,54,1153.0,639
21792,lumpy,anchored 7d end a0,7,anchored,end,0,0.21686746987951808,60.03369863013699,0.04321561338289963,0.5767441860465117,0.7628205128205128,15.090163470784546,20.56338028169014,36,6498.0,639
21792,lumpy,floating 14d first,14,floating,first,0,0.21686746987951808,37.80175384181292,0.03461895910780669,0.7268292682926829,1.0,6.1542782095085435,15.993740219092333,28,2650.1038164901593,639
21792,lumpy,anchored 14d first a0,14,anchored,first,0,0.21686746987951808,45.16606113224421,0.037058550185873604,0.6980306345733042,0.9982564169722179,4.4993921073638825,21.705790297339593,38,1937.4906024215823,639
21792,lumpy,anchored 14d start a0,14,anchored,start,0,0.21686746987951808,45.35426468335838,0.03508364312267658,0.6741071428571429,0.9963222613496957,6.501186067787459,19.992175273865413,35,2799.4863773524503,639
21792,lumpy,anchored 14d end a0,14,anchored,end,0,0.21686746987951808,66.38972435909318,0.028810408921933085,0.6578249336870027,0.7110845101372841,22.22033046112462,17.70735524256651,31,9568.332882273342,639
21792,lumpy,floating 28d first,28,floating,first,0,0.21686746987951808,41.54256167829759,0.026719330855018587,0.888030888030888,1.0,15.40966596181422,9.710485133020343,17,6635.581490798978,639
21792,lumpy,anchored 28d first a0,28,anchored,first,0,0.21686746987951808,40.76053450006708,0.024163568773234202,0.7732342007434945,0.9969897210111824,13.035024869373961,11.424100156494523,20,5613.033401869987,639
21792,lumpy,anchored 28d start a0,28,anchored,start,0,0.21686746987951808,54.78288469438726,0.020910780669144983,0.7258064516129032,0.9990663207808774,16.81630923634385,15.993740219092333,28,7241.298454408408,639
21792,lumpy,anchored 28d end a0,28,anchored,end,0,0.21686746987951808,87.82739726027398,0.01696096654275093,0.8066298342541437,0.6196581196581197,45.0986418286605,9.139280125195619,16,19420.0,639
21792,lumpy,floating 56d first,56,floating,first,0,0.21686746987951808,61.20762496156308,0.01742565055762082,0.9375,0.9997801625722911,32.77987326110148,5.140845070422535,9,14115.394897015201,639
21792,lumpy,anchored 56d first a0,56,anchored,first,0,0.21686746987951808,54.31559364589083,0.018238847583643122,0.9127906976744186,0.9995511576886259,27.19678726981039,6.283255086071987,11,11711.253096851964,639
21792,lumpy,anchored 56d start a0,56,anchored,start,0,0.21686746987951808,69.83449965699963,0.012081784386617101,0.8524590163934426,1.0,33.8013475451235,9.139280125195619,16,14555.253610966563,639
21792,lumpy,anchored 56d end a0,56,anchored,end,0,0.21686746987951808,126.9709589041096,0.009990706319702601,0.8686868686868687,0.3055555555555556,70.93166405842462,7.996870109546166,14,30544.0,639
21085,lumpy,floating 7d first,7,floating,first,0,0.9314739295077192,17.119589041095892,0.01533457249070632,0.8407643312101911,1.0,2.1564260306962657,4.569640062597809,8,25605.0,639
21085,lumpy,anchored 7d first a0,7,anchored,first,0,0.9314739295077192,14.56958904109589,0.016728624535315983,0.7346938775510204,1.0,1.0805290362754578,5.712050078247262,10,12830.0,639
21085,lumpy,anchored 7d start a0,7,anchored,start,0,0.9314739295077192,13.635479452054796,0.017890334572490705,0.7777777777777778,1.0,1.0961095406956416,5.140845070422535,9,13015.0,639
21085,lumpy,anchored 7d end a0,7,anchored,end,0,0.9314739295077192,8350.72981222311,0.010223048327137546,0.8380952380952381,0.020172656383676713,1974.3844415816843,0.5712050078247262,1,23443472.16508796,639
21085,lumpy,floating 14d first,14,floating,first,0,0.9314739295077192,16.18722528154473,0.011849442379182156,0.85,1.0,2.1724193554902946,3.998435054773083,7,25794.901752029436,639
21085,lumpy,anchored 14d first a0,14,anchored,first,0,0.9314739295077192,632.4075458309599,0.00662174721189591,0.890625,1.0,149.53964347441087,0.0,0,1775605.8017561566,639
21085,lumpy,anchored 14d start a0,14,anchored,start,0,0.9314739295077192,326.2513518838433,0.006505576208178439,0.875,1.0,77.14568108078079,0.0,0,916013.4110584832,639
21085,lumpy,anchored 14d end a0,14,anchored,end,0,0.9314739295077192,8432.646413628188,0.007202602230483271,0.9253731343283582,0.010546958352828484,1993.7545130640783,0.5712050078247262,1,23673468.7767253,639
21085,lumpy,floating 28d first,28,floating,first,0,0.9314739295077192,62.41462720418985,0.0030204460966542753,0.9629629629629629,1.0,14.758617542172107,0.0,0,175241.06868868688,639
21085,lumpy,anchored 28d first a0,28,anchored,first,0,0.9314739295077192,700.2541368029054,0.0036013011152416356,0.96875,1.0,165.58270793779855,0.0,0,1966098.1533312341,639
21085,lumpy,anchored 28d start a0,28,anchored,start,0,0.9314739295077192,310.7049828570533,0.0033689591078066915,0.90625,1.0,73.46957301263132,0.0,0,872363.990329419,639
21085,lumpy,anchored 28d end a0,28,anchored,end,0,0.9314739295077192,8479.551205479453,0.004298327137546468,0.9736842105263158,0.007927255770575847,2004.8456613226954,0.5712050078247262,1,23805163.0,639
21085,lumpy,floating 56d first,56,floating,first,0,0.9314739295077192,955.3304333417473,0.0011617100371747212,1.0,1.0,225.89827294749767,0.0,0,2682273.9089979827,639
21085,lumpy,anchored 56d first a0,56,anchored,first,0,0.9314739295077192,704.5341191062759,0.0018587360594795538,1.0,1.0,166.59475631062725,0.0,0,1978115.0267214668,639
21085,lumpy,anchored 56d start a0,56,anchored,start,0,0.9314739295077192,735.4421681517572,0.0016263940520446097,0.875,1.0,173.9033007219337,0.0,0,2064895.3182722414,639
21085,lumpy,anchored 56d end a0,56,anchored,end,0,0.9314739295077192,8528.346438356164,0.002091078066914498,1.0,0.0062951737001631924,2016.3838249257983,0.5712050078247262,1,23942165.0,639
35637C,lumpy,floating 7d first,7,floating,first,0,0.56,14.013041095890411,0.008364312267657992,0.3582089552238806,1.0,0.04625978090766823,7.996870109546166,14,4.0,639
35637C,lumpy,anchored 7d first a0,7,anchored,first,0,0.56,14.013041095890411,0.008248141263940521,0.35148514851485146,1.0,0.04625978090766823,7.996870109546166,14,4.0,639
35637C,lumpy,anchored 7d start a0,7,anchored,start,0,0.56,14.671616438356164,0.009526022304832713,0.4019607843137255,1.0,2.3823787167449137,7.996870109546166,14,206.0,639
35637C,lumpy,anchored 7d end a0,7,anchored,end,0,0.56,204.1143367379094,0.0030204460966542753,0.8125,0.45594297762532654,713.3990297339591,1.7136150234741785,3,61686.33017591338,639
35637C,lumpy,floating 14d first,14,floating,first,0,0.56,13.973389347745819,0.009526022304832713,0.5061728395061729,0.9967263919096231,7.000068064783715,6.854460093896714,12,605.2832873338016,639
35637C,lumpy,anchored 14d first a0,14,anchored,first,0,0.56,12.513609913942911,0.009177509293680297,0.4340659340659341,1.0,1.8218930594993623,6.854460093896714,12,157.5358139404726,639
35637C,lumpy,anchored 14d start a0,14,anchored,start,0,0.56,14.199234845973988,0.00871282527881041,0.42857142857142855,0.9977948754001256,4.2539631406582465,7.42566510172144,13,367.83253679034095,639
35637C,lumpy,anchored 14d end a0,14,anchored,end,0,0.56,129.74036217027825,0.0024395910780669145,0.6774193548387096,0.45594297762532654,453.1245852895148,1.1424100156494523,2,39180.86738836265,639
35637C,lumpy,floating 28d first,28,floating,first,0,0.56,11.994533151027813,0.009526022304832713,0.656,0.995648214578965,10.622301120349379,5.140845070422535,9,918.4912606093711,639
35637C,lumpy,anchored 28d first a0,28,anchored,first,0,0.56,10.698322857546897,0.00871282527881041,0.5067567567567568,0.9966253227178155,6.024343656453912,5.140845070422535,9,520.9141537853924,639
35637C,lumpy,anchored 28d start a0,28,anchored,start,0,0.56,12.822169841053881,0.008131970260223048,0.445859872611465,0.9923655839365176,6.463657527868766,6.283255086071987,11,558.9008336005604,639
35637C,lumpy,anchored 28d end a0,28,anchored,end,0,0.56,15.601713607800251,0.004414498141263941,0.6031746031746031,0.22338483809044274,41.1539593114241,2.2848200312989047,4,3558.5087956698244,639
35637C,lumpy,floating 56d first,56,floating,first,0,0.56,13.875611896148131,0.009526022304832713,0.7321428571428571,0.9992477805318494,13.747691045718966,5.712050078247262,10,1188.7381026000567,639
35637C,lumpy,anchored 56d first a0,56,anchored,first,0,0.56,13.217377524933816,0.00871282527881041,0.6048387096774194,0.9965037731861802,11.412781613708699,5.712050078247262,10,986.8426862191959,639
35637C,lumpy,anchored 56d start a0,56,anchored,start,0,0.56,18.631399606873735,0.0060408921933085506,0.8125,1.0,48.353724608567575,2.856025039123631,5,4181.059543284801,639
35637C,lumpy,anchored 56d end a0,56,anchored,end,0,0.56,6.644288950266003,0.005111524163568773,0.5057471264367817,0.1536173962299776,16.474366197183098,1.1424100156494523,2,1424.5087956698242,639
23224,lumpy,floating 7d first,7,floating,first,0,0.45799457994579945,17.69342998924895,0.01974907063197026,0.9340659340659341,1.0,12.726291480285122,7.996870109546166,14,8121.096060697995,639
23224,lumpy,anchored 7d first a0,7,anchored,first,0,0.45799457994579945,19.548572710252657,0.02137546468401487,0.8846153846153846,1.0,12.227163038453542,9.139280125195619,16,7802.584573748307,639
23224,lumpy,anchored 7d start a0,7,anchored,start,0,0.45799457994579945,19.89605295567872,0.02079460966542751,0.8605769230769231,1.0,13.424460645232427,9.139280125195619,16,8566.622462787549,639
23224,lumpy,anchored 7d end a0,7,anchored,end,0,0.45799457994579945,19.760935837025226,0.015683085501858735,0.8653846153846154,0.7425987656358296,40.52414638387384,4.569640062597809,8,25859.88903924221,639
23224,lumpy,floating 14d first,14,floating,first,0,0.45799457994579945,13.62307277711886,0.01370817843866171,0.9672131147540983,1.0,15.929521303353493,5.140845070422535,9,10165.190142460146,639
23224,lumpy,anchored 14d first a0,14,anchored,first,0,0.45799457994579945,15.415444613926265,0.01312732342007435,0.9495798319327731,1.0,15.214105949063132,6.283255086071987,11,9708.658337849918,639
23224,lumpy,anchored 14d start a0,14,anchored,start,0,0.45799457994579945,18.266003819797845,0.013011152416356878,0.9572649572649573,1.0,18.14484090455709,7.42566510172144,13,11578.86382063984,639
23224,lumpy,anchored 14d end a0,14,anchored,end,0,0.45799457994579945,18.761845426066323,0.009758364312267658,0.9438202247191011,0.7396577078084718,40.52728051537165,3.998435054773083,7,25861.88903924221,639
23224,lumpy,floating 28d first,28,floating,first,0,0.45799457994579945,13.051978668416481,0.009526022304832713,0.9534883720930233,1.0,27.744353575291015,2.856025039123631,5,17704.651891397683,639
23224,lumpy,anchored 28d first a0,28,anchored,first,0,0.45799457994579945,14.656599378641424,0.009526022304832713,0.9647058823529412,1.0,19.49069907628842,5.140845070422535,9,12437.703453036867,639
23224,lumpy,anchored 28d start a0,28,anchored,start,0,0.45799457994579945,18.33491770078753,0.008828996282527882,0.9743589743589743,1.0,28.719264324265566,5.712050078247262,10,18326.776872213537,639
23224,lumpy,anchored 28d end a0,28,anchored,end,0,0.45799457994579945,14.402895960850465,0.007318773234200744,0.9130434782608695,0.5623306233062331,25.50783744926651,3.998435054773083,7,16277.45196211096,639
23224,lumpy,floating 56d first,56,floating,first,0,0.45799457994579945,15.381090789058865,0.006389405204460966,1.0,1.0,39.21533078107809,2.2848200312989047,4,25024.68757835232,639
23224,lumpy,anchored 56d first a0,56,anchored,first,0,0.45799457994579945,15.900095044818105,0.00766728624535316,1.0,1.0,34.11232799582634,3.427230046948357,6,21768.281273244625,639
23224,lumpy,anchored 56d start a0,56,anchored,start,0,0.45799457994579945,21.62243417188346,0.005924721189591078,0.9807692307692307,1.0,53.82954367124317,3.427230046948357,6,34350.532968297965,639
23224,lumpy,anchored 56d end a0,56,anchored,end,0,0.45799457994579945,14.402895960850465,0.005111524163568773,0.8979591836734694,0.5623306233062331,25.50783744926651,3.998435054773083,7,16277.45196211096,639
21814,lumpy,floating 7d first,7,floating,first,0,0.35021707670043417,25.905048393146647,0.023350371747211895,0.7444444444444445,1.0,8.225964286116334,12.566510172143975,22,4914.974701719054,639
21814,lumpy,anchored 7d first a0,7,anchored,first,0,0.35021707670043417,28.790615604204127,0.029275092936802975,0.7411764705882353,1.0,7.984912206799245,14.280125195618153,25,4770.947225981055,639
21814,lumpy,anchored 7d start a0,7,anchored,start,0,0.35021707670043417,29.325544033959254,0.03078531598513011,0.7886904761904762,1.0,9.111736183300154,14.280125195618153,25,5444.2192151556155,639
21814,lumpy,anchored 7d end a0,7,anchored,end,0,0.35021707670043417,30.809298904480293,0.023698884758364312,0.8680851063829788,0.770449650949602,33.30220655012235,8.568075117370892,15,19897.91069012175,639
21814,lumpy,floating 14d first,14,floating,first,0,0.35021707670043417,20.25440774794819,0.020562267657992565,0.8388625592417062,0.9999056454837969,11.068382802930257,8.568075117370892,15,6613.306303452032,639
21814,lumpy,anchored 14d first a0,14,anchored,first,0,0.35021707670043417,25.652486465836606,0.01963289962825279,0.7647058823529411,1.0,9.800438728692173,11.995305164319248,21,5855.715724242626,639
21814,lumpy,anchored 14d start a0,14,anchored,start,0,0.35021707670043417,26.213139060638948,0.018935873605947954,0.7725118483412322,1.0,13.087945365078372,11.424100156494523,20,7819.985369424885,639
21814,lumpy,anchored 14d end a0,14,anchored,end,0,0.35021707670043417,40.97212990527659,0.016612453531598514,0.7814207650273224,0.7068852098179355,50.49716792473598,9.710485133020343,17,30171.818673882608,639
21814,lumpy,floating 28d first,28,floating,first,0,0.35021707670043417,18.017481720628663,0.015218401486988848,0.891156462585034,0.9998577703493051,16.88878386609158,5.712050078247262,10,10090.968372515386,639
21814,lumpy,anchored 28d first a0,28,anchored,first,0,0.35021707670043417,19.81217296671163,0.014405204460966542,0.7948717948717948,1.0,14.349807196592325,7.42566510172144,13,8573.941837412915,639
21814,lumpy,anchored 28d start a0,28,anchored,start,0,0.35021707670043417,24.722389223799773,0.012894981412639405,0.74,1.0,18.37366788347723,9.139280125195619,16,10978.179540299712,639
21814,lumpy,anchored 28d end a0,28,anchored,end,0,0.35021707670043417,86.50854794520548,0.011268587360594795,0.8220338983050848,0.5452865064695009,156.95187170619795,6.854460093896714,12,93778.0,639
21814,lumpy,floating 56d first,56,floating,first,0,0.35021707670043417,20.987742348351105,0.008596654275092937,0.9367088607594937,1.0,33.67809674368538,2.856025039123631,5,20122.503300510874,639
21814,lumpy,anchored 56d first a0,56,anchored,first,0,0.35021707670043417,21.19784950984465,0.007783457249070632,0.8271604938271605,1.0,32.01419155602715,3.427230046948357,6,19128.3278313562,639
21814,lumpy,anchored 56d start a0,56,anchored,start,0,0.35021707670043417,28.120626164897914,0.006505576208178439,0.8,1.0,40.277500334353796,5.140845070422535,9,24065.615690302548,639
21814,lumpy,anchored 56d end a0,56,anchored,end,0,0.35021707670043417,16.93,0.008945167286245352,0.7475728155339806,0.3512014787430684,10.38501955615345,6.854460093896714,12,6205.0,639
84637,lumpy,floating 7d first,7,floating,first,0,0.4658703071672355,40.567696022154415,0.03020446096654275,0.48417132216014896,1.0,1.1383846023245905,22.27699530516432,39,576.8236371838325,639
84637,lumpy,anchored 7d first a0,7,anchored,first,0,0.4658703071672355,45.543561643835616,0.03020446096654275,0.4024767801857585,1.0,0.39470802822242523,25.704225352112676,45,200.0,639
84637,lumpy,anchored 7d start a0,7,anchored,start,0,0.4658703071672355,47.288394520547946,0.03287639405204461,0.4333843797856049,1.0,1.66172079881641,25.704225352112676,45,842.0,639
84637,lumpy,anchored 7d end a0,7,anchored,end,0,0.4658703071672355,176.57041095890412,0.008131970260223048,0.7692307692307693,0.9052863436123348,127.49069311584334,0.5712050078247262,1,64600.0,639
84637,lumpy,floating 14d first,14,floating,first,0,0.4658703071672355,34.97295065467802,0.021607806691449814,0.5081967213114754,0.9997728563036167,5.789568980283615,15.422535211267606,27,2933.5957549974573,639
84637,lumpy,anchored 14d first a0,14,anchored,first,0,0.4658703071672355,38.37874162716473,0.023466542750929367,0.4950980392156863,0.9977729267733665,6.084234647806554,17.136150234741784,30,3082.903925317666,639
84637,lumpy,anchored 14d start a0,14,anchored,start,0,0.4658703071672355,40.6533867796694,0.025673791821561338,0.5390243902439025,0.9971660267431129,6.283668599475794,18.278560250391237,32,3183.9578372775495,639
84637,lumpy,anchored 14d end a0,14,anchored,end,0,0.4658703071672355,38.62685097595853,0.01742565055762082,0.6607929515418502,0.9372142375993266,17.882821387941313,7.996870109546166,14,9061.29093369442,639
84637,lumpy,floating 28d first,28,floating,first,0,0.4658703071672355,28.862360039003754,0.018238847583643122,0.8532608695652174,0.9992264878537807,13.696928440499361,5.712050078247262,10,6940.283683706019,639
84637,lumpy,anchored 28d first a0,28,anchored,first,0,0.4658703071672355,29.780999491898804,0.021491635687732342,0.6491228070175439,0.9971637190808312,6.376334744321398,11.995305164319248,21,3230.91211143454,639
84637,lumpy,anchored 28d start a0,28,anchored,start,0,0.4658703071672355,35.84132652637521,0.018819702602230485,0.6113207547169811,0.9977517625886254,8.598595389811807,13.708920187793428,24,4356.93969972475,639
84637,lumpy,anchored 28d end a0,28,anchored,end,0,0.4658703071672355,1181.5588164383562,0.0032527881040892194,0.9333333333333333,0.46475770925110127,857.2643929561441,0.5712050078247262,1,434379.0,639
84637,lumpy,floating 56d first,56,floating,first,0,0.4658703071672355,29.192484944117318,0.017657992565055763,0.8994082840236687,1.0,13.936649090111453,5.712050078247262,10,7061.751012704457,639
84637,lumpy,anchored 56d first a0,56,anchored,first,0,0.4658703071672355,25.93460451109261,0.014172862453531599,0.7484662576687117,0.9978596124727679,11.570934775117422,5.712050078247262,10,5863.034925956453,639
84637,lumpy,anchored 56d start a0,56,anchored,start,0,0.4658703071672355,36.312553976505825,0.011152416356877323,0.7384615384615385,1.0,14.023837381563034,9.710485133020343,17,7105.929638532888,639
84637,lumpy,anchored 56d end a0,56,anchored,end,0,0.4658703071672355,1181.5588164383562,0.001974907063197026,0.9444444444444444,0.46475770925110127,857.2643929561441,0.5712050078247262,1,434379.0,639
90042C,lumpy,floating 7d first,7,floating,first,0,0.5323741007194245,16.445638184852747,0.013359665427509293,0.5476190476190477,0.9996531049014974,2.664037468954768,9.139280125195619,16,320.19279029774214,639
90042C,lumpy,anchored 7d first a0,7,anchored,first,0,0.5323741007194245,20.3805079800545,0.011152416356877323,0.36923076923076925,1.0,2.2746872924195856,11.424100156494523,20,273.3964817320704,639
90042C,lumpy,anchored 7d start a0,7,anchored,start,0,0.5323741007194245,20.78287200400393,0.012197955390334572,0.40384615384615385,1.0,4.680030623388613,11.424100156494523,20,562.4966170500677,639
90042C,lumpy,anchored 7d end a0,7,anchored,end,0,0.5323741007194245,90.03302490221881,0.0034851301115241635,0.40540540540540543,0.5872898433621168,520.2858445637854,1.7136150234741785,3,62533.57104194856,639
90042C,lumpy,floating 14d first,14,floating,first,0,0.5323741007194245,12.638520349007013,0.012081784386617101,0.7323943661971831,0.9978659744267341,3.8170924132249384,6.854460093896714,12,458.7793846211804,639
90042C,lumpy,anchored 14d first a0,14,anchored,first,0,0.5323741007194245,16.59262870985591,0.010106877323420074,0.44387755102040816,0.9991408298454698,3.542750917442465,9.139280125195619,16,425.80606121536835,639
90042C,lumpy,anchored 14d start a0,14,anchored,start,0,0.5323741007194245,12.970278019651627,0.010571561338289962,0.5723270440251572,0.9978981850995732,23.734432474664192,5.140845070422535,9,2852.6603881355186,639
90042C,lumpy,anchored 14d end a0,14,anchored,end,0,0.5323741007194245,90.03302490221881,0.0034851301115241635,0.5769230769230769,0.5872898433621168,520.2858445637854,1.7136150234741785,3,62533.57104194856,639
90042C,lumpy,floating 28d first,28,floating,first,0,0.5323741007194245,11.5297471278842,0.010106877323420074,0.7909090909090909,1.0,9.144870895782972,5.712050078247262,10,1099.1293340112848,639
90042C,lumpy,anchored 28d first a0,28,anchored,first,0,0.5323741007194245,9.218123959331981,0.008131970260223048,0.660377358490566,0.9988032204654208,7.2819789232473875,4.569640062597809,8,875.2268605436485,639
90042C,lumpy,anchored 28d start a0,28,anchored,start,0,0.5323741007194245,12.459683497470648,0.008480483271375464,0.7019230769230769,0.9971612184322494,14.7040563886973,5.712050078247262,10,1767.292276725958,639
90042C,lumpy,anchored 28d end a0,28,anchored,end,0,0.5323741007194245,19.30201694255473,0.0034851301115241635,0.6,0.5323741007194245,85.49785523693721,2.856025039123631,5,10276.055480378891,639
90042C,lumpy,floating 56d first,56,floating,first,0,0.5323741007194245,8.634767853100062,0.0060408921933085506,0.9454545454545454,1.0,27.70677118848218,2.2848200312989047,4,3330.0989495699264,639
90042C,lumpy,anchored 56d first a0,56,anchored,first,0,0.5323741007194245,8.569192753184941,0.006737918215613383,0.7837837837837838,0.9985817225053096,15.35870576645792,3.427230046948357,6,1845.975108095479,639
90042C,lumpy,anchored 56d start a0,56,anchored,start,0,0.5323741007194245,11.664724650399478,0.004763011152416357,0.7884615384615384,1.0,39.84190940638867,2.856025039123631,5,4788.630900385451,639
90042C,lumpy,anchored 56d end a0,56,anchored,end,0,0.5323741007194245,17.69638743210929,0.004065985130111524,0.7142857142857143,0.10527545487290813,63.94330169667083,3.998435054773083,7,7685.39648173207,639
84199,lumpy,floating 7d first,7,floating,first,0,0.4262187088274045,31.102597363888336,0.037987918215613384,0.7694117647058824,1.0,0.6792843124334209,17.70735524256651,31,891.6199480771896,639
84199,lumpy,anchored 7d first a0,7,anchored,first,0,0.4262187088274045,37.045452054794524,0.03682620817843866,0.634,1.0,0.3009323692116099,21.134585289514867,37,395.0,639
84199,lumpy,anchored 7d start a0,7,anchored,start,0,0.4262187088274045,37.270871232876715,0.03787174721189591,0.6417322834645669,1.0,1.7934045496813407,21.134585289514867,37,2354.0,639
84199,lumpy,anchored 7d end a0,7,anchored,end,0,0.4262187088274045,47.652356060577986,0.0005808550185873606,1.0,1.0,315.5002886591987,0.0,0,414121.6657645468,639
84199,lumpy,floating 14d first,14,floating,first,0,0.4262187088274045,22.285744703378363,0.029275092936802975,0.805111821086262,1.0,1.8918799373551272,12.566510172143975,22,2483.2575412643414,639
84199,lumpy,anchored 14d first a0,14,anchored,first,0,0.4262187088274045,28.141084541857513,0.03310873605947955,0.7383419689119171,0.9992180363944025,0.9341031034186419,15.993740219092333,28,1226.0918518569547,639
84199,lumpy,anchored 14d start a0,14,anchored,start,0,0.4262187088274045,31.464675157562755,0.03403810408921933,0.7961956521739131,0.9990182945072245,3.0765560921570363,17.70735524256651,31,4038.2483931048846,639
84199,lumpy,anchored 14d end a0,14,anchored,end,0,0.4262187088274045,48.53470126605744,0.00046468401486988845,1.0,1.0,321.34218589240027,0.0,0,421789.6657645468,639
84199,lumpy,floating 28d first,28,floating,first,0,0.4262187088274045,15.720530109239066,0.02184014869888476,0.8826291079812206,1.0,4.770539722392306,8.568075117370892,15,6261.749758863305,639
84199,lumpy,anchored 28d first a0,28,anchored,first,0,0.4262187088274045,22.401150277185007,0.025673791821561338,0.8065693430656934,0.9998420010451334,2.6559658054828192,12.566510172143975,22,3486.186932679223,639
84199,lumpy,anchored 28d start a0,28,anchored,start,0,0.4262187088274045,22.345678738691102,0.02462825278810409,0.8724279835390947,0.9999874497135796,15.530445508675065,11.424100156494523,20,20385.06522910126,639
84199,lumpy,anchored 28d end a0,28,anchored,end,0,0.4262187088274045,50.79399452054795,0.00046468401486988845,1.0,1.0,336.3006839161156,0.0,0,441424.0,639
84199,lumpy,floating 56d first,56,floating,first,0,0.4262187088274045,12.046082364633218,0.016263940520446097,0.9459459459459459,0.9999567963487559,26.78860521309532,4.569640062597809,8,35162.38245455059,639
84199,lumpy,anchored 56d first a0,56,anchored,first,0,0.4262187088274045,17.07072464614552,0.018703531598513012,0.8797814207650273,0.9998799946513471,20.330883766171482,7.996870109546166,14,26686.05942483609,639
84199,lumpy,anchored 56d start a0,56,anchored,start,0,0.4262187088274045,23.867018963195694,0.01475371747211896,0.8639455782312925,1.0,25.603048831160752,11.424100156494523,20,33606.23622777211,639
84199,lumpy,anchored 56d end a0,56,anchored,end,0,0.4262187088274045,46.365057534246574,0.0034851301115241635,0.8823529411764706,0.48290155440414506,287.11462141315167,1.7136150234741785,3,376863.0,639
21458,lumpy,floating 7d first,7,floating,first,0,0.4661458333333333,15.366410415497846,0.022769516728624536,0.7452471482889734,1.0,0.8055695212597116,8.568075117370892,15,534.9592066268551,639
21458,lumpy,anchored 7d first a0,7,anchored,first,0,0.4661458333333333,17.20205479452055,0.027067843866171004,0.744408945686901,1.0,0.4442264117110068,9.710485133020343,17,295.0,639
21458,lumpy,anchored 7d start a0,7,anchored,start,0,0.4661458333333333,17.527397260273972,0.029391263940520447,0.8031746031746032,1.0,1.1595062271778822,9.710485133020343,17,770.0,639
21458,lumpy,anchored 7d end a0,7,anchored,end,0,0.4661458333333333,229.86531873876214,0.004879182156133829,0.8571428571428571,1.0,505.3690805131717,0.0,0,335603.3653585927,639
21458,lumpy,floating 14d first,14,floating,first,0,0.4661458333333333,12.073893527574233,0.017309479553903346,0.8142076502732241,0.9998590261374007,2.3610024669098495,6.283255086071987,11,1567.8845502583795,639
21458,lumpy,anchored 14d first a0,14,anchored,first,0,0.4661458333333333,13.553503701296835,0.018935873605947954,0.7912621359223301,0.9988854111458872,1.2169023936269385,7.42566510172144,13,808.1154038933794,639
21458,lumpy,anchored 14d start a0,14,anchored,start,0,0.4661458333333333,12.191129963586569,0.01812267657992565,0.7647058823529411,0.9983677894754952,2.6187519621154722,6.283255086071987,11,1739.04974683639,639
21458,lumpy,anchored 14d end a0,14,anchored,end,0,0.4661458333333333,111.2131805290378,0.0033689591078066915,0.90625,1.0,244.50710134650504,0.0,0,162371.24357239518,639
21458,lumpy,floating 28d first,28,floating,first,0,0.4661458333333333,11.951330622734755,0.012314126394052044,0.7681159420289855,1.0,4.290086769067546,5.712050078247262,10,2848.9427091927423,639
21458,lumpy,anchored 28d first a0,28,anchored,first,0,0.4661458333333333,12.142274388531623,0.013592007434944238,0.7548387096774194,0.999331894892858,2.511340817281049,6.283255086071987,11,1667.7206072561698,639
21458,lumpy,anchored 28d start a0,28,anchored,start,0,0.4661458333333333,16.24737959443685,0.012197955390334572,0.7291666666666666,0.9987804537637097,4.940963540895802,7.996870109546166,14,3281.174207877803,639
21458,lumpy,anchored 28d end a0,28,anchored,end,0,0.4661458333333333,116.85967245629972,0.002091078066914498,1.0,1.0,256.92116384650495,0.0,0,170615.1217861976,639
21458,lumpy,floating 56d first,56,floating,first,0,0.4661458333333333,8.210408373062606,0.008480483271375464,0.9012345679012346,1.0,9.256769223624492,2.2848200312989047,4,6147.196224671403,639
21458,lumpy,anchored 56d first a0,56,anchored,first,0,0.4661458333333333,7.78757541510325,0.009758364312267658,0.9438202247191011,0.9997304321020684,8.327152244660237,2.2848200312989047,4,5529.860106050744,639
21458,lumpy,anchored 56d start a0,56,anchored,start,0,0.4661458333333333,15.69998597985429,0.00766728624535316,0.868421052631579,0.9984324984528444,12.531671543068574,5.712050078247262,10,8321.979530587265,639
21458,lumpy,anchored 56d end a0,56,anchored,end,0,0.4661458333333333,122.50616438356164,0.001045539033457249,0.9,1.0,269.33522634650495,0.0,0,178859.0,639
79323S,lumpy,floating 7d first,7,floating,first,0,0.5538922155688623,792.3750914786737,0.0009293680297397769,1.0,1.0,741.8003336050904,0.0,0,214234.7469553451,639
79323S,lumpy,anchored 7d first a0,7,anchored,first,0,0.5538922155688623,792.3750914786737,0.0009293680297397769,1.0,1.0,741.8003336050904,0.0,0,214234.7469553451,639
79323S,lumpy,anchored 7d start a0,7,anchored,start,0,0.5538922155688623,792.3750914786737,0.001045539033457249,1.0,1.0,741.8003336050904,0.0,0,214234.7469553451,639
79323S,lumpy,anchored 7d end a0,7,anchored,end,0,0.5538922155688623,790.0116668211394,0.0009293680297397769,1.0,1.0,739.587758754791,0.0,0,213595.7469553451,639
79323S,lumpy,floating 14d first,14,floating,first,0,0.5538922155688623,792.3750914786737,0.00046468401486988845,1.0,1.0,741.8003336050904,0.0,0,214234.7469553451,639
79323S,lumpy,anchored 14d first a0,14,anchored,first,0,0.5538922155688623,792.3750914786737,0.0005808550185873606,1.0,1.0,741.8003336050904,0.0,0,214234.7469553451,639
79323S,lumpy,anchored 14d start a0,14,anchored,start,0,0.5538922155688623,792.3750914786737,0.0005808550185873606,1.0,1.0,741.8003336050904,0.0,0,214234.7469553451,639
79323S,lumpy,anchored 14d end a0,14,anchored,end,0,0.5538922155688623,759.2871462731943,0.0005808550185873606,1.0,1.0,710.8242857008988,0.0,0,205288.7469553451,639
79323S,lumpy,floating 28d first,28,floating,first,0,0.5538922155688623,792.3750914786737,0.00034851301115241634,1.0,1.0,741.8003336050904,0.0,0,214234.7469553451,639
79323S,lumpy,anchored 28d first a0,28,anchored,first,0,0.5538922155688623,792.3750914786737,0.00034851301115241634,1.0,1.0,741.8003336050904,0.0,0,214234.7469553451,639
79323S,lumpy,anchored 28d start a0,28,anchored,start,0,0.5538922155688623,792.3750914786737,0.00046468401486988845,1.0,1.0,741.8003336050904,0.0,0,214234.7469553451,639
79323S,lumpy,anchored 28d end a0,28,anchored,end,0,0.5538922155688623,261.37849315068496,0.0006970260223048327,1.0,1.0,244.69554318592859,0.0,0,70669.0,639
79323S,lumpy,floating 56d first,56,floating,first,0,0.5538922155688623,828.8237257575886,0.00011617100371747211,1.0,1.0,775.9225685899047,0.0,0,224089.3777048295,639
79323S,lumpy,anchored 56d first a0,56,anchored,first,0,0.5538922155688623,840.9875090411991,0.00011617100371747211,1.0,1.0,787.3099766428813,0.0,0,227378.1042963242,639
79323S,lumpy,anchored 56d start a0,56,anchored,start,0,0.5538922155688623,837.775636448104,0.00023234200743494423,1.0,1.0,784.3031075644896,0.0,0,226509.70911374662,639
79323S,lumpy,anchored 56d end a0,56,anchored,end,0,0.5538922155688623,2.0416438356164384,0.002904275092936803,0.7575757575757576,0.38983050847457623,1.91133226504737,0.0,0,552.0,639
20663,lumpy,floating 7d first,7,floating,first,0,0.9358736059479554,24.121215567068283,0.010803903345724907,0.3152542372881356,1.0,1.6576974211674487,12.566510172143975,22,1542.3180915934718,639
20663,lumpy,anchored 7d first a0,7,anchored,first,0,0.9358736059479554,26.109775342465753,0.01150092936802974,0.30745341614906835,1.0,1.648757061160852,13.708920187793428,24,1534.0,639
20663,lumpy,anchored 7d start a0,7,anchored,start,0,0.9358736059479554,32.415720547945206,0.011384758364312268,0.3006134969325153,1.0,6.576756491032107,13.708920187793428,24,6119.0,639
20663,lumpy,anchored 7d end a0,7,anchored,end,0,0.9358736059479554,22.85746072997572,0.008596654275092937,0.42528735632183906,0.9904397705544933,4.577515693084573,9.710485133020343,17,4258.910690121787,639
20663,lumpy,floating 14d first,14,floating,first,0,0.9358736059479554,20.21385361050474,0.010803903345724907,0.38114754098360654,0.9998222243811602,1.730092630824925,10.28169014084507,18,1609.6744379167912,639
20663,lumpy,anchored 14d first a0,14,anchored,first,0,0.9358736059479554,23.163309521265045,0.01324349442379182,0.4028268551236749,1.0,1.6905932005507573,11.995305164319248,21,1572.9242535094463,639
20663,lumpy,anchored 14d start a0,14,anchored,start,0,0.9358736059479554,34.85082989248825,0.010571561338289962,0.337037037037037,0.9990719313190025,12.387180371515662,10.852895148669797,19,11525.00579832313,639
20663,lumpy,anchored 14d end a0,14,anchored,end,0,0.9358736059479554,580.6303374423045,0.004995353159851301,0.524390243902439,0.5239005736137667,449.0647925138606,3.427230046948357,6,417808.9106901218,639
20663,lumpy,floating 28d first,28,floating,first,0,0.9358736059479554,14.888968893012311,0.013824349442379182,0.7484276729559748,0.9999072807563703,2.2576848662290288,6.854460093896714,12,2100.5451114531743,639
20663,lumpy,anchored 28d first a0,28,anchored,first,0,0.9358736059479554,40.227730280340154,0.010803903345724907,0.4492753623188406,0.9998774970011846,19.715084160647997,8.568075117370892,15,18342.871618175614,639
20663,lumpy,anchored 28d start a0,28,anchored,start,0,0.9358736059479554,101.72996534704463,0.0070864312267657995,0.5980392156862745,1.0,74.03001453553955,3.998435054773083,7,68877.36524237308,639
20663,lumpy,anchored 28d end a0,28,anchored,end,0,0.9358736059479554,579.1285453574804,0.004763011152416357,0.640625,0.5239005736137667,447.8911650406363,3.427230046948357,6,416716.9702300406,639
20663,lumpy,floating 56d first,56,floating,first,0,0.9358736059479554,64.30011368045513,0.010455390334572491,0.7377049180327869,1.0,43.21619040588832,5.140845070422535,9,40208.24998678511,639
20663,lumpy,anchored 56d first a0,56,anchored,first,0,0.9358736059479554,29.394068043319823,0.009990706319702601,0.6142857142857143,0.9988278952262101,14.374681967063049,6.283255086071987,11,13374.172979704652,639
20663,lumpy,anchored 56d start a0,56,anchored,start,0,0.9358736059479554,56.37096522002322,0.005343866171003717,0.7301587301587301,0.9999387260910361,40.145621166551614,2.856025039123631,5,37351.399014558716,639
20663,lumpy,anchored 56d end a0,56,anchored,end,0,0.9358736059479554,7.242060273972602,0.006389405204460966,0.4296875,0.014340344168260022,0.18916639032875485,3.998435054773083,7,176.0,639
84916,lumpy,floating 7d first,7,floating,first,0,0.5842696629213483,27.44357030181212,0.016844795539033456,0.40166204986149584,0.9998637479705531,0.8328668051507637,15.422535211267606,27,192.28403819646448,639
84916,lumpy,anchored 7d first a0,7,anchored,first,0,0.5842696629213483,29.41778320944631,0.017657992565055763,0.39276485788113696,1.0,0.7844478439509299,16.564945226917057,29,181.10554803788906,639
84916,lumpy,anchored 7d start a0,7,anchored,start,0,0.5842696629213483,29.770731154651788,0.017890334572490705,0.39285714285714285,1.0,1.4471581884147162,16.564945226917057,29,334.10554803788904,639
84916,lumpy,anchored 7d end a0,7,anchored,end,0,0.5842696629213483,165.00551043060784,0.014521375464684015,0.4770992366412214,0.5873420859630819,277.90155498115615,9.710485133020343,17,64159.158322056835,639
84916,lumpy,floating 14d first,14,floating,first,0,0.5842696629213483,24.339966216501388,0.014637546468401487,0.5080645161290323,0.9996867967172756,10.026551787126476,10.852895148669797,19,2314.830960834925,639
84916,lumpy,anchored 14d first a0,14,anchored,first,0,0.5842696629213483,23.46032146999901,0.015218401486988848,0.4628975265017668,0.9959399372907403,4.619606123292369,11.995305164319248,21,1066.5289032656037,639
84916,lumpy,anchored 14d start a0,14,anchored,start,0,0.5842696629213483,24.493112518604548,0.01591542750929368,0.479020979020979,1.0,6.558819315713772,11.995305164319248,21,1514.2352366872447,639
84916,lumpy,anchored 14d end a0,14,anchored,end,0,0.5842696629213483,251.5116270710142,0.011268587360594795,0.532967032967033,0.43467033023789103,444.08447187494505,8.568075117370892,15,102525.82408660352,639
84916,lumpy,floating 28d first,28,floating,first,0,0.5842696629213483,20.490326911110625,0.013592007434944238,0.6964285714285714,0.9992679158392282,14.064162137333295,7.42566510172144,13,3246.9944448401156,639
84916,lumpy,anchored 28d first a0,28,anchored,first,0,0.5842696629213483,18.352944934189075,0.011152416356877323,0.5853658536585366,0.9956740547312952,13.806207788864738,6.283255086071987,11,3187.440499975074,639
84916,lumpy,anchored 28d start a0,28,anchored,start,0,0.5842696629213483,28.142496133029738,0.011965613382899629,0.6560509554140127,0.9963727101804746,22.799276506017193,9.139280125195619,16,5263.671126550896,639
84916,lumpy,anchored 28d end a0,28,anchored,end,0,0.5842696629213483,284.2687591450869,0.00766728624535316,0.6534653465346535,0.36641221374045807,511.22361133090675,6.854460093896714,12,118026.24357239513,639
84916,lumpy,floating 56d first,56,floating,first,0,0.5842696629213483,29.466049244584894,0.010571561338289962,0.8348623853211009,1.0,40.30558353547996,4.569640062597809,8,9305.35388868585,639
84916,lumpy,anchored 56d first a0,56,anchored,first,0,0.5842696629213483,26.11233740612182,0.009758364312267658,0.7777777777777778,0.997022811733214,37.76379557224282,3.427230046948357,6,8718.53106084853,639
84916,lumpy,anchored 56d start a0,56,anchored,start,0,0.5842696629213483,33.049246085842285,0.008131970260223048,0.7692307692307693,1.0,45.15590577631582,5.140845070422535,9,10425.148243862748,639
84916,lumpy,anchored 56d end a0,56,anchored,end,0,0.5842696629213483,287.9283147162957,0.004763011152416357,0.7592592592592593,0.29793201045357354,523.7278812282768,5.140845070422535,9,120913.10554803789,639
